Scaling	O
up	O
climate	O
resilience	O
across	O
food	O
systems	O
is	O
among	O
the	O
actions	O
needed	O
to	O
counter	O
rising	O
hunger	O
and	O
malnutrition	O
,	O
United	B-ORGANIZATION
Nations	I-ORGANIZATION
General	I-ORGANIZATION
Assembly	I-ORGANIZATION
President	O
Abdulla	B-GIVEN_NAME
Shahid	B-FAMILY_NAME
said	O
on	O
Monday	B-DATE
July	B-DATE
18	I-DATE
,	I-DATE
2022	I-DATE
,	O
at	O
a	O
special	O
meeting	O
to	O
address	O
the	O
global	O
food	O
crisis	O
.	O

Factors	O
including	O
the	O
COVID	B-BRANDS
-	B-MISC
19	I-MISC
pandemic	O
,	O
climate	O
change	O
and	O
ongoing	O
conflicts	O
resulted	O
in	O
nearly	O
a	O
billion	O
people	O
going	O
hungry	O
last	O
year	O
,	O
he	O
said	O
.	O

The	O
World	B-ORGANIZATION
Bank	I-ORGANIZATION
has	O
warned	O
that	O
the	O
conflict	O
in	O
Ukraine	B-LOCATION
will	O
plunge	O
an	O
additional	O
95	O
million	O
people	O
into	O
extreme	O
poverty	O
,	O
and	O
50	O
million	O
into	O
severe	O
hunger	O
,	O
this	O
year	O
.	O

Earlier	O
in	O
July	B-DATE
2022	I-DATE
,	O
Voice	B-ORGANIZATION
of	I-ORGANIZATION
America	I-ORGANIZATION|B-LOCATION
reported	O
that	O
the	O
International	B-ORGANIZATION
Committee	I-ORGANIZATION
of	I-ORGANIZATION
the	I-ORGANIZATION
Red	I-ORGANIZATION
Cross	I-ORGANIZATION
(	O
ICRC	B-ORGANIZATION
)	O
had	O
warned	O
that	O
hundreds	O
of	O
millions	O
of	O
people	O
in	O
sub	B-LOCATION
-	I-LOCATION
Saharan	I-LOCATION
Africa	I-LOCATION
were	O
going	O
hungry	O
due	O
to	O
conflict	O
,	O
climate	O
shocks	O
,	O
and	O
rising	O
food	O
prices	O
triggered	O
by	O
Russia	B-LOCATION
's	O
invasion	O
of	O
the	O
Ukraine	B-LOCATION
.	O

The	O
ICRC	B-ORGANIZATION
warned	O
that	O
Africa	B-LOCATION
's	O
food	O
crisis	O
is	O
set	O
to	O
worsen	O
.	O

It	O
said	O
conflict	O
and	O
armed	O
violence	O
,	O
failing	O
harvests	O
due	O
to	O
years	O
of	O
drought	O
,	O
and	O
increases	O
in	O
food	O
and	O
other	O
commodity	O
prices	O
were	O
driving	O
more	O
people	O
into	O
extreme	O
poverty	O
and	O
hunger	O
.	O

