afrol	B-ORGANIZATION
News	I-ORGANIZATION
,	O
6	B-DATE
May	I-DATE
-	O
AndrÃ©	B-GIVEN_NAME
Mba	B-FAMILY_NAME
Obame	I-FAMILY_NAME
,	O
Gabon	B-LOCATION
's	O
main	O
opposition	O
leader	O
,	O
has	O
been	O
stripped	O
of	O
parliamentary	O
immunity	O
as	O
government	O
prepares	O
a	O
treason	O
case	O
against	O
him	O
.	O

Mr	O
Obame	B-GIVEN_NAME
leads	O
the	O
one	O
-	O
year	O
-	O
old	O
National	B-ORGANIZATION
Union	I-ORGANIZATION
party	I-ORGANIZATION
,	O
uniting	O
many	O
of	O
Gabon	B-LOCATION
's	O
main	O
opposition	O
parties	O
.	O

In	O
the	O
August	B-DATE
2009	I-DATE
presidential	O
election	O
,	O
Mr	O
Obame	B-GIVEN_NAME
stood	O
as	O
an	O
independent	O
candidate	O
,	O
losing	O
out	O
to	O
interim	O
President	O
Ali	B-GIVEN_NAME
Bongo	B-FAMILY_NAME
.	O

The	O
Gabonese	B-AFFILIATION
opposition	O
leader	O
in	O
January	B-DATE
created	O
international	O
headlines	O
as	O
he	O
declared	O
himself	O
winner	O
of	O
the	O
elections	O
held	O
17	O
months	O
earlier	O
.	O

The	O
declaration	O
was	O
made	O
on	O
air	O
on	O
the	O
television	O
broadcaster	O
TV	B-ORGANIZATION
+	I-ORGANIZATION
,	O
owned	O
by	O
himself	O
.	O

Mr	O
Obame	B-GIVEN_NAME
's	O
declaration	O
was	O
widely	O
seen	O
as	O
an	O
attempt	O
to	O
copy	O
the	O
successes	O
of	O
the	O
Tunisian	B-AFFILIATION
revolution	O
.	O

The	O
opposition	O
leader	O
urged	O
the	O
Gabonese	B-AFFILIATION
people	O
to	O
take	O
to	O
the	O
streets	O
and	O
demand	O
President	O
Bongo	B-GIVEN_NAME
to	O
step	O
down	O
.	O

The	O
Gabonese	B-AFFILIATION
opposition	O
leader	O
soon	O
had	O
to	O
take	O
refuge	O
in	O
the	O
Libreville	B-LOCATION
offices	O
of	O
the	O
UN	B-ORGANIZATION
,	O
creating	O
further	O
international	O
fuzz	O
.	O

The	O
limited	O
marches	O
in	O
his	O
support	O
were	O
firmly	O
fought	O
back	O
by	O
heavily	O
armed	O
police	O
troops	O
and	O
government	O
ordered	O
the	O
dissolution	O
of	O
the	O
National	B-ORGANIZATION
Union	I-ORGANIZATION
party	I-ORGANIZATION
.	O

Since	O
he	O
left	O
the	O
UN	B-ORGANIZATION
offices	O
in	O
end	O
-	O
February	B-DATE
,	O
there	O
has	O
been	O
a	O
debate	O
in	O
Gabon	B-LOCATION
about	O
possible	O
reactions	O
against	O
Mr	O
Obame	B-GIVEN_NAME
's	O
"	O
coup	O
attempt	O
"	O
,	O
as	O
it	O
has	O
been	O
called	O
several	O
times	O
by	O
government	O
sources	O
.	O

Now	O
,	O
the	O
Libreville	B-LOCATION
parliament	O
in	O
a	O
massive	O
majority	O
vote	O
decided	O
to	O
lift	O
the	O
opposition	O
MP	O
's	O
parliamentary	O
privileges	O
,	O
including	O
his	O
immunity	O
to	O
criminal	O
prosecution	O
.	O

Opposition	O
MPs	O
were	O
not	O
present	O
during	O
the	O
vote	O
.	O

Yesterday	O
's	O
vote	O
,	O
lifting	O
Mr	O
Obame	B-GIVEN_NAME
's	O
immunity	O
,	O
was	O
immediately	O
followed	O
by	O
an	O
order	O
by	O
Gabonese	B-AFFILIATION
authorities	O
for	O
his	O
arrest	O
on	O
treason	O
charges	O
.	O

The	O
treason	O
charges	O
are	O
based	O
on	O
harm	O
to	O
"	O
public	O
order	O
and	O
security	O
.	O
"	O

The	O
failed	O
revolution	O
and	O
upcoming	O
treason	O
trial	O
against	O
Mr	O
Obame	B-GIVEN_NAME
represent	O
a	O
major	O
setback	O
for	O
Gabon	B-LOCATION
's	O
opposition	O
,	O
which	O
has	O
been	O
denied	O
access	O
to	O
power	O
ever	O
since	O
independence	O
.	O

Mr	O
Obame	B-GIVEN_NAME
obtained	O
25	O
percent	O
of	O
the	O
votes	O
in	O
the	O
2009	B-DATE
elections	O
,	O
according	O
to	O
official	O
results	O
,	O
and	O
it	O
is	O
widely	O
understood	O
that	O
his	O
support	O
is	O
not	O
significantly	O
larger	O
among	O
the	O
Gabonese	B-AFFILIATION
population	O
.	O

Rather	O
,	O
the	O
now	O
dissolved	O
opposition	O
will	O
have	O
lost	O
much	O
credibility	O
due	O
to	O
the	O
Obame	B-GIVEN_NAME
affair	O
.	O

