Chad	B-GIVEN_NAME
's	O
return	O
to	O
civilian	O
rule	O
is	O
under	O
threat	O
.	O

15	O
months	O
into	O
a	O
political	O
transition	O
that	O
is	O
supposed	O
to	O
last	O
18	O
months	O
.	O

The	O
Transitional	B-ORGANIZATION
Military	I-ORGANIZATION
Council	I-ORGANIZATION
(	O
CMT	B-ORGANIZATION
)	O
has	O
done	O
little	O
to	O
prepare	O
for	O
elections	O
and	O
is	O
repressing	O
voices	O
expressing	O
concern	O
.	O

The	O
country	O
is	O
no	O
closer	O
to	O
the	O
possibility	O
of	O
Chad	B-LOCATION
's	O
caretaker	O
leader	O
,	O
Mahamat	B-GIVEN_NAME
DÃ©by	B-FAMILY_NAME
,	O
ceding	O
the	O
position	O
his	O
late	O
father	O
,	O
Idriss	B-GIVEN_NAME
DÃ©by	B-FAMILY_NAME
,	O
held	O
for	O
over	O
30	B-DURATION
years	I-DURATION
,	O
write	O
Ine	B-GIVEN_NAME
Van	B-FAMILY_NAME
Severan	I-FAMILY_NAME
and	O
David	B-GIVEN_NAME
Kode	B-FAMILY_NAME
for	O
African	B-ORGANIZATION|B-AFFILIATION
Arguments	I-ORGANIZATION
.	O

Since	O
the	O
start	O
of	O
the	O
transition	O
,	O
the	O
Wakit	B-ORGANIZATION
Tama	I-ORGANIZATION
(	O
"	O
the	O
time	O
has	O
come	O
"	O
)	O
movement	O
has	O
mobilised	O
people	O
across	O
Chad	B-GIVEN_NAME
in	O
opposition	O
to	O
the	O
CMT	B-ORGANIZATION
.	O

First	O
created	O
to	O
oppose	O
Idriss	B-GIVEN_NAME
by	O
's	O
bid	O
for	O
a	O
sixth	O
term	O
,	O
the	O
coalition	O
of	O
political	O
opposition	O
and	O
civil	O
society	O
groups	O
has	O
called	O
for	O
a	O
return	O
to	O
civilian	O
rule	O
.	O

It	O
has	O
organised	O
protests	O
against	O
the	O
lack	O
of	O
inclusiveness	O
of	O
the	O
planned	O
national	O
dialogue	O
and	O
France	B-LOCATION
's	O
perceived	O
support	O
for	O
the	O
military	O
.	O

Anticipating	O
further	O
protests	O
,	O
the	O
Chadian	B-AFFILIATION
government	O
has	O
issued	O
blanket	O
bans	O
on	O
demonstrations	O
and	O
threatened	O
outspoken	O
activists	O
.	O

Van	B-GIVEN_NAME
Severan	B-FAMILY_NAME
and	O
David	B-GIVEN_NAME
Kode	B-FAMILY_NAME
write	O
that	O
there	O
will	O
likely	O
be	O
further	O
protests	O
in	O
the	O
coming	O
months	O
as	O
it	O
becomes	O
increasingly	O
clear	O
that	O
the	O
CMT	B-ORGANIZATION
intends	O
to	O
extend	O
the	O
transition	O
period	O
.	O

