afrol	B-ORGANIZATION
News	I-ORGANIZATION
-	O
Even	O
architect	O
DiÃ©bÃ©do	B-GIVEN_NAME
Francis	B-FAMILY_NAME
KÃ¨rÃ¨	I-FAMILY_NAME
"	O
thought	O
it	O
was	O
a	O
joke	O
"	O
when	O
he	O
was	O
commissioned	O
to	O
build	O
an	O
opera	O
village	O
in	O
the	O
Burkinabe	B-AFFILIATION
countryside	O
to	O
host	O
the	O
African	B-AFFILIATION
parallel	O
of	O
Germany	B-LOCATION
's	O
famous	O
Bayreuth	B-BRANDS
Festival	B-MISC
.	O

Not	O
any	O
more	O
.	O

It	O
is	O
not	O
the	O
first	O
time	O
Mr	O
KÃ¨rÃ¨	B-GIVEN_NAME
-	O
born	O
in	O
Gando	B-LOCATION
in	O
Burkina	B-LOCATION
Faso	I-LOCATION
and	O
studying	O
architecture	O
in	O
Berlin	B-LOCATION
-	O
has	O
followed	O
and	O
realised	O
a	O
crazy	O
dream	O
.	O

In	O
1998	B-DATE
,	O
he	O
founded	O
an	O
organisation	O
seeking	O
private	O
German	B-AFFILIATION
funds	O
for	O
the	O
building	O
of	O
schools	O
in	O
Burkina	B-LOCATION
Faso	I-LOCATION
using	O
local	O
materials	O
.	O

A	O
dozen	O
of	O
schools	O
have	O
already	O
been	O
inaugurated	O
.	O

Since	O
then	O
,	O
the	O
Burkinabe	B-AFFILIATION
architect	O
has	O
taken	O
his	O
success	O
abroad	O
,	O
building	O
schools	O
in	O
Yemen	B-LOCATION
and	O
India	B-LOCATION
,	O
and	O
an	O
international	O
debate	O
centre	O
in	O
Fuerteventura	B-LOCATION
,	O
Spain	B-LOCATION
,	O
in	O
addition	O
to	O
office	O
and	O
conference	O
buildings	O
in	O
Ouagadougou	B-LOCATION
,	O
the	O
Burkinabe	B-AFFILIATION
capital	O
.	O

But	O
still	O
,	O
when	O
Mr	O
KÃ¨rÃ¨	B-GIVEN_NAME
met	O
Christoph	B-GIVEN_NAME
Schlingensief	B-FAMILY_NAME
(	O
1960-2010	B-DATE
)	O
in	O
January	B-DATE
2009	I-DATE
,	O
he	O
first	O
thought	O
the	O
proposals	O
he	O
was	O
hearing	O
went	O
across	O
the	O
line	O
of	O
the	O
possible	O
.	O

Mr	O
Schlingensief	B-GIVEN_NAME
was	O
a	O
famous	O
German	B-AFFILIATION
film	O
and	O
theatre	O
director	O
,	O
actor	O
and	O
artist	O
who	O
had	O
received	O
a	O
death	O
sentence	O
from	O
his	O
medics	O
due	O
to	O
an	O
advanced	O
lung	O
cancer	O
diagnosis	O
.	O

Mr	O
Schlingensief	B-GIVEN_NAME
had	O
directed	O
the	O
Parsifal	B-BRANDS
opera	O
by	O
Richard	B-GIVEN_NAME
Wagner	B-FAMILY_NAME
at	O
the	O
Bayreuth	B-BRANDS
Festival	B-MISC
from	O
2004	B-DATE
to	O
2007	B-DATE
,	O
and	O
after	O
receiving	O
his	O
diagnosis	O
in	O
2008	B-DATE
,	O
he	O
decided	O
to	O
create	O
an	O
African	B-AFFILIATION
Bayreuth	B-LOCATION
as	O
his	O
lasting	O
legacy	O
.	O

Looking	O
at	O
possible	O
location	O
sites	O
in	O
Cameroon	B-LOCATION
and	O
Mozambique	B-LOCATION
,	O
he	O
finally	O
decided	O
on	O
Burkina	B-LOCATION
Faso	I-LOCATION
.	O

That	O
is	O
when	O
Mr	O
KÃ¨rÃ¨	B-GIVEN_NAME
ran	O
into	O
the	O
German	B-AFFILIATION
director	O
and	O
visionary	O
.	O

"	O
When	O
I	O
was	O
first	O
confronted	O
with	O
the	O
question	O
of	O
an	O
opera	O
house	O
for	O
Africa	B-LOCATION
,	O
I	O
initially	O
thought	O
it	O
was	O
a	O
joke	O
.	O

Such	O
a	O
fantasy	O
could	O
only	O
come	O
from	O
somebody	O
who	O
either	O
does	O
n't	O
know	O
Africa	B-LOCATION
,	O
or	O
who	O
is	O
so	O
saturated	O
that	O
all	O
he	O
can	O
think	O
up	O
is	O
nonsense	O
,	O
"	O
the	O
Burkinabe	B-AFFILIATION
architect	O
recalls	O
from	O
his	O
first	O
meeting	O
with	O
Mr	O
Schlingensief	B-GIVEN_NAME
.	O

But	O
the	O
two	O
men	O
soon	O
found	O
out	O
that	O
combining	O
their	O
two	O
visions	O
,	O
an	O
African	B-AFFILIATION
Bayreuth	B-LOCATION
could	O
be	O
viable	O
and	O
that	O
Burkina	B-LOCATION
Faso	I-LOCATION
was	O
indeed	O
the	O
right	O
place	O
.	O

After	O
all	O
,	O
Burkina	B-LOCATION
Faso	I-LOCATION
is	O
already	O
"	O
the	O
centre	O
of	O
African	B-AFFILIATION
film	O
and	O
African	B-AFFILIATION
theatre	O
,	O
"	O
as	O
Mr	O
KÃ¨rÃ¨	B-GIVEN_NAME
now	O
points	O
out	O
.	O

The	O
Burkinabe	B-AFFILIATION
architect	O
had	O
a	O
tough	O
fight	O
with	O
Mr	O
Schlingensief	B-GIVEN_NAME
to	O
get	O
the	O
African	B-AFFILIATION
reality	O
into	O
the	O
project	O
,	O
a	O
2010	B-DATE
interview	O
with	O
the	O
German	B-AFFILIATION
magazine	O
'	O
Der	B-ORGANIZATION
Spiegel	I-ORGANIZATION
'	O
reveals	O
.	O

A	O
compromise	O
was	O
the	O
result	O
,	O
where	O
Mr	O
KÃ¨rÃ¨	B-GIVEN_NAME
could	O
use	O
his	O
experience	O
in	O
local	O
involvement	O
,	O
using	O
local	O
materials	O
and	O
giving	O
something	O
back	O
to	O
the	O
community	O
.	O

Building	O
schools	O
and	O
providing	O
cultural	O
education	O
became	O
new	O
key	O
parts	O
of	O
the	O
project	O
.	O

Mr	O
Schlingensief	B-GIVEN_NAME
however	O
had	O
the	O
last	O
word	O
in	O
choosing	O
the	O
location	O
.	O

In	O
flat	O
Ouagadougou	B-LOCATION
,	O
where	O
the	O
Ministry	B-ORGANIZATION
of	I-ORGANIZATION
Culture	I-ORGANIZATION
already	O
had	O
provided	O
several	O
possible	O
locations	O
for	O
free	O
,	O
the	O
German	B-AFFILIATION
visionary	O
found	O
no	O
inspiration	O
.	O

In	O
the	O
village	O
of	O
Laongo	B-LOCATION
40	O
kilometres	O
north	O
-	O
east	O
of	O
the	O
capital	O
,	O
however	O
,	O
Mr	O
Schlingensief	B-GIVEN_NAME
found	O
the	O
magic	O
hill	O
he	O
was	O
looking	O
for	O
,	O
surrounded	O
by	O
stone	O
sculptures	O
on	O
a	O
vast	O
savannah	O
plain	O
.	O

Just	O
like	O
in	O
Bayreuth	B-LOCATION
,	O
the	O
hill	O
provided	O
a	O
natural	O
stage	O
for	O
the	O
opera	O
.	O

Mr	O
KÃ¨rÃ¨	B-GIVEN_NAME
sat	O
down	O
to	O
draw	O
the	O
massive	O
project	O
.	O

His	O
plans	O
included	O
a	O
festival	O
theatre	O
,	O
workshops	O
,	O
a	O
health	O
station	O
,	O
guest	O
houses	O
,	O
as	O
well	O
as	O
solar	O
panels	O
and	O
a	O
well	O
,	O
a	O
school	O
for	O
up	O
to	O
500	O
children	O
and	O
teenagers	O
with	O
music	O
and	O
film	O
classes	O
.	O

The	O
Opera	O
village	O
"	O
Remdoogo	B-LOCATION
"	O
was	O
to	O
accommodate	O
both	O
the	O
wishes	O
of	O
picky	O
cultural	O
tourists	O
from	O
overseas	O
and	O
poor	O
villagers	O
-	O
a	O
difficult	O
compromise	O
skilfully	O
elaborated	O
by	O
the	O
Burkinabe	B-AFFILIATION
architect	O
.	O

His	O
German	B-AFFILIATION
colleague	O
,	O
reputed	O
as	O
a	O
visionary	O
motivator	O
,	O
managed	O
to	O
gather	O
support	O
for	O
the	O
project	O
in	O
Germany	B-LOCATION
and	O
Burkina	B-LOCATION
Faso	I-LOCATION
.	O

The	O
Burkinabe	B-ORGANIZATION|B-AFFILIATION
Ministry	I-ORGANIZATION
of	I-ORGANIZATION
Culture	I-ORGANIZATION
enthusiastically	O
embraced	O
the	O
project	O
,	O
seeing	O
it	O
as	O
"	O
a	O
great	O
possibility	O
"	O
for	O
the	O
country	O
to	O
develop	O
its	O
image	O
as	O
a	O
cultural	O
tourism	O
destination	O
.	O

Every	O
possible	O
support	O
was	O
given	O
.	O

Equally	O
important	O
,	O
Mr	O
Schlingensief	B-GIVEN_NAME
founded	O
an	O
organisation	O
,	O
"	O
Festspielhaus	B-ORGANIZATION
Afrika	I-ORGANIZATION
"	O
,	O
successfully	O
raising	O
funds	O
for	O
the	O
project	O
.	O

Germany	B-LOCATION
's	O
President	O
at	O
the	O
time	O
,	O
Horst	B-GIVEN_NAME
KÃ¶hler	B-FAMILY_NAME
,	O
gave	O
his	O
support	O
and	O
signed	O
an	O
agreement	O
with	O
Burkinabe	B-AFFILIATION
authorities	O
to	O
co	O
-	O
finance	O
the	O
opera	O
.	O

Money	O
started	O
flowing	O
from	O
the	O
German	B-ORGANIZATION|B-AFFILIATION
Development	I-ORGANIZATION
Cooperation	I-ORGANIZATION
Ministry	I-ORGANIZATION
and	O
the	O
Goethe	B-ORGANIZATION
Institut	I-ORGANIZATION
.	O

Media	O
coverage	O
in	O
Germany	B-LOCATION
produced	O
more	O
private	O
donations	O
.	O

Finally	O
in	O
February	B-DATE
2010	I-DATE
,	O
the	O
construction	O
works	O
at	O
Laongo	B-LOCATION
started	O
.	O

Soon	O
,	O
the	O
first	O
modules	O
started	O
to	O
pop	O
up	O
in	O
a	O
snail	O
shell	O
pattern	O
,	O
allowing	O
for	O
continuous	O
expansion	O
of	O
the	O
opera	O
village	O
.	O

As	O
all	O
seemed	O
to	O
go	O
well	O
,	O
Mr	O
Schlingensief	B-GIVEN_NAME
died	O
on	O
21	B-DATE
August	I-DATE
the	O
same	O
year	O
.	O

The	O
great	O
visionary	O
,	O
the	O
primus	O
movens	O
and	O
the	O
high	O
-	O
profiled	O
contact	O
to	O
German	B-AFFILIATION
donors	O
was	O
gone	O
.	O

His	O
assistant	O
,	O
Christoph	B-GIVEN_NAME
Knoch	B-FAMILY_NAME
,	O
and	O
his	O
widow	O
,	O
Aino	B-GIVEN_NAME
Laberenz	B-FAMILY_NAME
,	O
are	O
now	O
is	O
heading	O
the	O
project	O
together	O
with	O
Mr	O
KÃ¨rÃ¨	B-GIVEN_NAME
,	O
promising	O
that	O
everything	O
will	O
go	O
according	O
to	O
plans	O
despite	O
the	O
death	O
of	O
Mr	O
Schlingensief	B-GIVEN_NAME
.	O

All	O
partners	O
had	O
promised	O
to	O
stay	O
onboard	O
the	O
giant	O
project	O
.	O

Mr	O
KÃ¨rÃ¨	B-GIVEN_NAME
still	O
directs	O
the	O
works	O
but	O
initially	O
admitted	O
that	O
he	O
became	O
more	O
unsure	O
about	O
the	O
future	O
of	O
the	O
project	O
after	O
the	O
death	O
of	O
its	O
initiator	O
.	O

The	O
risks	O
in	O
2010	B-DATE
of	O
course	O
seemed	O
overwhelming	O
.	O

The	O
Laongo	B-LOCATION
opera	O
village	O
,	O
as	O
any	O
other	O
large	O
-	O
scale	O
cultural	O
site	O
,	O
would	O
need	O
long	O
-	O
term	O
support	O
and	O
donations	O
to	O
be	O
viable	O
.	O

It	O
would	O
need	O
enthusiastic	O
leaders	O
to	O
secure	O
not	O
only	O
donations	O
,	O
but	O
also	O
international	O
artists	O
and	O
art	O
quality	O
.	O

It	O
would	O
need	O
knowledge	O
and	O
maintenance	O
to	O
accommodate	O
international	O
tourists	O
.	O

The	O
loss	O
of	O
Mr	O
Schlingensief	B-GIVEN_NAME
therefore	O
threatened	O
the	O
entire	O
project	O
.	O

But	O
Mr	O
KÃ¨rÃ¨	B-GIVEN_NAME
and	O
his	O
German	B-AFFILIATION
colleagues	O
soon	O
grew	O
with	O
the	O
new	O
responsibility	O
and	O
new	O
fame	O
.	O

For	O
his	O
Gando	B-ORGANIZATION
School	I-ORGANIZATION
,	O
he	O
was	O
the	O
first	O
sub	B-AFFILIATION
-	I-AFFILIATION
Saharan	I-AFFILIATION
African	I-AFFILIATION
to	O
win	O
the	O
prestigious	O
Aga	B-BRANDS
Khan	B-MISC
Award	I-MISC
for	I-MISC
Architecture	I-MISC
.	O

This	O
year	O
,	O
his	O
Burkinabe	B-GIVEN_NAME
schools	O
gave	O
him	O
the	O
highly	O
dotted	O
Swiss	B-AFFILIATION|B-AFFILIATION
Architectural	B-MISC
Award	I-MISC
.	O

Mr	O
KÃ¨rÃ¨	B-GIVEN_NAME
,	O
based	O
in	O
his	O
Berlin	B-LOCATION
studios	O
,	O
turned	O
up	O
in	O
German	B-AFFILIATION
media	O
ever	O
more	O
frequently	O
.	O

And	O
in	O
October	B-DATE
2011	I-DATE
,	O
the	O
team	O
behind	O
the	O
Festspielhaus	B-ORGANIZATION
Afrika	I-ORGANIZATION
GmbH	I-ORGANIZATION
presented	O
its	O
final	O
proof	O
that	O
the	O
initiative	O
was	O
viable	O
beyond	O
the	O
death	O
of	O
Mr	O
Schlingensief	B-GIVEN_NAME
.	O

The	O
school	O
at	O
the	O
"	O
Remdoogo	B-LOCATION
"	I-LOCATION
Opera	I-LOCATION
village	I-LOCATION
,	O
Mr	O
KÃ¨rÃ¨'s	B-GIVEN_NAME
key	O
contribution	O
to	O
the	O
project	O
,	O
finally	O
opened	O
its	O
doors	O
in	O
a	O
large	O
inauguration	O
celebration	O
.	O

At	O
first	O
,	O
50	O
young	O
Burkinabe	B-AFFILIATION
pupils	O
are	O
admitted	O
to	O
the	O
cultural	O
primary	O
school	O
each	O
year	O
-	O
pupils	O
Mr	O
KÃ¨rÃ¨	B-GIVEN_NAME
hope	O
may	O
become	O
Burkina	B-LOCATION
Faso	I-LOCATION
's	O
cultural	O
avant	O
-	O
garde	O
spearhead	O
in	O
some	O
years	O
.	O

At	O
first	O
,	O
there	O
are	O
few	O
signs	O
of	O
this	O
,	O
as	O
the	O
young	O
villagers	O
first	O
are	O
tought	O
their	O
basic	O
ABC	O
from	O
local	O
Burkinabe	B-AFFILIATION
teachers	O
-	O
it	O
is	O
a	O
standard	O
Burkinabe	B-AFFILIATION
education	O
.	O

But	O
the	O
organisers	O
promise	O
that	O
the	O
25	O
girls	O
and	O
25	O
boys	O
soon	O
will	O
be	O
integrated	O
into	O
"	O
workshops	O
with	O
international	O
artists	O
"	O
and	O
"	O
encouraged	O
to	O
develop	O
their	O
own	O
art	O
projects	O
.	O
"	O

The	O
opening	O
of	O
the	O
school	O
indeed	O
was	O
a	O
milestone	O
for	O
the	O
Opera	B-LOCATION
village	I-LOCATION
,	O
which	O
now	O
turned	O
into	O
life	O
.	O

"	O

With	O
this	O
,	O
the	O
first	O
of	O
three	O
construction	O
phases	O
as	O
been	O
finalised	O
,	O
the	O
Festspielhaus	B-ORGANIZATION
Afrika	I-ORGANIZATION
organisation	O
proudly	O
announced	O
,	O
adding	O
that	O
further	O
works	O
would	O
go	O
on	O
.	O

And	O
,	O
beyond	O
all	O
odds	O
,	O
the	O
construction	O
since	O
that	O
has	O
just	O
been	O
accellerating	O
.	O

In	O
December	B-DATE
2011	I-DATE
,	O
the	O
teachers	O
'	O
apartments	O
were	O
finalised	O
.	O

The	O
snail	O
shell	O
pattern	O
is	O
slowly	O
being	O
filled	O
with	O
buildings	O
and	O
content	O
.	O

The	O
German	B-AFFILIATION
press	O
regularly	O
reports	O
about	O
major	O
donations	O
to	O
the	O
project	O
.	O

Even	O
the	O
first	O
tourists	O
,	O
mostly	O
Burkinabe	B-AFFILIATION
and	O
German	B-AFFILIATION
,	O
start	O
streaming	O
to	O
the	O
construction	O
site	O
.	O

It	O
could	O
seem	O
,	O
then	O
,	O
that	O
"	O
the	O
crazy	O
opera	O
"	O
in	O
the	O
Burkinabe	B-AFFILIATION
bush	O
indeed	O
has	O
a	O
future	O
.	O

And	O
that	O
it	O
may	O
further	O
strengthen	O
Burkina	B-LOCATION
Faso	I-LOCATION
as	O
the	O
cultural	O
centre	O
of	O
West	B-LOCATION
Africa	I-LOCATION
.	O

The	O
dream	O
is	O
coming	O
alive	O
.	O

