Egypt	B-LOCATION
's	O
President	O
Abdel	B-GIVEN_NAME
-	B-FAMILY_NAME
Fattah	I-FAMILY_NAME
El	I-FAMILY_NAME
-	I-FAMILY_NAME
Sisi	I-FAMILY_NAME
and	O
Somalia	B-LOCATION
's	O
President	O
Hassan	B-GIVEN_NAME
Sheikh	B-FAMILY_NAME
Mohamud	I-FAMILY_NAME
discussed	O
in	O
a	O
meeting	O
in	O
Cairo	B-LOCATION
on	O
Monday	B-DATE
a	O
host	O
of	O
bilateral	O
and	O
regional	O
issues	O
,	O
at	O
the	O
top	O
of	O
which	O
are	O
the	O
latest	O
developments	O
regarding	O
the	O
Grand	B-LOCATION
Ethiopian	I-LOCATION|B-AFFILIATION
Renaissance	I-LOCATION
Dam	I-LOCATION
(	O
GERD	B-LOCATION
)	O
and	O
ways	O
to	O
enforce	O
security	O
and	O
stability	O
in	O
the	O
region	O
,	O
especially	O
in	O
the	O
Red	B-LOCATION
Sea	I-LOCATION
.	O

In	O
a	O
press	O
conference	O
following	O
the	O
talks	O
,	O
El	B-GIVEN_NAME
-	B-FAMILY_NAME
Sisi	I-FAMILY_NAME
said	O
,	O
"	O
We	O
discussed	O
during	O
the	O
talks	O
the	O
developments	O
in	O
the	O
GERD	B-LOCATION
issue	O
and	O
we	O
shared	O
views	O
on	O
the	O
danger	O
of	O
the	O
unilateral	O
policies	O
when	O
it	O
comes	O
to	O
implementing	O
projects	O
on	O
international	O
rivers	O
as	O
well	O
as	O
the	O
imperative	O
of	O
adhering	O
to	O
the	O
principle	O
of	O
cooperation	O
and	O
prior	O
consultation	O
.	O
"	O

El	B-GIVEN_NAME
-	B-FAMILY_NAME
Sisi	I-FAMILY_NAME
's	O
statements	O
reflected	O
Egypt	B-LOCATION
's	O
rejection	O
to	O
Ethiopia	B-LOCATION
's	O
unilateral	O
policies	O
when	O
it	O
comes	O
to	O
the	O
filling	O
of	O
the	O
GERD	B-LOCATION
's	O
reservoir	O
.	O

In	O
the	O
absence	O
of	O
a	O
legally	O
binding	O
deal	O
,	O
Ethiopia	B-LOCATION
unilaterally	O
completed	O
the	O
first	O
and	O
second	O
filling	O
of	O
the	O
dam	O
,	O
and	O
started	O
earlier	O
this	O
year	O
operating	O
the	O
GERD	B-LOCATION
's	O
first	O
turbine	O
to	O
generate	O
power	O
.	O

Ethiopia	B-LOCATION
also	O
seeks	O
to	O
start	O
the	O
third	O
filling	O
in	O
August	B-DATE
and	O
September	B-DATE
,	O
according	O
to	O
a	O
recent	O
announcement	O
by	O
the	O
GERD	B-LOCATION
's	O
project	O
manager	O
.	O

For	O
his	O
part	O
,	O
President	O
Mohamud	B-GIVEN_NAME
said	O
that	O
he	O
and	O
El	B-GIVEN_NAME
-	B-FAMILY_NAME
Sisi	I-FAMILY_NAME
agreed	O
on	O
the	O
necessity	O
of	O
having	O
a	O
legally	O
binding	O
agreement	O
for	O
the	O
filling	O
and	O
operations	O
policies	O
of	O
the	O
dam	O
.	O

El	B-GIVEN_NAME
-	B-FAMILY_NAME
Sisi	I-FAMILY_NAME
also	O
said	O
that	O
he	O
and	O
Mohamud	B-GIVEN_NAME
agreed	O
to	O
work	O
together	O
to	O
enforce	O
security	O
and	O
stability	O
in	O
the	O
region	O
,	O
especially	O
in	O
the	O
Red	B-LOCATION
Sea	I-LOCATION
,	O
adding	O
that	O
Egypt	B-LOCATION
reiterated	O
its	O
full	O
support	O
for	O
Somalia	B-LOCATION
's	O
efforts	O
in	O
achieving	O
security	O
and	O
stability	O
as	O
well	O
as	O
eliminating	O
terrorism	O
in	O
the	O
country	O
.	O

Boosting	O
bilateral	O
ties	O

El	B-GIVEN_NAME
-	B-FAMILY_NAME
Sisi	I-FAMILY_NAME
said	O
that	O
he	O
and	O
his	O
Somali	B-AFFILIATION
counterpart	O
discussed	O
ways	O
of	O
boosting	O
bilateral	O
relations	O
,	O
especially	O
economic	O
cooperation	O
,	O
and	O
they	O
reviewed	O
the	O
progress	O
in	O
cooperation	O
projects	O
.	O

The	O
Egyptian	B-AFFILIATION
president	O
also	O
announced	O
that	O
the	O
Central	B-ORGANIZATION
Bank	I-ORGANIZATION
of	I-ORGANIZATION
Somalia	I-ORGANIZATION
(	O
CBS	B-ORGANIZATION
)	O
has	O
approved	O
Egypt	B-LOCATION
's	O
Banque	B-ORGANIZATION
Misr	I-ORGANIZATION
opening	O
a	O
branch	O
in	O
Somalia	B-LOCATION
.	O

Earlier	O
in	O
July	O
,	O
the	O
CBS	B-ORGANIZATION
agreed	O
to	O
grant	O
Banque	B-ORGANIZATION
Misr	I-ORGANIZATION
a	O
license	O
to	O
operate	O
within	O
Somalia	B-LOCATION
,	O
making	O
it	O
the	O
first	O
foreign	O
bank	O
to	O
operate	O
in	O
the	O
Horn	B-LOCATION
of	I-LOCATION
Africa	I-LOCATION
Country	I-LOCATION
.	O

El	B-GIVEN_NAME
-	B-FAMILY_NAME
Sisi	I-FAMILY_NAME
added	O
that	O
he	O
and	O
Mohamud	B-GIVEN_NAME
agreed	O
to	O
boost	O
economic	O
cooperation	O
.	O

President	O
Abdel	B-GIVEN_NAME
-	B-FAMILY_NAME
Fattah	I-FAMILY_NAME
El	I-FAMILY_NAME
-	I-FAMILY_NAME
Sisi	I-FAMILY_NAME
received	O
his	O
Somali	B-AFFILIATION
counter	O
President	O
at	O
the	O
Presidential	B-LOCATION
Palace	I-LOCATION
in	O
Heliopolis	B-LOCATION
after	O
his	O
arrival	O
to	O
Cairo	B-LOCATION
.	O

This	O
is	O
Mohamud	B-GIVEN_NAME
's	O
first	O
visit	O
to	O
Cairo	B-LOCATION
after	O
the	O
start	O
of	O
his	O
new	O
term	O
as	O
the	O
president	O
of	O
Somalia	B-LOCATION
in	O
May	B-DATE
2022	I-DATE
.	O

Earlier	O
this	O
year	O
,	O
Cairo	B-LOCATION
hosted	O
retreat	O
on	O
the	O
Post	O
-	O
2021	B-BRANDS
Arrangements	O
in	O
Somalia	B-LOCATION
with	O
participation	O
from	O
the	O
Federal	B-ORGANIZATION
Government	I-ORGANIZATION
of	I-ORGANIZATION
Somalia	I-ORGANIZATION|B-LOCATION
,	O
the	O
African	B-ORGANIZATION|B-AFFILIATION
Union	I-ORGANIZATION
,	O
the	O
United	B-ORGANIZATION
Nations	I-ORGANIZATION
,	O
and	O
several	O
international	O
partners	O
.	O

Egypt	B-LOCATION
's	O
exports	O
to	O
Somalia	B-LOCATION
reached	O
to	O
nearly	O
$	B-MONEY
64	I-MONEY
million	I-MONEY
during	O
2021	B-DATE
,	O
according	O
to	O
the	O
United	B-ORGANIZATION
Nations	I-ORGANIZATION
'	O
COMTRADE	B-ORGANIZATION
database	O
on	O
international	O
trade	O
.	O

The	O
Egyptian	B-AFFILIATION
exports	O
include	O
milling	O
and	O
pharmaceutical	O
products	O
.	O

