afrol	B-ORGANIZATION
News	I-ORGANIZATION
,	O
20	B-DATE
February	I-DATE
-	O
With	O
98	O
percent	O
of	O
the	O
votes	O
already	O
counted	O
,	O
Uganda	B-LOCATION
's	O
Electoral	B-ORGANIZATION
Commission	I-ORGANIZATION
can	O
already	O
conclude	O
on	O
a	O
large	O
victory	O
for	O
President	O
Yoweri	B-GIVEN_NAME
Museveni	B-FAMILY_NAME
.	O

But	O
will	O
the	O
opposition	O
accept	O
defeat	O
?	O

The	O
Electoral	B-ORGANIZATION
Commission	I-ORGANIZATION
of	I-ORGANIZATION
Uganda	I-ORGANIZATION|B-LOCATION
-	O
earlier	O
criticised	O
by	O
opposition	O
leader	O
Kizza	B-GIVEN_NAME
Besigye	B-FAMILY_NAME
of	O
being	O
an	O
instrument	O
of	O
President	O
Museveni	B-GIVEN_NAME
-	O
in	O
a	O
seemingly	O
transparent	O
way	O
has	O
been	O
publishing	O
results	O
from	O
Uganda	B-LOCATION
's	O
24,000	O
polling	O
stations	O
as	O
they	O
have	O
been	O
counted	O
;	O
including	O
on	O
its	O
website	O
.	O

With	O
97.7	O
percent	O
of	O
the	O
votes	O
counted	O
,	O
there	O
is	O
no	O
longer	O
a	O
question	O
of	O
what	O
the	O
official	O
result	O
will	O
be	O
.	O

Currently	O
,	O
President	O
Museveni	B-GIVEN_NAME
is	O
leading	O
the	O
poll	O
with	O
68.3	O
percent	O
of	O
votes	O
cast	O
.	O

Opposition	O
leader	O
Besigye	B-GIVEN_NAME
has	O
obtained	O
26.1	O
percent	O
of	O
the	O
votes	O
counted	O
.	O

President	O
Museveni	B-GIVEN_NAME
's	O
almost	O
landslide	O
victory	O
and	O
re	O
-	O
election	O
cannot	O
be	O
refuted	O
,	O
at	O
least	O
if	O
the	O
preliminary	O
official	O
results	O
are	O
to	O
be	O
believed	O
.	O

The	O
2011	B-DATE
presidential	O
elections	O
so	O
far	O
have	O
been	O
among	O
the	O
most	O
peaceful	O
ever	O
held	O
in	O
Uganda	B-LOCATION
,	O
despite	O
opposition	O
threats	O
to	O
launch	O
an	O
Egypt	B-LOCATION
-	O
like	O
revolt	O
if	O
the	O
vote	O
was	O
manipulated	O
.	O

President	O
Museveni	B-GIVEN_NAME
,	O
in	O
power	O
for	O
25	B-DURATION
years	I-DURATION
,	O
during	O
the	O
election	O
campaign	O
has	O
shown	O
muzzles	O
,	O
but	O
mainly	O
resorted	O
to	O
positive	O
campaigning	O
,	O
including	O
a	O
wide	O
diffusion	O
of	O
his	O
own	O
rap	O
song	O
.	O

Bullying	O
and	O
intimidation	O
of	O
Ugandan	B-AFFILIATION
voters	O
-	O
a	O
normal	O
practice	O
in	O
the	O
country	O
-	O
reportedly	O
has	O
been	O
far	O
less	O
than	O
during	O
other	O
election	O
campaigns	O
.	O

But	O
there	O
are	O
concerns	O
that	O
the	O
aftermath	O
of	O
the	O
elections	O
may	O
be	O
less	O
peaceful	O
.	O

The	O
opposition	O
,	O
quoting	O
long	O
experience	O
with	O
unfair	O
and	O
unfree	O
elections	O
,	O
for	O
months	O
has	O
been	O
building	O
on	O
its	O
case	O
that	O
the	O
Electoral	O

Only	O
last	O
week	O
,	O
an	O
opposition	O
delegation	O
finally	O
was	O
able	O
to	O
present	O
its	O
demands	O
to	O
Commission	O
Chairman	O
Badru	B-GIVEN_NAME
Kiggundu	B-FAMILY_NAME
;	O
including	O
a	O
wider	O
participation	O
of	O
local	O
candidates	O
in	O
the	O
poll	O
count	O
and	O
the	O
publishing	O
of	O
results	O
.	O

All	O
demands	O
were	O
rejected	O
,	O
and	O
the	O
Besigye	B-GIVEN_NAME
campaign	O
again	O
made	O
a	O
point	O
of	O
the	O
Commission	O
"	O
laying	O
grounds	O
for	O
cheating	O
.	O
"	O

The	O
Uganda	B-LOCATION
-	O
based	O
Democracy	B-ORGANIZATION
Monitoring	I-ORGANIZATION
Group	I-ORGANIZATION
,	O
which	O
has	O
monitored	O
both	O
the	O
campaigning	O
period	O
and	O
the	O
actual	O
poll	O
,	O
has	O
registered	O
several	O
irregularities	O
,	O
including	O
voter	O
intimidation	O
and	O
ballots	O
pre	O
-	O
marked	O
for	O
President	O
Museveni	B-GIVEN_NAME
.	O

But	O
the	O
group	O
's	O
assessment	O
so	O
far	O
is	O
milder	O
than	O
at	O
previous	O
occasions	O
.	O

As	O
the	O
results	O
started	O
ticking	O
in	O
yesterday	O
,	O
the	O
Besigye	B-GIVEN_NAME
campaign	O
first	O
started	O
publishing	O
the	O
Electoral	B-ORGANIZATION
Commission	I-ORGANIZATION
's	O
results	O
.	O

But	O
they	O
soon	O
stopped	O
as	O
President	O
Museveni	B-GIVEN_NAME
's	O
lead	O
was	O
becoming	O
clearer	O
.	O

So	O
far	O
,	O
Mr	O
Besigye	B-GIVEN_NAME
has	O
made	O
few	O
public	O
statements	O
since	O
it	O
became	O
clear	O
that	O
official	O
results	O
would	O
confirm	O
President	O
Museveni	B-GIVEN_NAME
in	O
office	O
.	O

He	O
has	O
however	O
vaguely	O
rejected	O
the	O
official	O
results	O
,	O
saying	O
"	O
it	O
is	O
now	O
clear	O
the	O
will	O
of	O
the	O
people	O
cannot	O
be	O
expressed	O
through	O
the	O
electoral	O
process	O
.	O
"	O

The	O
opposition	O
leader	O
has	O
threatened	O
to	O
start	O
an	O
Egypt	B-LOCATION
-	O
like	O
revolt	O
in	O
Uganda	B-LOCATION
if	O
the	O
vote	O
again	O
was	O
manipulated	O
.	O

President	O
Museveni	B-GIVEN_NAME
,	O
on	O
the	O
other	O
hand	O
,	O
has	O
promised	O
not	O
to	O
allow	O
such	O
a	O
protest	O
movement	O
.	O

So	O
far	O
,	O
Mr	O
Besigye	B-GIVEN_NAME
is	O
keeping	O
his	O
options	O
open	O
.	O

