Five	B-DURATION
years	I-DURATION
into	O
a	O
deadly	O
separatist	O
conflict	O
in	O
Cameroon	B-LOCATION
's	O
English	B-AFFILIATION
-	O
speaking	O
regions	O
,	O
hopes	O
of	O
finding	O
a	O
negotiated	O
settlement	O
seem	O
more	O
distant	O
than	O
ever	O
as	O
both	O
the	O
government	O
and	O
secessionist	O
rebels	O
dig	O
in	O
,	O
according	O
to	O
civil	O
society	O
activists	O
.	O

It	O
's	O
widely	O
acknowledged	O
that	O
at	O
some	O
stage	O
there	O
needs	O
to	O
be	O
a	O
negotiated	O
settlement	O
.	O

"	O
Every	O
day	O
that	O
this	O
pointless	O
war	O
goes	O
on	O
,	O
the	O
blood	O
of	O
another	O
life	O
stolen	O
from	O
us	O
stains	O
the	O
ground	O
of	O
this	O
land	O
,	O
"	O
said	O
Esther	B-GIVEN_NAME
Omam	B-FAMILY_NAME
,	O
a	O
leading	O
peace	O
advocate	O
.	O

The	O
urgency	O
for	O
talks	O
is	O
even	O
shared	O
by	O
some	O
rank	O
and	O
file	O
separatist	O
fighters	O
.	O

"	O
The	O
more	O
the	O
war	O
is	O
prolonged	O
,	O
even	O
if	O
we	O
get	O
the	O
desired	O
result	O
at	O
the	O
end	O
of	O
the	O
day	O
,	O
we	O
run	O
the	O
risk	O
of	O
many	O
lives	O
being	O
lost	O
,	O
"	O
one	O
fighter	O
said	O
.	O

Peacemaking	O
takes	O
hard	O
work	O
said	O
Andrew	B-GIVEN_NAME
Nkea	B-FAMILY_NAME
,	O
archbishop	O
of	O
Mamfe	B-LOCATION
in	O
the	O
southwest	O
region	O
.	O

Nkea	B-ORGANIZATION
has	O
been	O
involved	O
in	O
multiple	O
efforts	O
to	O
initiate	O
talks	O
in	O
his	O
conflict	O
-	O
hit	O
community	O
,	O
and	O
is	O
realistic	O
that	O
ending	O
a	O
war	O
,	O
in	O
which	O
so	O
many	O
interests	O
are	O
involved	O
,	O
will	O
be	O
an	O
uphill	O
battle	O
.	O

