The	O
Nigerian	B-AFFILIATION
public	O
universities	O
have	O
been	O
shut	O
for	O
more	O
than	O
five	O
months	O
over	O
unresolved	O
issues	O
of	O
poor	O
welfare	O
and	O
underfunding	O
.	O

Led	O
by	O
the	O
umbrella	O
Nigeria	B-ORGANIZATION
Labour	I-ORGANIZATION
Congress	I-ORGANIZATION
(	O
NLC	B-ORGANIZATION
)	O
,	O
workers	O
across	O
all	O
sectors	O
of	O
the	O
national	O
economy	O
filed	O
out	O
on	O
Tuesday	O
to	O
commence	O
a	O
two	O
-	O
day	O
nationwide	O
protest	O
against	O
the	O
continued	O
shutdown	O
of	O
public	O
universities	O
.	O

The	O
Nigerian	B-AFFILIATION
public	O
universities	O
have	O
been	O
shut	O
for	O
more	O
than	O
five	O
months	O
over	O
unresolved	O
issues	O
of	O
poor	O
welfare	O
and	O
underfunding	O
of	O
the	O
institutions	O
between	O
the	O
various	O
workers	O
'	O
unions	O
and	O
the	O
government	O
.	O

Worried	O
by	O
the	O
continued	O
closure	O
and	O
the	O
attendant	O
consequences	O
including	O
rising	O
insecurity	O
and	O
unemployment	O
,	O
NLC	B-ORGANIZATION
called	O
out	O
its	O
affiliates	O
across	O
the	O
country	O
to	O
embark	O
on	O
nationwide	O
protest	O
.	O

The	O
union	O
's	O
President	O
,	O
Ayuba	B-GIVEN_NAME
Wabba	B-FAMILY_NAME
,	O
who	O
has	O
consistently	O
faulted	O
the	O
government	O
's	O
description	O
of	O
the	O
declared	O
protest	O
as	O
a	O
solidarity	O
one	O
,	O
said	O
his	O
union	O
is	O
directly	O
concerned	O
by	O
the	O
development	O
because	O
the	O
affected	O
unions	O
are	O
its	O
affiliates	O
.	O

He	O
also	O
threatened	O
that	O
if	O
the	O
crisis	O
remained	O
unresolved	O
after	O
the	O
protest	O
,	O
NLC	B-ORGANIZATION
would	O
mobilise	O
workers	O
nationwide	O
to	O
embark	O
on	O
a	O
warning	O
strike	O
,	O
the	O
development	O
that	O
may	O
further	O
hurt	O
the	O
nation	O
's	O
precarious	O
economy	O
.	O

Mr	O
Wabba	B-GIVEN_NAME
also	O
threatened	O
more	O
actions	O
that	O
could	O
compel	O
the	O
government	O
to	O
accede	O
to	O
the	O
striking	O
workers	O
'	O
demands	O
.	O

Today	O
's	O
protest	O

As	O
of	O
8a.m	O
on	O
Tuesday	B-BRANDS
,	O
thousands	O
of	O
protesters	O
had	O
gathered	O
at	O
Ikeja	B-LOCATION|B-LOCATION
"	I-LOCATION
underbridge	I-LOCATION
"	O
in	O
Lagos	B-LOCATION
while	O
others	O
were	O
moving	O
from	O
the	O
Labour	B-LOCATION
House	I-LOCATION
in	O
the	O
Yaba	B-LOCATION
area	O
of	O
the	O
city	O
to	O
join	O
the	O
protest	O
.	O

There	O
are	O
reports	O
of	O
heavy	O
presence	O
of	O
security	O
operatives	O
across	O
major	O
parts	O
of	O
the	O
city	O
including	O
Ikeja	B-LOCATION
,	O
Ojota	B-LOCATION
,	O
and	O
Ikorodu	B-LOCATION|B-LOCATION
Road	I-LOCATION
,	O
among	O
other	O
places	O
.	O

Meanwhile	O
,	O
from	O
Ilorin	B-LOCATION
,	O
Kwara	B-LOCATION
State	I-LOCATION
capital	O
,	O
to	O
Jos	B-LOCATION
in	I-LOCATION
Plateau	I-LOCATION
,	O
both	O
in	O
the	O
North	O
-	O
central	O
part	O
of	O
the	O
country	O
,	O
updates	O
on	O
the	O
protest	O
have	O
shown	O
massive	O
turnout	O
of	O
workers	O
and	O
students	O
.	O

Earlier	O
on	O
Tuesday	B-DATE
,	O
the	O
chairman	O
of	O
SSANU	B-ORGANIZATION
at	O
the	O
University	B-ORGANIZATION
of	I-ORGANIZATION
Ilorin	I-ORGANIZATION
,	O
Olusola	B-GIVEN_NAME
Falowo	B-FAMILY_NAME
,	O
sent	O
out	O
words	O
to	O
his	O
union	O
members	O
and	O
allies	O
to	O
join	O
the	O
mass	O
protest	O
.	O

He	O
said	O
the	O
protest	O
would	O
be	O
peaceful	O
,	O
promising	O
that	O
no	O
infiltration	O
by	O
thugs	O
would	O
be	O
allowed	O
.	O

Meanwhile	O
,	O
PREMIUM	B-ORGANIZATION
TIMES	I-ORGANIZATION
'	O
reporters	O
nationwide	O
would	O
be	O
on	O
hand	O
to	O
report	O
happenings	O
throughout	O
the	O
two	O
-	O
day	O
protest	O
.	O

ASUU	B-ORGANIZATION
,	O
other	O
unions	O
'	O
demands	O

Nigerian	B-AFFILIATION
university	O
workers	O
under	O
their	O
various	O
unions	O
including	O
the	O
Academic	B-ORGANIZATION
Staff	I-ORGANIZATION
of	I-ORGANIZATION
Nigerian	I-ORGANIZATION|B-AFFILIATION
Universities	I-ORGANIZATION
(	O
ASUU	B-ORGANIZATION
)	O
,	O
Senior	B-ORGANIZATION
Staff	I-ORGANIZATION
Association	I-ORGANIZATION
of	I-ORGANIZATION
Nigerian	I-ORGANIZATION|B-AFFILIATION
Universities	I-ORGANIZATION
(	O
SSANU	B-ORGANIZATION
)	O
,	O
Non	B-ORGANIZATION
-	I-ORGANIZATION
Academic	I-ORGANIZATION
Staff	I-ORGANIZATION
Union	I-ORGANIZATION
of	I-ORGANIZATION
Educational	I-ORGANIZATION
and	I-ORGANIZATION
Allied	I-ORGANIZATION
Institutions	I-ORGANIZATION
(	O
NASU	B-ORGANIZATION
)	O
and	O
the	O
National	B-ORGANIZATION
Association	I-ORGANIZATION
of	I-ORGANIZATION
Academic	I-ORGANIZATION
Technologists	I-ORGANIZATION
(	O
NAAT	B-ORGANIZATION
)	O
,	O
have	O
embarked	O
on	O
strike	O
to	O
protest	O
what	O
they	O
termed	O
poor	O
funding	O
of	O
universities	O
and	O
poor	O
welfare	O
conditions	O
.	O

ASUU	B-ORGANIZATION
,	O
which	O
commenced	O
its	O
nationwide	O
industrial	O
action	O
on	O
February	B-DATE
14	I-DATE
,	O
has	O
continued	O
to	O
roll	O
it	O
over	O
for	O
more	O
than	O
five	O
months	O
.	O

The	O
union	O
had	O
rejected	O
the	O
introduction	O
of	O
the	O
Integrated	B-BRANDS
Payroll	B-MISC
and	I-MISC
Personnel	I-MISC
Information	I-MISC
System	I-MISC
(	O
IPPIS	B-BRANDS
)	O
as	O
a	O
payment	O
platform	O
for	O
the	O
workers	O
as	O
introduced	O
by	O
the	O
government	O
and	O
sought	O
its	O
replacement	O
with	O
University	B-ORGANIZATION
Transparency	B-MISC
and	I-MISC
Accountability	I-MISC
Solution	I-MISC
(	O
UTAS	B-BRANDS
)	O
.	O

The	O
Joint	B-ORGANIZATION
Action	I-ORGANIZATION
Committee	I-ORGANIZATION
(	O
JAC	B-ORGANIZATION
)	O
of	O
both	O
SSANU	B-ORGANIZATION
and	O
NASU	B-ORGANIZATION
has	O
also	O
rejected	O
IPPIS	B-BRANDS
,	O
even	O
as	O
it	O
presented	O
an	O
alternative	O
said	O
to	O
have	O
also	O
been	O
developed	O
by	O
its	O
members	O
to	O
the	O
government	O
.	O

Government	O
steps	O
up	O
resolution	O
efforts	O

President	O
Muhammadu	B-GIVEN_NAME
Buhari	B-FAMILY_NAME
last	O
week	O
ordered	O
the	O
Minister	O
of	O
Labour	O
and	O
Employment	O
,	O
Chris	B-GIVEN_NAME
Ngige	B-FAMILY_NAME
,	O
to	O
step	O
down	O
from	O
negotiation	O
with	O
the	O
striking	O
workers	O
to	O
allow	O
his	O
Education	B-ORGANIZATION
Ministry	I-ORGANIZATION
counterpart	O
,	O
Adamu	B-GIVEN_NAME
Adamu	B-FAMILY_NAME
,	O
to	O
take	O
over	O
.	O

Mr	O
Adamu	B-GIVEN_NAME
,	O
during	O
the	O
joint	O
presentation	O
of	O
negotiation	O
progress	O
report	O
to	O
President	O
Muhammadu	B-GIVEN_NAME
Buhari	B-FAMILY_NAME
,	O
had	O
explained	O
the	O
reason	O
for	O
his	O
aloofness	O
since	O
the	O
workers	O
'	O
strike	O
commenced	O
and	O
pledged	O
to	O
fast	O
track	O
the	O
process	O
of	O
the	O
resolution	O
.	O

