KIGALI	B-LOCATION
,	O
Apr	B-DATE
12	I-DATE
2022	I-DATE
(	O
IPS	B-ORGANIZATION
)	O
-	O
Climate	O
change	O
activist	O
Mithika	B-GIVEN_NAME
Mwenda	B-FAMILY_NAME
,	O
the	O
Executive	O
Director	O
of	O
the	O
Pan	B-ORGANIZATION|B-AFFILIATION
African	I-ORGANIZATION|I-AFFILIATION
Climate	I-ORGANIZATION
Justice	I-ORGANIZATION
Alliance	I-ORGANIZATION
(	O
PACJA	B-ORGANIZATION
)	O
,	O
is	O
not	O
reluctant	O
to	O
engage	O
African	B-AFFILIATION
governments	O
to	O
do	O
what	O
âs	O
necessary	O
to	O
commit	O
to	O
post	O
-	O
COVID	B-BRANDS
-	B-MISC
19	I-MISC
green	O
growth	O
strategies	O
.	O

Through	O
Africa	B-LOCATION
âs	O
post	O
-	O
COVID	B-BRANDS
-	B-MISC
19	I-MISC
green	O
recovery	O
pathway	O
,	O
initiated	O
in	O
July	B-DATE
last	O
year	O
,	O
governments	O
have	O
committed	O
to	O
reaching	O
the	O
Paris	B-LOCATION|B-LOCATION
Agreement	B-MISC
âs	O
climate	O
change	O
targets	O
and	O
prosperity	O
objectives	O
by	O
adopting	O
eco	O
-	O
friendly	O
measures	O
and	O
doing	O
this	O
amid	O
COVID	B-BRANDS
-	B-MISC
19	I-MISC
recovery	O
.	O

The	O
UN	B-ORGANIZATION
Environment	I-ORGANIZATION
Programme	I-ORGANIZATION
(	O
UNEP	B-ORGANIZATION
)	O
shows	O
that	O
COVID	B-BRANDS
-	B-MISC
19	I-MISC
has	O
triggered	O
the	O
deepest	O
economic	O
recession	O
.	O

The	O
current	O
recovery	O
plan	O
by	O
African	B-AFFILIATION
governments	O
is	O
centred	O
around	O
climate	O
finance	O
,	O
renewable	O
energy	O
,	O
nature	O
-	O
based	O
solutions	O
,	O
resilient	O
agriculture	O
,	O
and	O
green	O
and	O
resilient	O
cities	O
.	O

Activists	O
say	O
African	B-AFFILIATION
countries	O
need	O
to	O
urgently	O
move	O
from	O
talk	O
shops	O
in	O
conferences	O
to	O
implement	O
green	O
commitments	O
.	O

Mwenda	B-GIVEN_NAME
told	O
IPS	B-ORGANIZATION
that	O
climate	O
actors	O
should	O
not	O
forget	O
the	O
shortcomings	O
manifested	O
by	O
the	O
environmental	O
crisis	O
in	O
terms	O
of	O
biodiversity	O
losses	O
,	O
plastic	O
menace	O
etc	O
.	O

While	O
tackling	O
the	O
climate	O
crisis	O
,	O
most	O
African	B-AFFILIATION
countries	O
will	O
require	O
a	O
holistic	O
approach	O
to	O
recovery	O
planning	O
and	O
policymaking	O
.	O

Both	O
climate	O
experts	O
and	O
activists	O
stress	O
that	O
African	B-AFFILIATION
governments	O
face	O
an	O
â	O
enormous	O
challenge	O
â	O
even	O
as	O
they	O
seize	O
opportunities	O
of	O
the	O
green	O
transition	O
,	O
which	O
aims	O
to	O
assist	O
developing	O
countries	O
in	O
rebuilding	O
better	O
from	O
the	O
COVID	B-BRANDS
-	B-MISC
19	I-MISC
pandemic	O
.	O

The	O
latest	O
official	O
report	O
by	O
the	O
United	B-ORGANIZATION
Nations	I-ORGANIZATION
Environment	I-ORGANIZATION
Programme	I-ORGANIZATION
(	O
UNEP	B-ORGANIZATION
)	O
indicates	O
that	O
by	O
2050	B-DATE
greenhouse	O
gas	O
emissions	O
associated	O
with	O
plastic	O
production	O
,	O
use	O
and	O
disposal	O
would	O
account	O
for	O
15	O
per	O
cent	O
of	O
allowed	O
emissions	O
,	O
under	O
the	O
goal	O
of	O
limiting	O
global	O
warming	O
to	O
1.5	O
Â°	O
C	O
(	O
34.7	O
Â°	O
F	O
)	O
.	O

It	O
said	O
that	O
a	O
shift	O
to	O
a	O
circular	O
economy	O
can	O
reduce	O
the	O
volume	O
of	O
plastics	O
entering	O
oceans	O
by	O
over	O
80	O
per	O
cent	O
by	O
2040	B-DATE
;	O
reduce	O
virgin	O
plastic	O
production	O
by	O
55	O
per	O
cent	O
,	O
save	O
governments	O
US	B-MONEY
$	I-MONEY
70	I-MONEY
billion	I-MONEY
by	O
2040	B-DATE
,	O
reduce	O
greenhouse	O
gas	O
emissions	O
by	O
25	O
per	O
cent	O
,	O
and	O
create	O
at	O
least	O
700,000	O
additional	O
jobs	O
â	O
mainly	O
in	O
the	O
global	O
south	O
,	O
especially	O
in	O
Sub	B-LOCATION|B-AFFILIATION
-	I-LOCATION|I-AFFILIATION
Saharan	I-LOCATION|I-AFFILIATION
Africa	I-LOCATION
.	O

While	O
state	O
actors	O
in	O
the	O
negotiations	O
expressed	O
their	O
optimism	O
about	O
the	O
smooth	O
implementation	O
of	O
green	O
economic	O
recovery	O
from	O
COVID	B-DATE
-	I-DATE
19	I-DATE
,	O
some	O
environmental	O
activists	O
believe	O
that	O
much	O
will	O
depend	O
on	O
what	O
is	O
at	O
stake	O
as	O
African	B-AFFILIATION
countries	O
commit	O
unprecedented	O
resources	O
to	O
green	O
recovery	O
from	O
COVID	B-BRANDS
-	B-MISC
19	I-MISC
.	O

â	O
There	O
is	O
one	O
thing	O
resolving	O
(	O
to	O
support	O
international	O
agreements	O
)	O
and	O
another	O
thing	O
implementing	O
it	O
,	O
â	O
Mwenda	B-GIVEN_NAME
said	O
while	O
referring	O
to	O
the	O
current	O
situation	O
in	O
most	O
countries	O
in	O
Sub	B-LOCATION|B-AFFILIATION
-	I-LOCATION|I-AFFILIATION
Saharan	I-LOCATION|I-AFFILIATION
Africa	I-LOCATION
.	O

Creating	O
local	O
green	O
jobs	O
:	O
the	O
United	B-LOCATION
States	I-LOCATION
,	O
Italy	B-LOCATION
and	O
South	B-LOCATION
Africa	I-LOCATION
show	O
the	O
benefits	O
of	O
adopting	O
green	O
solutions	O
,	O
especially	O
job	O
creation	O
.	O
The	O
report	O
identified	O
that	O
improving	O
the	O
energy	O
efficiency	O
of	O
existing	O
and	O
new	O
homes	O
,	O
schools	O
,	O
and	O
workplaces	O
could	O
create	O
900,000	O
jobs	O
in	O
South	B-LOCATION
Africa	I-LOCATION
.	O

â	O
These	O
urban	O
actions	O
would	O
lead	O
to	O
significant	O
emissions	O
reduction	O
that	O
would	O
surpass	O
the	O
South	B-AFFILIATION
African	I-AFFILIATION
2030	B-DATE
climate	O
target	O
,	O
making	O
higher	O
ambition	O
to	O
align	O
with	O
the	O
Paris	B-LOCATION|B-LOCATION
Agreement	B-MISC
possible	O
for	O
South	B-LOCATION
Africa	I-LOCATION
,	O
â	O
the	O
report	O
stated	O
.	O
South	B-LOCATION
Africa	I-LOCATION
is	O
one	O
of	O
the	O
African	B-AFFILIATION
countries	O
committed	O
to	O
green	O
recovery	O
â	O
although	O
there	O
have	O
been	O
mixed	O
messages	O
by	O
politicians	O
because	O
of	O
the	O
country	O
âs	O
dependency	O
on	O
coal	O
both	O
domestically	O
and	O
for	O
export	O
.	O

The	O
concerns	O
raised	O
by	O
some	O
politicians	O
mirror	O
concerns	O
of	O
other	O
developing	O
countries	O
.	O
Scientists	O
in	O
a	O
recent	O
Intergovernmental	B-ORGANIZATION
Panel	I-ORGANIZATION
on	I-ORGANIZATION
Climate	I-ORGANIZATION
Change	I-ORGANIZATION
(	O
IPCC	B-ORGANIZATION
)	O
warned	O
that	O
emissions	O
need	O
to	O
be	O
cut	O
swiftly	O
to	O
limit	O
global	O
warming	O
.	O
However	O
,	O
one	O
of	O
the	O
authors	O
,	O
Fatima	B-GIVEN_NAME
Denton	B-FAMILY_NAME
,	O
warns	O
that	O
if	O
this	O
is	O
done	O
â	O
at	O
the	O
expense	O
of	O
justice	O
,	O
of	O
poverty	O
eradication	O
and	O
the	O
inclusion	O
of	O
people	O
,	O
then	O
you	O
âre	O
back	O
at	O
the	O
starting	O
block	O
.	O
â	O

The	O
report	O
also	O
warns	O
that	O
it	O
is	O
crucial	O
to	O
ensure	O
that	O
youth	O
,	O
indigenous	O
communities	O
,	O
and	O
workers	O
are	O
on	O
board	O
.	O

During	O
the	O
fifth	O
session	O
of	O
the	O
UN	B-ORGANIZATION
Environment	I-ORGANIZATION
Assembly	I-ORGANIZATION
,	O
which	O
took	O
place	O
in	O
March	B-DATE
in	O
Nairobi	B-LOCATION
,	I-LOCATION
Kenya	I-LOCATION
,	O
the	O
historical	O
agreement	O
on	O
green	O
recovery	O
from	O
COVID	B-BRANDS
-	B-MISC
19	I-MISC
was	O
adopted	O
based	O
on	O
three	O
initial	O
draft	O
resolutions	O
from	O
various	O
nations	O
,	O
establishing	O
an	O
Intergovernmental	B-ORGANIZATION
Negotiating	I-ORGANIZATION
Committee	I-ORGANIZATION
(	O
INC	B-ORGANIZATION
)	O
,	O
that	O
has	O
been	O
assigned	O
to	O
complete	O
draft	O
global	O
legally	O
binding	O
agreement	O
by	O
the	O
end	O
of	O
2024	B-DATE
.	O

According	O
to	O
Inger	B-GIVEN_NAME
Andersen	B-FAMILY_NAME
,	O
Executive	O
Director	O
of	O
UNEP	B-ORGANIZATION
,	O
this	O
is	O
the	O
most	O
significant	O
environmental	O
multilateral	O
deal	O
since	O
the	O
Paris	B-LOCATION
accord	O
.	O

The	O
historic	O
resolution	O
,	O
titled	O
â	O
End	B-BRANDS
Plastic	B-MISC
Pollution	I-MISC
:	I-MISC
Towards	I-MISC
an	I-MISC
internationally	I-MISC
legally	I-MISC
binding	I-MISC
instrument	I-MISC
â	O
,	O
was	O
adopted	O
after	O
the	O
three	O
-	O
day	O
UNEA	B-BRANDS
-	B-MISC
5.2	I-MISC
meeting	O
,	O
attended	O
by	O
more	O
than	O
3,400	O
in	O
-	O
person	O
and	O
1,500	O
online	O
participants	O
from	O
175	O
UN	B-ORGANIZATION
Member	I-ORGANIZATION
States	I-ORGANIZATION
,	O
including	O
79	O
ministers	O
and	O
17	O
high	O
-	O
level	O
officials	O
.	O

â	O
This	O
is	O
an	O
insurance	O
policy	O
for	O
this	O
generation	O
and	O
future	O
ones	O
,	O
so	O
they	O
may	O
live	O
with	O
plastic	O
and	O
not	O
be	O
doomed	O
by	O
it	O
,	O
â	O
Andersen	B-GIVEN_NAME
said	O
.	O

While	O
humanity	O
is	O
facing	O
a	O
pandemic	O
,	O
an	O
economic	O
crisis	O
and	O
an	O
ecological	O
breakdown	O
,	O
African	B-AFFILIATION
governments	O
were	O
advised	O
to	O
put	O
their	O
countries	O
on	O
sustainable	O
trajectories	O
that	O
prioritise	O
economic	O
opportunity	O
,	O
poverty	O
reduction	O
and	O
planetary	O
health	O
.	O

The	O
continent	O
holds	O
30	O
percent	O
of	O
the	O
world	O
âs	O
mineral	O
reserves	O
and	O
65	O
percent	O
of	O
its	O
arable	O
land	O
.	O
It	O
has	O
massive	O
renewable	O
energy	O
sources	O
,	O
according	O
to	O
the	O
UNEP	B-ORGANIZATION
estimates	O
.	O

According	O
to	O
environmental	O
experts	O
,	O
the	O
best	O
way	O
to	O
tackle	O
these	O
issues	O
simultaneously	O
in	O
Africa	B-LOCATION
is	O
to	O
prioritise	O
green	O
investments	O
in	O
COVID	B-BRANDS
-	B-MISC
19	I-MISC
recovery	O
by	O
mobilising	O
assets	O
that	O
back	O
the	O
sustainable	O
use	O
of	O
resources	O
.	O

Because	O
the	O
economic	O
fallout	O
from	O
COVID	B-BRANDS
-	B-MISC
19	I-MISC
accelerated	O
existing	O
inequalities	O
,	O
it	O
is	O
even	O
more	O
critical	O
for	O
countries	O
to	O
rebuild	O
their	O
economies	O
and	O
enhance	O
resilience	O
against	O
future	O
shocks	O
.	O

While	O
activists	O
agree	O
the	O
green	O
recovery	O
initiative	O
is	O
important	O
for	O
post	O
-	O
COVID	B-BRANDS
-	B-MISC
19	I-MISC
economies	O
in	O
Africa	B-LOCATION
,	O
the	O
major	O
challenge	O
for	O
these	O
developing	O
countries	O
is	O
access	O
to	O
these	O
funds	O
.	O

Faustin	B-GIVEN_NAME
Vuningoma	B-FAMILY_NAME
,	O
the	O
Executive	O
Secretary	O
of	O
Rwanda	B-ORGANIZATION|B-LOCATION
Climate	I-ORGANIZATION
and	I-ORGANIZATION
Development	I-ORGANIZATION
Network	I-ORGANIZATION
(	O
RCDN	B-ORGANIZATION
)	O
,	O
told	O
IPS	B-ORGANIZATION
that	O
the	O
capacity	O
to	O
develop	O
green	O
projects	O
and	O
meet	O
the	O
required	O
criteria	O
for	O
most	O
countries	O
in	O
Africa	B-LOCATION
could	O
easily	O
hinder	O
the	O
developing	O
world	O
â	O
especially	O
access	O
to	O
resources	O
.	O

â	O
It	O
is	O
important	O
for	O
African	B-AFFILIATION
countries	O
to	O
engage	O
development	O
partners	O
with	O
the	O
funding	O
resources	O
and	O
make	O
sure	O
they	O
meet	O
all	O
criteria	O
to	O
access	O
these	O
funding	O
,	O
â	O
Vuningoma	B-GIVEN_NAME
said	O
.	O

â	O
The	O
international	O
partnerships	O
will	O
be	O
crucial	O
in	O
tackling	O
a	O
problem	O
that	O
affects	O
all	O
of	O
us	O
,	O
â	O
said	O
Dr	O
Jeanne	B-GIVEN_NAME
d	B-FAMILY_NAME
â	I-FAMILY_NAME
Arc	I-FAMILY_NAME
Mujawamariya	I-FAMILY_NAME
,	O
Rwanda	B-LOCATION
âs	O
Minister	O
of	O
Environment	O
,	O
referring	O
to	O
the	O
landmark	O
agreement	O
in	O
Nairobi	B-LOCATION
.	O

