Nairobi	B-LOCATION
,	O
Jun	B-DATE
16	I-DATE
2022	I-DATE
(	O
IPS	B-ORGANIZATION
)	O
-	O
Clad	O
in	O
traditional	O
regalia	O
and	O
necklaces	O
of	O
richly	O
coloured	O
beads	O
that	O
form	O
magnificent	O
patterns	O
around	O
their	O
necks	O
,	O
an	O
army	O
of	O
women	O
from	O
the	O
pastoral	O
Rendile	B-AFFILIATION
community	O
that	O
resides	O
at	O
the	O
heart	O
of	O
Marsabit	B-LOCATION
,	O
a	O
county	O
in	O
Kenya	B-LOCATION
âs	O
arid	O
north	O
,	O
is	O
on	O
a	O
mission	O
.	O

Shoulder	O
-	O
to	O
-	O
shoulder	O
,	O
they	O
are	O
walking	O
towards	O
economic	O
freedom	O
armed	O
with	O
relevant	O
tools	O
up	O
the	O
hill	O
to	O
tap	O
gum	O
and	O
gum	O
-	O
resins	O
from	O
acacia	O
trees	O
.	O

â	O
We	O
face	O
a	O
myriad	O
of	O
challenges	O
.	O

First	O
,	O
we	O
have	O
to	O
fetch	O
water	O
before	O
harvesting	O
gum	O
from	O
acacia	O
trees	O
.	O

We	O
then	O
sort	O
and	O
dry	O
it	O
before	O
taking	O
it	O
to	O
the	O
market	O
for	O
sale	O
.	O

From	O
gums	O
and	O
gum	O
-	O
resin	O
sales	O
,	O
I	O
am	O
able	O
to	O
meet	O
my	O
family	O
âs	O
needs	O
.	O
No	O
need	O
to	O
sell	O
my	O
sheep	O
and	O
goats	O
at	O
a	O
throw	O
-	O
away	O
price	O
,	O
â	O
says	O
Caroline	B-GIVEN_NAME
Sepina	B-FAMILY_NAME
,	O
a	O
47	O
-	O
year	O
-	O
old	O
mother	O
of	O
six	O
,	O
as	O
she	O
carefully	O
sorts	O
the	O
gum	O
,	O
which	O
retails	O
at	O
$	B-MONEY
5	I-MONEY
(	O
Ksh	B-MONEY
550	I-MONEY
)	O
per	O
kilogram	O
.	O

Gums	O
and	O
resins	O
are	O
hardened	O
plant	O
exudates	O
obtained	O
from	O
Acacia	B-BRANDS
,	O
Boswellia	B-BRANDS
and	O
Commiphora	B-BRANDS
species	O
in	O
African	B-AFFILIATION
drylands	O
.	O

In	O
Kenya	B-LOCATION
âs	O
drylands	O
,	O
human	O
survival	O
is	O
continually	O
faced	O
with	O
multiple	O
challenges	O
with	O
minimal	O
options	O
for	O
alternative	O
livelihoods	O
.	O

There	O
are	O
no	O
men	O
within	O
the	O
manyattas	O
in	O
Ndikir	B-LOCATION
,	O
a	O
village	O
located	O
in	O
the	O
Marsabit	B-LOCATION
sub	O
-	O
county	O
.	O
Because	O
of	O
the	O
drought	O
,	O
men	O
have	O
had	O
to	O
move	O
to	O
the	O
nearby	O
Samburu	B-LOCATION
county	O
,	O
searching	O
for	O
pasture	O
and	O
water	O
for	O
their	O
livestock	O
.	O

Here	O
,	O
the	O
women	O
are	O
left	O
behind	O
,	O
but	O
unlike	O
in	O
the	O
past	O
,	O
when	O
they	O
would	O
be	O
unemployed	O
,	O
they	O
now	O
have	O
alternative	O
livelihoods	O
which	O
complement	O
their	O
livestock	O
.	O

According	O
to	O
Leuwan	B-GIVEN_NAME
Kokton	B-FAMILY_NAME
,	O
assistant	O
chief	O
of	O
the	O
Ndikir	B-LOCATION
sub	O
-	O
location	O
,	O
men	O
usually	O
migrate	O
with	O
the	O
livestock	O
to	O
the	O
nearby	O
Samburu	B-LOCATION
county	I-LOCATION
to	O
avoid	O
severe	O
drought	O
,	O
with	O
a	O
few	O
livestock	O
left	O
to	O
help	O
cater	O
for	O
children	O
âs	O
upkeep	O
and	O
sometimes	O
,	O
medication	O
.	O

â	O
Through	O
this	O
economic	O
venture	O
,	O
I	O
do	O
not	O
have	O
to	O
sell	O
sheep	O
from	O
my	O
herds	O
to	O
cater	O
for	O
my	O
household	O
needs	O
.	O
All	O
I	O
need	O
to	O
do	O
is	O
just	O
walk	O
to	O
the	O
nearby	O
trees	O
and	O
tap	O
the	O
non	O
-	O
wood	O
products	O
,	O
then	O
sell	O
them	O
at	O
the	O
market	O
.	O
This	O
helps	O
me	O
preserve	O
my	O
sheep	O
and	O
goats	O
,	O
â	O
Joseph	B-GIVEN_NAME
Longelesh	B-FAMILY_NAME
,	O
a	O
resident	O
of	O
Ndikir	B-LOCATION
village	O
told	O
IPS	B-ORGANIZATION
in	O
an	O
interview	O
.	O

The	O
gums	O
and	O
gum	O
-	O
resins	O
of	O
commercial	O
importance	O
collected	O
from	O
the	O
forests	O
in	O
Kenya	B-LOCATION
include	O
arabic	B-AFFILIATION
,	O
myrrh	O
,	O
hagar	O
and	O
frankincense	O
.	O
Kenya	B-LOCATION
has	O
resources	O
of	O
gums	O
and	O
resins	O
with	O
commercial	O
production	O
confined	O
to	O
the	O
country	O
âs	O
drylands	O
.	O
Gum	O
arabic	B-AFFILIATION
comes	O
from	O
Acacia	B-BRANDS
senegal	B-LOCATION
or	O
Acacia	B-BRANDS
seyal	O
,	O
while	O
commercial	O
gum	O
resins	O
are	O
myrrh	O
from	O
Commiphoramyrrha	B-BRANDS
,	O
Hagar	B-BRANDS
from	O
Commiphora	B-BRANDS
holtziana	O
and	O
Frankincense	B-BRANDS
from	O
Boswellia	B-BRANDS
neglecta	O
S	O
.	O

Traditionally	O
,	O
the	O
resin	O
of	O
Myrrh	B-BRANDS
Hagar	B-MISC
is	O
suitable	O
for	O
treating	O
inflammation	O
,	O
arthritis	O
,	O
obesity	O
,	O
microbial	O
infection	O
,	O
wounds	O
,	O
pain	O
,	O
fractures	O
,	O
tumours	O
,	O
gastrointestinal	O
diseases	O
,	O
snake	O
bites	O
and	O
scorpion	O
stings	O
.	O

Tommaso	B-GIVEN_NAME
Menini	B-FAMILY_NAME
,	O
the	O
managing	O
director	O
for	O
African	B-ORGANIZATION|B-AFFILIATION
Agency	I-ORGANIZATION
for	I-ORGANIZATION
Arid	I-ORGANIZATION
Resource	I-ORGANIZATION
(	O
AGAR	B-ORGANIZATION
)	O
,	O
told	O
IPS	B-ORGANIZATION
that	O
gum	O
and	O
resin	O
are	O
directly	O
connected	O
to	O
environmental	O
conservation	O
.	O
The	O
idea	O
is	O
to	O
make	O
the	O
pastoral	O
communities	O
see	O
an	O
alternative	O
source	O
of	O
livelihood	O
apart	O
from	O
livestock	O
.	O

â	O
Hagar	B-BRANDS
is	O
now	O
an	O
incredibly	O
sought	O
-	O
after	O
product	O
from	O
mostly	O
Chinese	B-AFFILIATION
buyers	O
because	O
it	O
is	O
highly	O
used	O
in	O
their	O
traditional	O
medicine	O
.	O
Having	O
a	O
nearly	O
1.4	O
billion	O
Chinese	B-AFFILIATION
population	O
means	O
that	O
the	O
demand	O
is	O
high	O
,	O
â	O
Menini	B-GIVEN_NAME
told	O
IPS	B-ORGANIZATION
.	O

â	O
In	O
the	O
last	O
years	O
,	O
we	O
have	O
seen	O
an	O
increasing	O
presence	O
of	O
Chinese	B-AFFILIATION
buyers	O
setting	O
up	O
a	O
base	O
in	O
Kenya	B-LOCATION
.	O
Before	O
,	O
we	O
had	O
agents	O
who	O
would	O
send	O
several	O
containers	O
to	O
China	B-LOCATION
,	O
but	O
since	O
they	O
are	O
setting	O
up	O
in	O
Kenya	B-LOCATION
,	O
they	O
are	O
now	O
driving	O
prices	O
up	O
because	O
there	O
is	O
more	O
demand	O
.	O
â	O

For	O
Janet	B-GIVEN_NAME
Ahatho	B-FAMILY_NAME
,	O
assistant	O
natural	O
resources	O
Director	O
at	O
Marsabit	B-LOCATION
County	I-LOCATION
,	O
these	O
non	O
-	O
wood	O
products	O
have	O
been	O
in	O
existence	O
.	O
Still	O
,	O
the	O
locals	O
had	O
not	O
been	O
exposed	O
to	O
its	O
economic	O
potential	O
and	O
how	O
to	O
exploit	O
them	O
for	O
monetary	O
gains	O
.	O

â	O
As	O
a	O
county	O
government	O
,	O
we	O
have	O
mapped	O
the	O
areas	O
and	O
worked	O
with	O
the	O
locals	O
.	O
The	O
people	O
who	O
collect	O
the	O
products	O
and	O
sell	O
them	O
are	O
the	O
herders	O
themselves	O
.	O
They	O
have	O
attached	O
that	O
kind	O
of	O
importance	O
to	O
these	O
trees	O
,	O
hence	O
helping	O
in	O
environmental	O
conservation	O
,	O
â	O
says	O
Ahatho	B-GIVEN_NAME
.	O

In	O
Marsabit	B-LOCATION
county	I-LOCATION
,	O
these	O
non	O
-	O
wood	O
products	O
are	O
commonly	O
found	O
in	O
Laisamis	B-LOCATION
,	O
Moyale	B-LOCATION
and	O
North	B-LOCATION
Horr	I-LOCATION
sub	O
-	O
counties	O
.	O

â	O
Environment	O
destruction	O
is	O
reduced	O
because	O
we	O
have	O
environmental	O
management	O
committees	O
in	O
each	O
sub	O
-	O
county	O
,	O
and	O
they	O
are	O
the	O
ones	O
engaging	O
the	O
collectors	O
and	O
the	O
sellers	O
of	O
the	O
product	O
.	O
They	O
are	O
trained	O
to	O
train	O
the	O
community	O
on	O
why	O
it	O
is	O
important	O
to	O
conserve	O
the	O
tree	O
species	O
,	O
â	O
says	O
Ahatho	B-GIVEN_NAME
.	O

In	O
2005	B-DATE
,	O
the	O
Regional	B-ORGANIZATION
Centre	I-ORGANIZATION
for	I-ORGANIZATION
Mapping	I-ORGANIZATION
of	I-ORGANIZATION
Resources	I-ORGANIZATION
for	I-ORGANIZATION
Development	I-ORGANIZATION
,	O
through	O
the	O
technical	O
cooperation	O
programme	O
of	O
the	O
UN	B-ORGANIZATION
Food	I-ORGANIZATION
and	I-ORGANIZATION
Agricultural	I-ORGANIZATION
Organisation	I-ORGANIZATION
(	O
FAO	B-ORGANIZATION
)	O
,	O
carried	O
out	O
resource	O
assessment	O
and	O
mapping	O
of	O
gums	O
and	O
resins	O
in	O
Kenya	B-LOCATION
.	O

For	O
Ilkul	B-GIVEN_NAME
Salgi	B-FAMILY_NAME
,	O
the	O
World	B-ORGANIZATION
Vision	I-ORGANIZATION
âs	O
Integrated	B-BRANDS
Management	B-MISC
of	I-MISC
Natural	I-MISC
Resources	I-MISC
for	I-MISC
Resilience	I-MISC
in	I-MISC
Arid	I-MISC|B-LOCATION
and	I-MISC|I-LOCATION
Semi	I-MISC|I-LOCATION
-	I-MISC|I-LOCATION
Arid	I-MISC|I-LOCATION
Lands	I-MISC|I-LOCATION
(	O
IMARA	B-BRANDS
)	O
field	O
officer	O
,	O
the	O
locals	O
who	O
reside	O
in	O
arid	O
counties	O
,	O
including	O
Marsabit	B-LOCATION
,	O
are	O
usually	O
faced	O
with	O
drought	O
,	O
conflicts	O
and	O
how	O
to	O
conserve	O
the	O
environment	O
amid	O
the	O
climate	O
crisis	O
.	O

Engineer	O
Chidume	B-GIVEN_NAME
Okoro	B-FAMILY_NAME
,	O
a	O
Network	B-ORGANIZATION
for	I-ORGANIZATION
Natural	I-ORGANIZATION
Gums	I-ORGANIZATION
and	I-ORGANIZATION
Resin	I-ORGANIZATION
in	I-ORGANIZATION
Africa	I-ORGANIZATION
(	O
NGARA	B-ORGANIZATION
)	O
chairperson	O
,	O
says	O
production	O
is	O
far	O
from	O
sustainable	O
,	O
particularly	O
for	O
frankincense	O
,	O
with	O
debarking	O
frequently	O
damaging	O
or	O
killing	O
trees	O
.	O

According	O
to	O
Chidume	B-GIVEN_NAME
,	O
production	O
of	O
gum	O
and	O
resin	O
in	O
large	O
quantities	O
for	O
commercial	O
purposes	O
should	O
be	O
done	O
with	O
great	O
care	O
,	O
by	O
training	O
the	O
locals	O
on	O
how	O
to	O
do	O
it	O
sustainably	O
while	O
saving	O
the	O
acacia	O
trees	O
.	O

â	O
With	O
much	O
focus	O
on	O
exporting	O
bulk	O
raw	O
materials	O
and	O
poor	O
management	O
of	O
the	O
resource	O
,	O
export	O
markets	O
are	O
underexploited	O
.	O
Gender	O
inequities	O
and	O
power	O
imbalances	O
exist	O
and	O
in	O
some	O
cases	O
have	O
led	O
to	O
unequal	O
access	O
and	O
control	O
over	O
benefits	O
from	O
these	O
natural	O
resources	O
,	O
â	O
Okoro	B-GIVEN_NAME
told	O
IPS	B-ORGANIZATION
.	O

Since	O
exploring	O
the	O
non	O
-	O
wood	O
products	O
,	O
Sepina	B-GIVEN_NAME
says	O
her	O
children	O
have	O
always	O
had	O
balanced	O
meals	O
,	O
and	O
she	O
can	O
pay	O
her	O
children	O
âs	O
school	O
fees	O
.	O

