SYDNEY	B-LOCATION
and	O
KUALA	B-LOCATION
LUMPUR	I-LOCATION
,	O
Jul	B-DATE
26	I-DATE
2022	I-DATE
(	O
IPS	B-ORGANIZATION
)	O
-	O

Like	O
so	O
many	O
others	O
,	O
Africans	B-AFFILIATION
have	O
long	O
been	O
misled	O
.	O

Alleged	O
progress	O
under	O
imperialism	O
has	O
long	O
been	O
used	O
to	O
legitimize	O
exploitation	O
.	O

Meanwhile	O
,	O
Western	B-AFFILIATION
colonial	O
powers	O
have	O
been	O
replaced	O
by	O
neo	O
-	O
colonial	O
governments	O
and	O
international	O
institutions	O
serving	O
their	O
interests	O
.	O

â	O
Shithole	O
â	O
pots	O
of	O
gold	O

US	B-LOCATION
President	O
Donald	B-GIVEN_NAME
Trump	B-FAMILY_NAME
âs	O
â	O
shitholes	O
â	O
,	O
mainly	O
in	O
Africa	B-LOCATION
,	O
were	O
and	O
often	O
still	O
are	O
â	O
pots	O
of	O
gold	O
â	O
for	O
Western	B-AFFILIATION
interests	O
.	O

From	O
1445	B-DATE
to	O
1870	B-DATE
,	O
Africa	B-LOCATION
was	O
the	O
major	O
source	O
of	O
slave	O
labour	O
,	O
especially	O
for	O
Europe	B-LOCATION
âs	O
â	O
New	B-BRANDS
World	B-MISC
â	O
in	O
the	O
Americas	B-LOCATION
.	O

Walter	B-GIVEN_NAME
Rodney	B-FAMILY_NAME
âs	O
How	B-BRANDS
Europe	B-MISC|B-LOCATION
Underdeveloped	I-MISC
Africa	I-MISC|B-LOCATION
noted	O
â	O
colonised	O
Africans	B-AFFILIATION
,	O
like	O
pre	O
-	O
colonial	O
African	B-AFFILIATION
chattel	O
slaves	O
,	O
were	O
pushed	O
around	O
into	O
positions	O
which	O
suited	O
European	B-AFFILIATION
interests	O
and	O
which	O
were	O
damaging	O
to	O
the	O
African	B-AFFILIATION
continent	O
and	O
its	O
peoples	O
.	O
â	O

The	O
â	O
scramble	O
for	O
Africa	B-LOCATION
â	O
from	O
the	O
late	O
nineteenth	O
century	O
saw	O
European	B-AFFILIATION
powers	O
racing	O
to	O
secure	O
raw	O
materials	O
monopolies	O
through	O
direct	O
colonialism	O
.	O

Western	B-AFFILIATION
powers	O
all	O
greatly	O
benefited	O
from	O
Africa	B-LOCATION
âs	O
plunder	O
and	O
ruin	O
.	O

European	B-AFFILIATION
divide	O
-	O
and	O
-	O
conquer	O
tactics	O
typically	O
also	O
had	O
pliant	O
African	B-AFFILIATION
collaborators	O
.	O

Colonial	O
powers	O
imposed	O
taxes	O
and	O
forced	O
labour	O
to	O
build	O
infrastructure	O
to	O
enable	O
raw	O
material	O
extraction	O
.	O

Racist	O
ideologies	O
legitimized	O
European	B-AFFILIATION
imperialism	O
in	O
Africa	B-LOCATION
as	O
a	O
â	O
civilizing	O
mission	O
â	O
.	O

Oxford	B-ORGANIZATION
-	O
trained	O
,	O
former	O
Harvard	B-ORGANIZATION
history	O
professor	O
Niall	B-GIVEN_NAME
Ferguson	B-FAMILY_NAME
â	O
an	O
unabashed	O
apologist	O
for	O
Western	B-AFFILIATION
imperialism	O
â	O
insists	O
colonialism	O
laid	O
the	O
foundations	O
for	O
modern	O
progress	O
.	O

Richest	O
,	O
but	O
poorest	O
and	O
hungriest	O
!	O

A	O
recent	O
blog	O
asks	O
,	O
â	O
Why	O
is	O
the	O
continent	O
with	O
60	O
%	O
of	O
the	O
world	O
âs	O
arable	O
land	O
unable	O
to	O
feed	O
itself	O
?	O

â¦	O

And	O
how	O
did	O
Africa	B-LOCATION
go	O
from	O
a	O
relatively	O
self	O
-	O
sufficient	O
food	O
producer	O
in	O
the	O
1970s	B-DATE
to	O
an	O
overly	O
dependent	O
food	O
importer	O
by	O
2022	B-DATE
?	O
â	O

Deeper	O
analyses	O
of	O
such	O
uncomfortable	O
African	B-AFFILIATION
realities	O
seem	O
to	O
be	O
ignored	O
by	O
analysts	O
influenced	O
by	O
the	O
global	B-LOCATION
North	I-LOCATION
,	O
especially	O
the	O
Washington	B-LOCATION
-	O
based	O
international	O
financial	O
institutions	O
.	O

UNCTAD	B-ORGANIZATION
âs	O
2022	B-DATE
Africa	B-LOCATION
report	O
is	O
the	O
latest	O
to	O
disappoint	O
.	O

It	O
does	O
not	O
guide	O
African	B-AFFILIATION
governments	O
on	O
how	O
to	O
actually	O
implement	O
its	O
long	O
list	O
of	O
recommendations	O
given	O
their	O
limited	O
policy	O
space	O
,	O
resources	O
and	O
capabilities	O
.	O

Worse	O
,	O
their	O
proposals	O
seem	O
indistinguishable	O
from	O
an	O
Africa	B-LOCATION
-	O
oriented	O
version	O
of	O
the	O
discredited	O
neoliberal	O
Washington	B-LOCATION|B-LOCATION
Consensus	B-MISC
.	O

With	O
30	O
%	O
of	O
the	O
world	O
âs	O
mineral	O
resources	O
and	O
the	O
most	O
precious	O
metal	O
reserves	O
on	O
Earth	B-LOCATION
,	O
Africa	B-LOCATION
has	O
the	O
richest	O
concentration	O
of	O
natural	O
resources	O
â	O
oil	O
,	O
copper	O
,	O
diamonds	O
,	O
bauxite	O
,	O
lithium	O
,	O
gold	O
,	O
tropical	O
hardwood	O
forests	O
and	O
fruits	O
.	O

Yet	O
,	O
Africa	B-LOCATION
remains	O
the	O
poorest	O
continent	O
,	O
with	O
the	O
average	O
per	O
capita	O
output	O
of	O
most	O
countries	O
worth	O
less	O
than	O
$	B-MONEY
1,500	I-MONEY
annually	O
!	O

Of	O
46	O
least	O
developed	O
countries	O
,	O
33	O
are	O
in	O
Africa	B-LOCATION
â	O
more	O
than	O
half	O
the	O
continent	O
âs	O
54	O
nations	O
.	O

Africa	B-LOCATION
remains	O
the	O
world	O
âs	O
least	O
industrialized	O
region	O
,	O
with	O
only	O
South	B-LOCATION
Africa	I-LOCATION
categorized	O
as	O
industrialized	O
.	O

Incredibly	O
,	O
Africa	B-LOCATION
âs	O
share	O
of	O
global	O
manufacturing	O
fell	O
from	O
about	O
3	O
%	O
in	O
1970	B-DATE
to	O
less	O
than	O
2	O
%	O
in	O
2013	B-DATE
.	O

About	O
60	O
%	O
of	O
the	O
world	O
âs	O
arable	O
land	O
is	O
in	O
Africa	B-LOCATION
.	O

A	O
net	O
food	O
exporter	O
until	O
the	O
1970s	B-DATE
,	O
the	O
continent	O
has	O
become	O
a	O
net	O
importer	O
.	O

Structural	O
adjustment	O
reform	O
conditionalities	O
â	O
requiring	O
trade	O
liberalization	O
â	O
have	O
cut	O
tariff	O
revenue	O
,	O
besides	O
undermining	O
import	O
-	O
substituting	O
manufacturing	O
and	O
food	O
security	O
.	O

Sub	B-LOCATION|B-AFFILIATION
-	I-LOCATION|I-AFFILIATION
Saharan	I-LOCATION|I-AFFILIATION
Africa	I-LOCATION
accounts	O
for	O
24	O
%	O
of	O
the	O
world	O
âs	O
hungry	O
.	O
Africa	B-LOCATION
is	O
the	O
only	O
continent	O
where	O
the	O
number	O
of	O
undernourished	O
people	O
has	O
increased	O
over	O
the	O
past	O
four	O
decades	O
.	O
About	O
27.4	O
%	O
of	O
Africa	B-LOCATION
âs	O
population	O
was	O
â	O
severely	O
food	O
insecure	O
â	O
in	O
2016	B-DATE
.	O

In	O
2020	B-DATE
,	O
281.6	O
million	O
Africans	B-AFFILIATION
were	O
undernourished	O
,	O
82	O
million	O
more	O
than	O
in	O
2000	B-DATE
!	O
Another	O
46	O
million	O
became	O
hungry	O
during	O
the	O
pandemic	O
.	O
Now	O
,	O
Ukraine	B-LOCATION
sanctions	O
on	O
wheat	O
and	O
fertilizer	O
exports	O
most	O
threaten	O
Africa	B-LOCATION
âs	O
food	O
security	O
,	O
in	O
both	O
the	O
short	O
and	O
medium	O
-	O
term	O
.	O

Structural	O
adjustment	O

Many	O
of	O
Africa	B-LOCATION
âs	O
recent	O
predicaments	O
stem	O
from	O
structural	B-BRANDS
adjustment	B-MISC
programs	I-MISC
(	O
SAPs	B-BRANDS
)	O
much	O
of	O
Africa	B-LOCATION
and	O
Latin	B-LOCATION
America	I-LOCATION
have	O
been	O
subjected	O
to	O
from	O
the	O
1980s	B-DATE
.	O
The	O
Washington	B-LOCATION
-	O
based	O
international	O
financial	O
institutions	O
,	O
the	O
African	B-ORGANIZATION|B-AFFILIATION
Development	I-ORGANIZATION
Bank	I-ORGANIZATION
and	O
all	O
donors	O
support	O
the	O
SAPs	B-BRANDS
.	O

SAP	B-BRANDS
advocates	O
promised	O
foreign	O
direct	O
investment	O
and	O
export	O
growth	O
would	O
follow	O
,	O
ensuring	O
growth	O
and	O
prosperity	O
.	O
Now	O
,	O
many	O
admit	O
neoliberalism	O
was	O
oversold	O
,	O
ensuring	O
the	O
1980s	B-DATE
and	O
1990s	B-DATE
were	O
â	O
lost	O
decades	O
â	O
,	O
worsened	O
by	O
denial	O
of	O
its	O
painfully	O
obvious	O
consequences	O
.	O

Instead	O
,	O
â	O
extraordinarily	O
disadvantageous	O
geography	O
â	O
,	O
â	O
high	O
ethnic	O
diversity	O
â	O
,	O
the	O
â	O
natural	O
resource	O
curse	O
â	O
,	O
â	O
bad	O
governance	O
â	O
,	O
corrupt	O
â	O
rent	O
-	O
seeking	O
â	O
and	O
armed	O
conflicts	O
have	O
been	O
blamed	O
.	O
Meanwhile	O
,	O
however	O
,	O
colonial	O
and	O
neo	O
-	O
colonial	O
abuse	O
,	O
exploitation	O
and	O
resource	O
plunder	O
have	O
been	O
denied	O
.	O

While	O
World	B-ORGANIZATION
Bank	I-ORGANIZATION
SAPs	B-BRANDS
were	O
officially	O
abandoned	O
in	O
the	O
late	O
1990s	B-DATE
following	O
growing	O
criticism	O
,	O
replacements	O
â	O
such	O
as	O
Poverty	B-BRANDS
Reduction	B-MISC
Strategy	I-MISC
Papers	I-MISC
â	O
have	O
been	O
like	O
â	O
old	O
wine	O
in	O
new	O
bottles	O
â	O
.	O
Although	O
purportedly	O
â	O
home	O
-	O
grown	O
â	O
,	O
they	O
typically	O
purvey	O
bespoke	O
versions	O
of	O
SAPs	B-BRANDS
.	O

With	O
trade	O
liberalization	O
and	O
greater	O
specialization	O
,	O
many	O
African	B-AFFILIATION
countries	O
are	O
now	O
more	O
dependent	O
on	O
fewer	O
export	O
commodities	O
.	O
With	O
more	O
growth	O
spurts	O
during	O
commodity	O
booms	O
,	O
African	B-AFFILIATION
economies	O
have	O
become	O
even	O
more	O
vulnerable	O
to	O
external	O
shocks	O
.	O

Can	O
the	O
West	O
be	O
trusted	O
?	O

Earlier	O
,	O
G	B-ORGANIZATION
7	I-ORGANIZATION
countries	O
reneged	O
on	O
their	O
2005	B-DATE
Gleneagles	B-BRANDS
pledge	O
â	O
to	O
give	O
$	B-MONEY
25	I-MONEY
billion	I-MONEY
more	O
yearly	O
to	O
Africa	B-LOCATION
to	O
â	O
Make	B-BRANDS
Poverty	B-MISC
History	I-MISC
â	O
â	O
within	O
the	O
five	B-DURATION
years	I-DURATION
they	O
gave	O
themselves	O
.	O
Since	O
then	O
,	O
developed	O
countries	O
have	O
delivered	O
far	O
less	O
than	O
the	O
$	B-MONEY
100	I-MONEY
billion	I-MONEY
of	O
climate	O
finance	O
annually	O
they	O
had	O
promised	O
developing	O
nations	O
in	O
2009	B-DATE
.	O

The	O
Hamburg	B-LOCATION|B-LOCATION
G	B-MISC|B-ORGANIZATION
20	I-MISC|I-ORGANIZATION
âs	O
2017	B-DATE
â	O
Compact	B-BRANDS
with	B-MISC
Africa	I-MISC|B-LOCATION
â	O
(	O
CwA	B-BRANDS
)	O
promised	O
to	O
combat	O
poverty	O
and	O
climate	O
change	O
effects	O
.	O
In	O
fact	O
,	O
CwA	B-BRANDS
has	O
been	O
used	O
to	O
promote	O
the	O
business	O
interests	O
of	O
donor	O
countries	O
,	O
particularly	O
Germany	B-LOCATION
.	O

Primarily	O
managed	O
by	O
the	O
World	B-ORGANIZATION
Bank	I-ORGANIZATION
and	O
the	O
International	B-ORGANIZATION
Monetary	I-ORGANIZATION
Fund	I-ORGANIZATION
,	O
CwA	B-BRANDS
has	O
actually	O
failed	O
to	O
deliver	O
significant	O
foreign	O
investment	O
,	O
instead	O
sowing	O
confusion	O
among	O
participating	O
countries	O
.	O

Powerful	O
Organization	B-ORGANIZATION
for	I-ORGANIZATION
Economic	I-ORGANIZATION
Cooperation	I-ORGANIZATION
and	I-ORGANIZATION
Development	I-ORGANIZATION
governments	O
successfully	O
blocked	O
developing	O
countries	O
â	O
efforts	O
at	O
the	O
2015	B-DATE
Addis	B-LOCATION
Ababa	I-LOCATION
UN	B-ORGANIZATION
conference	O
on	O
financing	O
for	O
development	O
for	O
inclusive	O
UN	B-ORGANIZATION
-	O
led	O
international	O
tax	O
cooperation	O
and	O
to	O
stem	O
illicit	O
financial	O
outflows	O
.	O

Africa	B-LOCATION
lost	O
$	B-MONEY
1.2	I-MONEY
â	I-MONEY
1.4	I-MONEY
trillion	I-MONEY
in	O
illicit	O
financial	O
flows	O
between	O
1980	B-DATE
and	O
2009	B-DATE
â	O
about	O
four	O
times	O
its	O
external	O
debt	O
in	O
2013	B-DATE
.	O
This	O
greatly	O
surpasses	O
total	O
official	O
development	O
assistance	O
received	O
over	O
the	O
same	O
period	O
.	O

Africa	B-LOCATION
must	O
unite	O

Under	O
Nelson	B-GIVEN_NAME
Mandela	B-FAMILY_NAME
âs	O
leadership	O
,	O
Africa	B-LOCATION
had	O
led	O
the	O
fight	O
for	O
the	O
â	O
public	O
health	O
exception	O
â	O
to	O
international	O
intellectual	O
property	O
law	O
.	O
Although	O
Africa	B-LOCATION
suffers	O
most	O
from	O
â	O
vaccine	O
apartheid	O
â	O
,	O
Western	B-AFFILIATION
lobbyists	O
blocked	O
developing	O
countries	O
â	O
temporary	O
waiver	O
request	O
to	O
affordably	O
meet	O
pandemic	O
needs	O
.	O

African	B-AFFILIATION
solidarity	O
is	O
vital	O
to	O
withstand	O
pressures	O
from	O
powerful	O
foreign	O
governments	O
and	O
transnational	O
corporations	O
.	O
African	B-AFFILIATION
nations	O
must	O
also	O
cooperate	O
to	O
build	O
state	O
capabilities	O
to	O
counter	O
the	O
neoliberal	O
â	O
good	O
governance	O
â	O
agenda	O
.	O

Africa	B-LOCATION
needs	O
much	O
more	O
policy	O
space	O
and	O
state	O
capabilities	O
,	O
not	O
economic	O
liberalization	O
and	O
privatization	O
.	O
This	O
is	O
necessary	O
to	O
unlock	O
critical	O
development	O
bottlenecks	O
and	O
overcome	O
skill	O
and	O
technical	O
limitations	O
.	O

IPS	B-ORGANIZATION
UN	I-ORGANIZATION
Bureau	I-ORGANIZATION

