Durban	B-LOCATION
,	O
May	B-DATE
16	I-DATE
2022	I-DATE
(	O
IPS	B-ORGANIZATION
)	O
-	O
A	O
mere	O
53	B-MONEY
billion	I-MONEY
US	I-MONEY|B-LOCATION
dollars	I-MONEY
per	O
annum	O
â	O
equivalent	O
to	O
10	B-DURATION
days	I-DURATION
of	O
military	O
spending	O
â	O
would	O
ensure	O
all	O
children	O
in	O
all	O
countries	O
benefit	O
from	O
social	O
protection	O
,	O
Nobel	B-GIVEN_NAME
Laureate	B-FAMILY_NAME
Kailash	I-FAMILY_NAME
Satyarthi	I-FAMILY_NAME
told	O
the	O
5th	B-BRANDS
Global	B-MISC
Conference	I-MISC
on	O
the	O
Elimination	B-BRANDS
of	B-MISC
Child	I-MISC
Labour	I-MISC
.	O

He	O
said	O
this	O
was	O
a	O
small	O
price	O
to	O
pay	O
considering	O
the	O
catastrophic	O
consequences	O
of	O
the	O
increase	O
in	O
child	O
labour	O
since	O
2016	B-DATE
,	O
after	O
several	O
years	O
of	O
decline	O
in	O
child	O
labour	O
numbers	O
.	O

An	O
estimated	O
160	O
000	O
million	O
kids	O
are	O
child	O
labourers	O
,	O
and	O
unless	O
there	O
is	O
a	O
drastic	O
reversal	O
,	O
another	O
9	O
million	O
are	O
expected	O
to	O
join	O
their	O
ranks	O
.	O

Satyarthi	B-GIVEN_NAME
was	O
among	O
a	O
distinguished	O
group	O
of	O
panellists	O
on	O
setting	O
global	O
priorities	O
for	O
eliminating	O
child	O
labour	O
.	O

The	O
panel	O
included	O
International	B-ORGANIZATION
Labour	I-ORGANIZATION
Organisation	I-ORGANIZATION
(	O
ILO	B-ORGANIZATION
)	O
DG	O
Guy	B-GIVEN_NAME
Ryder	B-FAMILY_NAME
,	O
South	B-AFFILIATION
African	I-AFFILIATION
Employment	O
and	O
Labour	O
Minister	O
Thulas	B-GIVEN_NAME
Nxesi	B-FAMILY_NAME
,	O
James	B-GIVEN_NAME
Quincey	B-FAMILY_NAME
,	O
CEO	O
of	O
Coca	B-ORGANIZATION
Cola	I-ORGANIZATION
,	O
Alliance	B-ORGANIZATION
8.7	I-ORGANIZATION
chairperson	O
Anousheh	B-GIVEN_NAME
Karver	B-FAMILY_NAME
and	O
European	B-AFFILIATION|B-AFFILIATION
Union	B-ORGANIZATION
Commissioner	O
Jutta	B-GIVEN_NAME
Urpilainen	B-FAMILY_NAME
.	O

The	O
panel	O
discussed	O
child	O
labour	O
in	O
the	O
context	O
of	O
decent	O
work	O
deficits	O
and	O
youth	O
employment	O
.	O

It	O
identified	O
pressing	O
global	O
challenges	O
and	O
priorities	O
for	O
the	O
international	O
community	O
.	O

Satyarthi	B-GIVEN_NAME
said	O
the	O
53	B-MONEY
million	I-MONEY
US	I-MONEY|B-LOCATION
dollars	I-MONEY
was	O
far	O
from	O
a	O
big	O
ask	O
.	O

Nor	O
was	O
the	O
22	B-MONEY
billion	I-MONEY
US	I-MONEY|B-LOCATION
dollars	I-MONEY
needed	O
to	O
ensure	O
education	O
for	O
all	O
children	O
.	O

He	O
said	O
this	O
was	O
the	O
equivalent	O
of	O
what	O
people	O
in	O
the	O
US	B-LOCATION
spent	O
on	O
tobacco	O
over	O
six	B-DURATION
days	I-DURATION
.	O

Satyarthi	B-GIVEN_NAME
said	O
it	O
was	O
a	O
travesty	O
that	O
the	O
G	B-ORGANIZATION
7	I-ORGANIZATION
,	O
the	O
world	O
âs	O
wealthiest	O
countries	O
,	O
had	O
never	O
debated	O
child	O
labour	O
â	O
something	O
he	O
intends	O
to	O
change	O
.	O

The	O
panellists	O
attributed	O
the	O
increase	O
in	O
child	O
labour	O
to	O
several	O
factors	O
,	O
including	O
lack	O
of	O
political	O
will	O
,	O
lack	O
of	O
interest	O
from	O
rich	O
countries	O
and	O
embedded	O
cultural	O
and	O
economic	O
factors	O
.	O

Asked	O
how	O
he	O
remained	O
optimistic	O
in	O
light	O
of	O
the	O
dismal	O
picture	O
of	O
growing	O
child	O
labour	O
rates	O
.	O

Satyarthi	B-GIVEN_NAME
told	O
IPS	B-ORGANIZATION
that	O
having	O
been	O
in	O
the	O
trenches	O
for	O
40	B-DURATION
years	I-DURATION
,	O
he	O
had	O
seen	O
and	O
been	O
happy	O
to	O
see	O
a	O
decline	O
in	O
child	O
labour	O
until	O
2016	B-DATE
â	O
when	O
the	O
problem	O
began	O
escalating	O
again	O
.	O

â	O
I	O
strongly	O
believe	O
in	O
freedom	O
of	O
human	O
beings	O
.	O

The	O
world	O
will	O
slowly	O
move	O
towards	O
a	O
more	O
compassionate	O
society	O
,	O
sometimes	O
faster	O
,	O
sometimes	O
slower	O
,	O
â	O
he	O
said	O
.	O

Satyarthi	B-GIVEN_NAME
,	O
together	O
with	O
organisations	O
like	O
the	O
ILO	B-ORGANIZATION
,	O
succeeded	O
in	O
putting	O
the	O
issue	O
of	O
child	O
labour	O
on	O
the	O
international	O
agenda	O
.	O

Through	O
his	O
foundation	O
in	O
collaboration	O
with	O
other	O
NGOs	O
,	O
he	O
got	O
the	O
world	O
to	O
take	O
note	O
of	O
this	O
hidden	O
scourge	O
.	O

He	O
is	O
convinced	O
that	O
child	O
labour	O
will	O
be	O
eliminated	O
despite	O
the	O
recent	O
setbacks	O
.	O

â	O
I	O
am	O
hopeful	O
because	O
there	O
was	O
no	O
ILO	B-ORGANIZATION
programme	O
when	O
I	O
started	O
40	B-DURATION
years	I-DURATION
ago	O
.	O

Child	O
labour	O
was	O
not	O
recognised	O
as	O
a	O
problem	O
,	O
but	O
slowly	O
,	O
it	O
is	O
being	O
realised	O
that	O
it	O
âs	O
wrong	O
and	O
evil	O
â	O
even	O
a	O
crime	O
.	O

So	O
,	O
40	B-DURATION
years	I-DURATION
is	O
nât	O
a	O
big	O
tenure	O
in	O
the	O
history	O
of	O
human	O
beings	O
.	O

This	O
scourge	O
has	O
been	O
there	O
for	O
centuries	O
.	O
â	O

Yet	O
he	O
recognises	O
the	O
need	O
for	O
urgency	O
to	O
roll	O
back	O
the	O
escalation	O
of	O
child	O
labour	O
.	O

â	O
The	O
next	O
ten	B-DURATION
years	I-DURATION
are	O
even	O
more	O
important	O
because	O
now	O
we	O
have	O
the	O
means	O
,	O
we	O
have	O
power	O
,	O
technology	O
,	O
and	O
we	O
know	O
the	O
solution	O
.	O

The	O
only	O
thing	O
we	O
need	O
is	O
a	O
strong	O
political	O
will	O
but	O
also	O
social	O
will	O
,	O
â	O
Satyarthi	B-GIVEN_NAME
said	O
.	O

â	O
We	O
have	O
to	O
speed	O
it	O
up	O
and	O
bring	O
back	O
the	O
hope	O
.	O

Bring	O
back	O
the	O
optimism	O
.	O

The	O
issue	O
is	O
a	O
priority	O
,	O
and	O
that	O
âs	O
why	O
we	O
are	O
calling	O
on	O
markets	O
to	O
globalise	O
compassion	O
.	O

There	O
are	O
many	O
things	O
to	O
divide	O
us	O
,	O
but	O
there	O
âs	O
one	O
thing	O
we	O
all	O
agree	O
on	O
:	O
the	O
well	O
-	O
being	O
of	O
our	O
children	O
.	O
â	O

Satyarthi	B-GIVEN_NAME
said	O
to	O
meet	O
the	O
SDG	B-BRANDS
deadline	O
of	O
2025	B-DATE
,	O
he	O
and	O
other	O
Nobel	B-BRANDS
laureates	O
and	O
world	O
leaders	O
are	O
pushing	O
hard	O
to	O
ensure	O
that	O
child	O
labour	O
starts	O
declining	O
again	O
.	O

â	O
We	O
as	O
a	O
group	O
of	O
Nobel	B-BRANDS
laureates	O
and	O
world	O
leaders	O
are	O
working	O
on	O
two	O
fronts	O
.	O

One	O
is	O
a	O
fair	O
share	O
for	O
children	O
on	O
budgetary	O
allocations	O
and	O
policies	O
,	O
â	O
he	O
said	O
.	O

The	O
group	O
engaged	O
with	O
governments	O
to	O
ensure	O
that	O
children	O
received	O
a	O
fair	O
share	O
of	O
the	O
budget	O
and	O
resources	O
.	O

Then	O
they	O
are	O
pushing	O
governments	O
on	O
social	O
protection	O
,	O
which	O
he	O
believes	O
in	O
demystifying	O
.	O

â	O
We	O
have	O
seen	O
in	O
different	O
countries	O
,	O
social	O
protection	O
â	O
helping	O
through	O
school	O
feeding	O
schemes	O
,	O
employment	O
programmes	O
and	O
conditional	O
grant	O
programmes	O
to	O
ensure	O
that	O
children	O
can	O
go	O
to	O
school	O
,	O
with	O
proven	O
success	O
in	O
bringing	O
down	O
child	O
labour	O
.	O
â	O

The	O
Nobel	B-AFFILIATION
laureate	I-AFFILIATION
knocked	O
on	O
the	O
doors	O
of	O
the	O
leaders	O
of	O
wealthy	O
nations	O
.	O

â	O
I	O
have	O
been	O
talking	O
to	O
leaders	O
of	O
rich	O
countries	O
to	O
address	O
the	O
problem	O
of	O
post	O
-	O
pandemic	O
economic	O
meltdown	O
.	O

We	O
have	O
to	O
work	O
for	O
social	O
protection	O
for	O
marginalised	O
people	O
in	O
low	O
-	O
income	O
countries	O
and	O
focus	O
on	O
children	O
,	O
education	O
,	O
health	O
,	O
and	O
protection	O
.	O

That	O
is	O
not	O
a	O
big	O
investment	O
compared	O
to	O
what	O
we	O
are	O
going	O
to	O
lose	O
â	O
a	O
whole	O
generation	O
.	O
â	O

Satyarthi	B-GIVEN_NAME
said	O
he	O
was	O
heartened	O
by	O
the	O
response	O
to	O
their	O
efforts	O
to	O
motivate	O
governments	O
and	O
the	O
private	O
sector	O
to	O
join	O
the	O
fight	O
against	O
child	O
labour	O
.	O

â	O
I	O
have	O
been	O
optimistic	O
to	O
say	O
many	O
of	O
the	O
governments	O
and	O
EU	B-ORGANIZATION
leaders	O
are	O
not	O
only	O
listening	O
â	O
they	O
are	O
talking	O
about	O
it	O
.	O

Yesterday	O
only	O
,	O
I	O
was	O
so	O
happy	O
that	O
President	O
Cyril	B-GIVEN_NAME
Ramaphosa	B-FAMILY_NAME
spoke	O
very	O
explicitly	O
on	O
this	O
issue	O
,	O
and	O
almost	O
everyone	O
was	O
talking	O
about	O
this	O
issue	O
.	O

But	O
it	O
took	O
several	O
months	O
,	O
several	O
years	O
to	O
get	O
there	O
.	O
â	O

And	O
Satyarthi	B-GIVEN_NAME
is	O
not	O
going	O
to	O
stop	O
soon	O
.	O

With	O
the	O
Laureates	O
and	O
Leaders	B-ORGANIZATION
For	I-ORGANIZATION
Children	I-ORGANIZATION
project	O
,	O
he	O
and	O
fellow	O
laureates	O
are	O
determined	O
the	O
world	O
sits	O
up	O
and	O
finds	O
the	O
will	O
to	O
ensure	O
every	O
child	O
can	O
experience	O
a	O
childhood	O
.	O

IPS	B-ORGANIZATION
UN	I-ORGANIZATION|B-ORGANIZATION
Bureau	I-ORGANIZATION
Report	O

