Algerian	B-AFFILIATION
francophone	O
daily	O
LibertÃ©	B-ORGANIZATION
announced	O
on	O
Thursday	B-DATE
it	O
would	O
cease	O
publication	O
on	O
April	B-DATE
14	I-DATE
after	O
its	O
owner	O
,	O
wealthy	O
businessman	O
Issad	B-GIVEN_NAME
Rebrab	B-FAMILY_NAME
,	O
decided	O
to	O
liquidate	O
it	O
.	O

"	O
After	O
30	B-DURATION
years	I-DURATION
of	O
existence	O
,	O
the	O
daily	O
LibertÃ©	B-ORGANIZATION
will	O
die	O
away	O
,	O
"	O
the	O
front	O
page	O
read	O
.	O

The	O
newspaper	O
which	O
bears	O
the	O
motto	O
"	O
The	O
right	O
to	O
know	O
and	O
the	O
duty	O
to	O
inform	O
"	O
was	O
a	O
historic	O
newspaper	O
for	O
French	B-AFFILIATION
speaking	O
Algerians	B-AFFILIATION
in	O
an	O
Arabic	B-AFFILIATION
-	O
speaking	O
country	O
.	O

An	O
extraordinary	O
general	O
meeting	O
of	O
shareholders	O
recorded	O
the	O
dissolution	O
Wednesday	B-DATE
.	O

"	O
LibertÃ©	B-ORGANIZATION
is	O
erased	O
from	O
the	O
public	O
square	O
with	O
the	O
back	O
of	O
the	O
hand	O
.	O

Dramatic	O
.	O

Because	O
,	O
in	O
a	O
few	O
days	O
only	O
,	O
the	O
sellers	O
of	O
newspapers	O
,	O
readers	O
,	O
advertisers	O
,	O
but	O
also	O
institutions	O
of	O
the	O
Republic	O
will	O
be	O
orphaned	O
from	O
a	O
newspaper	O
that	O
has	O
established	O
itself	O
as	O
a	O
reference	O
in	O
all	O
respects	O
,	O
"	O
editorial	O
writer	O
wrote	O
.	O

Intellectuals	O
and	O
Algerian	B-AFFILIATION
personalities	O
had	O
signed	O
a	O
petition	O
for	O
the	O
owner	O
to	O
reverse	O
his	O
decision	O
.	O

In	O
vain	O
.	O

An	O
appeal	O
from	O
the	O
editorial	O
staff	O
of	O
LibertÃ©	B-ORGANIZATION
to	O
Mr.	O
Rebrab	B-GIVEN_NAME
,	O
the	O
boss	O
of	O
Cevital	B-ORGANIZATION
,	O
the	O
largest	O
private	O
Algerian	B-AFFILIATION
group	O
,	O
has	O
not	O
found	O
any	O
echo	O
.	O

The	O
newspaper	O
's	O
workers	O
collective	O
wrote	O
on	O
Sunday	B-DATE
that	O
it	O
did	O
not	O
understand	O
"	O
the	O
real	O
reasons	O
"	O
which	O
led	O
to	O
its	O
closure	O
,	O
stating	O
that	O
"	O
the	O
publishing	O
company	O
still	O
has	O
sufficient	O
financial	O
resources	O
to	O
allow	O
it	O
to	O
continue	O
to	O
exist	O
.	O
"	O

What	O
future	O
for	O
media	O
pluralism	O
?	O

Some	O
fear	O
the	O
disappearance	O
of	O
the	O
daily	O
may	O
further	O
limit	O
the	O
freedom	O
of	O
expression	O
.	O

The	O
newspaper	O
"	O
is	O
among	O
the	O
Algerian	B-AFFILIATION
media	O
that	O
preserve	O
the	O
effective	O
right	O
to	O
freedom	O
of	O
expression	O
,	O
"	O
added	O
a	O
spokeswoman	O
for	O
EU	B-ORGANIZATION
diplomatic	O
chief	O
Josep	B-GIVEN_NAME
Borrel	B-FAMILY_NAME
.	O

Issad	B-GIVEN_NAME
Rebrab	B-FAMILY_NAME
is	O
the	O
second	O
richest	O
man	O
in	O
the	O
Arab	B-AFFILIATION
world	O
,	O
according	O
to	O
Forbes	B-ORGANIZATION
magazine	O
,	O
which	O
estimates	O
his	O
fortune	O
at	O
$	B-MONEY
3.8	I-MONEY
billion	I-MONEY
(	O
3.5	B-MONEY
billion	I-MONEY
euros	I-MONEY
)	O
.	O

After	O
experiencing	O
euphoria	O
when	O
the	O
media	O
landscape	O
was	O
opened	O
up	O
to	O
the	O
private	O
sector	O
at	O
the	O
end	O
of	O
the	O
1980s	B-DATE
,	O
Algeria	B-LOCATION
has	O
seen	O
titles	O
such	O
as	O
Le	B-ORGANIZATION
Matin	I-ORGANIZATION
,	O
La	B-ORGANIZATION
Tribune	I-ORGANIZATION
and	O
the	O
weekly	O
La	B-ORGANIZATION
Nation	I-ORGANIZATION
disappear	O
over	O
the	O
past	O
20	B-DURATION
years	I-DURATION
due	O
to	O
a	O
lack	O
of	O
advertising	O
revenue	O
and	O
a	O
drop	O
in	O
sales	O
.	O

The	O
closure	O
of	O
LibertÃ©	B-ORGANIZATION
comes	O
in	O
a	O
difficult	O
climate	O
for	O
the	O
Algerian	B-AFFILIATION
press	O
,	O
with	O
a	O
dozen	O
journalists	O
prosecuted	O
or	O
convicted	O
,	O
particularly	O
for	O
defamation	O
of	O
politicians	O
or	O
for	O
publications	O
on	O
social	O
networks	O
.	O

"	O
It	O
is	O
a	O
way	O
and	O
a	O
voice	O
of	O
plural	O
expression	O
that	O
is	O
extinguished	O
,	O
"	O
famous	O
Algerian	B-AFFILIATION
author	O
Kamel	B-GIVEN_NAME
Daoud	B-FAMILY_NAME
wrote	O
in	O
an	O
op	O
-	O
ed	O
published	O
Thursday	B-DATE
by	O
LibertÃ©	B-ORGANIZATION
.	O

He	O
said	O
the	O
closure	O
of	O
the	O
newspaper	O
was	O
"	O
the	O
victory	O
of	O
silence	O
over	O
speech	O
and	O
violence	O
over	O
debate	O
.	O

The	O
victory	O
of	O
withdrawal	O
,	O
denial	O
,	O
rejection	O
.	O
"	O

