Before	O
its	O
independence	O
,	O
60	B-DURATION
years	I-DURATION
ago	O
,	O
Algeria	B-LOCATION
only	O
counted	O
a	O
few	O
hundred	O
students	O
at	O
the	O
Central	B-ORGANIZATION
University	I-ORGANIZATION
of	I-ORGANIZATION
Algiers	I-ORGANIZATION|B-LOCATION
.	O

The	O
institution	O
was	O
the	O
only	O
one	O
in	O
the	O
country	O
and	O
it	O
was	O
French	B-AFFILIATION
.	O

Today	O
,	O
in	O
its	O
dozens	O
of	O
universities	O
and	O
research	O
centers	O
,	O
Algeria	B-LOCATION
counts	O
over	O
a	O
million	O
and	O
a	O
half	O
students	O
and	O
many	O
new	O
challenges	O
ahead	O
.	O

Eradicate	O
illiteracy	O

One	O
of	O
the	O
priorities	O
of	O
the	O
authorities	O
after	O
the	O
country	O
's	O
independence	O
was	O
to	O
eradicate	O
the	O
then	O
massive	O
illiteracy	O
,	O
estimated	O
at	O
85	O
%	O
of	O
the	O
population	O
in	O
1962	B-DATE
.	O

To	O
do	O
so	O
it	O
spread	O
free	O
and	O
compulsory	O
education	O
in	O
order	O
to	O
raise	O
the	O
literacy	O
rate	O
to	O
over	O
81	O
%	O
.	O

Among	O
15-25	O
year	O
olds	O
,	O
it	O
is	O
now	O
close	O
to	O
100	O
%	O
.	O

Another	O
priority	O
has	O
been	O
to	O
enable	O
Algerians	B-AFFILIATION
to	O
take	O
charge	O
of	O
the	O
country	O
's	O
economic	O
development	O
.	O

In	O
1974	B-DATE
,	O
the	O
architect	O
Oscar	B-GIVEN_NAME
Niemeyer	B-FAMILY_NAME
designed	O
the	O
Houari	B-ORGANIZATION|B-GIVEN_NAME
BoumediÃ¨ne	I-ORGANIZATION|B-FAMILY_NAME
University	I-ORGANIZATION
of	I-ORGANIZATION
Science	I-ORGANIZATION
and	I-ORGANIZATION
Technology	I-ORGANIZATION
in	O
Algiers	B-LOCATION
.	O

More	O
than	O
one	O
hundred	O
thousand	O
of	O
its	O
graduates	O
now	O
work	O
in	O
Algeria	B-LOCATION
and	O
around	O
the	O
world	O
,	O
to	O
the	O
pride	O
of	O
the	O
rector	O
.	O

"	O
At	O
the	O
time	O
,	O
when	O
the	O
university	O
opened	O
,	O
there	O
were	O
2,000	O
students	O
,	O
says	O
Djamal	B-GIVEN_NAME
-	B-FAMILY_NAME
Eddine	I-FAMILY_NAME
Akretche	I-FAMILY_NAME
,	O
addid	O
"	O
For	O
a	O
long	O
time	O
,	O
it	O
had	O
the	O
role	O
of	O
training	O
future	O
managers	O
.	O

Now	O
there	O
are	O
50,000	O
students	O
"	O
.	O

The	O
rector	O
of	O
the	O
Houari	B-ORGANIZATION|B-GIVEN_NAME
-	I-ORGANIZATION|B-FAMILY_NAME
Boumediene	I-ORGANIZATION|I-FAMILY_NAME
university	I-ORGANIZATION
of	I-ORGANIZATION
Science	I-ORGANIZATION
and	I-ORGANIZATION
technology	I-ORGANIZATION
(	O
USTHB	B-ORGANIZATION
)	O
also	O
admits	O
,	O
back	O
then	O
there	O
were	O
very	O
few	O
women	O
studying	O
there	O
.	O

"	O
Today	O
,	O
nearly	O
60	O
%	O
of	O
the	O
student	O
body	O
is	O
female	O
(	O
....	O
)	O
But	O
I	O
remember	O
that	O
in	O
the	O
1970s	B-DATE
and	O
1980s	B-DATE
,	O
in	O
technological	O
and	O
basic	O
sciences	O
,	O
it	O
did	O
not	O
exceed	O
10	O
%	O
"	O
.	O

Tell	O
the	O
youth	O
to	O
be	O
"	O
creators	O
of	O
wealth	O
"	O

"	O
We	O
talk	O
a	O
lot	O
about	O
entrepreneurship	O
,	O
start	O
-	O
ups	O
,	O
incubators	O
...	O
Our	O
university	O
has	O
integrated	O
these	O
ideas	O
,	O
we	O
started	O
with	O
a	O
lot	O
of	O
interaction	O
with	O
the	O
socio	O
-	O
economic	O
sector	O
and	O
we	O
are	O
also	O
challenging	O
our	O
students	O
â	O
mindsets	O
by	O
telling	O
them	O
'	O
you	O
must	O
be	O
creators	O
of	O
wealth	O
and	O
not	O
job	O
seekers	O
'	O
"	O
,	O
says	O
Akretche	B-GIVEN_NAME
.	O

This	O
idea	O
has	O
spread	O
through	O
the	O
University	O
's	O
73	O
research	O
laboratories	O
.	O
And	O
Rym	B-GIVEN_NAME
,	O
a	O
pharmacology	O
student	O
does	O
n't	O
hide	O
her	O
ambitions	O
.	O
"	O
Thanks	O
to	O
this	O
training	O
,	O
maybe	O
one	B-DURATION
day	I-DURATION
I	O
could	O
run	O
my	O
own	O
company	O
,	O
maybe	O
invent	O
my	O
own	O
cream	O
,	O
which	O
everyone	O
would	O
buy	O
...	O
that	O
's	O
my	O
goal	O
!	O
"	O

A	O
professional	O
Master	O
's	O
degree	O
has	O
been	O
launched	O
in	O
partnership	O
with	O
national	O
companies	O
,	O
as	O
Algeria	B-LOCATION
aims	O
to	O
be	O
a	O
regional	O
leader	O
in	O
the	O
production	O
of	O
medicines	O
.	O
"	O
We	O
manage	O
to	O
cover	O
up	O
to	O
70	O
%	O
of	O
the	O
needs	O
of	O
the	O
Algerian	B-AFFILIATION
population	O
with	O
generic	O
medicines	O
,	O
says	O
Kamel	B-GIVEN_NAME
Daoud	B-FAMILY_NAME
,	O
chemist	O
teacher	O
at	O
USTHBn	B-ORGANIZATION
adding	O
they	O
plan	O
to	O
export	O
some	O
"	O
to	O
East	B-LOCATION
or	I-LOCATION
West	I-LOCATION
Africa	I-LOCATION
.	O
"	O

Entrepreneurial	O
spirit	O

The	O
entrepreneurieul	O
spirit	O
is	O
increasingly	O
present	O
among	O
Algerian	B-AFFILIATION
students	O
.	O
This	O
is	O
particularly	O
true	O
here	O
,	O
at	O
the	O
Algerian	B-ORGANIZATION|B-AFFILIATION
High	I-ORGANIZATION
School	I-ORGANIZATION
of	I-ORGANIZATION
Business	I-ORGANIZATION
.	O
At	O
the	O
age	O
of	O
20	O
,	O
in	O
her	O
first	O
year	O
,	O
Rania	B-GIVEN_NAME
created	O
the	O
school	O
's	O
business	O
club	O
with	O
her	O
classmate	O
Aymen	B-GIVEN_NAME
.	O
The	O
two	O
students	O
dream	O
of	O
running	O
their	O
own	O
business	O
.	O

"	O
I	O
plan	O
to	O
work	O
for	O
one	O
of	O
the	O
Big	B-ORGANIZATION
Four	I-ORGANIZATION
companies	O
.	O
I	O
want	O
to	O
set	O
up	O
an	O
industrial	O
company	O
and	O
I	O
am	O
oriented	O
towards	O
subSaharan	B-AFFILIATION
countries	O
"	O
,	O
says	O
Aymen	B-GIVEN_NAME
.	O
And	O
his	O
comrade	O
,	O
Rania	B-GIVEN_NAME
admits	O
she	O
would	O
like	O
to	O
set	O
up	O
in	O
her	O
country	O
.	O

Founded	O
in	O
2004	B-DATE
,	O
this	O
college	O
is	O
the	O
result	O
of	O
a	O
Franco	B-AFFILIATION
-	O
Algerian	B-AFFILIATION
cooperation	O
,	O
it	O
is	O
now	O
one	O
of	O
10	O
best	O
business	O
schools	O
in	O
Africa	B-LOCATION
.	O
It	O
has	O
always	O
been	O
open	O
to	O
opportunities	O
and	O
relations	O
abroad	O
and	O
many	O
of	O
its	O
students	O
continue	O
their	O
studies	O
outside	O
Algeria	B-LOCATION
.	O

One	O
of	O
the	O
challenges	O
of	O
human	O
development	O
in	O
Algeria	B-LOCATION
will	O
indeed	O
be	O
to	O
offer	O
a	O
maximum	O
of	O
students	O
the	O
opportunity	O
to	O
grow	O
in	O
their	O
country	O
.	O

