That	O
time	O
of	O
year	O
is	O
yet	O
again	O
upon	O
,	O
only	O
this	O
time	O
around	O
with	O
a	O
bit	O
of	O
a	O
twist	O
.	O

Usually	O
the	O
months	O
of	O
June	B-DATE
and	O
July	B-DATE
,	O
in	O
the	O
absence	O
of	O
any	O
real	O
action	O
,	O
are	O
given	O
over	O
to	O
endless	O
transfer	O
speculation	O
,	O
with	O
scores	O
of	O
names	O
paraded	O
in	O
front	O
of	O
our	O
screens	O
as	O
possible	O
winter	O
reinforcements	O
ahead	O
of	O
the	O
league	O
's	O
restart	O
once	O
temperatures	O
start	O
creeping	O
back	O
up	O
to	O
tolerable	O
.	O

Thanks	O
to	O
FIFA	B-ORGANIZATION
's	O
locating	O
of	O
the	O
World	B-BRANDS
Cup	B-MISC
in	O
scorching	O
Qatar	B-LOCATION
and	O
the	O
need	O
to	O
reschedule	O
,	O
though	O
,	O
the	O
entire	O
calendar	O
has	O
been	O
brought	O
forward	O
,	O
meaning	O
there	O
is	O
quite	O
literally	O
no	O
rest	O
for	O
the	O
wicked	O
in	O
Argentina	B-LOCATION
.	O

The	O
Liga	B-ORGANIZATION
Profesional	I-ORGANIZATION
de	I-ORGANIZATION
FÃºtbol	I-ORGANIZATION
is	O
in	O
full	O
swing	O
,	O
but	O
that	O
has	O
done	O
nothing	O
to	O
quell	O
the	O
simultaneous	O
rumbling	O
of	O
the	O
rumour	O
mill	O
and	O
the	O
dance	O
.	O

And	O
while	O
there	O
is	O
always	O
a	O
potential	O
star	O
signing	O
on	O
the	O
verge	O
of	O
revolutionising	O
Argentine	B-AFFILIATION
football	O
in	O
the	O
air	O
,	O
now	O
we	O
have	O
the	O
tantalising	O
albeit	O
still	O
improbable	O
prospect	O
of	O
two	O
bona	O
fide	O
aces	O
duking	O
it	O
out	O
with	O
Patronato	B-ORGANIZATION
,	O
Aldosivi	B-ORGANIZATION
et	O
al	O
.	O

That	O
is	O
correct	O
,	O
both	O
Boca	B-ORGANIZATION
Juniors	I-ORGANIZATION
and	O
River	B-ORGANIZATION
Plate	I-ORGANIZATION
are	O
apparently	O
ready	O
to	O
break	O
the	O
transfer	O
market	O
wide	O
open	O
with	O
a	O
marquee	O
signing	O
for	O
each	O
SuperclÃ¡sico	B-BRANDS
giant	O
.	O

The	O
Millonario	B-ORGANIZATION
struck	O
first	O
,	O
making	O
public	O
their	O
interest	O
in	O
veteran	O
Uruguay	B-LOCATION
and	O
ex	O
-	O
Barcelona	B-LOCATION
striker	O
Luis	B-GIVEN_NAME
SuÃ¡rez	B-FAMILY_NAME
,	O
currently	O
a	O
free	O
agent	O
after	O
leaving	O
AtlÃ©tico	B-ORGANIZATION
Madrid	I-ORGANIZATION|B-LOCATION
.	O

Not	O
to	O
be	O
outdone	O
,	O
Boca	B-ORGANIZATION
have	O
their	O
eye	O
on	O
Arturo	B-GIVEN_NAME
Vidal	B-FAMILY_NAME
,	O
Chile	B-LOCATION
's	O
crack	O
midfielder	O
and	O
butt	O
of	O
a	O
thousand	O
Argentine	B-AFFILIATION
Twitter	B-ORGANIZATION
jokes	O
every	O
time	O
that	O
his	O
nation	O
misses	O
out	O
on	O
the	O
World	B-BRANDS
Cup	B-MISC
â	O
and	O
more	O
importantly	O
,	O
one	O
of	O
the	O
finest	O
players	O
of	O
his	O
generation	O
during	O
impressive	O
spells	O
at	O
the	O
likes	O
of	O
Leverkusen	B-ORGANIZATION
,	O
Juventus	B-ORGANIZATION
,	O
Bayern	B-ORGANIZATION
Munich	I-ORGANIZATION|B-LOCATION
,	O
Barcelona	B-LOCATION
and	O
the	O
two	O
-	O
time	O
Copa	B-BRANDS
AmÃ©rica	B-MISC
champion	O
Roja	B-ORGANIZATION
side	O
.	O

Despite	O
previously	O
professing	O
his	O
admiration	O
for	O
the	O
blue	O
and	O
gold	O
of	O
Boca	B-ORGANIZATION
,	O
the	O
Chilean	B-AFFILIATION
nevertheless	O
appears	O
an	O
outside	O
bet	O
.	O

Vidal	B-GIVEN_NAME
's	O
first	O
choice	O
appears	O
to	O
be	O
Brazilian	B-AFFILIATION
heavyweights	O
Flamengo	B-ORGANIZATION
,	O
in	O
whose	O
shirts	O
he	O
has	O
posed	O
on	O
multiple	O
occasions	O
;	O
with	O
first	O
club	O
Colo	B-ORGANIZATION
Colo	I-ORGANIZATION
also	O
a	O
viable	O
option	O
should	O
the	O
MengÃ£o	B-ORGANIZATION
,	O
as	O
his	O
agent	O
stated	O
in	O
a	O
recent	O
interview	O
,	O
fail	O
to	O
make	O
an	O
offer	O
.	O

SuÃ¡rez	B-GIVEN_NAME
similarly	O
is	O
unlikely	O
to	O
line	O
up	O
for	O
River	B-ORGANIZATION
this	O
year	O
,	O
in	O
spite	O
of	O
compatriot	O
Enzo	B-GIVEN_NAME
Francescoli	B-FAMILY_NAME
's	O
exhaustive	O
efforts	O
to	O
turn	O
El	B-GIVEN_NAME
Pistolero	B-FAMILY_NAME
's	O
head	O
.	O

At	O
35	O
he	O
still	O
believes	O
he	O
can	O
cut	O
it	O
in	O
European	B-AFFILIATION
football	O
and	O
any	O
move	O
away	O
from	O
the	O
old	O
continent	O
may	O
have	O
to	O
wait	O
until	O
after	O
the	O
World	B-BRANDS
Cup	B-MISC
.	O

In	O
the	O
meantime	O
there	O
are	O
also	O
a	O
few	O
perhaps	O
more	O
realistic	O
targets	O
out	O
there	O
for	O
the	O
giants	O
:	O
Paraguay	B-LOCATION
sensation	O
MatÃ­as	B-GIVEN_NAME
Arezo	B-FAMILY_NAME
in	O
River	B-ORGANIZATION
's	O
case	O
,	O
ex	O
-	O
Estudiantes	B-ORGANIZATION
anchorman	O
Santiago	B-GIVEN_NAME
Ascacibar	B-FAMILY_NAME
for	O
the	O
Xeneize	B-ORGANIZATION
,	O
who	O
confided	O
to	O
TyC	B-ORGANIZATION
Sports	I-ORGANIZATION
that	O
his	O
brother	O
was	O
â	O
driving	O
him	O
crazy	O
â	O
in	O
pushing	O
for	O
a	O
move	O
to	O
the	O
Bombonera	B-LOCATION
.	O

Most	O
unusual	O
of	O
all	O
,	O
perhaps	O
the	O
biggest	O
bombshell	O
of	O
the	O
rumour	O
week	O
involved	O
the	O
SuperclÃ¡sico	B-BRANDS
duo	O
only	O
indirectly	O
.	O

The	O
revelation	O
that	O
Carlos	B-GIVEN_NAME
Tevez	B-FAMILY_NAME
,	O
who	O
recently	O
announced	O
his	O
retirement	O
from	O
the	O
game	O
as	O
a	O
player	O
,	O
is	O
considering	O
taking	O
up	O
the	O
vacant	O
coach	O
's	O
job	O
with	O
Rosario	B-ORGANIZATION
Central	I-ORGANIZATION
could	O
not	O
help	O
but	O
raise	O
eyebrows	O
,	O
especially	O
considering	O
that	O
the	O
ex	O
-	O
forward	O
had	O
shown	O
little	O
interest	O
up	O
to	O
now	O
of	O
taking	O
a	O
role	O
on	O
the	O
bench	O
.	O

But	O
his	O
mind	O
seems	O
made	O
up	O
,	O
as	O
he	O
said	O
in	O
a	O
recent	O
interview	O
:	O
â	O
I	O
am	O
going	O
to	O
be	O
a	O
coach	O
,	O
I	O
have	O
decided	O
that	O
...	O
I	O
am	O
excited	O
,	O
I	O
'm	O
really	O
into	O
it	O
.	O
â	O

Tevez	B-GIVEN_NAME
will	O
certainly	O
need	O
all	O
the	O
enthusiasm	O
he	O
can	O
muster	O
at	O
the	O
Gigante	B-LOCATION
del	I-LOCATION
Arroyito	I-LOCATION
.	O

This	O
week	O
Leandro	B-GIVEN_NAME
Somoza	B-FAMILY_NAME
became	O
Central	B-LOCATION
's	O
second	O
bench	O
casualty	O
of	O
2022	B-DATE
as	O
he	O
stepped	O
down	O
following	O
his	O
side	O
's	O
2-0	O
reverse	O
to	O
HuracÃ¡n	B-ORGANIZATION
,	O
a	O
result	O
which	O
left	O
the	O
Canalla	B-ORGANIZATION
second	O
-	O
bottom	O
in	O
the	O
league	O
standings	O
with	O
just	O
a	O
single	O
point	O
from	O
their	O
opening	O
two	O
games	O
.	O

In	O
the	O
entire	O
year	O
to	O
date	O
they	O
have	O
managed	O
a	O
pitiful	O
15	O
points	O
,	O
a	O
mark	O
above	O
only	O
Talleres	B-ORGANIZATION
and	O
which	O
threatens	O
to	O
set	O
up	O
a	O
harrowing	O
relegation	O
fight	O
in	O
2023	B-DATE
,	O
or	O
even	O
sooner	O
if	O
they	O
cannot	O
snap	O
out	O
of	O
their	O
funk	O
.	O

Tevez	B-GIVEN_NAME
never	O
shirked	O
a	O
challenge	O
as	O
a	O
player	O
,	O
and	O
that	O
is	O
exactly	O
what	O
he	O
will	O
have	O
on	O
his	O
hands	O
to	O
kick	O
off	O
his	O
new	O
career	O
as	O
coach	O
if	O
he	O
decides	O
to	O
throw	O
in	O
his	O
lot	O
with	O
the	O
strugglers	O
.	O

