Earlier	O
this	O
month	O
Argentina	B-LOCATION
and	O
Britain	B-LOCATION
lost	O
their	O
economy	O
ministers	O
within	O
three	B-DURATION
days	I-DURATION
of	O
each	O
other	O
â	O
already	O
a	O
blow	O
to	O
that	O
Argentine	B-AFFILIATION
exceptionalism	O
which	O
preaches	O
that	O
everything	O
happening	O
here	O
is	O
absolutely	O
unique	O
in	O
the	O
world	O
,	O
even	O
(	O
and	O
perhaps	O
especially	O
)	O
when	O
going	O
wrong	O
.	O

Almost	O
immediately	O
Britain	B-LOCATION
went	O
one	O
better	O
(	O
or	O
worse	O
)	O
by	O
dumping	O
its	O
prime	O
minister	O
too	O
â	O
even	O
if	O
there	O
are	O
those	O
who	O
would	O
argue	O
that	O
if	O
Argentina	B-LOCATION
âs	O
ultra	O
-	O
presidential	O
democracy	O
had	O
the	O
flexibility	O
of	O
the	O
parliamentary	O
variant	O
,	O
the	O
same	O
would	O
long	O
have	O
happened	O
to	O
President	O
Alberto	B-GIVEN_NAME
FernÃ¡ndez	B-FAMILY_NAME
.	O

Argentine	B-AFFILIATION
exceptionalism	O
finds	O
its	O
weightiest	O
corroboration	O
in	O
that	O
famous	O
Simon	B-GIVEN_NAME
Kuznets	B-FAMILY_NAME
quote	O
:	O
â	O
There	O
are	O
four	O
types	O
of	O
countries	O
in	O
the	O
world	O
:	O
developed	O
,	O
underdeveloped	O
,	O
Japan	B-LOCATION
and	O
Argentina	B-LOCATION
â	O
(	O
implying	O
that	O
Japan	B-LOCATION
had	O
done	O
everything	O
with	O
nothing	O
and	O
Argentina	B-LOCATION
nothing	O
with	O
everything	O
)	O
.	O

Yet	O
the	O
â	O
clownfall	O
â	O
(	O
as	O
described	O
by	O
the	O
British	B-AFFILIATION
press	O
)	O
of	O
Boris	B-GIVEN_NAME
Johnson	B-FAMILY_NAME
has	O
little	O
to	O
envy	O
Argentina	B-LOCATION
âs	O
tragicomic	O
politics	O
.	O

That	O
nemesis	O
of	O
hubris	O
even	O
managed	O
to	O
match	O
Argentina	B-LOCATION
âs	O
uncanny	O
knack	O
for	O
the	O
grotesquely	O
ludicrous	O
in	O
its	O
various	O
blunders	O
if	O
its	O
immediate	O
catalyst	O
â	O
the	O
Conservative	B-AFFILIATION
deputy	O
chief	O
whip	O
groping	O
two	O
men	O
in	O
an	O
exclusive	O
Tory	B-ORGANIZATION
club	O
â	O
should	O
be	O
surnamed	O
Pincher	B-GIVEN_NAME
of	O
all	O
names	O
.	O

But	O
rather	O
more	O
seriously	O
,	O
Johnson	B-GIVEN_NAME
âs	O
reckless	O
â	O
tax	O
and	O
spend	O
â	O
policies	O
fully	O
reflect	O
the	O
chronic	O
deficit	O
spending	O
which	O
most	O
economists	O
here	O
pinpoint	O
as	O
the	O
root	O
of	O
the	O
Argentine	B-AFFILIATION
malaise	O
.	O

While	O
this	O
column	O
almost	O
invariably	O
draws	O
from	O
my	O
1983-2017	B-DATE
Buenos	B-ORGANIZATION
Aires	I-ORGANIZATION
Herald	I-ORGANIZATION
newsroom	O
experience	O
to	O
compare	O
current	O
issues	O
with	O
the	O
past	O
,	O
my	O
first	O
encounter	O
with	O
deficit	O
spending	O
long	O
predates	O
that	O
â	O
to	O
the	O
Britain	B-LOCATION
of	O
over	O
half	O
a	O
century	O
ago	O
.	O

The	O
newspaper	O
reading	O
of	O
my	O
teens	O
found	O
me	O
constantly	O
bumping	O
into	O
the	O
initials	O
â	O
PSBR	B-BRANDS
â	O
â	O
which	O
did	O
not	O
take	O
me	O
long	O
to	O
find	O
out	O
stood	O
for	O
â	O
public	O
-	O
sector	O
borrowing	O
requirement	O
,	O
â	O
clearly	O
indicating	O
that	O
already	O
then	O
the	O
economy	O
in	O
that	O
developed	O
country	O
revolved	O
around	O
the	O
budget	O
deficit	O
.	O

The	O
difference	O
between	O
Argentina	B-LOCATION
and	O
Britain	B-LOCATION
(	O
along	O
with	O
so	O
many	O
other	O
countries	O
)	O
is	O
,	O
of	O
course	O
,	O
the	O
latter	O
âs	O
ability	O
precisely	O
to	O
borrow	O
abroad	O
as	O
well	O
as	O
at	O
home	O
.	O

Throughout	O
most	O
of	O
this	O
century	O
Argentina	B-LOCATION
has	O
sought	O
to	O
make	O
a	O
virtue	O
out	O
of	O
necessity	O
by	O
demonising	O
debt	O
so	O
that	O
if	O
that	O
was	O
ever	O
a	O
virtue	O
,	O
it	O
has	O
become	O
a	O
deadly	O
vice	O
â	O
the	O
options	O
to	O
an	O
inflationary	O
expansion	O
of	O
the	O
money	O
supply	O
are	O
few	O
and	O
far	O
between	O
.	O

Debt	O
be	O
not	O
so	O
proud	O
when	O
a	O
state	O
owes	O
itself	O
â	O
something	O
at	O
which	O
Japan	B-LOCATION
,	O
that	O
other	O
unique	O
country	O
for	O
Kuznets	B-GIVEN_NAME
,	O
is	O
a	O
past	O
master	O
since	O
its	O
public	O
debt	O
is	O
well	O
over	O
twice	O
its	O
economy	O
but	O
almost	O
half	O
is	O
owed	O
to	O
the	O
Bank	B-ORGANIZATION
of	I-ORGANIZATION
Japan	I-ORGANIZATION|B-LOCATION
among	O
other	O
state	O
creditors	O
â	O
and	O
bonds	O
can	O
also	O
be	O
issued	O
in	O
national	O
currency	O
,	O
a	O
path	O
pursued	O
to	O
apparent	O
exhaustion	O
by	O
the	O
previous	O
minister	O
,	O
MartÃ­n	B-GIVEN_NAME
GuzmÃ¡n	B-FAMILY_NAME
.	O

The	O
latter	O
âs	O
successor	O
Silvina	B-GIVEN_NAME
Batakis	B-FAMILY_NAME
is	O
contemplating	O
both	O
options	O
(	O
her	O
creation	O
of	O
a	O
single	O
state	O
company	O
account	O
with	O
its	O
paper	O
surplus	O
of	O
600	B-MONEY
-	I-MONEY
plus	I-MONEY
billion	I-MONEY
pesos	I-MONEY
is	O
a	O
clear	O
-	O
cut	O
bid	O
to	O
renew	O
that	O
half	B-MONEY
a	I-MONEY
trillion	I-MONEY
of	I-MONEY
peso	I-MONEY
bonds	O
falling	O
due	O
at	O
the	O
end	O
of	O
the	O
month	O
)	O
but	O
it	O
is	O
always	O
easier	O
to	O
channel	O
deficit	O
into	O
international	O
debt	O
because	O
it	O
thus	O
transfers	O
it	O
to	O
the	O
future	O
,	O
not	O
the	O
present	O
.	O

To	O
declare	O
an	O
interest	O
in	O
the	O
best	O
Westminster	B-LOCATION
tradition	O
,	O
this	O
columnist	O
as	O
a	O
former	O
European	B-AFFILIATION|B-AFFILIATION
Union	B-ORGANIZATION
employee	O
(	O
on	O
a	O
1977-1979	B-DATE
project	O
to	O
devise	O
a	O
uniform	O
electoral	O
system	O
for	O
the	O
European	B-AFFILIATION|B-AFFILIATION
Parliament	B-ORGANIZATION
which	O
it	O
still	O
lacks	O
)	O
has	O
never	O
forgiven	O
Johnson	B-GIVEN_NAME
for	O
Brexit	B-BRANDS
â	O
the	O
fantasy	O
that	O
less	O
Europe	B-LOCATION
could	O
mean	O
greater	O
wealth	O
when	O
annual	O
growth	O
has	O
averaged	O
less	O
than	O
two	O
percent	O
since	O
then	O
.	O

And	O
yet	O
in	O
many	O
ways	O
this	O
last	O
of	O
the	O
big	O
time	O
spenders	O
owed	O
much	O
of	O
his	O
spectacular	O
2019	B-DATE
electoral	O
landslide	O
to	O
what	O
he	O
did	O
wrong	O
â	O
Brexit	B-BRANDS
,	O
deficit	O
,	O
interventionism	O
and	O
protectionism	O
breaking	O
into	O
such	O
Labour	B-AFFILIATION
strongholds	O
as	O
Bolsover	B-LOCATION
or	O
Workington	B-LOCATION
.	O

But	O
you	O
can	O
only	O
spin	O
the	O
truth	O
so	O
long	O
.	O

To	O
close	O
the	O
book	O
on	O
Johnson	B-GIVEN_NAME
,	O
this	O
columnist	O
can	O
provide	O
Argentine	B-AFFILIATION
evidence	O
for	O
The	B-ORGANIZATION
Economist	I-ORGANIZATION
âs	O
conclusion	O
that	O
this	O
serial	O
liar	O
â	O
revelled	O
in	O
trampling	O
rules	O
and	O
conventions	O
.	O
â	O

When	O
Argentina	B-LOCATION
chaired	O
the	O
G	B-ORGANIZATION
20	I-ORGANIZATION
in	O
2018	B-DATE
,	O
then	O
Foreign	O
Secretary	O
Johnson	B-GIVEN_NAME
was	O
here	O
that	O
May	B-DATE
for	O
the	O
meeting	O
of	O
G	B-ORGANIZATION
20	I-ORGANIZATION
foreign	O
ministers	O
.	O

While	O
off	O
duty	O
he	O
was	O
given	O
a	O
guided	O
tour	O
of	O
Buenos	B-LOCATION
Aires	I-LOCATION
by	O
the	O
Argentine	B-ORGANIZATION|B-AFFILIATION
-	I-ORGANIZATION
British	I-ORGANIZATION|B-AFFILIATION
Community	I-ORGANIZATION
Council	I-ORGANIZATION
(	O
ABCC	B-ORGANIZATION
)	O
with	O
the	O
accent	O
on	O
the	O
United	B-LOCATION
Kingdom	I-LOCATION
âs	O
contributions	O
to	O
the	O
cityscape	O
â	O
a	O
tour	O
naturally	O
including	O
that	O
Retiro	B-BRANDS|B-LOCATION
clock	B-MISC
tower	I-MISC
known	O
until	O
the	O
1982	B-DATE
South	B-LOCATION
Atlantic	I-LOCATION
war	O
as	O
â	O
la	O
Torre	B-LOCATION
de	I-LOCATION
los	I-LOCATION
Ingleses	I-LOCATION
â	O
after	O
its	O
builders	O
.	O

BoJo	B-GIVEN_NAME
was	O
taken	O
halfway	O
up	O
the	O
tower	O
when	O
he	O
was	O
warned	O
that	O
climbing	O
any	O
further	O
up	O
the	O
1916	B-DATE
construction	O
could	O
be	O
dangerous	O
â	O
no	O
sooner	O
had	O
he	O
heard	O
that	O
warning	O
than	O
he	O
was	O
up	O
the	O
stairs	O
in	O
a	O
flash	O
.	O

Breaking	O
rules	O
would	O
seem	O
to	O
be	O
little	O
short	O
of	O
compulsive	O
behaviour	O
in	O
his	O
case	O
.	O

All	O
this	O
leaves	O
little	O
space	O
for	O
deficit	O
spending	O
at	O
the	O
Argentine	B-AFFILIATION
end	O
but	O
it	O
also	O
seems	O
far	O
too	O
early	O
days	O
to	O
rush	O
to	O
judgement	O
on	O
an	O
incoming	O
official	O
who	O
more	O
than	O
deserves	O
the	O
benefit	O
of	O
the	O
doubt	O
for	O
shunning	O
the	O
universal	O
basic	O
salary	O
(	O
most	O
opposition	O
critics	O
have	O
not	O
been	O
so	O
chivalrous	O
)	O
.	O

Plenty	O
of	O
time	O
ahead	O
for	O
that	O
.	O

