Thirteen	O
inmates	O
were	O
killed	O
and	O
two	O
others	O
injured	O
on	O
Monday	B-DATE
in	O
yet	O
another	O
bloody	O
fight	O
in	O
a	O
notorious	O
Ecuadorian	B-AFFILIATION
prison	O
,	O
law	O
enforcement	O
officials	O
said	O
.	O

"	O
Unfortunately	O
,	O
central	O
command	O
reports	O
13	O
(	O
inmates	O
)	O
dead	O
and	O
two	O
injured	O
,	O
"	O
the	O
South	B-AFFILIATION
American	I-AFFILIATION
country	O
's	O
prison	O
authority	O
SNAI	B-ORGANIZATION
said	O
on	O
Twitter	B-ORGANIZATION
.	O

The	O
incident	O
took	O
place	O
at	O
the	O
same	O
Bellavista	B-LOCATION
prison	I-LOCATION
in	O
the	O
town	O
of	O
Santo	B-LOCATION
Domingo	I-LOCATION
de	I-LOCATION
los	I-LOCATION
Colorados	I-LOCATION
,	O
about	O
80	O
kilometres	O
(	O
50	O
miles	O
)	O
from	O
Quito	B-LOCATION
,	O
where	O
44	O
inmates	O
were	O
killed	O
in	O
a	O
bloody	O
brawl	O
in	O
May	B-DATE
.	O

Prison	O
officials	O
,	O
aided	O
by	O
the	O
military	O
and	O
the	O
police	O
,	O
were	O
able	O
to	O
regain	O
control	O
of	O
the	O
facility	O
,	O
SNAI	B-ORGANIZATION
said	O
.	O

Interior	O
Minister	O
Patricio	B-GIVEN_NAME
Carrillo	B-FAMILY_NAME
later	O
told	O
a	O
press	O
conference	O
that	O
current	O
information	O
indicated	O
"	O
most	O
"	O
of	O
the	O
victims	O
were	O
Venezuelan	B-AFFILIATION
.	O

Local	O
media	O
reported	O
that	O
some	O
prisoners	O
were	O
decapitated	O
or	O
dismembered	O
during	O
the	O
fight	O
.	O

"	O
Relatives	O
of	O
the	O
inmates	O
waited	O
anxiously	O
outside	O
the	O
prison	O
,	O
as	O
images	O
of	O
dismembered	O
bodies	O
reached	O
their	O
cell	O
phones	O
and	O
they	O
remained	O
undaunted	O
by	O
the	O
entry	O
of	O
ambulances	O
,	O
"	O
read	O
a	O
story	O
in	O
the	O
national	O
newspaper	O
El	B-ORGANIZATION
Universo	I-ORGANIZATION
.	O

Carrillo	B-GIVEN_NAME
said	O
that	O
the	O
"	O
primitive	O
act	O
of	O
barbarism	O
"	O
indicated	O
the	O
"	O
psychological	O
profile	O
"	O
of	O
the	O
inmates	O
who	O
took	O
part	O
in	O
the	O
brawl	O
.	O

"	O
So	O
far	O
,	O
13	O
bodies	O
have	O
been	O
recovered	O
and	O
a	O
total	O
inspection	O
is	O
being	O
carried	O
out	O
inside	O
the	O
prison	O
,	O
"	O
he	O
said	O
,	O
adding	O
it	O
was	O
"	O
quite	O
probable	O
"	O
more	O
bodies	O
would	O
be	O
found	O
.	O

Some	O
220	O
inmates	O
escaped	O
from	O
the	O
prison	O
during	O
the	O
May	B-DATE
riot	O
,	O
but	O
most	O
of	O
them	O
have	O
been	O
recaptured	O
.	O

Vicious	O
prison	O
riots	O
are	O
common	O
in	O
prisons	O
in	O
Ecuador	B-LOCATION
,	O
where	O
drug	O
gangs	O
are	O
vying	O
for	O
control	O
of	O
trafficking	O
routes	O
.	O

Those	O
rivalries	O
sometimes	O
explode	O
into	O
grisly	O
violence	O
behind	O
bars	O
,	O
with	O
some	O
inmates	O
hacked	O
to	O
death	O
or	O
beheaded	O
with	O
machetes	O
.	O

Nestled	O
between	O
the	O
world	O
's	O
biggest	O
cocaine	O
producers	O
,	O
Colombia	B-LOCATION
and	O
Peru	B-LOCATION
,	O
Ecuador	B-LOCATION
has	O
seen	O
a	O
surge	O
of	O
violence	O
blamed	O
on	O
fighting	O
between	O
rival	O
drug	O
groups	O
.	O

The	O
country	O
of	O
17.7	O
million	O
people	O
is	O
popular	O
with	O
traffickers	O
because	O
of	O
its	O
porous	O
borders	O
,	O
dollarized	O
economy	O
and	O
major	O
seaports	O
for	O
export	O
.	O

Prisons	O
are	O
overcrowded	O
and	O
short	O
on	O
guards	O
,	O
and	O
rampant	O
corruption	O
means	O
inmates	O
can	O
lay	O
their	O
hands	O
on	O
all	O
sorts	O
of	O
contraband	O
,	O
including	O
firearms	O
and	O
explosives	O
.	O

Since	O
February	B-DATE
2021	I-DATE
,	O
there	O
have	O
been	O
nearly	O
a	O
dozen	O
prison	O
massacres	O
in	O
the	O
country	O
,	O
some	O
of	O
which	O
have	O
become	O
among	O
the	O
worst	O
in	O
Latin	B-LOCATION
America	I-LOCATION
,	O
with	O
some	O
400	O
inmates	O
killed	O
.	O

