After	O
a	O
gap	O
of	O
two	B-DURATION
years	I-DURATION
due	O
to	O
the	O
coronavirus	B-BRANDS
pandemic	O
,	O
a	O
43	O
-	O
day	O
Hindu	B-AFFILIATION
pilgrimage	O
has	O
begun	O
in	O
Indian	B-AFFILIATION
-	O
administered	O
Kashmir	B-LOCATION
amid	O
unprecedented	O
security	O
arrangements	O
.	O

The	O
350	O
km	O
(	O
220	O
mile	O
)	O
trek	O
starting	O
on	O
Thursday	B-DATE
to	O
an	O
ice	O
stalagmite	O
in	O
a	O
cave	O
in	O
the	O
Himalayas	B-LOCATION
â	O
representing	O
the	O
Hindu	B-AFFILIATION
god	O
Shiva	B-GIVEN_NAME
â	O
passes	O
through	O
mountains	O
,	O
meadows	O
and	O
forests	O
,	O
and	O
is	O
dotted	O
with	O
sand	O
-	O
bagged	O
security	O
bunkers	O
,	O
sharpshooters	O
and	O
drones	O
.	O

The	O
government	O
estimates	O
a	O
record	O
one	O
million	O
Hindus	B-AFFILIATION
from	O
all	O
over	O
India	B-LOCATION
will	O
join	O
this	O
year	O
âs	O
Amarnath	B-BRANDS
Yatra	B-MISC
,	O
as	O
the	O
pilgrimage	O
to	O
the	O
cave	O
at	O
3,900	O
metres	O
(	O
12,800	O
feet	O
)	O
is	O
called	O
.	O

The	O
cave	O
,	O
located	O
north	O
of	O
Pahalgam	B-LOCATION
,	O
a	O
famous	O
tourist	O
resort	O
in	O
Anantnag	B-LOCATION
district	O
,	O
and	O
south	O
of	O
Zojila	B-LOCATION
pass	O
in	O
Ganderbal	B-LOCATION
district	O
that	O
connects	O
Kashmir	B-LOCATION
to	O
Ladakh	B-LOCATION
,	O
is	O
accessed	O
by	O
the	O
pilgrims	O
through	O
both	O
the	O
routes	O
.	O

The	O
pilgrimage	O
is	O
taking	O
place	O
amid	O
tensions	O
in	O
the	O
disputed	O
region	O
which	O
has	O
recently	O
been	O
rattled	O
by	O
a	O
spate	O
of	O
targeted	O
attacks	O
on	O
local	O
Hindus	B-AFFILIATION
,	O
known	O
as	O
Pandits	B-AFFILIATION
,	O
and	O
non	O
-	O
residents	O
from	O
other	O
parts	O
of	O
India	B-LOCATION
.	O

In	O
the	O
last	O
three	B-DURATION
years	I-DURATION
,	O
at	O
least	O
23	O
Hindus	B-AFFILIATION
have	O
been	O
killed	O
in	O
suspected	O
rebel	O
attacks	O
,	O
seven	O
of	O
them	O
in	O
the	O
last	O
six	O
months	O
.	O

In	O
response	O
,	O
the	O
Indian	B-AFFILIATION
forces	O
have	O
intensified	O
their	O
counterinsurgency	O
operations	O
,	O
killing	O
more	O
than	O
100	O
suspected	O
rebels	O
this	O
year	O
,	O
nearly	O
30	O
in	O
this	O
month	O
alone	O
.	O

The	O
last	O
Amarnath	B-BRANDS
pilgrimage	O
was	O
cut	O
short	O
on	O
August	B-DATE
5	I-DATE
,	I-DATE
2019	I-DATE
,	O
the	O
day	O
Prime	O
Minister	O
Narendra	B-GIVEN_NAME
Modi	B-FAMILY_NAME
âs	O
government	O
stripped	O
the	O
region	O
of	O
its	O
limited	O
autonomy	O
and	O
brought	O
it	O
under	O
New	B-LOCATION
Delhi	I-LOCATION
âs	O
direct	O
control	O
,	O
triggering	O
the	O
current	O
wave	O
of	O
anger	O
and	O
violence	O
in	O
the	O
valley	O
.	O

For	O
75	B-DURATION
years	I-DURATION
,	O
Kashmir	B-LOCATION
has	O
been	O
at	O
the	O
heart	O
of	O
tensions	O
between	O
India	B-LOCATION
and	O
Pakistan	B-LOCATION
who	O
rule	O
over	O
parts	O
of	O
the	O
Himalayan	B-LOCATION
region	O
but	O
claim	O
in	O
its	O
entirety	O
.	O

The	O
two	O
nuclear	O
powers	O
have	O
fought	O
two	O
of	O
their	O
three	O
full	O
-	O
scale	O
wars	O
over	O
the	O
territory	O
.	O

Since	O
coming	O
to	O
power	O
in	O
2014	O
,	O
Modi	B-GIVEN_NAME
âs	O
Hindu	B-AFFILIATION
nationalist	O
government	O
has	O
aggressively	O
promoted	O
the	O
Amarnath	B-BRANDS
pilgrimage	O
as	O
part	O
of	O
India	B-LOCATION
âs	O
claims	O
over	O
its	O
only	O
Muslim	B-AFFILIATION
-	O
majority	O
region	O
.	O

While	O
a	O
heavy	O
military	O
presence	O
during	O
the	O
pilgrimage	O
is	O
a	O
routine	O
affair	O
,	O
officials	O
say	O
the	O
threat	O
perception	O
is	O
higher	O
this	O
year	O
due	O
to	O
threats	O
of	O
attacks	O
by	O
armed	O
rebel	O
groups	O
fighting	O
since	O
1989	B-DATE
for	O
an	O
independent	O
country	O
or	O
the	O
region	O
âs	O
merger	O
with	O
neighbouring	O
Pakistan	B-LOCATION
.	O

This	O
year	O
,	O
some	O
rebel	O
groups	O
have	O
warned	O
in	O
multiple	O
statements	O
of	O
targeting	O
the	O
pilgrimage	O
,	O
accusing	O
the	O
government	O
of	O
â	O
politicising	O
the	O
pilgrimage	O
â	O
amid	O
rising	O
anti	O
-	O
Muslim	B-AFFILIATION
sentiment	O
in	O
the	O
country	O
.	O

The	O
pilgrimage	O
has	O
been	O
targeted	O
several	O
times	O
by	O
rebel	O
groups	O
in	O
the	O
past	O
.	O

In	O
2017	B-DATE
,	O
they	O
attacked	O
a	O
bus	O
and	O
killed	O
11	O
pilgrims	O
in	O
Anantnag	B-LOCATION
.	O

In	O
an	O
effort	O
to	O
prevent	O
such	O
attacks	O
,	O
authorities	O
have	O
implemented	O
a	O
five	O
-	O
tier	O
security	O
arrangement	O
,	O
using	O
drones	O
and	O
radio	B-BRANDS
frequency	B-MISC
identification	I-MISC
(	O
RFID	B-BRANDS
)	O
to	O
track	O
every	O
pilgrim	O
entering	O
the	O
region	O
.	O

â	O
The	O
roads	O
will	O
be	O
scanned	O
before	O
a	O
convoy	O
carrying	O
the	O
pilgrims	O
is	O
allowed	O
to	O
proceed	O
.	O

Challenges	O
are	O
there	O
but	O
a	O
robust	O
security	O
grid	O
is	O
also	O
alive	O
.	O

Through	O
technical	O
systems	O
,	O
we	O
will	O
have	O
real	O
-	O
time	O
information	O
about	O
the	O
movement	O
of	O
pilgrims	O
,	O
â	O
a	O
senior	O
police	O
official	O
told	O
Al	B-ORGANIZATION
Jazeera	I-ORGANIZATION
on	O
condition	O
of	O
anonymity	O
.	O

Sunil	B-GIVEN_NAME
Kumar	B-FAMILY_NAME
,	O
a	O
45	O
-	O
year	O
-	O
old	O
resident	O
of	O
Uttar	B-LOCATION
Pradesh	I-LOCATION
state	O
,	O
told	O
Al	B-ORGANIZATION
Jazeera	I-ORGANIZATION
it	O
was	O
his	O
second	O
visit	O
.	O

â	O
I	O
feel	O
lucky	O
to	O
be	O
part	O
of	O
the	O
holy	O
journey	O
,	O
â	O
he	O
said	O
.	O

â	O
We	O
had	O
been	O
waiting	O
for	O
this	O
day	O
for	O
the	O
last	O
two	B-DURATION
years	I-DURATION
.	O
â	O

Kumar	B-GIVEN_NAME
said	O
he	O
is	O
not	O
worried	O
about	O
his	O
safety	O
during	O
the	O
trek	O
.	O

â	O
We	O
feel	O
safe	O
as	O
the	O
security	O
arrangements	O
are	O
very	O
good	O
,	O
â	O
he	O
said	O
.	O

But	O
observers	O
say	O
the	O
pilgrimage	O
this	O
year	O
would	O
be	O
a	O
security	O
challenge	O
for	O
the	O
government	O
.	O

â	O
The	O
strict	O
security	O
measures	O
have	O
been	O
taken	O
for	O
various	O
reasons	O
.	O

There	O
are	O
drones	O
being	O
used	O
by	O
terrorists	O
and	O
civilian	O
killings	O
are	O
taking	O
place	O
.	O

The	O
yatra	O
has	O
been	O
targeted	O
in	O
the	O
past	O
as	O
well	O
,	O
â	O
Shesh	B-GIVEN_NAME
Paul	B-FAMILY_NAME
Vaid	I-FAMILY_NAME
,	O
the	O
former	O
police	O
chief	O
of	O
the	O
region	O
,	O
told	O
Al	B-ORGANIZATION
Jazeera	I-ORGANIZATION
.	O

Vaid	B-GIVEN_NAME
said	O
heavy	O
security	O
arrangements	O
were	O
necessary	O
â	O
because	O
if	O
anything	O
happens	O
to	O
them	O
(	O
pilgrims	O
)	O
,	O
there	O
would	O
be	O
a	O
backlash	O
â	O
across	O
India	B-LOCATION
.	O

â	O
If	O
anything	O
happens	O
to	O
the	O
yatra	O
,	O
it	O
will	O
have	O
an	O
impact	O
on	O
the	O
whole	O
country	O
.	O

While	O
terrorism	O
has	O
reduced	O
,	O
it	O
has	O
not	O
completely	O
vanished	O
(	O
after	O
2019	B-DATE
)	O
.	O

It	O
will	O
take	O
some	O
time	O
to	O
completely	O
end	O
it	O
,	O
â	O
Vaid	B-GIVEN_NAME
added	O
.	O

Abul	B-GIVEN_NAME
Rashid	B-FAMILY_NAME
,	O
a	O
resident	O
who	O
has	O
set	O
up	O
a	O
tent	O
in	O
one	O
of	O
the	O
base	O
camps	O
for	O
the	O
pilgrims	O
,	O
told	O
Al	B-ORGANIZATION
Jazeera	I-ORGANIZATION
that	O
security	O
is	O
unprecedented	O
this	O
year	O
.	O

â	O
Everything	O
is	O
being	O
keenly	O
watched	O
,	O
â	O
he	O
said	O
.	O

A	O
Kashmiri	B-AFFILIATION
political	O
expert	O
who	O
did	O
not	O
want	O
to	O
be	O
identified	O
fearing	O
reprisals	O
from	O
the	O
government	O
said	O
there	O
is	O
â	O
scepticism	O
â	O
among	O
residents	O
about	O
the	O
way	O
the	O
BJP	B-ORGANIZATION
government	O
is	O
promoting	O
the	O
Amarnath	B-LOCATION
pilgrimage	O
.	O

â	O
No	O
one	O
asks	O
the	O
government	O
to	O
lower	O
its	O
guard	O
but	O
the	O
natives	O
should	O
not	O
be	O
held	O
hostage	O
to	O
the	O
pilgrimage	O
,	O
â	O
he	O
said	O
.	O

He	O
also	O
blamed	O
the	O
authorities	O
for	O
ignoring	O
the	O
environmental	O
costs	O
of	O
the	O
pilgrimage	O
in	O
an	O
ecologically	O
fragile	O
region	O
.	O

The	O
trek	O
to	O
the	O
cave	O
traverses	O
forests	O
,	O
high	O
-	O
altitude	O
lakes	O
,	O
meadows	O
and	O
small	O
glaciers	O
.	O

â	O
The	O
government	O
is	O
acting	O
as	O
environmentally	O
conscious	O
in	O
other	O
states	O
.	O

It	O
is	O
only	O
in	O
Kashmir	B-LOCATION
that	O
all	O
guidelines	O
are	O
thrown	O
to	O
the	O
winds	O
,	O
â	O
he	O
said	O
.	O

Before	O
Kashmir	B-LOCATION
became	O
a	O
flashpoint	O
,	O
the	O
annual	O
pilgrimage	O
used	O
to	O
be	O
a	O
low	O
-	O
key	O
affair	O
of	O
a	O
shorter	O
duration	O
.	O

However	O
,	O
its	O
political	O
significance	O
for	O
the	O
Indian	B-AFFILIATION
government	O
has	O
grown	O
sharply	O
in	O
the	O
last	O
three	O
decades	O
,	O
with	O
pilgrims	O
often	O
seen	O
making	O
Hindu	B-AFFILIATION
nationalist	O
slogans	O
during	O
their	O
journey	O
as	O
Indian	B-AFFILIATION
security	O
forces	O
watch	O
over	O
them	O
.	O

