Mullah	B-GIVEN_NAME
Haibatullah	B-FAMILY_NAME
Akhunzada	I-FAMILY_NAME
,	O
the	O
reclusive	O
supreme	O
leader	O
of	O
the	O
Taliban	B-ORGANIZATION
,	O
has	O
attended	O
a	O
major	O
gathering	O
of	O
religious	O
leaders	O
and	O
elders	O
in	O
Afghanistan	B-LOCATION
âs	O
capital	O
,	O
Kabul	B-LOCATION
.	O

More	O
than	O
3,000	O
men	O
were	O
expected	O
to	O
attend	O
the	O
three	O
-	O
day	O
gathering	O
that	O
started	O
on	O
Thursday	B-DATE
in	O
Kabul	B-LOCATION
âs	O
Polytechnic	B-ORGANIZATION
University	I-ORGANIZATION
and	O
is	O
expected	O
to	O
rubber	O
-	O
stamp	O
the	O
Taliban	B-ORGANIZATION
âs	O
rule	O
over	O
Afghanistan	B-LOCATION
.	O

The	O
arrival	O
on	O
Friday	B-DATE
of	O
Akhunzada	B-GIVEN_NAME
,	O
who	O
had	O
not	O
been	O
filmed	O
or	O
photographed	O
in	O
public	O
since	O
the	O
group	O
returned	O
to	O
power	O
in	O
August	B-DATE
last	O
year	O
,	O
was	O
broadcast	O
on	O
state	O
radio	O
.	O

Cheers	O
and	O
chants	O
,	O
including	O
â	O
Long	O
live	O
the	O
Islamic	B-ORGANIZATION
Emirate	I-ORGANIZATION
of	I-ORGANIZATION
Afghanistan	I-ORGANIZATION|B-LOCATION
â	O
,	O
the	O
Taliban	B-ORGANIZATION
âs	O
name	O
for	O
the	O
country	O
,	O
were	O
heard	O
.	O

â	O
The	O
success	O
of	O
the	O
Afghan	B-AFFILIATION
jihad	O
is	O
not	O
only	O
a	O
source	O
of	O
pride	O
for	O
Afghans	B-AFFILIATION
but	O
also	O
for	O
Muslims	B-AFFILIATION
all	O
over	O
the	O
world	O
,	O
â	O
Akhunzada	B-GIVEN_NAME
said	O
in	O
a	O
speech	O
,	O
according	O
to	O
state	O
-	O
run	O
Bakhtar	B-ORGANIZATION
News	I-ORGANIZATION
Agency	I-ORGANIZATION
,	O
using	O
the	O
Arabic	B-AFFILIATION
word	O
signifying	O
a	O
spiritual	O
struggle	O
.	O

He	O
also	O
reportedly	O
said	O
the	O
world	O
should	O
stop	O
telling	O
the	O
Taliban	B-ORGANIZATION
how	O
to	O
run	O
the	O
country	O
.	O

â	O
Why	O
is	O
the	O
world	O
interfering	O
in	O
our	O
affairs	O
?	O
â	O
he	O
was	O
quoted	O
as	O
saying	O
.	O

â	O
They	O
say	O
â	O
why	O
do	O
nât	O
you	O
do	O
this	O
,	O
why	O
do	O
nât	O
you	O
do	O
that	O
?	O
â	O

Why	O
does	O
the	O
world	O
interfere	O
in	O
our	O
work	O
?	O
â	O

Akhunzada	B-GIVEN_NAME
also	O
offered	O
prayers	O
for	O
the	O
victims	O
of	O
a	O
powerful	O
earthquake	O
last	O
month	O
that	O
killed	O
more	O
than	O
1,000	O
people	O
in	O
the	O
country	O
âs	O
east	O
.	O

The	O
appearance	O
of	O
Akhunzada	B-GIVEN_NAME
had	O
been	O
rumoured	O
for	O
days	O
â	O
although	O
media	O
were	O
barred	O
from	O
covering	O
the	O
event	O
.	O

Akhunzada	B-GIVEN_NAME
,	O
who	O
is	O
believed	O
to	O
be	O
in	O
his	O
70s	O
and	O
bears	O
the	O
title	O
â	O
Commander	O
of	O
the	O
Faithful	O
,	O
â	O
rarely	O
leaves	O
Kandahar	B-LOCATION
,	O
the	O
Taliban	B-ORGANIZATION
âs	O
birthplace	O
and	O
spiritual	O
heartland	O
.	O
Apart	O
from	O
one	O
undated	O
photograph	O
and	O
several	O
audio	O
recordings	O
of	O
speeches	O
,	O
he	O
has	O
almost	O
no	O
digital	O
footprint	O
.	O

The	O
leader	O
âs	O
presence	O
raised	O
the	O
security	O
alert	O
.	O
On	O
Thursday	B-DATE
,	O
two	O
gunmen	O
were	O
shot	O
dead	O
near	O
the	O
venue	O
.	O
Officials	O
said	O
the	O
two	O
started	O
firing	O
from	O
a	O
rooftop	O
but	O
were	O
â	O
quickly	O
eliminated	O
by	O
mujahideen	B-ORGANIZATION
with	O
the	O
help	O
of	O
Allah	B-GIVEN_NAME
the	O
almighty	O
â	O
.	O

Women	O
were	O
not	O
allowed	O
to	O
take	O
part	O
in	O
the	O
meeting	O
,	O
although	O
media	O
reports	O
suggest	O
the	O
reopening	O
of	O
girls	O
â	O
schools	O
will	O
be	O
discussed	O
.	O

Deputy	O
Prime	O
Minister	O
Abdul	B-GIVEN_NAME
Salam	B-FAMILY_NAME
Hanafi	I-FAMILY_NAME
told	O
state	O
broadcaster	O
RTA	B-ORGANIZATION
on	O
Wednesday	B-DATE
that	O
male	O
delegates	O
would	O
represent	O
women	O
.	O
â	O
When	O
their	O
sons	O
are	O
in	O
the	O
gathering	O
it	O
means	O
that	O
they	O
are	O
also	O
involved	O
,	O
â	O
he	O
said	O
.	O

Habiba	B-GIVEN_NAME
Sarabi	B-FAMILY_NAME
,	O
who	O
in	O
2005	B-DATE
became	O
the	O
first	O
woman	O
to	O
become	O
a	O
governor	O
of	O
an	O
Afghan	B-AFFILIATION
province	O
,	O
told	O
Al	B-ORGANIZATION
Jazeera	I-ORGANIZATION
the	O
Taliban	B-ORGANIZATION
âs	O
â	O
mindset	O
is	O
that	O
women	O
should	O
stay	O
at	O
home	O
.	O
â	O

â	O
They	O
do	O
nât	O
believe	O
in	O
human	O
rights	O
and	O
that	O
âs	O
why	O
no	O
woman	O
was	O
invited	O
inside	O
the	O
Loya	B-ORGANIZATION
Jirga	I-ORGANIZATION
,	O
â	O
the	O
former	O
governor	O
said	O
.	O

Political	O
analyst	O
Lutfullah	B-GIVEN_NAME
Lutf	B-FAMILY_NAME
said	O
the	O
gathering	O
failed	O
to	O
represent	O
diverse	O
political	O
opinions	O
and	O
that	O
the	O
decision	O
for	O
women	O
to	O
be	O
excluded	O
â	O
speaks	O
for	O
the	O
ideology	O
of	O
the	O
Taliban	B-ORGANIZATION
.	O
â	O

The	O
fact	O
that	O
the	O
group	O
is	O
excluding	O
them	O
from	O
the	O
political	O
sphere	O
is	O
â	O
saddening	O
in	O
a	O
nation	O
where	O
50	O
percent	O
of	O
the	O
population	O
are	O
women	O
,	O
â	O
Lutf	B-GIVEN_NAME
told	O
Al	B-ORGANIZATION
Jazeera	I-ORGANIZATION
.	O

The	O
Taliban	B-ORGANIZATION
has	O
kept	O
a	O
complete	O
lock	O
on	O
decision	O
-	O
making	O
since	O
taking	O
over	O
the	O
country	O
and	O
touted	O
the	O
gathering	O
as	O
a	O
forum	O
to	O
hear	O
a	O
range	O
of	O
voices	O
on	O
issues	O
facing	O
Afghanistan	B-LOCATION
.	O

Deputy	O
Taliban	B-ORGANIZATION
chief	O
and	O
acting	O
Interior	O
Minister	O
Sirajuddin	B-GIVEN_NAME
Haqqani	B-FAMILY_NAME
also	O
addressed	O
the	O
meeting	O
on	O
Friday	B-DATE
,	O
saying	O
the	O
world	O
was	O
demanding	O
inclusive	O
government	O
and	O
education	O
,	O
and	O
the	O
issues	O
needed	O
time	O
.	O

â	O
This	O
gathering	O
is	O
about	O
trust	O
,	O
interaction	O
,	O
we	O
are	O
here	O
to	O
make	O
our	O
future	O
according	O
to	O
Islam	B-AFFILIATION
and	O
to	O
national	O
interests	O
,	O
â	O
he	O
said	O
.	O

The	O
Taliban	B-ORGANIZATION
notably	O
did	O
not	O
call	O
the	O
gathering	O
a	O
Loya	B-ORGANIZATION
Jirga	I-ORGANIZATION
â	O
a	O
traditional	O
Afghan	B-AFFILIATION
way	O
for	O
local	O
leaders	O
to	O
have	O
their	O
grievances	O
heard	O
by	O
rulers	O
â	O
instead	O
titling	O
it	O
â	O
the	O
Great	B-BRANDS
Conference	B-MISC
of	I-MISC
Ulema	I-MISC
â	O
,	O
the	O
term	O
in	O
Islam	B-AFFILIATION
for	O
religious	O
scholars	O
and	O
clerics	O
.	O

The	O
meeting	O
comes	O
as	O
finance	O
and	O
central	O
bank	O
officials	O
from	O
the	O
Taliban	B-ORGANIZATION
-	O
led	O
government	O
are	O
meeting	O
US	B-ORGANIZATION|B-LOCATION
officials	O
in	O
Qatar	B-LOCATION
to	O
discuss	O
economic	O
and	O
aid	O
issues	O
following	O
the	O
June	B-DATE
22	I-DATE
earthquake	O
.	O

Overstretched	O
aid	O
groups	O
already	O
keeping	O
millions	O
of	O
Afghans	B-AFFILIATION
alive	O
rushed	O
supplies	O
to	O
the	O
quake	O
victims	O
,	O
but	O
most	O
countries	O
responded	O
tepidly	O
to	O
Taliban	B-ORGANIZATION
calls	O
for	O
international	O
help	O
.	O

The	O
international	O
cut	O
-	O
off	O
of	O
Afghanistan	B-LOCATION
âs	O
financing	O
has	O
deepened	O
the	O
country	O
âs	O
economic	O
collapse	O
and	O
fuelled	O
its	O
humanitarian	O
crises	O
.	O
Millions	O
in	O
the	O
country	O
rely	O
on	O
international	O
aid	O
to	O
have	O
enough	O
food	O
to	O
live	O
.	O

Who	O
is	O
Haibatullah	B-GIVEN_NAME
Akhunzada	B-FAMILY_NAME
?	O

Akhunzada	B-GIVEN_NAME
rose	O
from	O
a	O
low	O
profile	O
to	O
leader	O
of	O
the	O
Taliban	B-ORGANIZATION
in	O
a	O
swift	O
transition	O
of	O
power	O
after	O
a	O
2016	B-DATE
US	B-LOCATION
drone	O
strike	O
killed	O
his	O
predecessor	O
,	O
Mullah	B-GIVEN_NAME
Akhtar	B-FAMILY_NAME
Mansoor	I-FAMILY_NAME
.	O

As	O
the	O
Taliban	B-ORGANIZATION
movement	O
unveiled	O
its	O
interim	O
government	O
in	O
September	B-DATE
,	O
after	O
US	B-ORGANIZATION|B-LOCATION
-	O
led	O
foreign	O
forces	O
withdrew	O
and	O
a	O
US	B-ORGANIZATION|B-LOCATION
-	O
backed	O
government	O
collapsed	O
,	O
Akhunzada	B-GIVEN_NAME
retained	O
the	O
role	O
he	O
has	O
held	O
since	O
2016	B-DATE
of	O
supreme	O
leader	O
,	O
the	O
group	O
âs	O
ultimate	O
authority	O
.	O

Earlier	O
this	O
year	O
,	O
the	O
Taliban	B-ORGANIZATION
âs	O
supreme	O
leader	O
banned	O
girls	O
after	O
sixth	O
grade	O
from	O
attending	O
school	O
and	O
issued	O
a	O
decree	O
requiring	O
women	O
in	O
public	O
to	O
cover	O
themselves	O
completely	O
,	O
except	O
for	O
their	O
eyes	O
.	O

