People	O
in	O
India	B-LOCATION
âs	I-LOCATION
northeastern	I-LOCATION
state	I-LOCATION
of	I-LOCATION
Assam	I-LOCATION
are	O
celebrating	O
a	O
spring	O
festival	O
,	O
meant	O
to	O
bring	O
in	O
an	O
auspicious	O
harvest	O
season	O
filled	O
with	O
abundant	O
crops	O
and	O
good	O
health	O
.	O

Residents	O
in	O
Gamerimura	B-LOCATION
village	O
gathered	O
to	O
mark	O
the	O
usually	O
colourful	O
celebrations	O
,	O
an	O
ancient	O
tradition	O
known	O
as	O
Baikho	B-BRANDS
festival	O
that	O
is	O
predominantly	O
observed	O
by	O
the	O
Rabha	B-AFFILIATION
people	O
every	O
year	O
in	O
June	B-DATE
,	O
although	O
other	O
communities	O
have	O
joined	O
in	O
the	O
celebrations	O
in	O
recent	O
years	O
.	O

The	O
festival	O
is	O
celebrated	O
across	O
the	O
state	O
annually	O
.	O

During	O
the	O
festival	O
,	O
a	O
series	O
of	O
rituals	O
are	O
carried	O
out	O
to	O
ward	O
off	O
evil	O
spirits	O
,	O
prompt	O
ample	O
rains	O
and	O
bring	O
goodwill	O
to	O
the	O
community	O
.	O

Residents	O
dressed	O
in	O
traditional	O
attire	O
come	O
together	O
to	O
dance	O
to	O
the	O
beat	O
of	O
drums	O
.	O

In	O
the	O
evening	O
,	O
a	O
tall	O
structure	O
made	O
from	O
bundles	O
of	O
bamboo	O
is	O
set	O
alight	O
and	O
once	O
the	O
sun	O
sets	O
,	O
priests	O
offer	O
prayers	O
to	O
the	O
harvest	O
god	O
,	O
who	O
they	O
believe	O
will	O
bring	O
a	O
generous	O
crop	O
season	O
.	O

After	O
the	O
prayers	O
are	O
finished	O
,	O
priests	O
run	O
over	O
the	O
hot	O
coals	O
left	O
simmering	O
by	O
the	O
fire	O
,	O
an	O
act	O
meant	O
to	O
honour	O
the	O
harvest	O
deity	O
.	O

Women	O
later	O
wash	O
the	O
feet	O
of	O
the	O
priests	O
before	O
serving	O
them	O
food	O
.	O

Rahini	B-GIVEN_NAME
Rabha	B-FAMILY_NAME
,	O
59	O
,	O
who	O
travelled	O
from	O
Dairang	B-LOCATION
village	O
in	O
Assam	B-LOCATION
for	O
the	O
celebrations	O
,	O
said	O
he	O
has	O
served	O
as	O
the	O
priest	O
for	O
the	O
festival	O
for	O
the	O
last	O
17	B-DURATION
years	I-DURATION
.	O

â	O
It	O
celebrates	O
the	O
tribal	O
Rabha	B-AFFILIATION
people	O
for	O
agriculture	O
,	O
good	O
health	O
,	O
wealth	O
and	O
education	O
,	O
â	O
the	O
priest	O
said	O
.	O

