Iran	B-LOCATION
has	O
long	O
been	O
an	O
influential	O
power	O
in	O
its	O
surrounding	O
region	O
,	O
with	O
a	O
focus	O
on	O
the	O
Arab	B-AFFILIATION
states	O
to	O
its	O
west	O
,	O
and	O
support	O
for	O
allied	O
governments	O
and	O
non	O
-	O
state	O
actors	O
in	O
them	O
.	O

However	O
,	O
a	O
visit	O
by	O
the	O
President	O
of	O
Tajikistan	B-LOCATION
,	O
Emomali	B-GIVEN_NAME
Rahmon	B-FAMILY_NAME
,	O
to	O
Tehran	B-LOCATION
on	O
May	B-DATE
30	I-DATE
and	O
the	O
opening	O
of	O
a	O
new	O
Iranian	B-AFFILIATION
drone	O
factory	O
in	O
the	O
Tajik	B-AFFILIATION
capital	O
Dushanbe	B-LOCATION
two	O
weeks	O
earlier	O
,	O
are	O
evidence	O
of	O
Iran	B-LOCATION
âs	O
â	O
look	O
to	O
the	O
East	O
â	O
foreign	O
policy	O
orientation	O
,	O
as	O
the	O
country	O
pursues	O
greater	O
engagement	O
with	O
non	O
-	O
Western	B-AFFILIATION
countries	O
.	O

The	O
new	O
factory	O
in	O
Tajikistan	B-LOCATION
will	O
manufacture	O
the	O
Ababil	B-BRANDS
-	O
2	O
drone	O
,	O
which	O
Iran	B-LOCATION
says	O
has	O
a	O
range	O
of	O
200	O
km	O
(	O
124	O
miles	O
)	O
.	O

The	O
factory	O
is	O
the	O
first	O
such	O
facility	O
that	O
Iran	B-LOCATION
has	O
built	O
in	O
a	O
foreign	O
country	O
,	O
and	O
highlights	O
Tehran	B-LOCATION
âs	O
ability	O
to	O
â	O
export	O
military	O
equipment	O
to	O
allied	O
and	O
friendly	O
countries	O
to	O
help	O
increase	O
security	O
and	O
sustainable	O
peace	O
â	O
,	O
General	O
Mohammad	B-GIVEN_NAME
Hossein	B-FAMILY_NAME
Bagheri	I-FAMILY_NAME
,	O
the	O
Iranian	B-AFFILIATION
armed	O
forces	O
â	O
chief	O
of	O
staff	O
,	O
said	O
at	O
the	O
inauguration	O
on	O
May	B-DATE
17	I-DATE
.	O

Iran	B-LOCATION
âs	O
drones	O
have	O
been	O
a	O
source	O
of	O
influence	O
in	O
Arab	B-AFFILIATION
countries	O
,	O
such	O
as	O
Lebanon	B-LOCATION
and	O
Yemen	B-LOCATION
,	O
and	O
have	O
been	O
critical	O
to	O
Tehran	B-LOCATION
âs	O
efforts	O
to	O
strengthen	O
its	O
position	O
and	O
those	O
of	O
its	O
regional	O
allies	O
and	O
surrogates	O
,	O
while	O
heightening	O
the	O
concerns	O
of	O
the	O
United	B-LOCATION
States	I-LOCATION
,	O
Israel	B-LOCATION
,	O
and	O
some	O
Gulf	B-ORGANIZATION
Cooperation	I-ORGANIZATION
Council	I-ORGANIZATION
(	O
GCC	B-ORGANIZATION
)	O
countries	O
.	O

Tajikistan	B-LOCATION
,	O
however	O
,	O
lies	O
not	O
in	O
the	O
Middle	B-LOCATION
East	I-LOCATION
,	O
but	O
in	O
Central	B-LOCATION
Asia	I-LOCATION
.	O
Yet	O
,	O
since	O
Tajikistan	B-LOCATION
âs	O
1991	B-DATE
independence	O
,	O
Iran	B-LOCATION
has	O
had	O
mostly	O
good	O
ties	O
with	O
Dushanbe	B-LOCATION
.	O

Similar	O
languages	O
,	O
and	O
strong	O
cultural	O
bonds	O
,	O
have	O
been	O
critical	O
to	O
Iranian	B-AFFILIATION
-	O
Tajik	B-AFFILIATION
relations	O
.	O

â	O
As	O
the	O
poorest	O
of	O
the	O
former	O
Soviet	B-AFFILIATION
republics	O
,	O
Tajikistan	B-LOCATION
was	O
happy	O
to	O
gain	O
new	O
international	O
partners	O
to	O
help	O
reduce	O
its	O
dependence	O
on	O
Russia	B-LOCATION
,	O
while	O
for	O
Iran	B-LOCATION
,	O
it	O
provided	O
an	O
opening	O
to	O
central	O
Asia	B-LOCATION
and	O
the	O
reinvigoration	O
of	O
a	O
wider	O
Persian	B-AFFILIATION
cultural	O
space	O
,	O
which	O
helped	O
combat	O
Western	B-AFFILIATION
-	O
led	O
efforts	O
at	O
isolating	O
the	O
Islamic	B-AFFILIATION|B-AFFILIATION
Republic	B-LOCATION
,	O
â	O
Edward	B-GIVEN_NAME
Wastnidge	B-FAMILY_NAME
,	O
who	O
lectures	O
on	O
international	O
studies	O
and	O
politics	O
at	O
the	O
British	B-ORGANIZATION|B-AFFILIATION
Open	I-ORGANIZATION
University	I-ORGANIZATION
,	O
told	O
Al	B-ORGANIZATION
Jazeera	I-ORGANIZATION
.	O

â	O
For	O
example	O
,	O
former	O
[	O
Iranian	B-AFFILIATION
]	O
President	O
Ahmadinejad	B-GIVEN_NAME
sought	O
to	O
establish	O
a	O
â	O
Union	B-ORGANIZATION
of	I-ORGANIZATION
Persian	I-ORGANIZATION|B-AFFILIATION
Speaking	I-ORGANIZATION
Nations	I-ORGANIZATION
â	O
among	O
Iran	B-LOCATION
,	O
Afghanistan	B-LOCATION
and	O
Tajikistan	B-LOCATION
,	O
though	O
it	O
was	O
more	O
a	O
declaration	O
of	O
common	O
cultural	O
bonds	O
than	O
anything	O
substantive	O
,	O
â	O
Wastnidge	B-GIVEN_NAME
added	O
.	O

Although	O
relations	O
took	O
a	O
downturn	O
in	O
the	O
mid	O
-	O
2010s	B-DATE
,	O
ties	O
once	O
again	O
improved	O
,	O
and	O
have	O
led	O
to	O
bilateral	O
trade	O
more	O
than	O
doubling	O
between	O
2020	B-DATE
and	O
2021	B-DATE
,	O
to	O
$	B-MONEY
121	I-MONEY
m	I-MONEY
.	O

In	O
February	B-DATE
,	O
Iranian	B-AFFILIATION
and	O
Tajik	B-AFFILIATION
officials	O
also	O
pledged	O
to	O
boost	O
annual	O
trade	O
to	O
$	B-MONEY
500	I-MONEY
m	I-MONEY
.	O
As	O
a	O
landlocked	O
nation	O
,	O
Tajikistan	B-LOCATION
sees	O
Iran	B-LOCATION
âs	O
Chabahar	B-LOCATION
and	O
Bandar	B-LOCATION
Abbas	I-LOCATION
ports	O
as	O
critical	O
to	O
its	O
ability	O
to	O
access	O
the	O
Gulf	B-LOCATION
and	O
the	O
Arabian	B-LOCATION|B-AFFILIATION
Sea	I-LOCATION
.	O

The	O
Afghanistan	B-LOCATION
variable	O

The	O
strengthening	O
of	O
ties	O
,	O
in	O
particular	O
defence	O
cooperation	O
,	O
between	O
Iran	B-LOCATION
and	O
Tajikistan	B-LOCATION
comes	O
with	O
both	O
countries	O
concerned	O
about	O
insecurity	O
in	O
Taliban	B-ORGANIZATION
-	O
ruled	O
Afghanistan	B-LOCATION
.	O

â	O
Both	O
Iran	B-LOCATION
and	O
Tajikistan	B-LOCATION
have	O
mutual	O
security	O
concerns	O
in	O
Afghanistan	B-LOCATION
,	O
â	O
Omid	B-GIVEN_NAME
Rahimi	B-FAMILY_NAME
,	O
a	O
fellow	O
at	O
the	O
Institute	B-ORGANIZATION
for	I-ORGANIZATION
Central	I-ORGANIZATION|B-LOCATION
Asia	I-ORGANIZATION|I-LOCATION
and	I-ORGANIZATION
Afghanistan	I-ORGANIZATION|B-LOCATION
Studies	I-ORGANIZATION
,	O
told	O
Al	B-ORGANIZATION
Jazeera	I-ORGANIZATION
.	O
â	O
Iran	B-LOCATION
also	O
defines	O
stability	O
and	O
security	O
in	O
Tajikistan	B-LOCATION
and	O
Central	B-LOCATION
Asia	I-LOCATION
as	O
its	O
strategic	O
interests	O
.	O
The	O
northeast	O
is	O
the	O
only	O
safe	O
area	O
without	O
a	O
direct	O
threat	O
in	O
the	O
peripheral	O
geography	O
of	O
Iran	B-LOCATION
.	O
â	O

Dushanbe	B-LOCATION
wants	O
to	O
better	O
defend	O
Tajikistan	B-LOCATION
from	O
armed	O
groups	O
and	O
clamp	O
down	O
on	O
illegal	O
border	O
crossings	O
into	O
Tajikistan	B-LOCATION
from	O
Afghanistan	B-LOCATION
and	O
Kyrgyzstan	B-LOCATION
.	O
Shared	O
fears	O
about	O
ISKP	B-ORGANIZATION
,	O
the	O
Central	B-AFFILIATION
Asian	I-AFFILIATION
branch	O
of	O
ISIL	B-ORGANIZATION
(	O
ISIS	B-ORGANIZATION
)	O
,	O
and	O
other	O
violent	O
groups	O
help	O
explain	O
why	O
Iran	B-LOCATION
is	O
keen	O
to	O
increase	O
security	O
coordination	O
with	O
other	O
states	O
bordering	O
Afghanistan	B-LOCATION
.	O

Yet	O
Tehran	B-LOCATION
and	O
Dushanbe	B-LOCATION
have	O
taken	O
different	O
approaches	O
to	O
dealing	O
with	O
the	O
Taliban	B-ORGANIZATION
.	O

â	O
By	O
accepting	O
the	O
current	O
situation	O
,	O
Iran	B-LOCATION
has	O
realistically	O
chosen	O
not	O
to	O
confront	O
the	O
Taliban	B-ORGANIZATION
,	O
but	O
Tajikistan	B-LOCATION
,	O
from	O
an	O
ethnic	O
point	O
of	O
view	O
,	O
has	O
supported	O
the	O
Tajik	B-AFFILIATION
resistance	O
[	O
in	O
Afghanistan	B-LOCATION
]	O
,	O
â	O
explained	O
Rahimi	B-GIVEN_NAME
.	O
â	O
Naturally	O
,	O
this	O
concerns	O
Iran	B-LOCATION
and	O
other	O
countries	O
,	O
such	O
as	O
Uzbekistan	B-LOCATION
or	O
even	O
Russia	B-LOCATION
and	O
China	B-LOCATION
.	O
At	O
the	O
same	O
time	O
,	O
it	O
should	O
not	O
be	O
forgotten	O
that	O
Tajikistan	B-LOCATION
also	O
feels	O
strongly	O
threatened	O
by	O
Afghanistan	B-LOCATION
and	O
therefore	O
prefers	O
to	O
keep	O
an	O
important	O
and	O
influential	O
actor	O
like	O
Iran	B-LOCATION
by	O
its	O
side	O
.	O
â	O

[	O
BELOW	O
:	O
do	O
we	O
mean	O
armed	O
hostilities	O
here	O
or	O
a	O
deterioration	O
in	O
relations	O
?	O
]	O

If	O
hostility	O
later	O
breaks	O
out	O
between	O
Iran	B-LOCATION
and	O
the	O
Taliban	B-ORGANIZATION
,	O
Tehran	B-LOCATION
might	O
shift	O
closer	O
to	O
Tajikistan	B-LOCATION
âs	O
position	O
.	O

But	O
Tehran	B-LOCATION
can	O
be	O
expected	O
to	O
tread	O
cautiously	O
in	O
relation	O
to	O
Afghanistan	B-LOCATION
given	O
Iran	B-LOCATION
âs	O
border	O
security	O
concerns	O
.	O

â	O
There	O
are	O
officially	O
around	O
four	O
million	O
Afghans	B-AFFILIATION
currently	O
living	O
in	O
Iran	B-LOCATION
,	O
and	O
the	O
real	O
number	O
is	O
estimated	O
to	O
be	O
much	O
higher	O
than	O
that	O
.	O
Iran	B-LOCATION
sees	O
them	O
as	O
a	O
potential	O
security	O
threat	O
as	O
they	O
can	O
be	O
infiltrated	O
by	O
pro	O
-	O
Taliban	B-ORGANIZATION
or	O
pro	O
-	O
Qaeda	B-ORGANIZATION
sympathisers	O
,	O
â	O
said	O
Eldar	B-GIVEN_NAME
Mamedov	B-FAMILY_NAME
,	O
a	O
foreign	O
policy	O
adviser	O
in	O
the	O
European	B-AFFILIATION|B-AFFILIATION
Parliament	B-ORGANIZATION
,	O
who	O
spoke	O
to	O
Al	B-ORGANIZATION
Jazeera	I-ORGANIZATION
in	O
a	O
personal	O
capacity	O
.	O

â	O
For	O
that	O
reason	O
,	O
Iran	B-LOCATION
is	O
very	O
unlikely	O
to	O
move	O
openly	O
against	O
the	O
Taliban	B-ORGANIZATION
â	O
and	O
much	O
less	O
so	O
as	O
the	O
[	O
anti	O
-	O
Taliban	B-ORGANIZATION
]	O
Panjsher	B-LOCATION
resistance	O
is	O
not	O
seen	O
,	O
at	O
this	O
moment	O
,	O
as	O
having	O
the	O
potential	O
to	O
unseat	O
the	O
Taliban	B-ORGANIZATION
.	O
â	O

Iran	B-LOCATION
âs	O
regional	O
competition	O

GCC	B-ORGANIZATION
members	O
â	O
influence	O
in	O
Tajikistan	B-LOCATION
is	O
relevant	O
to	O
Tehran	B-LOCATION
-	O
Dushanbe	B-LOCATION
relations	O
.	O

â	O
Rahmon	B-GIVEN_NAME
seeks	O
to	O
manoeuvre	O
between	O
a	O
variety	O
of	O
regional	O
and	O
global	O
players	O
,	O
extracting	O
the	O
maximum	O
benefits	O
for	O
his	O
power	O
.	O
This	O
is	O
driven	O
as	O
much	O
by	O
geopolitics	O
as	O
by	O
expectations	O
of	O
investments	O
,	O
â	O
explained	O
Mamedov	B-GIVEN_NAME
.	O
â	O
Currently	O
,	O
Tajikistan	B-LOCATION
âs	O
relations	O
with	O
Iran	B-LOCATION
are	O
on	O
the	O
mend	O
,	O
but	O
Rahmon	B-GIVEN_NAME
also	O
courts	O
the	O
[	O
GCC	B-ORGANIZATION
states	O
]	O
assiduously	O
.	O
â	O

Albeit	O
not	O
to	O
a	O
great	O
extent	O
,	O
the	O
Iranian	B-AFFILIATION
-	O
Saudi	B-AFFILIATION
rivalry	O
has	O
affected	O
Dushanbe	B-LOCATION
.	O

While	O
making	O
inroads	O
in	O
Tajikistan	B-LOCATION
and	O
deepening	O
defence	O
cooperation	O
with	O
the	O
country	O
,	O
Iran	B-LOCATION
wants	O
to	O
counter	O
Saudi	B-AFFILIATION
influence	O
in	O
Dushanbe	B-LOCATION
,	O
which	O
increased	O
when	O
relations	O
were	O
poor	O
between	O
Iran	B-LOCATION
and	O
Tajikistan	B-LOCATION
.	O

â	O
Riyadh	B-LOCATION
took	O
full	O
advantage	O
of	O
the	O
rupture	O
and	O
sought	O
to	O
leverage	O
its	O
financial	O
muscle	O
in	O
investing	O
in	O
a	O
number	O
of	O
economic	O
and	O
development	O
projects	O
in	O
Tajikistan	B-LOCATION
.	O
This	O
was	O
pure	O
geopolitical	O
opportunism	O
on	O
the	O
part	O
of	O
Riyadh	B-LOCATION
,	O
seeking	O
to	O
capitalise	O
on	O
the	O
situation	O
with	O
the	O
aim	O
of	O
deprivileging	O
Iran	B-LOCATION
âs	O
position	O
as	O
a	O
key	O
ally	O
and	O
investor	O
in	O
Tajikistan	B-LOCATION
,	O
â	O
added	O
Wastnidge	B-GIVEN_NAME
.	O

Turkish	B-AFFILIATION
-	O
Iranian	B-AFFILIATION
competition	O
in	O
the	O
region	O
factors	O
into	O
the	O
equation	O
too	O
.	O

Turkey	B-LOCATION
has	O
already	O
armed	O
Azerbaijan	B-LOCATION
with	O
Bayraktar	B-ORGANIZATION
drones	O
and	O
has	O
sold	O
them	O
to	O
other	O
central	O
Asian	B-AFFILIATION
states	O
;	O
Iran	B-LOCATION
likely	O
sees	O
its	O
new	O
factory	O
in	O
Dushanbe	B-LOCATION
as	O
part	O
of	O
an	O
effort	O
to	O
compete	O
with	O
Ankara	B-LOCATION
.	O

Tajikistan	B-LOCATION
,	O
a	O
non	O
-	O
Turkic	B-AFFILIATION
country	O
that	O
shares	O
deep	O
cultural	O
and	O
linguistic	O
ties	O
with	O
Iran	B-LOCATION
,	O
is	O
a	O
part	O
of	O
central	O
Asia	B-LOCATION
where	O
Tehran	B-LOCATION
has	O
advantages	O
over	O
Turkey	B-LOCATION
,	O
despite	O
its	O
drones	O
being	O
less	O
advanced	O
than	O
the	O
Bayraktars	B-BRANDS
.	O

Considering	O
Tajikistan	B-LOCATION
âs	O
April	B-DATE
2021	I-DATE
border	O
clash	O
over	O
water	O
resources	O
with	O
Kyrgyzstan	B-LOCATION
,	O
Dushanbe	B-LOCATION
could	O
perhaps	O
capitalise	O
on	O
Iran	B-LOCATION
âs	O
competition	O
with	O
regional	O
actors	O
.	O

â	O
Tajikistan	B-LOCATION
was	O
also	O
interested	O
in	O
acquiring	O
Turkish	B-BRANDS|B-AFFILIATION
drones	I-BRANDS
.	O
However	O
,	O
Rahmon	B-GIVEN_NAME
may	O
be	O
looking	O
to	O
diversify	O
his	O
regional	O
ties	O
to	O
include	O
Iran	B-LOCATION
and	O
play	O
Iran	B-LOCATION
and	O
Turkey	B-LOCATION
against	O
each	O
other	O
to	O
his	O
advantage	O
,	O
â	O
explained	O
Mamedov	B-GIVEN_NAME
.	O
â	O
That	O
may	O
prove	O
useful	O
as	O
a	O
hedging	O
strategy	O
as	O
Tajikistan	B-LOCATION
is	O
mired	O
in	O
a	O
conflict	O
with	O
Turkic	B-AFFILIATION
Kyrgyzstan	B-LOCATION
.	O
â	O

