Pallonji	B-GIVEN_NAME
Mistry	B-FAMILY_NAME
,	O
the	O
Indian	B-AFFILIATION
-	O
born	O
billionaire	O
whose	O
engineering	O
empire	O
built	O
luxury	O
hotels	O
,	O
stadiums	O
,	O
palaces	O
and	O
factories	O
across	O
Asia	B-LOCATION
and	O
whose	O
family	O
âs	O
epic	O
showdown	O
with	O
the	O
Tata	B-ORGANIZATION
Group	I-ORGANIZATION
sparked	O
India	B-LOCATION
âs	O
biggest	O
corporate	O
feud	O
,	O
has	O
passed	O
away	O
in	O
Mumbai	B-LOCATION
.	O

He	O
was	O
93	O
.	O

A	O
company	O
spokesperson	O
confirmed	O
the	O
death	O
of	O
the	O
Indian	B-AFFILIATION
tycoon	O
after	O
social	O
media	O
posts	O
on	O
the	O
news	O
spread	O
.	O

Mistry	B-GIVEN_NAME
and	O
his	O
family	O
control	O
the	O
Shapoorji	B-ORGANIZATION
Pallonji	I-ORGANIZATION
Group	I-ORGANIZATION
,	O
which	O
started	O
more	O
than	O
150	B-DURATION
years	I-DURATION
ago	O
and	O
today	O
employs	O
more	O
than	O
50,000	O
people	O
in	O
over	O
50	O
countries	O
,	O
according	O
to	O
its	O
website	O
.	O

Its	O
landmark	O
projects	O
include	O
the	O
Reserve	B-ORGANIZATION
Bank	I-ORGANIZATION
of	I-ORGANIZATION
India	I-ORGANIZATION|B-LOCATION
and	O
the	O
Oberoi	B-LOCATION
Hotel	I-LOCATION
in	O
Mumbai	B-LOCATION
and	O
the	O
blue	O
-	O
and	O
-	O
gold	O
Al	B-LOCATION|B-LOCATION
Alam	I-LOCATION|I-LOCATION
palace	I-LOCATION
for	O
the	O
Sultan	O
of	O
Oman	B-LOCATION
.	O

Mistry	B-GIVEN_NAME
accumulated	O
a	O
net	O
worth	O
of	O
almost	O
$	B-MONEY
29	I-MONEY
billion	I-MONEY
,	O
according	O
to	O
the	O
Bloomberg	B-ORGANIZATION|B-ORGANIZATION
Billionaires	B-MISC
Index	I-MISC
,	O
making	O
him	O
one	O
of	O
the	O
richest	O
men	O
in	O
India	B-LOCATION
and	O
in	O
Europe	B-LOCATION
.	O

He	O
surrendered	O
his	O
Indian	B-AFFILIATION
nationality	O
and	O
became	O
an	O
Irish	B-AFFILIATION
citizen	O
in	O
2003	B-DATE
through	O
his	O
long	O
marriage	O
to	O
Dublin	B-LOCATION
-	O
born	O
Patsy	B-GIVEN_NAME
Perin	B-FAMILY_NAME
Dubash	I-FAMILY_NAME
.	O

Most	O
of	O
the	O
family	O
wealth	O
,	O
however	O
,	O
derived	O
from	O
being	O
the	O
largest	O
minority	O
shareholder	O
â	O
18.5	O
%	O
as	O
of	O
early	O
2022	B-DATE
â	O
in	O
Mumbai	B-LOCATION
-	O
based	O
Tata	B-ORGANIZATION
Sons	I-ORGANIZATION
Pvt	I-ORGANIZATION
.	O
,	O
the	O
main	O
investment	O
holding	O
company	O
for	O
India	B-LOCATION
âs	O
largest	O
conglomerate	O
.	O

That	O
stake	O
proved	O
to	O
be	O
a	O
double	O
-	O
edged	O
sword	O
for	O
the	O
media	O
-	O
shy	O
Mistry	B-GIVEN_NAME
when	O
the	O
shock	O
ouster	O
of	O
his	O
son	O
Cyrus	B-GIVEN_NAME
as	O
Tata	B-ORGANIZATION
Sons	I-ORGANIZATION
chairman	O
in	O
2016	B-DATE
triggered	O
a	O
very	O
public	O
,	O
years	O
-	O
long	O
courtroom	O
and	O
boardroom	O
battle	O
between	O
two	O
of	O
India	B-LOCATION
âs	O
most	O
-	O
storied	O
corporate	O
clans	O
.	O

The	O
country	O
âs	O
top	O
court	O
ruled	O
in	O
2021	B-DATE
that	O
Cyrus	B-GIVEN_NAME
âs	O
ouster	O
was	O
legal	O
and	O
also	O
upheld	O
Tata	B-ORGANIZATION
Sons	I-ORGANIZATION
âs	O
rules	O
on	O
minority	O
shareholder	O
rights	O
,	O
which	O
made	O
it	O
difficult	O
to	O
sell	O
shares	O
without	O
board	O
approval	O
.	O

That	O
meant	O
the	O
stake	O
,	O
worth	O
almost	O
$	B-MONEY
30	I-MONEY
billion	I-MONEY
in	O
early	O
2022	B-DATE
,	O
was	O
basically	O
illiquid	O
.	O

Early	O
Partners	O

The	O
family	O
business	O
was	O
founded	O
in	O
1865	B-DATE
,	O
when	O
Pallonji	B-GIVEN_NAME
Mistry	B-FAMILY_NAME
âs	O
grandfather	O
started	O
a	O
construction	O
business	O
with	O
an	O
Englishman	B-AFFILIATION
.	O

The	O
initial	O
project	O
was	O
the	O
first	O
reservoir	O
in	O
Mumbai	B-LOCATION
,	O
then	O
known	O
as	O
Bombay	B-LOCATION
.	O

The	O
company	O
began	O
doing	O
business	O
with	O
the	O
Tata	B-ORGANIZATION
family	O
in	O
the	O
1920s	B-DATE
;	O
both	O
families	O
are	O
Zoroastrians	B-AFFILIATION
whose	O
ancestors	O
fled	O
Persia	B-LOCATION
to	O
India	B-LOCATION
to	O
escape	O
religious	O
persecution	O
.	O

Mistry	B-GIVEN_NAME
was	O
born	O
on	O
June	B-DATE
1	I-DATE
,	I-DATE
1929	I-DATE
,	O
in	O
Mumbai	B-LOCATION
.	O

His	O
father	O
,	O
Shapoorji	B-GIVEN_NAME
Mistry	B-FAMILY_NAME
,	O
worked	O
for	O
the	O
family	O
company	O
,	O
which	O
the	O
son	O
joined	O
in	O
1947	B-DATE
.	O

He	O
led	O
the	O
company	O
âs	O
expansion	O
into	O
the	O
Middle	B-LOCATION
East	I-LOCATION
,	O
including	O
Abu	B-LOCATION
Dhabi	I-LOCATION
,	O
Qatar	B-LOCATION
and	O
Dubai	B-LOCATION
,	O
in	O
1970	B-DATE
.	O

It	O
won	O
a	O
contract	O
to	O
build	O
the	O
Sultan	B-LOCATION
of	I-LOCATION
Oman	I-LOCATION|B-LOCATION
âs	I-LOCATION
palace	I-LOCATION
in	O
1971	B-DATE
and	O
many	O
ministerial	O
buildings	O
there	O
.	O

His	O
management	O
style	O
and	O
desire	O
to	O
expand	O
globally	O
was	O
in	O
sharp	O
contrast	O
to	O
that	O
of	O
his	O
father	O
,	O
who	O
traveled	O
abroad	O
just	O
twice	O
to	O
help	O
some	O
family	O
members	O
seek	O
medical	O
treatment	O
,	O
according	O
to	O
the	O
2007	B-DATE
book	O
â	O
Moguls	B-BRANDS
of	B-MISC
Real	I-MISC
Estate	I-MISC
,	O
â	O
by	O
Manoj	B-GIVEN_NAME
Namburu	B-FAMILY_NAME
.	O

Unlike	O
his	O
father	O
,	O
who	O
exercised	O
personal	O
control	O
over	O
the	O
smallest	O
detail	O
and	O
had	O
his	O
engineers	O
apprise	O
him	O
every	O
day	O
on	O
projects	O
,	O
Mistry	B-GIVEN_NAME
delegated	O
authority	O
and	O
only	O
retained	O
supervisory	O
and	O
planning	O
powers	O
.	O

To	O
protect	O
the	O
company	O
âs	O
reputation	O
,	O
Mistry	B-GIVEN_NAME
was	O
often	O
willing	O
to	O
complete	O
a	O
construction	O
project	O
even	O
at	O
a	O
loss	O
,	O
according	O
to	O
â	O
Moguls	B-BRANDS
of	B-MISC
Real	I-MISC
Estate	I-MISC
,	O
â	O
which	O
cited	O
Zafar	B-GIVEN_NAME
Iqbal	B-FAMILY_NAME
,	O
a	O
former	O
chief	O
executive	O
officer	O
of	O
SP	B-ORGANIZATION
Group	I-ORGANIZATION
.	O

Under	O
his	O
watch	O
,	O
the	O
business	O
developed	O
into	O
a	O
conglomerate	O
that	O
included	O
real	O
estate	O
,	O
water	O
,	O
energy	O
and	O
financial	O
services	O
.	O

Its	O
stake	O
in	O
Forbes	B-ORGANIZATION
&	I-ORGANIZATION
Company	I-ORGANIZATION
Ltd	I-ORGANIZATION
.	O
provided	O
access	O
to	O
textile	O
,	O
engineering	O
,	O
home	O
appliance	O
and	O
shipping	O
businesses	O
,	O
while	O
it	O
held	O
a	O
majority	O
stake	O
in	O
Afcons	B-ORGANIZATION
Infrastructure	I-ORGANIZATION
Ltd	I-ORGANIZATION
.	O
,	O
which	O
built	O
projects	O
in	O
India	B-LOCATION
.	O

Tough	O
Times	O

To	O
Indians	B-AFFILIATION
,	O
besides	O
the	O
Oberoi	B-LOCATION
Hotel	I-LOCATION
and	O
RBI	B-ORGANIZATION
âs	O
building	O
in	O
the	O
nation	O
âs	O
financial	O
hub	O
,	O
the	O
company	O
is	O
also	O
known	O
for	O
building	O
the	O
Mumbai	B-LOCATION|B-LOCATION
World	I-LOCATION
Trade	I-LOCATION
Centre	I-LOCATION
in	O
1970	B-DATE
and	O
the	O
Imperial	B-LOCATION
,	O
two	O
60	O
-	O
story	O
residential	O
towers	O
,	O
in	O
the	O
city	O
in	O
2010	B-DATE
.	O

It	O
also	O
built	O
an	O
80	O
-	O
acre	O
(	O
32	O
-	O
hectare	O
)	O
information	O
-	O
technology	O
park	O
called	O
Ozone	B-LOCATION
,	O
in	O
the	O
western	B-LOCATION
Indian	I-LOCATION|B-AFFILIATION
city	I-LOCATION
of	I-LOCATION
Pune	I-LOCATION
.	O

That	O
was	O
an	O
offshoot	O
of	O
a	O
110	O
-	O
acre	O
stud	O
farm	O
Mistry	B-GIVEN_NAME
bought	O
in	O
the	O
1980s	B-DATE
,	O
which	O
went	O
on	O
to	O
breed	O
Indian	B-AFFILIATION|B-AFFILIATION
Derby	B-MISC
winning	O
stallions	O
,	O
according	O
to	O
Namburu	B-GIVEN_NAME
âs	O
book	O
.	O

The	O
family	O
âs	O
stake	O
in	O
Tata	B-ORGANIZATION
Sons	I-ORGANIZATION
increased	O
as	O
the	O
company	O
built	O
car	O
factories	O
and	O
steel	O
mills	O
for	O
the	O
group	O
.	O
His	O
father	O
also	O
bought	O
stakes	O
from	O
Tata	B-ORGANIZATION
family	O
members	O
over	O
the	O
years	O
.	O
Meanwhile	O
,	O
the	O
Tata	B-ORGANIZATION
portfolio	O
expanded	O
to	O
more	O
than	O
100	O
companies	O
,	O
including	O
brand	O
names	O
such	O
as	O
Jaguar	B-ORGANIZATION
,	O
Land	B-ORGANIZATION
Rover	I-ORGANIZATION
,	O
Tetley	B-ORGANIZATION
Tea	I-ORGANIZATION
and	O
Corus	B-ORGANIZATION
Steel	I-ORGANIZATION
.	O

India	B-LOCATION
âs	O
news	O
outlets	O
called	O
Mistry	B-GIVEN_NAME
â	O
the	O
Phantom	O
of	O
Bombay	B-LOCATION
House	I-LOCATION
,	O
â	O
the	O
Tata	B-ORGANIZATION
group	O
âs	O
head	O
office	O
,	O
because	O
he	O
was	O
rarely	O
seen	O
there	O
and	O
because	O
of	O
his	O
quiet	O
demeanor	O
and	O
avoidance	O
of	O
the	O
media	O
.	O
The	O
family	O
is	O
generally	O
secretive	O
and	O
even	O
such	O
details	O
as	O
when	O
he	O
and	O
his	O
wife	O
married	O
are	O
not	O
publicly	O
known	O
.	O

Mistry	B-GIVEN_NAME
took	O
a	O
backseat	O
after	O
Shapoor	B-GIVEN_NAME
,	O
his	O
eldest	O
son	O
,	O
took	O
over	O
as	O
chairman	O
of	O
SP	B-ORGANIZATION
Group	I-ORGANIZATION
companies	O
in	O
2004	B-DATE
.	O

Boardroom	O
Coup	O

Cyrus	B-GIVEN_NAME
became	O
the	O
Tata	B-ORGANIZATION
Sons	I-ORGANIZATION
chairman	O
in	O
2012	B-DATE
,	O
succeeding	O
Ratan	B-GIVEN_NAME
Tata	B-FAMILY_NAME
.	O
But	O
he	O
was	O
removed	O
four	B-DURATION
years	I-DURATION
later	O
in	O
a	O
boardroom	O
coup	O
led	O
by	O
Tata	B-ORGANIZATION
Trusts	I-ORGANIZATION
,	O
which	O
owned	O
66	O
%	O
of	O
Tata	B-ORGANIZATION
Sons	I-ORGANIZATION
and	O
was	O
controlled	O
by	O
Ratan	B-GIVEN_NAME
Tata	B-FAMILY_NAME
.	O
The	O
dispute	O
snowballed	O
with	O
allegations	O
of	O
mismanagement	O
and	O
suppression	O
of	O
minority	O
shareholder	O
rights	O
.	O
The	O
2021	B-DATE
court	O
ruling	O
in	O
Tata	B-ORGANIZATION
âs	O
favor	O
left	O
burnt	O
bridges	O
between	O
the	O
two	O
families	O
,	O
which	O
had	O
been	O
partners	O
for	O
70	B-DURATION
years	I-DURATION
.	O

After	O
his	O
Tata	B-ORGANIZATION
stint	O
,	O
Cyrus	B-GIVEN_NAME
went	O
on	O
to	O
set	O
up	O
a	O
venture	O
capital	O
firm	O
,	O
Mistry	B-ORGANIZATION
Ventures	I-ORGANIZATION
LLP	I-ORGANIZATION
.	O

Despite	O
a	O
diversified	O
set	O
of	O
businesses	O
,	O
the	O
SP	B-ORGANIZATION
Group	I-ORGANIZATION
was	O
forced	O
to	O
look	O
at	O
asset	O
sales	O
as	O
it	O
faced	O
a	O
cash	O
crunch	O
,	O
burgeoning	O
debt	O
and	O
even	O
a	O
payment	O
default	O
in	O
2020	B-DATE
.	O
The	O
Covid	B-BRANDS
-	B-MISC
19	I-MISC
pandemic	O
hit	O
its	O
core	O
real	O
estate	O
operations	O
.	O
In	O
October	B-DATE
2021	I-DATE
a	O
unit	O
of	O
Reliance	B-ORGANIZATION
Industries	I-ORGANIZATION
Ltd	I-ORGANIZATION
.	O
agreed	O
to	O
acquire	O
40	O
%	O
of	O
Mistry	B-GIVEN_NAME
âs	O
Sterling	B-ORGANIZATION
&	I-ORGANIZATION
Wilson	I-ORGANIZATION
Solar	I-ORGANIZATION
Ltd	I-ORGANIZATION
.	O

In	O
addition	O
to	O
his	O
two	O
sons	O
Mistry	B-GIVEN_NAME
had	O
two	O
daughters	O
,	O
Laila	B-GIVEN_NAME
and	O
Aloo	B-GIVEN_NAME
.	O
The	O
latter	O
married	O
Noel	B-GIVEN_NAME
Tata	B-FAMILY_NAME
,	O
the	O
half	O
-	O
brother	O
of	O
Ratan	B-GIVEN_NAME
Tata	B-FAMILY_NAME
,	O
who	O
was	O
named	O
chairman	O
emeritus	O
of	O
Tata	B-ORGANIZATION
Sons	I-ORGANIZATION
.	O

