In	O
the	O
middle	O
of	O
the	O
bush	O
in	O
far	O
western	O
Queensland	B-LOCATION
,	O
a	O
lone	O
grave	O
looks	O
starkly	O
out	O
of	O
place	O
in	O
the	O
red	O
dirt	O
and	O
dead	O
grass	O
.	O

Vera	B-GIVEN_NAME
Tighe	B-FAMILY_NAME
's	O
grave	O
sits	O
protected	O
by	O
chicken	O
wire	O
and	O
rusty	O
old	O
poles	O
,	O
but	O
two	O
weathered	O
teddy	O
bears	O
and	O
a	O
little	O
green	O
dinosaur	O
adorning	O
the	O
plaque	O
offer	O
clues	O
to	O
the	O
young	O
life	O
it	O
commemorates	O
.	O

Vera	B-GIVEN_NAME
was	O
eight	B-DURATION
years	I-DURATION
old	O
when	O
she	O
died	O
108	B-DURATION
years	I-DURATION
ago	O
.	O

Her	O
resting	O
place	O
near	O
Cooladdi	B-LOCATION
has	O
led	O
her	O
relatives	O
on	O
a	O
quest	O
to	O
unearth	O
family	O
secrets	O
from	O
a	O
time	O
when	O
society	O
was	O
very	O
different	O
.	O

This	O
week	O
brought	O
them	O
back	O
to	O
where	O
it	O
all	O
began	O
.	O

"	O
It	O
's	O
a	O
story	O
of	O
the	O
tough	O
times	O
ordinary	O
people	O
faced	O
,	O
of	O
families	O
fighting	O
hard	O
to	O
stay	O
together	O
in	O
the	O
face	O
of	O
prejudice	O
,	O
"	O
Charleville	B-LOCATION|B-LOCATION
Historic	I-LOCATION
House	I-LOCATION
's	O
Gabrielle	B-GIVEN_NAME
Wheeler	B-FAMILY_NAME
said	O
.	O

"	O
It	O
was	O
also	O
a	O
story	O
of	O
people	O
isolated	O
in	O
remote	O
parts	O
of	O
Queensland	B-LOCATION
pulling	O
together	O
to	O
ensure	O
that	O
a	O
tiny	O
child	O
would	O
not	O
be	O
forgotten	O
.	O
"	O

A	O
hard	O
life	O

Vera	B-GIVEN_NAME
was	O
the	O
third	O
child	O
her	O
parents	O
lost	O
in	O
10	B-DURATION
years	I-DURATION
.	O

It	O
was	O
March	B-DATE
1914	I-DATE
,	O
and	O
the	O
world	O
was	O
four	O
months	O
away	O
from	O
being	O
plunged	O
into	O
war	O
.	O

As	O
the	O
sun	O
rose	O
on	O
the	O
morning	O
after	O
her	O
death	O
,	O
her	O
father	O
Jack	B-GIVEN_NAME
Tighe	B-FAMILY_NAME
and	O
his	O
friend	O
Bill	B-GIVEN_NAME
King	B-FAMILY_NAME
buried	O
Vera	B-GIVEN_NAME
close	O
to	O
the	O
family	O
's	O
meagre	O
shanty	O
on	O
the	O
western	O
bank	O
of	O
Quilberry	B-LOCATION
Creek	I-LOCATION
.	O

Mr	O
Tighe	B-GIVEN_NAME
then	O
carved	O
a	O
headstone	O
for	O
his	O
daughter	O
from	O
hand	O
-	O
made	O
concrete	O
.	O

But	O
over	O
the	O
decades	O
,	O
drought	O
,	O
floods	O
and	O
the	O
hot	O
scorching	O
summer	O
sun	O
slowly	O
wore	O
the	O
headstone	O
down	O
.	O

A	O
few	O
years	O
ago	O
,	O
workers	O
for	O
an	O
energy	O
company	O
were	O
digging	O
around	O
when	O
they	O
stumbled	O
upon	O
the	O
headstone	O
,	O
which	O
had	O
shattered	O
.	O

They	O
took	O
it	O
to	O
the	O
Fox	B-LOCATION
Trap	I-LOCATION
Roadhouse	I-LOCATION
in	O
Cooladdi	B-LOCATION
,	O
the	O
only	O
inhabited	O
dwelling	O
in	O
town	O
,	O
where	O
it	O
was	O
displayed	O
in	O
a	O
glass	O
cabinet	O
and	O
later	O
given	O
to	O
family	O
members	O
for	O
safekeeping	O
.	O

The	O
workers	O
,	O
moved	O
by	O
their	O
discovery	O
,	O
chipped	O
in	O
from	O
their	O
personal	O
savings	O
for	O
a	O
new	O
brass	O
plaque	O
and	O
a	O
teddy	O
for	O
the	O
gravesite	O
.	O

Family	O
secrets	O

Wind	O
the	O
clock	O
forward	O
and	O
Vera	B-GIVEN_NAME
's	O
great	O
niece	O
,	O
Elizabeth	B-GIVEN_NAME
Downes	B-FAMILY_NAME
,	O
has	O
uncovered	O
a	O
family	O
story	O
blurred	O
through	O
tragedy	O
and	O
shame	O
.	O

In	O
June	B-DATE
2020	I-DATE
,	O
Ms	O
Downes	B-GIVEN_NAME
,	O
now	O
56	O
,	O
arrived	O
in	O
Australia	B-LOCATION
's	O
smallest	O
town	O
,	O
more	O
than	O
800	O
kilometres	O
from	O
Brisbane	B-LOCATION
,	O
desperately	O
looking	O
for	O
any	O
information	O
about	O
her	O
long	O
-	O
lost	O
great	O
aunt	O
.	O

"	O
I	O
wanted	O
to	O
have	O
that	O
connection	O
with	O
my	O
grandmother	O
's	O
family	O
because	O
of	O
the	O
shame	O
they	O
felt	O
,	O
"	O
Ms	O
Downes	B-GIVEN_NAME
said	O
.	O

"	O
They	O
did	O
n't	O
talk	O
about	O
siblings	O
;	O
they	O
did	O
n't	O
talk	O
about	O
anything	O
or	O
anybody	O
â	O
it	O
was	O
all	O
a	O
secret	O
.	O
"	O

By	O
delving	O
into	O
the	O
records	O
and	O
meticulously	O
searching	O
birth	O
,	O
marriage	O
and	O
death	O
certificates	O
,	O
Ms	O
Downes	B-GIVEN_NAME
said	O
she	O
learned	O
more	O
about	O
her	O
family	O
's	O
past	O
.	O

She	O
said	O
things	O
started	O
to	O
become	O
clearer	O
with	O
the	O
aid	O
of	O
DNA	B-BRANDS
testing	O
.	O

"	O
Jack	B-GIVEN_NAME
and	O
Ellen	B-GIVEN_NAME
's	O
constant	O
fear	O
of	O
the	O
children	O
being	O
removed	O
had	O
them	O
in	O
fear	O
of	O
their	O
Aboriginality	B-AFFILIATION
,	O
"	O
Ms	O
Downes	B-GIVEN_NAME
said	O
.	O

Records	O
show	O
Mr	O
Tighe	B-GIVEN_NAME
was	O
born	O
in	O
1869	B-DATE
on	O
a	O
station	O
near	O
Coonabarabran	B-LOCATION
in	O
New	B-LOCATION
South	I-LOCATION
Wales	I-LOCATION
and	O
was	O
of	O
Irish	B-AFFILIATION
,	O
English	B-AFFILIATION
and	O
Aboriginal	B-AFFILIATION
heritage	O
.	O

Ellen	B-GIVEN_NAME
Tighe	B-FAMILY_NAME
was	O
the	O
daughter	O
of	O
Irish	B-AFFILIATION
and	O
English	B-AFFILIATION
immigrants	O
.	O

It	O
was	O
a	O
time	O
when	O
mixed	O
marriages	O
were	O
not	O
accepted	O
or	O
considered	O
equal	O
.	O

Ms	O
Downes	B-GIVEN_NAME
said	O
the	O
couple	O
left	O
New	B-LOCATION
South	I-LOCATION
Wales	I-LOCATION
and	O
floated	O
around	O
outback	O
Queensland	B-LOCATION
,	O
where	O
Jack	B-GIVEN_NAME
worked	O
in	O
shearing	O
sheds	O
,	O
labouring	O
and	O
fencing	O
.	O

It	O
was	O
a	O
tough	O
and	O
basic	O
existence	O
.	O

Three	B-DURATION
years	I-DURATION
after	O
Vera	B-GIVEN_NAME
's	O
death	O
,	O
in	O
1917	B-DATE
,	O
Mrs	O
Tighe	B-GIVEN_NAME
had	O
disappeared	O
from	O
the	O
electoral	O
roll	O
.	O

Ms	O
Downes	B-GIVEN_NAME
said	O
the	O
local	O
gossip	O
was	O
the	O
marriage	O
ended	O
and	O
that	O
she	O
had	O
taken	O
their	O
two	O
youngest	O
children	O
with	O
her	O
.	O

She	O
found	O
some	O
evidence	O
that	O
Mrs	O
Tighe	B-GIVEN_NAME
was	O
registered	O
as	O
the	O
licensee	O
of	O
the	O
Bierbank	B-LOCATION
Hotel	I-LOCATION
,	O
in	O
outback	O
Queensland	B-LOCATION
.	O

Here	O
she	O
was	O
recorded	O
as	O
helping	O
deliver	O
a	O
baby	O
in	O
1919	B-DATE
,	O
but	O
few	O
records	O
exist	O
of	O
her	O
life	O
afterwards	O
.	O

She	O
was	O
buried	O
in	O
a	O
pauper	O
's	O
grave	O
in	O
Brisbane	B-LOCATION|B-LOCATION
's	I-LOCATION|I-LOCATION
Toowong	I-LOCATION|I-LOCATION
Cemetery	I-LOCATION
in	O
1940	B-DATE
.	O

Mr	O
Tighe	B-GIVEN_NAME
died	O
two	B-DURATION
years	I-DURATION
earlier	O
and	O
was	O
buried	O
in	O
the	O
Charleville	B-LOCATION|B-LOCATION
Cemetery	I-LOCATION
,	O
an	O
hour	O
's	O
drive	O
from	O
Cooladdi	B-LOCATION
.	O

'	O
Close	O
to	O
her	O
father	O
'	O

This	O
week	O
,	O
Ms	O
Downes	B-GIVEN_NAME
returned	O
to	O
her	O
great	O
aunt	O
's	O
burial	O
site	O
to	O
reconnect	O
with	O
locals	O
who	O
helped	O
her	O
along	O
her	O
path	O
of	O
discovery	O
.	O

"	O
She	O
will	O
not	O
be	O
forgotten	O
,	O
"	O
she	O
said	O
.	O

The	O
family	O
has	O
also	O
donated	O
Vera	B-GIVEN_NAME
's	O
original	O
headstone	O
to	O
the	O
Charleville	B-LOCATION|B-LOCATION
Historic	I-LOCATION
House	I-LOCATION
.	O

"	O
As	O
soon	O
as	O
Elizabeth	B-GIVEN_NAME
contacted	O
me	O
at	O
Historic	B-LOCATION
House	I-LOCATION
Museum	I-LOCATION
with	O
the	O
offer	O
of	O
the	O
headstone	O
,	O
I	O
knew	O
it	O
was	O
a	O
story	O
waiting	O
to	O
be	O
told	O
,	O
"	O
Ms	O
Wheeler	B-GIVEN_NAME
said	O
.	O

She	O
said	O
the	O
Historic	B-LOCATION
House	I-LOCATION
Museum	I-LOCATION
was	O
privileged	O
to	O
be	O
given	O
the	O
responsibility	O
to	O
protect	O
and	O
preserve	O
the	O
headstone	O
,	O
which	O
would	O
go	O
on	O
display	O
soon	O
.	O

"	O
It	O
seems	O
right	O
to	O
have	O
Vera	B-GIVEN_NAME
close	O
to	O
her	O
father	O
,	O
"	O
Ms	O
Downes	B-GIVEN_NAME
said	O
.	O

"	O
Vera	B-GIVEN_NAME
has	O
come	O
home	O
,	O
where	O
she	O
can	O
be	O
at	O
peace	O
,	O
and	O
there	O
is	O
no	O
shame	O
anymore	O
.	O
"	O

