Australian	B-ORGANIZATION|B-AFFILIATION
Greens	I-ORGANIZATION
leader	O
Adam	B-GIVEN_NAME
Bandt	B-FAMILY_NAME
will	O
use	O
a	O
speech	O
to	O
the	O
National	B-ORGANIZATION
Press	I-ORGANIZATION
Club	I-ORGANIZATION
to	O
argue	O
the	B-ORGANIZATION
Greens	I-ORGANIZATION
are	O
the	O
only	O
remaining	O
social	O
democratic	B-AFFILIATION
party	O
left	O
in	O
Australia	B-LOCATION
,	O
claiming	O
Labor	B-ORGANIZATION
has	O
deserted	O
his	O
side	O
of	O
politics	O
.	O

In	O
a	O
speech	O
on	O
â	O
The	B-ORGANIZATION
Greens	I-ORGANIZATION
and	O
the	O
47th	B-ORGANIZATION
Parliament	I-ORGANIZATION
â	O
,	O
Mr	O
Bandt	B-GIVEN_NAME
on	O
Wednesday	B-DATE
will	O
drive	O
home	O
his	O
message	O
that	O
the	O
major	O
parties	O
are	O
abandoning	O
the	O
left	O
by	O
claiming	O
that	O
â	O
Labor	B-ORGANIZATION
is	O
now	O
the	O
party	O
of	O
the	O
centre	O
-	O
right	O
â	O
.	O

â	O
Since	O
Keating	B-GIVEN_NAME
and	O
Hawke	B-GIVEN_NAME
,	O
Labor	B-ORGANIZATION
has	O
adopted	O
neoliberalism	O
,	O
which	O
has	O
privatised	O
public	O
services	O
,	O
cut	O
taxes	O
for	O
the	O
wealthy	O
and	O
adopted	O
more	O
and	O
more	O
austerity	O
,	O
â	O
he	O
will	O
say	O
.	O

After	O
being	O
called	O
â	O
irrelevant	O
â	O
by	O
Nationals	B-ORGANIZATION
leader	O
David	B-GIVEN_NAME
Littleproud	B-FAMILY_NAME
on	O
Monday	B-DATE
,	O
Mr	O
Bandt	B-GIVEN_NAME
is	O
set	O
to	O
pass	O
on	O
the	O
title	O
to	O
the	O
Liberals	B-AFFILIATION
,	O
suggesting	O
the	O
party	O
as	O
a	O
whole	O
is	O
â	O
irrelevant	O
â	O
and	O
that	O
â	O
with	O
Peter	B-GIVEN_NAME
Dutton	B-FAMILY_NAME
as	O
their	O
leader	O
â¦	O
they	O
will	O
go	O
backwards	O
.	O
â	O

â	O
Our	O
working	O
presumption	O
is	O
that	O
Australia	B-LOCATION
will	O
end	O
this	O
three	O
-	O
year	O
term	O
of	O
parliament	O
with	O
Labor	B-ORGANIZATION
the	O
country	O
âs	O
centre	O
-	O
right	O
party	O
,	O
the	O
Liberals	B-AFFILIATION
a	O
far	O
right	O
irrelevance	O
and	O
the	B-ORGANIZATION
Greens	I-ORGANIZATION
the	O
dominant	O
social	O
democratic	B-AFFILIATION
party	O
in	O
a	O
country	O
that	O
still	O
has	O
a	O
big	O
,	O
beating	O
progressive	O
heart	O
,	O
â	O
he	O
is	O
expected	O
to	O
say	O
.	O

â	O
The	B-ORGANIZATION
Greens	I-ORGANIZATION
are	O
now	O
the	O
only	O
social	O
democratic	B-AFFILIATION
party	O
in	O
Australia	B-LOCATION
.	O
â	O

Housing	O
affordability	O
for	O
all	O
,	O
free	O
education	O
and	O
extra	O
healthcare	O
benefits	O
will	O
also	O
be	O
on	O
the	O
cards	O
,	O
as	O
well	O
as	O
a	O
push	O
to	O
end	O
stage	O
three	O
tax	O
cuts	O
.	O

He	O
will	O
also	O
use	O
his	O
time	O
in	O
the	O
spotlight	O
to	O
offer	O
solutions	O
the	O
Albanese	B-AFFILIATION|B-GIVEN_NAME
government	O
could	O
take	O
on	O
in	O
the	O
October	B-DATE
Budget	O
to	O
address	O
the	O
wages	O
and	O
cost	O
of	O
living	O
crisis	O
.	O

â	O
First	O
,	O
the	O
government	O
should	O
bring	O
forward	O
changes	O
to	O
childcare	O
:	O
make	O
childcare	O
free	O
and	O
support	O
the	O
workforce	O
,	O
â	O
he	O
is	O
expected	O
to	O
say	O
.	O

â	O
We	O
do	O
nât	O
need	O
to	O
wait	O
for	O
another	O
review	O
to	O
tell	O
us	O
that	O
childcare	O
is	O
in	O
crisis	O
.	O
â	O

Mr	O
Bandt	B-GIVEN_NAME
is	O
also	O
set	O
to	O
push	O
for	O
the	O
government	O
to	O
include	O
dental	O
in	O
Medicare	B-BRANDS
to	O
deliver	O
â	O
real	O
cost	O
of	O
living	O
relief	O
to	O
everyone	O
in	O
the	O
country	O
â	O
.	O

â	O
This	O
could	O
be	O
funded	O
by	O
a	O
tax	O
on	O
billionaires	O
and	O
by	O
making	O
tax	O
-	O
dodging	O
gas	O
corporations	O
start	O
to	O
pay	O
tax	O
,	O
â	O
he	O
will	O
add	O
.	O

â	O
Getting	O
dental	O
into	O
Medicare	B-BRANDS
and	O
making	O
childcare	O
free	O
could	O
save	O
a	O
family	O
of	O
four	O
up	O
to	O
nearly	O
$	B-MONEY
7,000	I-MONEY
a	O
year	O
.	O
â	O

Mr	O
Bandt	B-GIVEN_NAME
is	O
set	O
to	O
dig	O
into	O
the	O
former	O
government	O
about	O
cutting	O
the	O
fuel	O
excise	O
,	O
arguing	O
the	O
attempt	O
at	O
easing	O
the	O
pressure	O
â	O
can	O
be	O
wiped	O
out	O
by	O
a	O
profiteering	O
petrol	O
corporation	O
â	O
.	O

â	O
We	O
can	O
pay	O
for	O
this	O
by	O
making	O
the	O
billionaires	O
and	O
big	O
corporations	O
pay	O
their	O
fair	O
share	O
of	O
tax	O
,	O
â	O
the	B-ORGANIZATION
Greens	I-ORGANIZATION
leader	O
will	O
say	O
.	O

Mr	O
Bandt	B-GIVEN_NAME
,	O
whose	O
party	O
is	O
seeking	O
an	O
extra	O
6	O
per	O
cent	O
wealth	O
tax	O
on	O
billionaires	O
annually	O
,	O
will	O
claim	O
Australia	B-LOCATION
âs	O
wealthiest	O
people	O
â	O
made	O
out	O
like	O
bandits	O
â	O
during	O
the	O
pandemic	O
,	O
â	O
growing	O
their	O
wealth	O
faster	O
than	O
billionaires	O
anywhere	O
else	O
in	O
the	O
world	O
â	O
.	O

â	O
Regular	O
people	O
are	O
struggling	O
with	O
years	O
of	O
no	O
wage	O
increases	O
,	O
while	O
the	O
obscene	O
wealth	O
of	O
Australia	B-LOCATION
âs	O
50	O
richest	O
billionaires	O
has	O
increased	O
by	O
86	O
per	O
cent	O
since	O
the	O
pandemic	O
,	O
â	O
the	O
Melbourne	B-LOCATION
MP	O
will	O
say	O
,	O
labelling	O
the	O
annual	O
extra	O
tax	O
for	O
the	O
top	O
dogs	O
a	O
â	O
reasonable	O
response	O
â	O
.	O

The	B-ORGANIZATION
Greens	I-ORGANIZATION
leader	O
will	O
also	O
put	O
pressure	O
on	O
big	O
corporations	O
,	O
particularly	O
the	O
gas	O
industry	O
,	O
calling	O
them	O
the	O
â	O
poster	O
child	O
tax	O
avoiders	O
â	O
.	O

â	O
They	O
âre	O
not	O
just	O
profiteering	O
off	O
a	O
Russian	B-AFFILIATION
dictator	O
âs	O
invasion	O
of	O
Ukraine	B-LOCATION
,	O
they	O
âre	O
driving	O
up	O
energy	O
costs	O
in	O
Australia	B-LOCATION
as	O
well	O
,	O
all	O
while	O
giving	O
next	O
to	O
nothing	O
to	O
the	O
public	O
purse	O
,	O
â	O
Mr	O
Bandt	B-GIVEN_NAME
will	O
claim	O
,	O
insisting	O
they	O
pay	O
no	O
tax	O
.	O

â	O
When	O
a	O
nurse	O
pays	O
more	O
tax	O
than	O
a	O
billionaire	O
corporation	O
,	O
something	O
is	O
seriously	O
wrong	O
,	O
â	O
Mr	O
Bandt	B-GIVEN_NAME
will	O
say	O
.	O

The	B-ORGANIZATION
Greens	I-ORGANIZATION
leader	O
,	O
who	O
is	O
also	O
the	O
party	O
âs	O
spokesperson	O
for	O
the	O
Climate	B-ORGANIZATION
Emergency	I-ORGANIZATION
and	I-ORGANIZATION
Energy	I-ORGANIZATION
,	I-ORGANIZATION
Employment	I-ORGANIZATION
and	I-ORGANIZATION
Industrial	I-ORGANIZATION
Relations	I-ORGANIZATION
,	O
will	O
be	O
speaking	O
at	O
12:30pm	O
on	O
Wednesday	B-DATE
.	O

