Amy	B-GIVEN_NAME
Daniel	B-FAMILY_NAME
grew	O
up	O
with	O
constant	O
questions	O
about	O
her	O
heritage	O
and	O
culture	O
,	O
something	O
she	O
still	O
faces	O
to	O
this	O
day	O
.	O

"	O
A	O
lot	O
of	O
people	O
question	O
me	O
and	O
say	O
,	O
â	O
You	O
âre	O
too	O
white	O
to	O
be	O
Aboriginal	B-AFFILIATION
.	O

You	O
âre	O
too	O
pretty	O
to	O
be	O
Aboriginal	B-AFFILIATION
.	O

You	O
do	O
nât	O
speak	O
like	O
one	O
'	O
,	O
"	O
she	O
said	O
.	O

She	O
said	O
initially	O
it	O
made	O
her	O
angry	O
and	O
left	O
her	O
questioning	O
herself	O
,	O
but	O
now	O
she	O
used	O
it	O
to	O
educate	O
others	O
.	O

"	O
I	O
take	O
that	O
opportunity	O
to	O
teach	O
people	O
that	O
no	O
matter	O
how	O
much	O
milk	O
you	O
put	O
in	O
a	O
cup	O
of	O
tea	O
,	O
you're	O
still	O
a	O
bit	O
black	O
on	O
the	O
inside	O
.	O
"	O

The	O
23	O
-	O
year	O
-	O
old	O
Nukunu	B-AFFILIATION
woman	O
first	O
found	O
out	O
she	O
was	O
Indigenous	O
while	O
in	O
high	O
school	O
.	O

She	O
was	O
born	O
and	O
raised	O
in	O
Queanbeyan	B-LOCATION
but	O
her	O
ancestors	O
are	O
from	O
Nukunu	B-LOCATION
country	O
,	O
near	O
Port	B-LOCATION|B-LOCATION
Augusta	I-LOCATION|I-LOCATION
in	I-LOCATION
South	I-LOCATION
Australia	I-LOCATION
.	O

Ms	O
Daniel	B-GIVEN_NAME
recently	O
began	O
connecting	O
more	O
deeply	O
to	O
her	O
culture	O
after	O
moving	O
to	O
Wagga	B-LOCATION
Wagga	I-LOCATION
,	O
in	O
southern	O
New	B-LOCATION
South	I-LOCATION
Wales	I-LOCATION
.	O

"	O
I	O
grew	O
up	O
painting	O
a	O
lot	O
so	O
I	O
found	O
a	O
bit	O
of	O
a	O
connection	O
there	O
and	O
loved	O
learning	O
more	O
about	O
my	O
culture	O
,	O
"	O
she	O
said	O
.	O

"	O
Then	O
I	O
moved	O
here	O
[	O
Wagga	B-LOCATION
Wagga	I-LOCATION
]	O
.	O

I	O
met	O
a	O
few	O
of	O
our	O
friends	O
and	O
they	O
taught	O
me	O
more	O
about	O
the	O
importance	O
of	O
being	O
on	O
country	O
.	O

"	O
They	O
're	O
helping	O
me	O
find	O
my	O
way	O
and	O
helping	O
me	O
find	O
my	O
story	O
.	O
"	O

A	O
long	O
journey	O

Ms	O
Daniel	B-GIVEN_NAME
always	O
felt	O
a	O
sense	O
of	O
connection	O
to	O
her	O
Indigenous	O
roots	O
.	O

"	O
When	O
I	O
do	O
things	O
on	O
country	O
,	O
when	O
I	O
paint	O
,	O
when	O
I	O
make	O
jewellery	O
and	O
weave	O
,	O
I	O
am	O
so	O
calm	O
and	O
peaceful	O
,	O
"	O
she	O
said	O
.	O

"	O
My	O
mum	O
always	O
said	O
when	O
I	O
was	O
growing	O
up	O
[	O
that	O
]	O
I	O
was	O
the	O
most	O
impatient	O
person	O
ever	O
.	O

"	O
But	O
she	O
was	O
amazed	O
that	O
I	O
'd	O
sit	O
down	O
for	O
six	B-DURATION
hours	I-DURATION
straight	O
and	O
do	O
1,000	O
dots	O
on	O
a	O
piece	O
of	O
paper	O
without	O
moving	O
.	O
"	O

But	O
Ms	O
Daniel	B-GIVEN_NAME
said	O
connecting	O
to	O
her	O
culture	O
has	O
come	O
with	O
its	O
challenges	O
,	O
such	O
as	O
being	O
questioned	O
because	O
of	O
the	O
colour	O
of	O
her	O
skin	O
.	O

She	O
said	O
it	O
had	O
also	O
been	O
difficult	O
to	O
connect	O
to	O
culture	O
,	O
because	O
she	O
did	O
not	O
grow	O
up	O
on	O
Nukunu	B-LOCATION
country	O
and	O
was	O
not	O
exposed	O
to	O
it	O
from	O
a	O
young	O
age	O
.	O

"	O
Now	O
I	O
wish	O
I	O
would	O
've	O
seen	O
more	O
stories	O
or	O
read	O
more	O
about	O
young	O
ladies	O
or	O
men	O
who	O
are	O
on	O
the	O
fairer	O
skin	O
side	O
,	O
and	O
read	O
about	O
their	O
journey	O
into	O
finding	O
their	O
culture	O
,	O
"	O
she	O
said	O
.	O

"	O
Maybe	O
even	O
doing	O
it	O
with	O
someone	O
and	O
knowing	O
that	O
you're	O
not	O
really	O
alone	O
.	O
"	O

Reconnecting	O
to	O
'	O
vital	O
'	O
culture	O

Ms	O
Daniel	B-GIVEN_NAME
is	O
not	O
alone	O
in	O
her	O
journey	O
to	O
connect	O
to	O
culture	O
.	O

The	O
Coota	B-ORGANIZATION
Girls	I-ORGANIZATION
Aboriginal	I-ORGANIZATION|B-AFFILIATION
Corporation	I-ORGANIZATION
has	O
been	O
helping	O
descendants	O
of	O
Stolen	B-BRANDS
Generations	B-MISC
survivors	O
reconnect	O
to	O
their	O
culture	O
.	O

It	O
has	O
managed	O
a	O
project	O
,	O
called	O
Nurture	B-BRANDS
Our	B-MISC
Youth	I-MISC
,	O
to	O
address	O
intergenerational	O
trauma	O
caused	O
by	O
the	O
forced	O
removal	O
and	O
institutionalisation	O
of	O
family	O
members	O
.	O

Wailwan	B-AFFILIATION
and	O
Gamilaroi	B-AFFILIATION
woman	O
Meagan	B-GIVEN_NAME
Gerrard	B-FAMILY_NAME
's	O
grandmother	O
was	O
in	O
the	O
Cootamundra	B-LOCATION|B-LOCATION
Domestic	I-LOCATION
Training	I-LOCATION
Home	I-LOCATION
for	I-LOCATION
Aboriginal	I-LOCATION|B-AFFILIATION
Girls	I-LOCATION
,	O
in	O
southern	B-LOCATION
NSW	I-LOCATION
,	O
for	O
almost	O
15	B-DURATION
years	I-DURATION
.	O

Ms	O
Gerrard	B-GIVEN_NAME
said	O
practising	O
culture	O
was	O
forbidden	O
in	O
the	O
home	O
,	O
which	O
impacted	O
generations	O
to	O
come	O
.	O

"	O
So	O
much	O
was	O
taken	O
from	O
us	O
â	O
we	O
lost	O
language	O
,	O
we	O
lost	O
that	O
connection	O
to	O
culture	O
,	O
"	O
she	O
said	O
.	O

"	O
That	O
journey	O
back	O
to	O
reconnecting	O
to	O
those	O
vital	O
things	O
as	O
Aboriginal	B-AFFILIATION
people	O
,	O
it	O
's	O
a	O
hard	O
journey	O
.	O
"	O

Ms	O
Gerrard	B-GIVEN_NAME
said	O
the	O
project	O
would	O
allow	O
descendants	O
to	O
take	O
part	O
in	O
cultural	O
gatherings	O
,	O
which	O
involved	O
activities	O
like	O
weaving	O
,	O
eating	O
bush	O
tucker	O
and	O
yarning	O
.	O

"	O
To	O
support	O
them	O
to	O
reconnect	O
to	O
culture	O
,	O
to	O
learn	O
language	O
,	O
and	O
to	O
come	O
together	O
as	O
a	O
community	O
,	O
"	O
she	O
said	O
.	O

"	O
To	O
embrace	O
that	O
would	O
be	O
such	O
a	O
powerful	O
thing	O
for	O
them	O
to	O
experience	O
.	O
"	O

