Two	O
students	O
were	O
killed	O
after	O
a	O
truck	O
smashed	O
a	O
motorcycle	O
at	O
Sadar	B-LOCATION
upazila	O
in	O
Bogura	B-LOCATION
district	O
on	O
Thursday	B-DATE
.	O

The	O
deceased	O
were	O
Redwan	B-GIVEN_NAME
Miah	B-FAMILY_NAME
,	O
17	O
,	O
son	O
of	O
Kajol	B-GIVEN_NAME
Miah	B-FAMILY_NAME
,	O
and	O
Sadik	B-GIVEN_NAME
Sheikh	B-FAMILY_NAME
,	O
21	O
,	O
son	O
of	O
Shahinur	B-GIVEN_NAME
Sheikh	B-FAMILY_NAME
,	O
residents	O
of	O
Olirbazar	B-LOCATION
area	O
in	O
the	O
upazla	O
.	O

Among	O
them	O
,	O
Redwan	B-GIVEN_NAME
was	O
a	O
student	O
of	O
Bogura	B-ORGANIZATION|B-LOCATION
Armed	I-ORGANIZATION
Police	I-ORGANIZATION
Battalion	I-ORGANIZATION
Public	I-ORGANIZATION
School	I-ORGANIZATION
&	I-ORGANIZATION
College	I-ORGANIZATION
and	O
Sadik	B-GIVEN_NAME
of	O
Noongola	B-ORGANIZATION|B-LOCATION
Degree	I-ORGANIZATION
College	I-ORGANIZATION
.	O

Locals	O
said	O
a	O
truck	O
hit	O
a	O
motorcycle	O
from	O
the	O
opposite	O
direction	O
in	O
Kalibala	B-LOCATION
area	O
at	O
about	O
7	B-TIME
:	I-TIME
00	B-TIME
pm	I-TIME
,	O
leaving	O
Redwan	B-GIVEN_NAME
and	O
Sadik	B-GIVEN_NAME
dead	O
on	O
the	O
spot	O
.	O

On	O
information	O
,	O
police	O
recovered	O
the	O
bodies	O
and	O
sent	O
those	O
to	O
a	O
nearby	O
hospital	O
morgue	O
for	O
autopsy	O
,	O
said	O
Bogura	B-LOCATION|B-LOCATION
Sadar	I-LOCATION|I-LOCATION
Police	I-LOCATION
Station	I-LOCATION
sub	O
-	O
inspector	O
Abdul	B-GIVEN_NAME
Kaiyum	B-FAMILY_NAME
.	O

Legal	O
steps	O
in	O
this	O
regard	O
are	O
under	O
process	O
,	O
he	O
added	O
.	O

