Transport	O
leaders	O
yesterday	O
called	O
for	O
restrictions	O
on	O
motorbike	O
operations	O
on	O
highways	O
in	O
a	O
bid	O
to	O
reduce	O
the	O
number	O
of	O
road	O
crashes	O
â	O
a	O
major	O
concern	O
over	O
the	O
past	O
years	O
.	O

Shajahan	B-GIVEN_NAME
Khan	B-FAMILY_NAME
and	O
Mashiur	B-GIVEN_NAME
Rahman	B-FAMILY_NAME
Ranga	I-FAMILY_NAME
,	O
two	O
top	O
transport	O
leaders	O
,	O
briefed	O
reporters	O
after	O
a	O
meeting	O
at	O
the	O
Secretariat	O
yesterday	O
.	O

However	O
,	O
the	O
taskforce	O
,	O
led	O
by	O
Home	O
Minister	O
Asaduzzaman	B-GIVEN_NAME
Khan	B-FAMILY_NAME
Kamal	I-FAMILY_NAME
,	O
did	O
not	O
take	O
a	O
final	O
decision	O
in	O
this	O
regard	O
,	O
meeting	O
sources	O
said	O
.	O

The	O
taskforce	O
was	O
formed	O
in	O
October	B-DATE
2019	I-DATE
to	O
implement	O
111	O
recommendations	O
,	O
given	O
by	O
a	O
committee	O
led	O
by	O
Shajahan	B-GIVEN_NAME
Khan	B-FAMILY_NAME
,	O
to	O
curb	O
road	O
crashes	O
and	O
bring	O
discipline	O
in	O
the	O
road	O
transport	O
sector	O
.	O

Yesterday	O
's	O
was	O
the	O
taskforce	O
's	O
fifth	O
meeting	O
.	O

The	O
proposal	O
came	O
at	O
a	O
time	O
when	O
authorities	O
,	O
citing	O
safety	O
concerns	O
,	O
are	O
taking	O
stricter	O
steps	O
against	O
bike	O
operations	O
.	O

The	O
Bangladesh	B-ORGANIZATION|B-LOCATION
Bridge	I-ORGANIZATION
Authority	I-ORGANIZATION
earlier	O
banned	O
bikes	O
on	O
Padma	B-LOCATION|B-LOCATION
Bridge	I-LOCATION
.	O

Moreover	O
,	O
bike	O
movement	O
on	O
highways	O
were	O
restricted	O
for	O
a	O
week	O
(	O
from	O
July	B-DATE
7	I-DATE
to	O
July	B-DATE
13	I-DATE
)	O
,	O
aiming	O
to	O
ensure	O
road	O
safety	O
during	O
the	O
Eid	B-DATE
rush	O
.	O

Besides	O
,	O
a	O
government	O
probe	O
committee	O
has	O
recently	O
recommended	O
banning	O
bikes	O
on	O
national	O
highways	O
as	O
they	O
noticed	O
a	O
sharp	O
rise	O
in	O
accidents	O
involving	O
bikes	O
ahead	O
of	O
this	O
year	O
's	O
Eid	B-DATE
-	I-DATE
ul	I-DATE
-	I-DATE
Fitr	I-DATE
.	O

For	O
the	O
lack	O
of	O
public	O
services	O
and	O
rise	O
in	O
bus	O
fares	O
,	O
many	O
people	O
resorted	O
to	O
using	O
two	O
-	O
wheelers	O
to	O
go	O
home	O
ahead	O
of	O
Eid	B-BRANDS
.	O

But	O
the	O
huge	O
number	O
of	O
bikes	O
caused	O
more	O
accidents	O
,	O
different	O
road	O
safety	O
organisations	O
said	O
.	O

More	O
than	O
35	B-MONEY
lakh	I-MONEY
bikes	O
have	O
been	O
registered	O
with	O
Bangladesh	B-ORGANIZATION|B-LOCATION
Road	I-ORGANIZATION
Transport	I-ORGANIZATION
Authority	I-ORGANIZATION
so	O
far	O
.	O

But	O
many	O
unregistered	O
bikes	O
still	O
operate	O
unchecked	O
across	O
the	O
country	O
.	O

Many	O
bike	O
riders	O
and	O
users	O
alleged	O
that	O
the	O
decision	O
was	O
taken	O
due	O
to	O
pressure	O
from	O
the	O
bus	O
owners	O
.	O

After	O
yesterday	O
's	O
meeting	O
,	O
Shajahan	B-GIVEN_NAME
Khan	B-FAMILY_NAME
,	O
president	O
of	O
Bangladesh	B-ORGANIZATION|B-LOCATION
Road	I-ORGANIZATION
Transport	I-ORGANIZATION
Workers	I-ORGANIZATION
'	I-ORGANIZATION
Federation	I-ORGANIZATION
,	O
said	O
motorcycles	O
account	O
for	O
around	O
40	O
percent	O
of	O
road	O
accidents	O
in	O
the	O
country	O
.	O

Shajahan	B-GIVEN_NAME
,	O
also	O
a	O
lawmaker	O
of	O
ruling	O
Awami	B-ORGANIZATION
League	I-ORGANIZATION
,	O
said	O
ride	O
-	O
sharing	O
services	O
by	O
bikes	O
are	O
also	O
dangerous	O
.	O

"	O
The	O
number	O
of	O
fatal	O
road	O
accidents	O
will	O
come	O
down	O
if	O
we	O
control	O
motorcycle	O
[	O
movement	O
]	O
.	O
"	O

Contacted	O
,	O
Ranga	B-GIVEN_NAME
,	O
president	O
of	O
Bangladesh	B-ORGANIZATION|B-LOCATION
Road	I-ORGANIZATION
Transport	I-ORGANIZATION
Owners	I-ORGANIZATION
'	I-ORGANIZATION
Association	I-ORGANIZATION
and	O
also	O
a	O
Jatiya	B-ORGANIZATION
party	O
lawmaker	O
,	O
said	O
he	O
has	O
pressed	O
for	O
the	O
non	O
-	O
operation	O
of	O
ride	O
-	O
sharing	O
bikes	O
on	O
inter	O
-	O
district	O
routes	O
.	O

About	O
how	O
ride	O
-	O
sharing	O
service	O
bikes	O
would	O
be	O
recognised	O
,	O
he	O
suggested	O
having	O
separate	O
number	O
plates	O
and	O
licences	O
for	O
them	O
.	O

However	O
,	O
at	O
least	O
three	O
participants	O
of	O
the	O
meeting	O
said	O
although	O
they	O
have	O
talked	O
about	O
ride	O
-	O
sharing	O
services	O
by	O
bikes	O
and	O
recent	O
accidents	O
,	O
no	O
concrete	O
decision	O
against	O
bike	O
movement	O
was	O
taken	O
.	O

Meanwhile	O
,	O
ABM	B-ORGANIZATION
Amin	B-GIVEN_NAME
Ullah	B-FAMILY_NAME
Nuri	I-FAMILY_NAME
,	O
secretary	O
of	O
the	O
Road	B-ORGANIZATION
Transport	I-ORGANIZATION
and	I-ORGANIZATION
Highway	I-ORGANIZATION
Division	I-ORGANIZATION
,	O
said	O
the	O
meeting	O
decided	O
to	O
fix	O
an	O
economic	O
lifeline	O
of	O
commercial	O
vehicles	O
to	O
ensure	O
safety	O
and	O
scrap	O
those	O
after	O
expiry	O
.	O

Another	O
participant	O
said	O
the	O
meeting	O
mulled	O
over	O
fixing	O
a	O
20	O
-	O
year	O
lifeline	O
for	O
buses	O
and	O
25	B-DURATION
years	I-DURATION
for	O
trucks	O
.	O

"	O
However	O
the	O
decision	O
would	O
become	O
a	O
government	O
order	O
after	O
Buet	O
experts	O
give	O
their	O
opinions	O
regarding	O
it	O
and	O
a	O
guideline	O
is	O
finalised	O
in	O
this	O
regard	O
.	O
"	O

Meanwhile	O
,	O
prominent	O
road	O
safety	O
campaigner	O
Ilias	B-GIVEN_NAME
Kanchan	B-FAMILY_NAME
,	O
also	O
a	O
member	O
of	O
the	O
taskforce	O
,	O
said	O
the	O
transport	O
leaders	O
often	O
dominate	O
the	O
meeting	O
and	O
talk	O
about	O
their	O
own	O
issues	O
,	O
which	O
are	O
discussed	O
all	O
the	O
time	O
.	O

He	O
said	O
he	O
and	O
two	O
other	O
Buet	B-ORGANIZATION
experts	O
were	O
asked	O
to	O
join	O
the	O
meeting	O
virtually	O
,	O
while	O
transport	O
leaders	O
were	O
allowed	O
to	O
join	O
in	O
person	O
.	O

The	O
meeting	O
discussed	O
several	O
decisions	O
taken	O
previously	O
,	O
including	O
taking	O
action	O
against	O
illegal	O
driving	O
schools	O
,	O
giving	O
appointment	O
letters	O
to	O
transport	O
workers	O
,	O
and	O
increasing	O
the	O
number	O
of	O
centres	O
for	O
conducting	O
dope	O
tests	O
before	O
issuing	O
professional	O
driving	O
licences	O
.	O

