A	O
one	O
-	O
year	O
-	O
old	O
-	O
girl	O
died	O
after	O
being	O
hit	O
by	O
what	O
locals	O
said	O
was	O
a	O
stray	O
bullet	O
fired	O
by	O
police	O
amid	O
post	O
-	O
polls	O
violence	O
in	O
Ranisankail	B-LOCATION
upazila	I-LOCATION
of	O
Thakurgaon	B-LOCATION
last	O
evening	O
.	O

Several	O
hundred	O
villagers	O
demonstrated	O
in	O
front	O
of	O
Ranisankail	B-LOCATION|B-LOCATION
Police	I-LOCATION
Station	I-LOCATION
until	O
late	O
last	O
night	O
demanding	O
justice	O
.	O

But	O
Additional	O
DIG	B-BRANDS
Walid	B-GIVEN_NAME
Hossain	B-FAMILY_NAME
of	O
Rangpur	B-LOCATION
range	O
police	O
said	O
the	O
cause	O
of	O
death	O
would	O
be	O
investigated	O
because	O
she	O
might	O
also	O
have	O
been	O
hit	O
by	O
a	O
brick	O
chip	O
thrown	O
by	O
the	O
villagers	O
.	O

Upazila	B-LOCATION
Vice	O
-	O
Chairman	O
Sohel	B-GIVEN_NAME
Rana	B-FAMILY_NAME
said	O
he	O
heard	O
that	O
a	O
woman	O
holding	O
her	O
baby	O
was	O
standing	O
near	O
the	O
polling	O
centre	O
at	O
Bhangbari	B-ORGANIZATION|B-LOCATION
VF	I-ORGANIZATION
Junior	I-ORGANIZATION
High	I-ORGANIZATION
School	I-ORGANIZATION
when	O
the	O
supporters	O
of	O
a	O
defeated	O
union	O
parishad	O
chairman	O
attacked	O
election	O
officials	O
and	O
police	O
around	O
6:00pm.	O

As	O
police	O
used	O
firearms	O
to	O
disperse	O
the	O
locals	O
,	O
the	O
baby	O
got	O
hit	O
by	O
a	O
bullet	O
in	O
the	O
head	O
and	O
died	O
at	O
the	O
scene	O
,	O
he	O
added	O
.	O

Several	O
other	O
villagers	O
told	O
The	B-ORGANIZATION
Daily	I-ORGANIZATION
Star	I-ORGANIZATION
that	O
a	O
stray	O
bullet	O
fired	O
by	O
police	O
had	O
hit	O
the	O
infant	O
.	O

The	O
girl	O
,	O
Asha	B-GIVEN_NAME
,	O
was	O
the	O
daughter	O
of	O
farm	O
worker	O
Mohammad	B-GIVEN_NAME
Badsha	B-FAMILY_NAME
who	O
is	O
a	O
resident	O
of	O
Mirdangi	B-LOCATION
village	O
,	O
said	O
Upazila	O|B-LOCATION
Nirbahi	O
Officer	O
(	O
UNO	O
)	O
Sohel	B-GIVEN_NAME
Sultan	B-FAMILY_NAME
Zulkar	I-FAMILY_NAME
Nain	I-FAMILY_NAME
Kabir	I-FAMILY_NAME
.	O

The	O
UNO	O
said	O
the	O
supporters	O
of	O
a	O
defeated	O
candidate	O
in	O
the	O
election	O
to	O
Bachor	B-ORGANIZATION|B-LOCATION
Union	I-ORGANIZATION
Parishad	I-ORGANIZATION
started	O
demonstrating	O
as	O
soon	O
as	O
the	O
result	O
was	O
announced	O
in	O
the	O
afternoon	O
,	O
claiming	O
that	O
the	O
election	O
was	O
rigged	O
.	O

After	O
the	O
election	O
officers	O
managed	O
to	O
leave	O
the	O
polling	O
station	O
with	O
the	O
electoral	O
materials	O
,	O
the	O
locals	O
attacked	O
police	O
deployed	O
in	O
the	O
area	O
,	O
he	O
added	O
.	O

Police	O
then	O
used	O
two	O
tear	O
gas	O
shells	O
and	O
fired	O
four	O
blank	O
shots	O
,	O
said	O
the	O
UNO	O
.	O

"	O
I	O
came	O
to	O
know	O
later	O
that	O
a	O
child	O
died	O
during	O
the	O
violence	O
,	O
"	O
he	O
said	O
.	O
"	O
But	O
I	O
do	O
n't	O
know	O
how	O
the	O
child	O
died	O
.	O
Details	O
will	O
be	O
known	O
after	O
an	O
autopsy	O
.	O
"	O

Contacted	O
,	O
Presiding	O
Officer	O
Khatibar	B-GIVEN_NAME
Rahman	B-FAMILY_NAME
said	O
the	O
election	O
officers	O
did	O
not	O
know	O
the	O
identity	O
of	O
the	O
locals	O
who	O
attacked	O
officials	O
.	O

None	O
of	O
the	O
officials	O
could	O
say	O
supporters	O
of	O
which	O
candidate	O
instigated	O
the	O
violence	O
.	O

