The	O
International	B-ORGANIZATION
Crimes	I-ORGANIZATION
Tribunal	I-ORGANIZATION
has	O
sentenced	O
six	O
persons	O
of	O
Khulna	B-LOCATION
to	O
death	O
for	O
their	O
involvement	O
in	O
crimes	O
against	O
humanity	O
during	O
the	O
Liberation	B-BRANDS
War	B-MISC
in	O
1971	B-DATE
.	O

A	O
three	O
-	O
member	O
tribunal	O
led	O
by	O
Justice	O
Mohammad	B-GIVEN_NAME
Shahinur	B-FAMILY_NAME
Islam	I-FAMILY_NAME
handed	O
down	O
the	O
300	O
-	O
page	O
verdict	O
on	O
Thursday	B-DATE
.	O

The	O
condemned	O
convicts	O
are	O
Amzad	B-GIVEN_NAME
Hossain	B-FAMILY_NAME
Howlader	I-FAMILY_NAME
,	O
Sahar	B-GIVEN_NAME
Ali	B-FAMILY_NAME
Sarder	I-FAMILY_NAME
,	O
Atiar	B-GIVEN_NAME
Rahman	B-FAMILY_NAME
,	O
Motasim	B-GIVEN_NAME
Billah	B-FAMILY_NAME
,	O
Kamal	B-GIVEN_NAME
Uddin	B-FAMILY_NAME
Golder	I-FAMILY_NAME
and	O
Nazrul	B-GIVEN_NAME
Islam	B-FAMILY_NAME
.	O

Of	O
them	O
,	O
Narzul	B-GIVEN_NAME
was	O
tried	O
in	O
absentia	O
.	O

At	O
first	O
,	O
eight	O
people	O
were	O
the	O
accused	O
in	O
the	O
case	O
.	O

Later	O
,	O
two	O
-	O
-	O
Mojahar	B-GIVEN_NAME
Ali	B-FAMILY_NAME
Sheikh	I-FAMILY_NAME
and	O
Ashraf	B-GIVEN_NAME
Sheikh	B-FAMILY_NAME
-	O
-	O
had	O
died	O
.	O

All	O
the	O
charges	O
including	O
looting	O
,	O
killings	O
,	O
arson	O
,	O
kidnapping	O
and	O
torture	O
,	O
against	O
the	O
convicts	O
have	O
been	O
proved	O
before	O
the	O
tribunal	O
.	O

Public	O
prosecutors	O
Haidar	B-GIVEN_NAME
Ali	B-FAMILY_NAME
and	O
Mokhlesur	B-GIVEN_NAME
Rahman	B-FAMILY_NAME
Badal	I-FAMILY_NAME
represented	O
the	O
state	O
,	O
while	O
advocates	O
Abdus	B-GIVEN_NAME
Sattar	B-FAMILY_NAME
Pahloan	I-FAMILY_NAME
and	O
Hazi	B-GIVEN_NAME
MH	B-FAMILY_NAME
Tamim	I-FAMILY_NAME
appeared	O
for	O
the	O
six	O
.	O

The	O
verdict	O
was	O
delivered	O
after	O
the	O
court	O
recorded	O
the	O
testimonies	O
of	O
16	O
,	O
out	O
of	O
17	O
witnesses	O
.	O

After	O
concluding	O
the	O
cross	O
-	O
examination	O
on	O
May	B-DATE
22	I-DATE
,	O
the	O
tribunal	O
fixed	O
Thursday	B-DATE
for	O
the	O
verdict	O
.	O

