Former	O
parliament	O
member	O
Abbas	B-GIVEN_NAME
Ali	B-FAMILY_NAME
Mandal	I-FAMILY_NAME
passed	O
away	O
at	O
a	O
hospital	O
in	O
Dhaka	B-LOCATION
early	O
Tuesday	B-BRANDS
.	O

Abbas	B-GIVEN_NAME
,	O
also	O
ex	O
-	O
convener	O
and	O
general	O
secretary	O
of	O
Joypurhat	B-LOCATION
district	I-LOCATION
Awami	B-ORGANIZATION
League	I-ORGANIZATION
(	O
AL	B-ORGANIZATION
)	O
,	O
breathed	O
his	O
last	O
at	O
4.3	O
am	O
at	O
Shaheed	B-LOCATION|B-GIVEN_NAME
Suhrawardy	I-LOCATION|B-FAMILY_NAME
Medical	I-LOCATION
College	I-LOCATION
and	I-LOCATION
Hospital	I-LOCATION
while	O
undergoing	O
treatment	O
there	O
.	O

He	O
left	O
behind	O
two	O
sons	O
,	O
three	O
daughters	O
and	O
a	O
host	O
of	O
relatives	O
and	O
well	O
-	O
wishers	O
to	O
mourn	O
his	O
death	O
.	O

Prime	O
Minister	O
Sheikh	O
Hasina	B-GIVEN_NAME
expressed	O
profound	O
shock	O
and	O
sorrow	O
at	O
the	O
death	O
of	O
Abbas	B-GIVEN_NAME
Ali	B-FAMILY_NAME
Mandal	I-FAMILY_NAME
.	O

In	O
a	O
message	O
of	O
condolence	O
,	O
she	O
said	O
,	O
"	O
Abbas	B-GIVEN_NAME
Ali	B-FAMILY_NAME
Mandal	I-FAMILY_NAME
was	O
a	O
dedicated	O
worker	O
of	O
the	O
ideal	O
of	O
the	O
Father	O
of	O
the	O
Nation	O
and	O
pro	O
-	O
people	O
political	O
leader	O
.	O
"	O

Abbas	B-GIVEN_NAME
served	O
as	O
the	O
general	O
secretary	O
of	O
the	O
district	O
AL	O
till	O
1998	B-DATE
after	O
1975	B-DATE
and	O
its	O
convener	O
1998-2004	B-DATE
.	O

He	O
was	O
elected	O
as	O
the	O
Member	O
of	O
Parliament	O
from	O
Joypurhat	B-LOCATION
-	I-LOCATION
1	I-LOCATION
constituency	O
in	O
third	O
national	O
elections	O
in	O
1986	B-DATE
.	O

His	O
younger	O
son	O
Arifur	B-GIVEN_NAME
Rahman	B-FAMILY_NAME
is	O
currently	O
serving	O
as	O
the	O
president	O
of	O
district	O
AL	B-ORGANIZATION
and	O
the	O
administrator	O
of	O
Zilla	B-LOCATION
Parishad	I-LOCATION
,	I-LOCATION
Joypurhat	I-LOCATION
.	O

Abbas	B-GIVEN_NAME
was	O
the	O
father	O
-	O
in	O
-	O
law	O
of	O
Md	B-GIVEN_NAME
Shahiduzzaman	B-FAMILY_NAME
Sarkar	I-FAMILY_NAME
,	O
MP	O
,	O
the	O
president	O
of	O
the	O
Standing	B-ORGANIZATION
Committee	I-ORGANIZATION
on	I-ORGANIZATION
the	I-ORGANIZATION
Ministry	I-ORGANIZATION
of	I-ORGANIZATION
Law	I-ORGANIZATION
,	I-ORGANIZATION
Justice	I-ORGANIZATION
and	I-ORGANIZATION
Parliamentary	I-ORGANIZATION
Affairs	I-ORGANIZATION
in	O
the	O
11th	B-ORGANIZATION
National	I-ORGANIZATION
Parliament	I-ORGANIZATION
.	O

