The	O
High	B-ORGANIZATION
Court	I-ORGANIZATION
today	O
(	O
July	B-DATE
28	I-DATE
,	I-DATE
2022	I-DATE
)	O
granted	O
a	O
permanent	O
bail	O
to	O
Regent	B-ORGANIZATION
Hospital	I-ORGANIZATION
Chairman	O
Mohammad	B-GIVEN_NAME
Shahed	B-FAMILY_NAME
in	O
a	O
corruption	O
case	O
filed	O
on	O
charge	O
of	O
embezzling	O
Tk	B-MONEY
2	I-MONEY
crore	I-MONEY
from	O
Padma	B-ORGANIZATION|B-LOCATION
Bank	I-ORGANIZATION
(	O
formerly	O
Farmers	B-ORGANIZATION
Bank	I-ORGANIZATION
)	O
in	O
order	O
to	O
buy	O
an	O
MRI	O
machine	O
.	O

The	O
HC	B-ORGANIZATION
bench	O
of	O
Justice	O
SM	B-GIVEN_NAME
Kuddus	B-FAMILY_NAME
Zaman	I-FAMILY_NAME
and	O
Justice	O
KM	B-GIVEN_NAME
Zahid	B-FAMILY_NAME
Sarwar	I-FAMILY_NAME
Kazal	I-FAMILY_NAME
passed	O
the	O
order	O
after	O
holding	O
a	O
hearing	O
on	O
a	O
petition	O
filed	O
by	O
Shahed	B-GIVEN_NAME
seeking	O
bail	O
in	O
the	O
case	O
.	O

The	O
court	O
granted	O
bail	O
to	O
Shahed	B-GIVEN_NAME
on	O
the	O
ground	O
that	O
he	O
has	O
been	O
in	O
jail	O
for	O
around	O
two	B-DURATION
years	I-DURATION
and	O
that	O
the	O
Anti	B-ORGANIZATION
Corruption	I-ORGANIZATION
Commission	I-ORGANIZATION
could	O
not	O
submit	O
the	O
charge	O
sheet	O
of	O
the	O
case	O
to	O
the	O
trial	O
court	O
.	O

Shahed	B-GIVEN_NAME
was	O
arrested	O
in	O
several	O
other	O
criminal	O
cases	O
,	O
hence	O
he	O
cannot	O
be	O
released	O
from	O
jail	O
,	O
Deputy	O
Attorney	O
General	O
KM	B-GIVEN_NAME
Masud	B-FAMILY_NAME
Rumy	I-FAMILY_NAME
told	O
The	B-ORGANIZATION
Daily	I-ORGANIZATION
Star	I-ORGANIZATION
.	O

ACC	B-ORGANIZATION
will	O
appeal	O
before	O
the	O
Appellate	B-ORGANIZATION
Division	I-ORGANIZATION
of	I-ORGANIZATION
the	I-ORGANIZATION
Supreme	I-ORGANIZATION|B-ORGANIZATION
Court	I-ORGANIZATION|I-ORGANIZATION
challenging	O
the	O
HC	B-ORGANIZATION
verdict	O
,	O
said	O
its	O
lawyer	O
Khurshid	B-GIVEN_NAME
Alam	B-FAMILY_NAME
Khan	I-FAMILY_NAME
.	O

The	O
ACC	B-ORGANIZATION
filed	O
the	O
case	O
with	O
its	O
Dhaka	B-LOCATION
office	O
on	O
July	B-DATE
27	I-DATE
,	I-DATE
2020	I-DATE
,	O
against	O
Shahed	B-GIVEN_NAME
,	O
Mahbubul	B-GIVEN_NAME
Haque	B-FAMILY_NAME
Chisty	I-FAMILY_NAME
,	O
former	O
chairman	O
of	O
Farmer	B-ORGANIZATION
's	I-ORGANIZATION
Bank	I-ORGANIZATION
's	O
audit	O
committee	O
and	O
his	O
son	O
Rashedul	B-GIVEN_NAME
Haque	B-FAMILY_NAME
Chisty	I-FAMILY_NAME
,	O
and	O
Ibrahim	B-GIVEN_NAME
Khalil	B-FAMILY_NAME
,	O
managing	O
director	O
of	O
Regent	B-ORGANIZATION
Hospital	I-ORGANIZATION
.	O

