The	O
Anti	B-ORGANIZATION
-	I-ORGANIZATION
Corruption	I-ORGANIZATION
Commission	I-ORGANIZATION
(	O
ACC	B-ORGANIZATION
)	O
on	O
Thursday	B-DATE
filed	O
a	O
case	O
against	O
a	O
police	O
inspector	O
and	O
his	O
wife	O
over	O
corruption	O
charges	O
in	O
Chattogram	B-LOCATION
.	O

They	O
are	O
Md	B-GIVEN_NAME
Shahjahan	B-FAMILY_NAME
,	O
an	O
inspector	O
of	O
industrial	O
police	O
Chattogram	B-LOCATION
region	O
and	O
ex	O
-	O
OC	O
of	O
Lohagara	B-LOCATION|B-LOCATION
police	I-LOCATION
station	I-LOCATION
,	O
and	O
his	O
wife	O
Ferdousi	B-GIVEN_NAME
Akter	B-FAMILY_NAME
.	O

Md	B-GIVEN_NAME
Atiqul	B-FAMILY_NAME
Alam	I-FAMILY_NAME
,	O
Deputy	O
Director	O
of	O
ACC	B-ORGANIZATION
's	O
Chattogram	B-LOCATION
office	O
,	O
filed	O
the	O
case	O
.	O

"	O
According	O
to	O
their	O
wealth	O
statements	O
,	O
they	O
acquired	O
wealth	O
worth	O
Tk	B-MONEY
1.5	I-MONEY
crore	I-MONEY
beyond	O
their	O
known	O
sources	O
of	O
income	O
.	O

The	O
ACC	B-ORGANIZATION
has	O
filed	O
the	O
case	O
as	O
these	O
allegations	O
have	O
been	O
primarily	O
proved	O
,	O
"	O
said	O
Atikul	B-GIVEN_NAME
.	O

According	O
to	O
ACC	B-ORGANIZATION
,	O
Shahjahan	B-GIVEN_NAME
joined	O
the	O
police	O
force	O
in	O
1990	B-DATE
.	O

ACC	B-ORGANIZATION
first	O
learned	O
about	O
Shahjahan	B-GIVEN_NAME
's	O
illegal	O
wealth	O
while	O
an	O
allegation	O
of	O
corruption	O
by	O
him	O
was	O
proved	O
in	O
2017	B-DATE
when	O
Shahjahan	B-GIVEN_NAME
was	O
the	O
OC	O
of	O
Lohagara	B-LOCATION|B-LOCATION
police	I-LOCATION
station	I-LOCATION
.	O

In	O
his	O
wealth	O
statement	O
,	O
Shahjahan	B-GIVEN_NAME
showed	O
his	O
movable	O
and	O
immovable	O
properties	O
to	O
be	O
worth	O
Tk	B-MONEY
2.65	I-MONEY
crore	I-MONEY
.	O

While	O
he	O
showed	O
Tk	B-MONEY
78.50	I-MONEY
lakh	I-MONEY
as	O
his	O
total	O
income	O
since	O
joining	O
police	O
,	O
he	O
claimed	O
that	O
he	O
had	O
spent	O
Tk	B-MONEY
26	I-MONEY
lakh	I-MONEY
since	O
then	O
.	O

The	O
ACC	B-ORGANIZATION
found	O
Tk	B-MONEY
1.25	I-MONEY
crore	I-MONEY
in	O
Shahjahan	B-GIVEN_NAME
's	O
possession	O
beyond	O
his	O
known	O
sources	O
of	O
income	O
.	O

Besides	O
,	O
the	O
ACC	B-ORGANIZATION
asked	O
Shahjahan	B-GIVEN_NAME
's	O
wife	O
Ferdousi	B-GIVEN_NAME
Akter	B-FAMILY_NAME
to	O
submit	O
her	O
wealth	O
statement	O
on	O
March	B-DATE
14	I-DATE
,	I-DATE
2019	I-DATE
,	O
which	O
she	O
did	O
on	O
April	B-DATE
17	I-DATE
of	O
the	O
same	O
year	O
.	O

In	O
the	O
case	O
statement	O
,	O
the	O
ACC	B-ORGANIZATION
said	O
that	O
Ferdousi	B-GIVEN_NAME
showed	O
Tk	B-MONEY
2.30	I-MONEY
crore	I-MONEY
as	O
her	O
income	O
through	O
using	O
the	O
names	O
of	O
fake	O
poultry	O
and	O
fish	O
businesses	O
.	O

