A	O
recent	O
legal	O
move	O
by	O
the	O
Nuluujaat	B-ORGANIZATION
Land	I-ORGANIZATION
Guardians	I-ORGANIZATION
,	O
a	O
group	O
of	O
Inuit	B-AFFILIATION
protesters	O
,	O
to	O
sue	O
Baffinland	B-ORGANIZATION
Iron	I-ORGANIZATION
Mines	I-ORGANIZATION
is	O
unusual	O
in	O
Canada	B-LOCATION
,	O
says	O
one	O
lawyer	O
watching	O
from	O
afar	O
.	O

And	O
it	O
's	O
made	O
possible	O
thanks	O
to	O
environmental	O
legislation	O
unique	O
to	O
Nunavut	B-LOCATION
and	O
the	O
N.	B-LOCATION
W.	I-LOCATION
T.	I-LOCATION
,	O
which	O
allows	O
people	O
to	O
take	O
up	O
claims	O
of	O
environmental	O
damages	O
within	O
the	O
territories	O
on	O
behalf	O
of	O
everybody	O
who	O
uses	O
the	O
area	O
.	O

"	O
I	O
ca	O
n't	O
think	O
of	O
a	O
case	O
where	O
the	O
defendants	O
have	O
basically	O
turned	O
around	O
and	O
used	O
it	O
as	O
an	O
opening	O
of	O
a	O
door	O
to	O
get	O
some	O
of	O
their	O
arguments	O
and	O
concerns	O
before	O
the	O
court	O
,	O
"	O
said	O
Ben	B-GIVEN_NAME
Ralston	B-FAMILY_NAME
.	O

Ralston	B-GIVEN_NAME
teaches	O
at	O
the	O
University	B-ORGANIZATION
of	I-ORGANIZATION
Saskatchewan	I-ORGANIZATION|B-LOCATION
College	I-ORGANIZATION
of	I-ORGANIZATION
Law	I-ORGANIZATION
and	O
has	O
previously	O
taught	O
environmental	O
law	O
,	O
and	O
at	O
the	O
Nunavut	B-ORGANIZATION|B-LOCATION
Law	I-ORGANIZATION
Program	I-ORGANIZATION
.	O

The	O
Nuluujaat	B-ORGANIZATION
Land	I-ORGANIZATION
Guardians	I-ORGANIZATION
were	O
first	O
sued	O
by	O
Baffinland	B-ORGANIZATION
in	O
February	B-DATE
2021	I-DATE
,	O
after	O
the	O
guardians	O
set	O
up	O
a	O
temporary	O
blockade	O
at	O
Baffinland	B-ORGANIZATION
's	O
Mary	B-LOCATION|B-LOCATION
River	I-LOCATION|I-LOCATION
Mine	I-LOCATION
about	O
176	O
kilometres	O
from	O
Pond	B-LOCATION
Inlet	I-LOCATION
.	O

Baffinland	B-ORGANIZATION
Iron	I-ORGANIZATION
Mines	I-ORGANIZATION
'	O
lawsuit	O
,	O
filed	O
in	O
the	O
Nunavut	B-ORGANIZATION|B-LOCATION
Court	I-ORGANIZATION
of	I-ORGANIZATION
Justice	I-ORGANIZATION
,	O
accuses	O
the	O
group	O
of	O
trespassing	O
,	O
unlawful	O
interference	O
with	O
economic	O
interests	O
and	O
mischief	O
.	O

In	O
early	O
March	B-DATE
,	O
a	O
Nunavut	B-LOCATION
judge	O
issued	O
an	O
injunction	O
in	O
relation	O
to	O
the	O
case	O
,	O
banning	O
protesters	O
from	O
obstructing	O
the	O
mine	O
's	O
airstrip	O
and	O
tote	O
road	O
.	O

Just	O
last	O
month	O
,	O
on	O
July	B-DATE
12	I-DATE
,	O
the	O
Land	B-ORGANIZATION
Guardians	I-ORGANIZATION
filed	O
their	O
statement	O
of	O
defence	O
,	O
alongside	O
a	O
countersuit	O
of	O
their	O
own	O
that	O
makes	O
several	O
claims	O
against	O
Baffinland	B-ORGANIZATION
,	O
asking	O
the	O
judge	O
for	O
an	O
injunction	O
that	O
would	O
stop	O
Baffinland	B-ORGANIZATION
from	O
emitting	O
noise	O
and	O
dust	O
pollution	O
into	O
the	O
surrounding	O
areas	O
.	O

"	O
To	O
kind	O
of	O
turn	O
this	O
around	O
and	O
make	O
it	O
a	O
lawsuit	O
against	O
Baffinland	B-ORGANIZATION
is	O
,	O
I	O
guess	O
,	O
a	O
bit	O
of	O
a	O
power	O
move	O
.	O
"	O

Ralston	B-GIVEN_NAME
said	O
this	O
case	O
is	O
testing	O
several	O
legal	O
arguments	O
and	O
one	O
statute	O
in	O
particular	O
for	O
Nunavut	B-LOCATION
,	O
that	O
's	O
rarely	O
been	O
used	O
.	O

The	O
Nunavut	B-BRANDS|B-LOCATION
Environmental	B-MISC
Rights	I-MISC
Act	I-MISC
states	O
that	O
every	O
resident	O
in	O
the	O
territory	O
has	O
the	O
right	O
to	O
"	O
protect	O
the	O
environment	O
and	O
the	O
public	O
trust	O
from	O
the	O
release	O
of	O
contaminants	O
by	O
commencing	O
an	O
action	O
in	O
the	O
Nunavut	B-LOCATION|B-LOCATION
Court	I-LOCATION
of	I-LOCATION
Justice	I-LOCATION
against	O
any	O
person	O
releasing	O
any	O
contaminant	O
into	O
the	O
environment	O
.	O
"	O

"	O
You	O
can	O
think	O
of	O
this	O
as	O
authorizing	O
one	O
or	O
more	O
Nunavummiut	B-LOCATION
to	O
speak	O
on	O
behalf	O
of	O
Nunavut	B-LOCATION
as	O
a	O
whole	O
,	O
and	O
in	O
a	O
sense	O
to	O
speak	O
on	O
behalf	O
of	O
the	O
environment	O
of	O
Nunavut	B-LOCATION
as	O
well	O
,	O
"	O
Ralston	B-GIVEN_NAME
said	O
.	O

That	O
's	O
compared	O
to	O
legislation	O
in	O
southern	O
jurisdictions	O
,	O
where	O
not	O
just	O
anyone	O
can	O
file	O
their	O
environmental	O
concerns	O
in	O
court	O
,	O
Ralston	B-GIVEN_NAME
said	O
.	O

"	O
I	O
might	O
see	O
pollution	O
happening	O
,	O
I	O
might	O
be	O
upset	O
about	O
it	O
.	O

Of	O
course	O
,	O
though	O
,	O
there	O
will	O
be	O
regulators	O
,	O
I	O
might	O
be	O
able	O
to	O
call	O
up	O
and	O
try	O
and	O
report	O
pollution	O
to	O
.	O
"	O

But	O
ordinarily	O
,	O
he	O
said	O
,	O
most	O
regular	O
citizens	O
do	O
n't	O
get	O
to	O
just	O
bring	O
any	O
kind	O
of	O
claim	O
into	O
court	O
.	O

"	O
It	O
's	O
very	O
hard	O
,	O
traditionally	O
,	O
to	O
get	O
standing	O
to	O
bring	O
environmental	O
law	O
disputes	O
before	O
the	O
courts	O
.	O
"	O

Ralston	B-GIVEN_NAME
said	O
lawsuits	O
seeking	O
injunctions	O
over	O
protesters	O
often	O
do	O
n't	O
end	O
up	O
going	O
to	O
trial	O
once	O
the	O
injunction	O
has	O
been	O
issued	O
.	O

"	O
Normally	O
what	O
you	O
'd	O
see	O
is	O
the	O
action	O
gets	O
filed	O
,	O
then	O
they	O
bring	O
the	O
injunction	O
,	O
they	O
argued	O
the	O
injunction	O
,	O
and	O
once	O
they	O
have	O
that	O
,	O
and	O
once	O
there	O
's	O
no	O
longer	O
interference	O
or	O
[	O
a	O
]	O
blockade	O
or	O
any	O
sort	O
of	O
dispute	O
to	O
resolve	O
,	O
usually	O
you	O
'll	O
see	O
that	O
action	O
not	O
really	O
going	O
anywhere	O
,	O
"	O
he	O
said	O
.	O

In	O
this	O
case	O
,	O
however	O
,	O
the	O
protesters	O
have	O
taken	O
the	O
opportunity	O
to	O
make	O
a	O
wider	O
case	O
of	O
their	O
own	O
.	O

Baffinland	B-ORGANIZATION
's	O
original	O
suit	O
named	O
five	O
defendants	O
,	O
alongside	O
"	O
John	B-GIVEN_NAME
Doe	B-FAMILY_NAME
and	O
Jane	B-GIVEN_NAME
Doe	B-FAMILY_NAME
"	O
and	O
"	O
all	O
other	O
persons	O
unknown	O
to	O
the	O
plaintiff	O
.	O
"	O

The	O
statement	O
of	O
defence	O
and	O
counterclaim	O
was	O
filed	O
by	O
three	O
of	O
those	O
named	O
â	O
Tom	B-GIVEN_NAME
Naqitarvik	B-FAMILY_NAME
,	O
Christopher	B-GIVEN_NAME
Akeeagok	B-FAMILY_NAME
,	O
Johnathan	B-GIVEN_NAME
Pitula	B-FAMILY_NAME
â	O
who	O
their	O
lawyer	O
,	O
Anne	B-GIVEN_NAME
Crawford	B-FAMILY_NAME
,	O
referred	O
to	O
collectively	O
as	O
the	O
Land	B-ORGANIZATION
Guardians	I-ORGANIZATION
.	O

Crawford	B-GIVEN_NAME
said	O
the	O
purpose	O
of	O
the	O
countersuit	O
is	O
twofold	O
.	O

First	O
,	O
it	O
's	O
about	O
countering	O
Baffinland	B-ORGANIZATION
's	O
claim	O
saying	O
that	O
the	O
company	O
lost	O
millions	O
because	O
of	O
the	O
protests	O
,	O
she	O
said	O
.	O

The	O
land	O
guardians	O
argue	O
that	O
the	O
company	O
gained	O
money	O
as	O
a	O
result	O
of	O
the	O
blockade	O
due	O
to	O
rising	O
prices	O
in	O
the	O
worldwide	O
iron	O
ore	O
market	O
.	O

But	O
more	O
crucially	O
,	O
the	O
counterclaim	O
is	O
about	O
protecting	O
the	O
environment	O
,	O
particularly	O
in	O
regard	O
to	O
sound	O
contamination	O
related	O
to	O
shipping	O
,	O
and	O
dust	O
contamination	O
from	O
mining	O
activities	O
.	O

"	O
Their	O
[	O
the	O
Land	B-ORGANIZATION
Guardians	I-ORGANIZATION
]	O
real	O
goal	O
is	O
to	O
ensure	O
that	O
that	O
area	O
is	O
environmentally	O
protected	O
,	O
"	O
Crawford	B-GIVEN_NAME
said	O
.	O

The	O
counterclaim	O
document	O
also	O
says	O
the	O
guardians	O
want	O
compensation	O
for	O
anyone	O
whose	O
hunting	O
rights	O
have	O
been	O
impacted	O
.	O

The	O
Land	B-ORGANIZATION
Guardians	I-ORGANIZATION
'	O
claims	O
,	O
along	O
with	O
Baffinland	B-ORGANIZATION
's	O
,	O
are	O
still	O
before	O
the	O
court	O
.	O

It	O
's	O
not	O
yet	O
clear	O
when	O
the	O
case	O
will	O
go	O
to	O
trial	O
.	O

In	O
an	O
email	O
,	O
Baffinland	B-ORGANIZATION
spokesperson	O
Peter	B-GIVEN_NAME
Akman	B-FAMILY_NAME
described	O
the	O
guardians	O
'	O
claim	O
as	O
"	O
frivolous	O
.	O
"	O

"	O
Many	O
of	O
the	O
statements	O
within	O
it	O
are	O
clearly	O
untrue	O
and	O
represent	O
a	O
clear	O
lack	O
of	O
understanding	O
or	O
intentional	O
mischaracterization	O
of	O
Baffinland	B-ORGANIZATION
's	O
operation	O
and	O
mining	O
in	O
general	O
,	O
"	O
he	O
wrote	O
.	O

"	O
The	O
protestors	O
unlawfully	O
prevented	O
hundreds	O
of	O
employees	O
from	O
returning	O
to	O
their	O
families	O
and	O
put	O
lives	O
at	O
risk	O
,	O
"	O
he	O
said	O
.	O

Akman	B-GIVEN_NAME
also	O
said	O
that	O
the	O
protestors	O
are	O
claiming	O
an	O
interest	O
in	O
[	O
Qikiqtani	B-ORGANIZATION
Inuit	I-ORGANIZATION|B-AFFILIATION
Association	I-ORGANIZATION
]	O
and	O
Crown	B-ORGANIZATION
land	O
,	O
"	O
which	O
we	O
assume	O
will	O
also	O
be	O
challenged	O
.	O
"	O

Though	O
the	O
approach	O
by	O
the	O
Land	B-ORGANIZATION
Guardians	I-ORGANIZATION
is	O
uncommon	O
,	O
it	O
's	O
not	O
the	O
first	O
time	O
this	O
legislation	O
has	O
been	O
used	O
in	O
Nunavut	B-LOCATION
,	O
Crawford	B-GIVEN_NAME
said	O
.	O

She	O
referenced	O
a	O
case	O
from	O
the	O
early	O
2000s	B-DATE
when	O
a	O
group	O
of	O
citizens	O
went	O
to	O
court	O
over	O
the	O
City	B-LOCATION
of	I-LOCATION
Iqaluit	I-LOCATION|B-LOCATION
's	O
routine	O
burning	O
of	O
garbage	O
at	O
the	O
dump	O
.	O

They	O
raised	O
health	O
concerns	O
about	O
the	O
resulting	O
air	O
pollution	O
.	O

"	O
So	O
it	O
's	O
not	O
completely	O
untested	O
,	O
"	O
Crawford	B-GIVEN_NAME
said	O
of	O
the	O
use	O
of	O
the	O
Nunavut	B-BRANDS|B-LOCATION
Environmental	B-MISC
Rights	I-MISC
Act	I-MISC
.	O

