The	O
Assembly	B-ORGANIZATION
of	I-ORGANIZATION
Manitoba	I-ORGANIZATION|B-LOCATION
Chiefs	I-ORGANIZATION
has	O
voted	O
to	O
remove	O
suspended	O
Grand	O
Chief	O
Arlen	B-GIVEN_NAME
Dumas	B-FAMILY_NAME
,	O
and	O
publicly	O
apologized	O
to	O
the	O
two	O
women	O
who	O
came	O
forward	O
with	O
allegations	O
of	O
sexual	O
misconduct	O
.	O

At	O
a	O
special	O
general	O
assembly	O
held	O
in	O
Winnipeg	B-LOCATION
on	O
Friday	B-DATE
,	O
dozens	O
of	O
Manitoba	B-LOCATION
chiefs	O
held	O
a	O
non	O
-	O
confidence	O
vote	O
to	O
officially	O
remove	O
Dumas	B-GIVEN_NAME
from	O
his	O
position	O
,	O
following	O
accusations	O
he	O
sexually	O
harassed	O
and	O
assaulted	O
an	O
employee	O
.	O

Interim	O
Grand	O
Chief	O
Cornell	B-GIVEN_NAME
McLean	B-FAMILY_NAME
told	O
CBC	B-ORGANIZATION

News	B-ORGANIZATION
that	O
30	O
voted	O
in	O
favour	O
of	O
immediately	O
removing	O
the	O
grand	O
chief	O
,	O
and	O
13	O
voted	O
against	O
in	O
the	O
closed	O
-	O
door	O
meeting	O
.	O

"	O
On	O
behalf	O
of	O
the	O
assembly	O
,	O
we	O
have	O
to	O
[	O
apologize	O
]	O
,	O
because	O
we	O
need	O
to	O
protect	O
them	O
from	O
things	O
like	O
this	O
happening	O
,	O
"	O
McLean	B-GIVEN_NAME
said	O
.	O

Dumas	B-GIVEN_NAME
was	O
suspended	O
in	O
March	B-DATE
pending	O
an	O
investigation	O
into	O
allegations	O
he	O
engaged	O
in	O
workplace	O
sexual	O
harassment	O
and	O
sexually	O
assaulted	O
an	O
employee	O
,	O
who	O
at	O
the	O
time	O
was	O
anonymous	O
.	O

The	O
employee	O
filed	O
a	O
police	O
report	O
,	O
but	O
no	O
charges	O
have	O
been	O
laid	O
.	O

McLean	B-GIVEN_NAME
apologized	O
to	O
Shauna	B-GIVEN_NAME
Fontaine	B-FAMILY_NAME
,	O
who	O
came	O
forward	O
publicly	O
in	O
June	O
as	O
the	O
employee	O
who	O
filed	O
the	O
complaint	O
,	O
and	O
expressed	O
her	O
disappointment	O
in	O
AMC	B-ORGANIZATION
and	O
the	O
police	O
's	O
response	O
to	O
her	O
report	O
.	O

He	O
also	O
apologized	O
to	O
Bethany	B-GIVEN_NAME
Maytwayashing	B-FAMILY_NAME
,	O
who	O
accused	O
Dumas	B-GIVEN_NAME
of	O
sending	O
inappropriate	O
text	O
messages	O
to	O
her	O
in	O
2019	B-DATE
.	O

"	O
When	O
you're	O
a	O
leader	O
in	O
your	O
community	O
,	O
you	O
ca	O
n't	O
abuse	O
your	O
power	O
or	O
trust	O
in	O
any	O
way	O
shape	O
or	O
form	O
,	O
"	O
McLean	B-GIVEN_NAME
said	O
.	O

In	O
a	O
written	O
statement	O
given	O
to	O
CBC	B-ORGANIZATION
News	I-ORGANIZATION
,	O
Fontaine	B-GIVEN_NAME
expressed	O
some	O
relief	O
about	O
Dumas	B-GIVEN_NAME
's	O
immediate	O
removal	O
,	O
but	O
says	O
she	O
is	O
"	O
mostly	O
saddened	O
and	O
feel	O
traumatized	O
in	O
relation	O
to	O
the	O
whole	O
of	O
this	O
experience	O
.	O
"	O

The	O
statement	O
renews	O
her	O
call	O
for	O
more	O
transparent	O
,	O
trauma	O
-	O
informed	O
investigation	O
and	O
resolution	O
processes	O
within	O
the	O
AMC	B-ORGANIZATION
,	O
which	O
represents	O
62	O
First	B-AFFILIATION
Nations	I-AFFILIATION
in	O
the	O
province	O
.	O

In	O
response	O
to	O
Fontaine	B-GIVEN_NAME
's	O
allegations	O
,	O
the	O
assembly	O
ordered	O
a	O
third	O
-	O
party	O
investigation	O
,	O
which	O
found	O
that	O
Dumas	B-GIVEN_NAME
had	O
engaged	O
in	O
workplace	O
sexual	O
harassment	O
.	O

Fontaine	B-GIVEN_NAME
originally	O
expressed	O
concern	O
over	O
AMC	B-ORGANIZATION
's	O
handling	O
of	O
her	O
allegations	O
in	O
June	B-DATE
,	O
via	O
an	O
open	O
letter	O
that	O
was	O
signed	O
by	O
200	O
supporters	O
.	O

The	O
letter	O
called	O
for	O
an	O
independent	O
inquiry	O
into	O
the	O
case	O
.	O

"	O
It	O
is	O
time	O
for	O
change	O
,	O
and	O
with	O
this	O
outcome	O
,	O
I	O
can	O
only	O
hope	O
that	O
change	O
will	O
take	O
hold	O
,	O
"	O
Fontaine	B-GIVEN_NAME
's	O
statement	O
reads	O
.	O

Earlier	O
this	O
week	O
,	O
Dumas	B-GIVEN_NAME
announced	O
he	O
would	O
be	O
seeking	O
trauma	O
-	O
based	O
treatment	O
to	O
"	O
begin	O
healing	O
not	O
only	O
from	O
the	O
events	O
of	O
the	O
past	O
five	O
months	O
but	O
also	O
a	O
lifetime	O
of	O
trauma	O
,	O
"	O
he	O
said	O
in	O
a	O
news	O
release	O
.	O

He	O
did	O
not	O
appear	O
Friday	B-DATE
at	O
the	O
special	O
general	O
assembly	O
,	O
despite	O
AMC	B-ORGANIZATION
asking	O
his	O
lawyers	O
for	O
him	O
to	O
attend	O
virtually	O
.	O

He	O
has	O
previously	O
denied	O
the	O
allegations	O
.	O

Dumas	B-GIVEN_NAME
was	O
first	O
elected	O
as	O
AMC	B-ORGANIZATION
grand	O
chief	O
in	O
2017	B-DATE
,	O
and	O
was	O
re	O
-	O
elected	O
last	O
summer	O
.	O

In	O
an	O
emailed	O
news	O
release	O
after	O
the	O
vote	O
,	O
the	O
assembly	O
said	O
a	O
byelection	O
will	O
be	O
held	O
on	O
Oct	B-DATE
.	I-DATE
19	I-DATE
to	O
elect	O
a	O
replacement	O
.	O

Until	O
then	O
,	O
McLean	B-GIVEN_NAME
will	O
continue	O
as	O
acting	O
grand	O
chief	O
.	O

Manitoba	B-LOCATION
gender	O
-	O
based	O
violence	O
expert	O
and	O
advocate	O
Hilda	B-GIVEN_NAME
Anderson	B-FAMILY_NAME
-	I-FAMILY_NAME
Pyrz	I-FAMILY_NAME
says	O
the	O
vote	O
to	O
oust	O
Dumas	B-GIVEN_NAME
sends	O
"	O
a	O
message	O
of	O
hope	O
"	O
that	O
the	O
winds	O
are	O
shifting	O
when	O
it	O
comes	O
to	O
how	O
allegations	O
are	O
handled	O
within	O
political	O
systems	O
.	O

"	O
There	O
is	O
a	O
slight	O
shift	O
that	O
has	O
occurred	O
,	O
"	O
she	O
said	O
,	O
adding	O
Friday	B-DATE
's	O
decision	O
was	O
a	O
long	O
time	O
coming	O
.	O

Anderson	B-GIVEN_NAME
-	B-FAMILY_NAME
Pyrz	I-FAMILY_NAME
says	O
she	O
looks	O
back	O
to	O
when	O
Maytwayashing	B-GIVEN_NAME
's	O
allegations	O
first	O
arose	O
and	O
believes	O
the	O
AMC	B-ORGANIZATION
should	O
have	O
immediately	O
called	O
for	O
a	O
third	O
-	O
party	O
independent	O
investigation	O
instead	O
of	O
handling	O
the	O
matter	O
internally	O
.	O

"	O
In	O
my	O
opinion	O
,	O
the	O
victim	O
was	O
revictimized	O
by	O
how	O
the	O
whole	O
process	O
was	O
handled	O
,	O
"	O
she	O
said	O
.	O

"	O
Once	O
the	O
investigation	O
is	O
done	O
,	O
there	O
has	O
to	O
be	O
procedures	O
in	O
place	O
to	O
,	O
you	O
know	O
,	O
hold	O
the	O
individual	O
accountable	O
who	O
has	O
violated	O
those	O
policies	O
and	O
procedures	O
.	O

And	O
it	O
has	O
to	O
be	O
acted	O
upon	O
immediately	O
,	O
as	O
well	O
.	O
"	O

If	O
Dumas	B-GIVEN_NAME
had	O
stayed	O
on	O
,	O
it	O
would	O
have	O
sent	O
"	O
a	O
heartbreaking	O
message	O
to	O
Indigenous	O
women	O
across	O
the	O
country	O
,	O
"	O
Anderson	B-GIVEN_NAME
-	B-FAMILY_NAME
Pyrz	I-FAMILY_NAME
said	O
.	O

"	O
It	O
would	O
have	O
,	O
you	O
know	O
,	O
diminished	O
any	O
hope	O
â¦	O
especially	O
for	O
those	O
victims	O
of	O
gender	O
-	O
based	O
violence	O
who	O
are	O
suffering	O
right	O
now	O
and	O
having	O
found	O
their	O
voice	O
and	O
having	O
reached	O
out	O
for	O
help	O
.	O
"	O

Anderson	B-GIVEN_NAME
-	B-FAMILY_NAME
Pyrz	I-FAMILY_NAME
says	O
more	O
Indigenous	O
women	O
need	O
to	O
be	O
given	O
opportunities	O
to	O
take	O
on	O
political	O
roles	O
,	O
including	O
offering	O
training	O
and	O
other	O
support	O
resources	O
.	O

Patriarchy	O
and	O
misogyny	O
remain	O
"	O
very	O
thick	O
"	O
today	O
within	O
political	O
structures	O
,	O
she	O
said	O
:	O
"	O
We	O
're	O
still	O
trying	O
to	O
shatter	O
those	O
glass	O
ceilings	O
.	O
"	O

