Katrina	B-GIVEN_NAME
Cockney	B-FAMILY_NAME
describes	O
her	O
first	O
hunt	O
with	O
her	O
husband	O
and	O
son	O
as	O
'	O
majestic	O
'	O

Katrina	B-GIVEN_NAME
Cockney	B-FAMILY_NAME
was	O
near	O
tears	O
recounting	O
her	O
"	O
majestic	O
"	O
first	O
beluga	O
hunt	O
that	O
she	O
recently	O
embarked	O
on	O
alongside	O
her	O
husband	O
and	O
son	O
.	O

"	O
I	O
was	O
really	O
excited	O
,	O
"	O
she	O
said	O
,	O
showing	O
videos	O
of	O
her	O
family	O
on	O
the	O
boat	O
and	O
successfully	O
shooting	O
a	O
beluga	O
whale	O
near	O
Tuktoyaktuk	B-LOCATION
,	I-LOCATION
N.	I-LOCATION
W.	I-LOCATION
T.	I-LOCATION

"	O
As	O
an	O
Inuvialuit	B-AFFILIATION
,	O
it	O
's	O
an	O
honour	O
...	O
Being	O
able	O
to	O
practice	O
what	O
our	O
ancestors	O
did	O
.	O
"	O

Cockney	B-GIVEN_NAME
says	O
more	O
women	O
should	O
experience	O
it	O
for	O
themselves	O
.	O

"	O
I	O
've	O
always	O
helped	O
my	O
family	O
prepare	O
the	O
whale	O
,	O
but	O
I	O
've	O
always	O
wanted	O
to	O
experience	O
it	O
myself	O
,	O
"	O
she	O
said	O
.	O

"	O
In	O
my	O
younger	O
generation	O
,	O
we	O
've	O
always	O
chosen	O
to	O
prove	O
that	O
you	O
know	O
women	O
can	O
be	O
equal	O
to	O
men	O
and	O
you	O
do	O
n't	O
have	O
to	O
be	O
a	O
man	O
to	O
go	O
hunting	O
,	O
"	O
she	O
said	O
.	O

Tuktoyaktuk	B-LOCATION
carver	O
Roy	B-GIVEN_NAME
Cockney	B-FAMILY_NAME
Jr.	I-FAMILY_NAME
said	O
this	O
season	O
's	O
beluga	O
harvest	O
kept	O
him	O
busy	O
on	O
dry	O
land	O
.	O

"	O
The	O
boys	O
went	O
whaling	O
and	O
I	O
waited	O
at	O
the	O
camp	O
,	O
"	O
he	O
said	O
.	O

"	O
I	O
filled	O
up	O
their	O
freezers	O
with	O
dry	O
fish	O
,	O
whitefish	O
,	O
muktuk	O
and	O
dry	O
meat	O
â	O
it	O
is	O
a	O
good	O
summer	O
.	O
"	O

Cockney	B-GIVEN_NAME
Jr.	B-FAMILY_NAME
says	O
he	O
used	O
dried	O
whale	O
and	O
other	O
harvested	O
animal	O
bones	O
in	O
his	O
carvings	O
,	O
carvings	O
that	O
got	O
him	O
accepted	O
to	O
his	O
first	O
Great	B-BRANDS
Northern	B-MISC
Arts	I-MISC
Festival	I-MISC
in	O
Inuvik	B-LOCATION
.	O

Enoch	B-GIVEN_NAME
Pokiak	B-FAMILY_NAME
,	O
also	O
from	O
Tuktoyaktuk	B-LOCATION
,	O
similarly	O
uses	O
all	O
parts	O
of	O
harvested	O
animals	O
.	O

He	O
and	O
his	O
family	O
went	O
whaling	O
earlier	O
in	O
the	O
month	O
of	O
July	B-DATE
near	O
Hendrikson	B-LOCATION
Island	I-LOCATION
,	O
by	O
Tuktoyaktuk	B-LOCATION
.	O

He	O
is	O
currently	O
in	O
the	O
process	O
of	O
preparing	O
muktuk	O
and	O
making	O
the	O
uksuk	O
,	O
whale	O
oil	O
.	O

He	O
says	O
that	O
growing	O
up	O
,	O
nothing	O
from	O
a	O
harvest	O
went	O
to	O
waste	O
including	O
bones	O
which	O
would	O
go	O
to	O
the	O
dogs	O
.	O

He	O
's	O
decided	O
not	O
only	O
to	O
prepare	O
it	O
for	O
his	O
Inuvialuit	B-AFFILIATION
family	O
and	O
community	O
members	O
but	O
to	O
share	O
with	O
tourists	O
.	O

This	O
spring	O
,	O
he	O
and	O
his	O
wife	O
Amanda	B-GIVEN_NAME
started	O
up	O
tourism	O
operator	O
Polar	B-ORGANIZATION
Pack	I-ORGANIZATION
Arctic	I-ORGANIZATION
Adventures	I-ORGANIZATION
,	O
named	O
after	O
an	O
earlier	O
business	O
of	O
his	O
father	O
's	O
in	O
Tuktoyaktuk	B-LOCATION
.	O

In	O
their	O
tours	O
,	O
they	O
bring	O
samples	O
of	O
their	O
own	O
harvested	O
foods	O
such	O
as	O
beluga	O
,	O
fish	O
,	O
goose	O
,	O
berries	O
,	O
with	O
some	O
bannock	O
.	O

He	O
said	O
if	O
he	O
is	O
unable	O
to	O
go	O
out	O
he	O
reimburses	O
other	O
Inuvialuit	B-AFFILIATION
for	O
their	O
harvests	O
.	O

"	O
I	O
grew	O
up	O
sharing	O
and	O
I	O
just	O
like	O
to	O
share	O
with	O
the	O
tourists	O
too	O
,	O
show	O
them	O
how	O
we	O
eat	O
and	O
how	O
we	O
live	O
off	O
the	O
land	O
.	O

And	O
what	O
it	O
's	O
like	O
for	O
them	O
to	O
have	O
a	O
taste	O
of	O
the	O
North	O
.	O
"	O

He	O
said	O
regularly	O
hunting	O
and	O
fishing	O
with	O
his	O
family	O
demonstrates	O
the	O
value	O
he	O
's	O
learned	O
living	O
in	O
the	O
northern	O
community	O
,	O
of	O
sharing	O
with	O
others	O
.	O

He	O
says	O
that	O
's	O
why	O
they	O
chose	O
to	O
incorporate	O
that	O
experience	O
with	O
tourists	O
,	O
not	O
just	O
between	O
Inuvialuit	B-LOCATION
.	O

Pokiak	B-GIVEN_NAME
is	O
motivated	O
to	O
bring	O
back	O
the	O
traditional	O
knowledge	O
and	O
connection	O
to	O
the	O
land	O
and	O
animals	O
,	O
as	O
a	O
form	O
of	O
healing	O
from	O
intergenerational	O
trauma	O
.	O

He	O
's	O
inspired	O
by	O
his	O
late	O
father	O
Randall	B-GIVEN_NAME
Pokiak	B-FAMILY_NAME
,	O
the	O
first	O
Chair	O
of	O
the	O
Inuvialuit	B-ORGANIZATION|B-AFFILIATION
Regional	I-ORGANIZATION
Corporation	I-ORGANIZATION
.	O

Pokiak	B-GIVEN_NAME
said	O
his	O
father	O
,	O
a	O
residential	O
school	O
survivor	O
,	O
retaught	O
himself	O
lessons	O
from	O
the	O
land	O
.	O

He	O
has	O
since	O
advocated	O
to	O
preserve	O
and	O
share	O
that	O
knowledge	O
with	O
others	O
.	O

"	O
Up	O
in	O
the	O
North	O
,	O
we	O
all	O
like	O
to	O
share	O
,	O
and	O
we	O
're	O
just	O
like	O
a	O
big	O
family	O
,	O
"	O
he	O
said	O
.	O

"	O
And	O
that	O
's	O
what	O
more	O
of	O
the	O
world	O
needs	O
,	O
is	O
getting	O
together	O
and	O
sharing	O
and	O
passing	O
down	O
the	O
knowledge	O
.	O
"	O

