A	O
handful	O
of	O
musicians	O
will	O
perform	O
for	O
an	O
event	O
called	O
Crush	B-BRANDS
the	B-MISC
Crisis	I-MISC
,	O
an	O
online	O
show	O
aimed	O
at	O
honouring	O
the	O
lives	O
lost	O
to	O
Yukon	B-LOCATION
âs	O
opioid	O
crisis	O
.	O

According	O
to	O
the	O
most	O
recent	O
news	O
release	O
from	O
Yukon	B-LOCATION
âs	O
chief	O
corner	O
,	O
eight	O
people	O
have	O
died	O
in	O
the	O
territory	O
from	O
a	O
drug	O
overdose	O
in	O
the	O
first	O
six	O
weeks	O
of	O
2022	B-DATE
.	O

â	O
If	O
we	O
can	O
put	O
out	O
music	O
to	O
help	O
people	O
in	O
any	O
way	O
â	O
people	O
in	O
the	O
North	O
do	O
nât	O
even	O
have	O
a	O
week	O
to	O
grieve	O
,	O
â	O
says	O
Vuntut	B-ORGANIZATION|B-AFFILIATION
Gwitchin	I-ORGANIZATION|I-AFFILIATION
First	I-ORGANIZATION
Nation	I-ORGANIZATION
citizen	O
Yudii	B-GIVEN_NAME
Mercredi	B-FAMILY_NAME
.	O

Mercredi	B-GIVEN_NAME
is	O
one	O
half	O
of	O
hip	O
-	O
hop	O
duo	O
Vision	B-ORGANIZATION
Quest	I-ORGANIZATION
,	O
who	O
will	O
be	O
performing	O
at	O
the	O
event	O
on	O
March	B-DATE
4	I-DATE
.	O

He	O
says	O
his	O
home	O
community	O
of	O
Old	B-LOCATION
Crow	I-LOCATION
in	O
northern	B-LOCATION
Yukon	I-LOCATION
is	O
feeling	O
the	O
weight	O
of	O
the	O
crisis	O
.	O

At	O
least	O
two	O
of	O
the	O
people	O
who	O
died	O
recently	O
were	O
from	O
Old	B-LOCATION
Crow	I-LOCATION
.	O

â	O
Families	O
are	O
losing	O
young	O
members	O
of	O
their	O
family	O
at	O
the	O
drop	O
of	O
a	O
hat	O
,	O
â	O
he	O
says	O
.	O

â	O
You	O
can	O
see	O
the	O
struggle	O
in	O
the	O
community	O
as	O
it	O
is	O
right	O
now	O
.	O

You	O
can	O
see	O
people	O
hurting	O
.	O
â	O

Mercredi	B-GIVEN_NAME
hopes	O
his	O
performance	O
will	O
draw	O
attention	O
to	O
the	O
Ogilvie	B-LOCATION
Creative	I-LOCATION
House	I-LOCATION
in	O
Whitehorse	B-LOCATION
,	O
which	O
is	O
organizing	O
and	O
live	O
streaming	O
the	O
show	O
.	O

While	O
the	O
space	O
is	O
nât	O
open	O
to	O
the	O
public	O
yet	O
,	O
it	O
will	O
be	O
free	O
to	O
use	O
for	O
young	O
creatives	O
and	O
has	O
a	O
recording	O
studio	O
and	O
other	O
creative	O
facilities	O
.	O

Mercredi	B-GIVEN_NAME
says	O
making	O
music	O
can	O
be	O
healing	O
for	O
young	O
people	O
who	O
are	O
struggling	O
,	O
and	O
the	O
space	O
could	O
be	O
a	O
â	O
great	O
way	O
for	O
youth	O
to	O
express	O
themselves	O
.	O
â	O

â	O
People	O
have	O
their	O
own	O
outlets	O
,	O
but	O
I	O
like	O
to	O
write	O
and	O
some	O
kids	O
like	O
to	O
write	O
too	O
,	O
and	O
this	O
could	O
be	O
a	O
great	O
place	O
for	O
them	O
to	O
come	O
,	O
â	O
he	O
says	O
.	O

Dalton	B-GIVEN_NAME
Moore	B-FAMILY_NAME
,	O
a	O
rapper	O
who	O
performs	O
as	O
Mobb	B-GIVEN_NAME
Diggity	B-FAMILY_NAME
,	O
is	O
also	O
lending	O
his	O
voice	O
to	O
the	O
issue	O
.	O

The	O
Champagne	B-AFFILIATION
and	I-AFFILIATION
Aishihik	I-AFFILIATION
First	I-AFFILIATION
Nations	I-AFFILIATION
citizen	O
says	O
addiction	O
is	O
often	O
rooted	O
in	O
intergenerational	O
trauma	O
from	O
residential	O
school	O
,	O
something	O
he	O
âs	O
experienced	O
firsthand	O
.	O

â	O
I	O
âve	O
personally	O
felt	O
the	O
effects	O
of	O
that	O
throughout	O
my	O
family	O
,	O
and	O
this	O
music	O
has	O
definitely	O
helped	O
me	O
paint	O
a	O
clearer	O
picture	O
of	O
what	O
we	O
need	O
as	O
a	O
people	O
,	O
â	O
he	O
says	O
.	O

He	O
adds	O
much	O
of	O
the	O
music	O
he	O
âll	O
be	O
performing	O
at	O
the	O
show	O
has	O
an	O
underlying	O
message	O
about	O
addictions	O
and	O
mental	O
health	O
,	O
which	O
he	O
hopes	O
will	O
help	O
people	O
who	O
are	O
struggling	O
.	O

â	O
I	O
hope	O
I	O
can	O
help	O
a	O
lot	O
of	O
people	O
with	O
what	O
I	O
have	O
to	O
say	O
in	O
the	O
subject	O
matter	O
of	O
my	O
lyrics	O
because	O
my	O
lyrics	O
are	O
definitely	O
my	O
most	O
important	O
thing	O
to	O
me	O
,	O
â	O
he	O
says	O
.	O

The	O
show	O
âs	O
organizers	O
will	O
also	O
promote	O
supports	O
throughout	O
the	O
event	O
with	O
its	O
partner	O
Blood	B-ORGANIZATION
Ties	I-ORGANIZATION
Four	I-ORGANIZATION
Directions	I-ORGANIZATION
,	O
a	O
harm	O
reduction	O
organization	O
,	O
including	O
information	O
regarding	O
the	O
territory	O
âs	O
supervised	O
consumption	O
site	O
and	O
naloxone	O
training	O
.	O

Mercredi	B-GIVEN_NAME
hopes	O
people	O
watching	O
will	O
be	O
inspired	O
to	O
reach	O
out	O
if	O
they	O
need	O
help	O
.	O

â	O
If	O
we	O
can	O
do	O
a	O
little	O
part	O
to	O
make	O
a	O
big	O
change	O
,	O
then	O
that	O
âs	O
what	O
we	O
âre	O
going	O
to	O
do	O
.	O
â	O

