Community	O
members	O
in	O
Ãutsel	B-ORGANIZATION
K'e	I-ORGANIZATION
,	I-ORGANIZATION
N.	I-ORGANIZATION
W.	I-ORGANIZATION
T.	I-ORGANIZATION
,	O
are	O
making	O
their	O
way	O
to	O
Old	B-LOCATION
Fort	I-LOCATION
Reliance	I-LOCATION
this	O
weekend	O
for	O
the	O
35th	O
Desnedhe	B-BRANDS
Che	B-MISC
Spiritual	I-MISC
Gathering	I-MISC
,	O
and	O
it	O
's	O
expected	O
to	O
be	O
the	O
largest	O
occurrence	O
of	O
the	O
event	O
in	O
years	O
.	O

Gloria	B-GIVEN_NAME
Enzoe	B-FAMILY_NAME
is	O
the	O
gathering	O
coordinator	O
for	O
the	O
Lutsel	B-ORGANIZATION
K'e	I-ORGANIZATION
Kache	I-ORGANIZATION
Dene	I-ORGANIZATION
First	I-ORGANIZATION
Nation	I-ORGANIZATION
.	O

She	O
calls	O
it	O
a	O
"	O
migration	O
"	O
for	O
the	O
community	O
of	O
about	O
300	O
.	O

About	O
42	O
boats	O
are	O
heading	O
to	O
the	O
gathering	O
,	O
and	O
73	O
people	O
are	O
joining	O
a	O
charter	O
flight	O
Friday	B-DATE
.	O

Fort	B-LOCATION
Reliance	I-LOCATION
lies	O
near	O
the	O
mouth	O
of	O
the	O
Lockhart	B-LOCATION
River	I-LOCATION
,	O
in	O
the	O
eastern	O
end	O
of	O
Great	B-LOCATION
Slave	I-LOCATION
Lake	I-LOCATION
,	O
and	O
was	O
once	O
the	O
hub	O
of	O
a	O
small	O
community	O
.	O

Enzoe	B-GIVEN_NAME
's	O
grandfather	O
used	O
to	O
live	O
there	O
.	O

Today	O
,	O
you	O
can	O
still	O
find	O
the	O
remains	O
of	O
chimneys	O
,	O
storage	O
pits	O
and	O
the	O
outlines	O
of	O
log	O
buildings	O
in	O
the	O
earth	O
,	O
according	O
to	O
the	O
Prince	B-LOCATION
of	I-LOCATION
Wales	I-LOCATION|B-LOCATION
Northern	I-LOCATION
Heritage	I-LOCATION
Centre	I-LOCATION
.	O

Visitors	O
to	O
the	O
gathering	O
also	O
make	O
a	O
trip	O
to	O
"	O
Tsakui	B-LOCATION
Theda	I-LOCATION
,	O
"	O
the	O
Old	B-BRANDS
Lady	B-MISC
of	I-MISC
the	I-MISC
Falls	I-MISC
,	O
also	O
known	O
as	O
Parry	B-LOCATION
Falls	I-LOCATION
,	O
who	O
is	O
said	O
to	O
have	O
special	O
healing	O
powers	O
.	O

"	O
It	O
's	O
really	O
important	O
to	O
the	O
Lutsel	B-ORGANIZATION
K'e	I-ORGANIZATION
Dene	I-ORGANIZATION
First	I-ORGANIZATION
Nation	I-ORGANIZATION
,	O
"	O
Enzoe	B-GIVEN_NAME
said	O
.	O

Enzoe	B-GIVEN_NAME
herself	O
grew	O
up	O
attending	O
the	O
event	O
,	O
and	O
hearing	O
the	O
legends	O
about	O
big	O
beavers	O
and	O
giants	O
who	O
populated	O
the	O
area	O
.	O

She	O
said	O
the	O
gathering	O
is	O
about	O
prayer	O
,	O
community	O
and	O
being	O
together	O
on	O
the	O
land	O
.	O

Last	O
year	O
,	O
there	O
was	O
a	O
baptism	O
,	O
a	O
wedding	O
,	O
a	O
spiritual	O
hike	O
and	O
a	O
water	O
ceremony	O
.	O

She	O
also	O
said	O
people	O
taking	O
part	O
in	O
the	O
gathering	O
can	O
also	O
expect	O
"	O
clear	O
waters	O
,	O
beautiful	O
fish	O
,	O
lots	O
of	O
berries	O
.	O
"	O

