The	O
Kaska	B-LOCATION
Nation	I-LOCATION
in	O
Yukon	B-LOCATION
and	O
northern	B-LOCATION
British	I-LOCATION|B-AFFILIATION
Columbia	I-LOCATION
has	O
launched	O
a	O
lawsuit	O
in	O
Federal	B-ORGANIZATION
Court	I-ORGANIZATION
over	O
the	O
recent	O
assessment	O
approval	O
of	O
BMC	B-ORGANIZATION
Minerals	I-ORGANIZATION
â	O
Kudz	B-BRANDS
Ze	B-MISC
Kayah	I-MISC
mining	O
project	O
.	O

On	O
June	B-DATE
15	I-DATE
,	O
Fisheries	B-ORGANIZATION
and	I-ORGANIZATION
Oceans	I-ORGANIZATION
Canada	I-ORGANIZATION|B-LOCATION
,	O
Natural	B-ORGANIZATION
Resources	I-ORGANIZATION
Canada	I-ORGANIZATION|B-LOCATION
and	O
Yukon	B-LOCATION
territorial	O
government	O
,	O
decision	O
-	O
making	O
bodies	O
on	O
the	O
project	O
,	O
released	O
a	O
decision	O
document	O
advancing	O
the	O
project	O
to	O
the	O
regulatory	O
stage	O
.	O

But	O
Ross	B-ORGANIZATION|B-LOCATION
River	I-ORGANIZATION|I-LOCATION
Dena	I-ORGANIZATION
Council	I-ORGANIZATION
(	O
RRDC	B-ORGANIZATION
)	O
Chief	O
Dylan	B-GIVEN_NAME
Loblaw	B-FAMILY_NAME
,	O
whose	O
First	B-AFFILIATION
Nation	I-AFFILIATION
launched	O
the	O
judicial	O
review	O
on	O
behalf	O
of	O
the	O
Kaska	B-ORGANIZATION|B-AFFILIATION
Nation	I-ORGANIZATION
,	O
said	O
the	O
document	O
did	O
nât	O
consider	O
their	O
position	O
.	O

â	O
We	O
felt	O
that	O
the	O
decision	O
bodies	O
did	O
nât	O
fulfill	O
their	O
obligations	O
â	O
their	O
constitutional	O
obligations	O
â	O
to	O
meaningfully	O
consult	O
the	O
Kaska	B-LOCATION|B-AFFILIATION
Nation	I-LOCATION
,	O
â	O
he	O
told	O
APTN	B-ORGANIZATION
News	I-ORGANIZATION
.	O

â	O
(	O
Nor	O
was	O
the	O
project	O
evaluated	O
)	O
through	O
a	O
Kaska	B-AFFILIATION
-	O
led	O
assessment	O
that	O
should	O
have	O
been	O
grounded	O
by	O
our	O
Kaska	B-AFFILIATION
law	O
,	O
our	O
customs	O
,	O
and	O
our	O
own	O
assessment	O
process	O
.	O
â	O

The	O
proposed	O
open	O
pit	O
and	O
underground	O
zinc	O
,	O
silver	O
,	O
copper	O
,	O
gold	O
and	O
lead	O
mine	O
is	O
115	O
km	O
south	O
of	O
Ross	B-LOCATION
River	I-LOCATION
in	O
southeast	O
Yukon	B-LOCATION
.	O

The	O
lawsuit	O
is	O
disappointing	O
for	O
BMC	B-ORGANIZATION
.	O

Allan	B-GIVEN_NAME
Nixon	B-FAMILY_NAME
,	O
vice	O
-	O
president	O
of	O
BMC	B-ORGANIZATION
âs	O
external	O
affairs	O
,	O
said	O
the	O
company	O
is	O
disheartened	O
the	O
Kaska	B-AFFILIATION
do	O
nât	O
feel	O
adequately	O
consulted	O
by	O
the	O
governments	O
after	O
five	B-DURATION
years	I-DURATION
of	O
environmental	O
assessments	O
and	O
consultation	O
,	O
two	O
of	O
which	O
were	O
primarily	O
for	O
additional	O
consultation	O
.	O

â	O
After	O
that	O
length	O
of	O
time	O
and	O
all	O
the	O
effort	O
that	O
BMC	B-ORGANIZATION
âs	O
put	O
in	O
the	O
communities	O
and	O
with	O
the	O
First	B-AFFILIATION
Nations	I-AFFILIATION
,	O
that	O
government	O
-	O
mandated	O
process	O
seems	O
to	O
be	O
the	O
issue	O
now	O
,	O
â	O
Nixon	B-GIVEN_NAME
said	O
.	O

The	O
Yukon	B-ORGANIZATION|B-LOCATION
government	I-ORGANIZATION
declined	O
to	O
comment	O
because	O
the	O
matter	O
is	O
now	O
before	O
the	O
courts	O
.	O

Miriam	B-GIVEN_NAME
Galipeau	B-FAMILY_NAME
,	O
a	O
spokesperson	O
for	O
Natural	B-ORGANIZATION
Resources	I-ORGANIZATION
Canada	I-ORGANIZATION|B-LOCATION
,	O
said	O
in	O
a	O
statement	O
that	O
:	O
â	O
Canada	B-LOCATION
and	O
Yukon	B-LOCATION
carefully	O
reviewed	O
the	O
Final	O
Screening	O
Report	O
and	O
Recommendation	O
for	O
the	O
Kudz	B-BRANDS
Ze	B-MISC
Kayah	I-MISC
project	O
and	O
fully	O
considered	O
the	O
views	O
of	O
potentially	O
affected	O
First	B-AFFILIATION
Nations	I-AFFILIATION
to	O
allow	O
the	O
project	O
to	O
proceed	O
to	O
the	O
regulatory	O
permitting	O
phase	O
.	O
â	O

Canada	B-LOCATION
is	O
currently	O
reviewing	O
the	O
material	O
filed	O
by	O
RRDC	B-ORGANIZATION
,	O
she	O
added	O
.	O

While	O
the	O
Yukon	B-ORGANIZATION|B-LOCATION
Environmental	I-ORGANIZATION
and	I-ORGANIZATION
Socio	I-ORGANIZATION
-	I-ORGANIZATION
economic	I-ORGANIZATION
Assessment	I-ORGANIZATION
Board	I-ORGANIZATION
(	O
YESAB	B-ORGANIZATION
)	O
previously	O
determined	O
the	O
project	O
will	O
result	O
in	O
â	O
adverse	O
effects	O
â	O
to	O
things	O
like	O
the	O
Finlayson	B-BRANDS
caribou	O
herd	O
,	O
water	O
,	O
resources	O
,	O
wildlife	O
and	O
traditional	O
land	O
use	O
,	O
it	O
also	O
found	O
adverse	O
effects	O
could	O
be	O
eliminated	O
,	O
controlled	O
or	O
reduced	O
through	O
recommended	O
mitigation	O
efforts	O
.	O

In	O
January	B-DATE
2021	I-DATE
the	O
federal	O
decision	O
bodies	O
referred	O
the	O
project	O
back	O
to	O
YESAB	B-ORGANIZATION
.	O

After	O
consulting	O
with	O
RRDC	B-ORGANIZATION
and	O
LFN	B-ORGANIZATION
,	O
they	O
expressed	O
concern	O
the	O
screening	O
report	O
issued	O
by	O
YESAB	B-ORGANIZATION
was	O
insufficient	O
regarding	O
how	O
potential	O
impacts	O
would	O
be	O
mitigated	O
.	O

In	O
the	O
June	B-DATE
15	I-DATE
decision	O
document	O
,	O
the	O
decision	O
-	O
making	O
bodies	O
said	O
they	O
â	O
varied	O
the	O
recommendation	O
(	O
s	O
)	O
through	O
new	O
and	O
varied	O
terms	O
and	O
conditions	O
,	O
in	O
addition	O
to	O
changes	O
to	O
recommended	O
monitoring	O
measures	O
,	O
to	O
improve	O
clarity	O
in	O
implementation	O
.	O
â	O

The	O
new	O
and	O
improved	O
recommendations	O
include	O
mitigation	O
efforts	O
to	O
better	O
protect	O
issues	O
raised	O
by	O
the	O
Kaska	B-AFFILIATION
,	O
such	O
as	O
their	O
concerns	O
around	O
water	O
resources	O
,	O
wildlife	O
,	O
the	O
Finlayson	O
caribou	O
herd	O
and	O
air	O
quality	O
.	O

The	O
lawsuit	O
states	O
during	O
a	O
June	B-DATE
8	I-DATE
meeting	O
decision	O
bodies	O
informed	O
the	O
Kaska	B-AFFILIATION
they	O
would	O
issue	O
a	O
decision	O
document	O
on	O
June	B-DATE
15	I-DATE
,	O
though	O
â	O
the	O
decision	O
for	O
the	O
Project	O
was	O
not	O
yet	O
finalized	O
.	O
â	O

It	O
says	O
the	O
Kaska	B-AFFILIATION
were	O
assured	O
by	O
decision	O
bodies	O
that	O
they	O
would	O
review	O
and	O
consider	O
â	O
any	O
comments	O
,	O
concerns	O
,	O
or	O
written	O
information	O
provided	O
by	O
Kaska	B-AFFILIATION
,	O
prior	O
to	O
June	B-DATE
15	I-DATE
,	I-DATE
2022	I-DATE
,	O
prior	O
to	O
issuing	O
a	O
decision	O
.	O
â	O

It	O
goes	O
on	O
to	O
say	O
,	O
â	O
the	O
assurances	O
provided	O
by	O
the	O
Decision	B-ORGANIZATION
Bodies	I-ORGANIZATION
during	O
the	O
June	B-DATE
8	I-DATE
Meeting	O
created	O
a	O
legitimate	O
expectation	O
in	O
RRDC	B-ORGANIZATION
and	O
LFN	B-ORGANIZATION
(	O
Liard	B-ORGANIZATION
First	I-ORGANIZATION
Nation	I-ORGANIZATION
)	O
regarding	O
the	O
process	O
that	O
the	O
Decision	B-ORGANIZATION
Bodies	I-ORGANIZATION
would	O
follow	O
in	O
considering	O
a	O
response	O
to	O
their	O
letters	O
of	O
April	B-DATE
27	I-DATE
and	O
May	B-DATE
25	I-DATE
,	O
including	O
the	O
Modified	O
(	O
terms	O
and	O
conditions	O
)	O
.	O
â	O

On	O
June	B-DATE
14	I-DATE
,	O
RRDC	B-ORGANIZATION
and	O
LFN	B-ORGANIZATION
sent	O
what	O
they	O
say	O
was	O
a	O
â	O
detailed	O
48	O
-	O
page	O
submission	O
â¦	O
providing	O
substantive	O
responses	O
to	O
the	O
issues	O
raised	O
by	O
the	O
Decision	B-ORGANIZATION
Bodies	I-ORGANIZATION
â	O
regarding	O
the	O
two	O
previous	O
letters	O
.	O

â	O
The	O
June	B-DATE
14	I-DATE
Letter	O
provided	O
Kaska	B-AFFILIATION
comments	O
regarding	O
the	O
ongoing	O
consultation	O
and	O
accommodation	O
failures	O
by	O
the	O
Decision	B-ORGANIZATION
Bodies	I-ORGANIZATION
on	O
the	O
Project	O
,	O
and	O
technical	O
responses	O
regarding	O
the	O
Modified	O
(	O
terms	O
and	O
conditions	O
)	O
.	O

The	O
June	B-DATE
14	I-DATE
Letter	O
emphasized	O
Kaska	B-AFFILIATION
âs	O
strong	O
opposition	O
to	O
the	O
issuance	O
of	O
a	O
decision	O
document	O
approving	O
the	O
Project	O
based	O
on	O
the	O
current	O
information	O
known	O
to	O
the	O
Decision	B-ORGANIZATION
Bodies	I-ORGANIZATION
.	O
â	O

However	O
,	O
the	O
lawsuit	O
claims	O
less	O
than	O
2	O
4	B-DURATION
hours	I-DURATION
after	O
receiving	O
the	O
June	B-DATE
14	I-DATE
letter	O
,	O
the	O
decision	O
bodies	O
advanced	O
the	O
project	O
to	O
next	O
stage	O
in	O
the	O
approval	O
process	O
,	O
â	O
contrary	O
to	O
the	O
assurances	O
made	O
in	O
the	O
June	B-DATE
8	I-DATE
Meeting	O
.	O
â	O

It	O
alleges	O
â	O
the	O
Decision	B-ORGANIZATION
Bodies	I-ORGANIZATION
â	O
failure	O
to	O
consider	O
the	O
June	B-DATE
14	I-DATE
Letter	O
,	O
particularly	O
in	O
light	O
of	O
their	O
express	O
commitment	O
to	O
RRDC	B-ORGANIZATION
and	O
LFN	B-ORGANIZATION
to	O
do	O
so	O
,	O
reflects	O
a	O
failure	O
to	O
reasonably	O
consult	O
and	O
does	O
not	O
uphold	O
the	O
honour	O
of	O
the	O
Crown	B-ORGANIZATION
.	O
â	O

While	O
BMC	B-ORGANIZATION
is	O
also	O
listed	O
as	O
a	O
respondent	O
,	O
Nixon	B-GIVEN_NAME
says	O
the	O
lawsuit	O
is	O
primarily	O
aimed	O
at	O
the	O
decision	O
-	O
making	O
bodies	O
,	O
and	O
the	O
company	O
will	O
do	O
its	O
part	O
to	O
submit	O
information	O
to	O
the	O
court	O
.	O

He	O
notes	O
BMC	B-ORGANIZATION
has	O
always	O
worked	O
closely	O
with	O
Kaska	B-AFFILIATION
,	O
such	O
as	O
providing	O
funding	O
for	O
RRDC	B-ORGANIZATION
and	O
LFN	B-ORGANIZATION
to	O
do	O
an	O
independent	O
technical	O
review	O
of	O
the	O
project	O
,	O
and	O
will	O
continue	O
to	O
consult	O
with	O
them	O
.	O

â	O
It	O
does	O
nât	O
change	O
our	O
commitment	O
at	O
all	O
to	O
the	O
Kaska	B-AFFILIATION
or	O
working	O
with	O
their	O
communities	O
,	O
and	O
does	O
nât	O
change	O
our	O
commitment	O
to	O
ensuring	O
that	O
they	O
âre	O
full	O
partners	O
in	O
the	O
project	O
and	O
get	O
all	O
the	O
benefits	O
from	O
the	O
project	O
,	O
â	O
he	O
says	O
.	O

Meanwhile	O
,	O
Loblaw	B-GIVEN_NAME
says	O
by	O
quashing	O
the	O
decision	O
,	O
the	O
Kaska	B-AFFILIATION
hope	O
to	O
see	O
the	O
project	O
go	O
through	O
a	O
new	O
project	O
assessment	O
that	O
will	O
include	O
meaningful	O
consultation	O
.	O

â	O
(	O
We	O
âre	O
hoping	O
to	O
see	O
)	O
maybe	O
some	O
better	O
protection	O
and	O
a	O
more	O
First	B-AFFILIATION
Nation	I-AFFILIATION
-	O
led	O
process	O
to	O
set	O
out	O
and	O
guide	O
a	O
project	O
of	O
this	O
type	O
.	O
â	O

