The	O
annual	O
AdÃ¤ka	B-BRANDS
Cultural	B-MISC
Festival	I-MISC
based	O
in	O
Whitehorse	B-LOCATION
which	O
showcases	O
Indigenous	O
arts	O
and	O
culture	O
from	O
across	O
the	O
northern	O
circumpolar	O
region	O
is	O
back	O
again	O
after	O
a	O
two	O
-	O
year	O
hiatus	O
because	O
of	O
the	O
pandemic	O
.	O

Kicking	O
off	O
on	O
June	B-DATE
29	I-DATE
,	O
the	O
festival	O
includes	O
artists	O
and	O
performers	O
from	O
across	O
northern	B-LOCATION
Canada	I-LOCATION
and	O
Alaska	B-LOCATION
,	O
as	O
well	O
as	O
countries	O
like	O
Finland	B-LOCATION
,	O
Norway	B-LOCATION
and	O
Greenway	B-LOCATION
.	O

AdÃ¤ka	B-BRANDS
is	O
the	O
southern	B-AFFILIATION
Tutchone	I-AFFILIATION
word	O
for	O
â	O
coming	O
into	O
the	O
light	O
.	O
â	O

Organizer	O
and	O
co	O
-	O
founder	O
Katie	B-GIVEN_NAME
Johnson	B-FAMILY_NAME
says	O
the	O
name	O
has	O
never	O
been	O
more	O
fitting	O
.	O

â	O
It	O
âs	O
a	O
really	O
special	O
year	O
,	O
it	O
âs	O
like	O
we	O
âre	O
relighting	O
the	O
spirit	O
of	O
what	O
AdÃ¤ka	B-BRANDS
really	O
about	O
,	O
â	O
she	O
says	O
.	O

AdÃ¤ka	B-BRANDS
was	O
initially	O
founded	O
in	O
2011	B-DATE
and	O
was	O
set	O
to	O
celebrate	O
its	O
tenth	O
-	O
year	O
anniversary	O
in	O
2021	B-DATE
.	O

Johnson	B-GIVEN_NAME
says	O
despite	O
the	O
hiatus	O
,	O
AdÃ¤ka	B-BRANDS
is	O
celebrating	O
its	O
tenth	O
year	O
at	O
this	O
year	O
âs	O
festival	O
.	O

â	O
We	O
âre	O
just	O
really	O
excited	O
about	O
this	O
year	O
because	O
of	O
the	O
pandemic	O
.	O
We	O
have	O
nât	O
been	O
able	O
to	O
celebrate	O
,	O
so	O
this	O
year	O
is	O
really	O
powerful	O
for	O
bringing	O
that	O
spirit	O
back	O
again	O
,	O
â	O
she	O
says	O
.	O

This	O
year	O
âs	O
festival	O
is	O
expected	O
to	O
attract	O
around	O
1,000	O
daily	O
visitors	O
.	O
It	O
features	O
a	O
gallery	O
with	O
Indigenous	O
jewelry	O
and	O
artwork	O
from	O
across	O
Canada	B-LOCATION
,	O
as	O
well	O
as	O
over	O
200	O
visual	O
and	O
preforming	O
artists	O
such	O
as	O
the	O
DakhkÃ¡	B-ORGANIZATION
KhwÃ¡an	I-ORGANIZATION
Dancers	I-ORGANIZATION
,	O
an	O
Inland	B-AFFILIATION
Tlinigt	I-AFFILIATION
dance	O
group	O
based	O
in	O
Yukon	B-LOCATION
,	O
and	O
PIQSIQ	B-ORGANIZATION
,	O
Inuit	B-AFFILIATION
style	O
throat	O
singers	O
from	O
Nunavut	B-LOCATION
.	O

The	O
festival	O
also	O
features	O
over	O
60	O
workshops	O
,	O
panels	O
on	O
topics	O
like	O
language	O
and	O
a	O
First	B-AFFILIATION
Nations	I-AFFILIATION
â	O
fashion	O
show	O
.	O

â	O
Showing	O
off	O
our	O
culture	O
â	O

Ailu	B-GIVEN_NAME
Valle	B-FAMILY_NAME
and	O
Aleski	B-GIVEN_NAME
Niittyvuopio	B-FAMILY_NAME
,	O
a	O
rap	O
and	O
juggling	O
duo	O
from	O
Finalnd	B-LOCATION
,	O
preformed	O
at	O
the	O
festival	O
on	O
its	O
opening	O
day	O
.	O

The	O
pair	O
are	O
SÃ¡mi	B-AFFILIATION
,	O
an	O
Indigenous	O
group	O
native	O
to	O
northern	B-LOCATION
Scandinavia	I-LOCATION
.	O

â	O
Of	O
course	O
,	O
since	O
it	O
âs	O
an	O
Indigenous	O
festival	O
,	O
it	O
was	O
great	O
chance	O
to	O
network	O
and	O
get	O
to	O
know	O
other	O
Indigenous	O
peoples	O
,	O
â	O
Valle	B-GIVEN_NAME
says	O
.	O

Valle	B-GIVEN_NAME
notes	O
the	O
festival	O
is	O
a	O
way	O
for	O
him	O
to	O
showcase	O
SÃ¡mi	B-AFFILIATION
culture	O
to	O
audiences	O
who	O
may	O
not	O
be	O
familiar	O
with	O
its	O
people	O
.	O

â	O
Content	O
wise	O
I	O
teach	O
about	O
the	O
SÃ¡mi	B-AFFILIATION
way	O
of	O
living	O
,	O
the	O
SÃ¡mi	B-AFFILIATION
philosophy	O
of	O
life	O
and	O
also	O
bring	O
the	O
traditional	O
way	O
of	O
living	O
to	O
the	O
limelight	O
,	O
â	O
he	O
says	O
.	O

SÃ¡mi	B-AFFILIATION
culture	O
is	O
also	O
important	O
to	O
Niittyvuopio	B-GIVEN_NAME
,	O
who	O
started	O
the	O
act	O
by	O
dancing	O
and	O
juggling	O
with	O
reindeer	O
antlers	O
.	O

â	O
I	O
like	O
to	O
share	O
my	O
stuff	O
,	O
and	O
especially	O
now	O
I	O
âve	O
been	O
digging	O
deeper	O
and	O
deeper	O
into	O
my	O
Indigenous	O
roots	O
and	O
show	O
what	O
I	O
âve	O
been	O
doing	O
with	O
my	O
skillset	O
,	O
juggling	O
,	O
which	O
is	O
not	O
often	O
seen	O
within	O
the	O
Indigenous	O
artform	O
,	O
â	O
he	O
says	O
.	O

The	O
Tlicho	B-ORGANIZATION
Drummers	I-ORGANIZATION
,	O
a	O
drumming	O
group	O
from	O
Tlicho	B-LOCATION
,	I-LOCATION
Northwest	I-LOCATION
Territories	I-LOCATION
,	O
preformed	O
a	O
handgames	O
presentation	O
,	O
attracting	O
a	O
large	O
crowd	O
who	O
were	O
eager	O
to	O
watch	O
the	O
demonstration	O
.	O

â	O
I	O
believe	O
they	O
had	O
a	O
wonderful	O
experience	O
watching	O
us	O
play	O
,	O
â	O
says	O
Clarence	B-GIVEN_NAME
MacKenzie	B-FAMILY_NAME
,	O
the	O
group	O
âs	O
organizer	O
.	O

He	O
notes	O
the	O
pandemic	O
drastically	O
reduced	O
the	O
number	O
of	O
handgames	O
events	O
in	O
the	O
last	O
two	B-DURATION
years	I-DURATION
.	O

â	O
It	O
âs	O
been	O
really	O
tough	O
with	O
COVID	B-BRANDS
,	O
and	O
I	O
believe	O
that	O
this	O
is	O
a	O
really	O
great	O
event	O
showing	O
off	O
our	O
culture	O
,	O
â	O
he	O
says	O
.	O
AdÃ¤ka	B-BRANDS
wraps	O
up	O
on	O
July	B-DATE
5	I-DATE
.	O

Johnson	B-GIVEN_NAME
says	O
ultimately	O
the	O
festival	O
is	O
a	O
way	O
to	O
celebrate	O
the	O
art	O
and	O
culture	O
of	O
northern	O
Indigenous	O
people	O
from	O
around	O
the	O
world	O
.	O

â	O
The	O
spirit	O
and	O
intention	O
of	O
why	O
we	O
have	O
this	O
festival	O
every	O
year	O
is	O
always	O
about	O
bringing	O
communities	O
together	O
,	O
sharing	O
stories	O
,	O
and	O
really	O
just	O
the	O
heart	O
and	O
soul	O
of	O
us	O
coming	O
together	O
.	O
â	O

