The	O
federal	O
government	O
announced	O
Monday	B-DATE
that	O
it	O
has	O
officially	O
concluded	O
a	O
claim	O
worth	O
several	O
million	B-MONEY
dollars	I-MONEY
with	O
Beardy	B-ORGANIZATION
's	O
and	O
Okemasis	B-ORGANIZATION
Cree	I-ORGANIZATION
Nation	I-ORGANIZATION
over	O
historically	O
withholding	O
salaries	O
promised	O
to	O
leadership	O
under	O
Treaty	B-BRANDS
Six	B-MISC
.	O

According	O
to	O
the	O
government	O
,	O
the	O
funds	O
are	O
compensation	O
for	O
the	O
salaries	O
and	O
annuities	O
it	O
had	O
withheld	O
from	O
the	O
nation	O
's	O
chiefs	O
and	O
headmen	O
from	O
1885	B-DATE
to	O
1951	B-DATE
when	O
it	O
deemed	O
the	O
community	O
was	O
associated	O
with	O
the	O
Northwest	B-BRANDS
Rebellion	B-MISC
,	O
an	O
uprising	O
led	O
by	O
MÃ©tis	B-AFFILIATION
leader	O
Louis	B-GIVEN_NAME
Riel	B-FAMILY_NAME
in	O
1885	B-DATE
.	O

"	O
I	O
was	O
very	O
honoured	O
to	O
be	O
able	O
to	O
accept	O
another	O
significant	O
contribution	O
to	O
our	O
First	B-AFFILIATION
Nation	I-AFFILIATION
,	O
"	O
said	O
Edwin	B-GIVEN_NAME
Ananas	B-FAMILY_NAME
,	O
chief	O
of	O
Beardy	B-ORGANIZATION
's	I-ORGANIZATION
and	I-ORGANIZATION
Okemasis	I-ORGANIZATION
Cree	I-ORGANIZATION
Nation	I-ORGANIZATION
,	O
calling	O
the	O
settlement	O
claim	O
"	O
historic	O
.	O
"	O

"	O
Canada	B-LOCATION
â	O
I	O
guess	O
they	O
said	O
Beardy	B-ORGANIZATION
's	I-ORGANIZATION
was	O
part	O
of	O
the	O
rebellion	O
so	O
we	O
were	O
stripped	O
of	O
our	O
chief	O
and	O
our	O
council	O
's	O
members	O
for	O
so	O
many	O
years	O
,	O
"	O
Ananas	B-GIVEN_NAME
said	O
.	O

The	O
claim	O
was	O
settled	O
in	O
June	B-DATE
for	O
a	O
little	O
more	O
than	O
$	B-MONEY
4.1	I-MONEY
million	I-MONEY
for	O
what	O
Crown	B-ORGANIZATION
-	I-ORGANIZATION
Indigenous	I-ORGANIZATION
Relations	I-ORGANIZATION
Minister	O
Marc	B-GIVEN_NAME
Miller	B-FAMILY_NAME
called	O
a	O
"	O
pretty	O
black	O
-	O
and	O
-	O
white	O
violation	O
of	O
treaty	O
.	O
"	O

"	O
[	O
This	O
claim	O
]	O
is	O
something	O
that	O
I	O
think	O
we	O
can	O
all	O
agree	O
should	O
never	O
have	O
happened	O
in	O
the	O
first	O
place	O
,	O
"	O
Miller	B-GIVEN_NAME
said	O
Monday	B-DATE
inside	O
a	O
teepee	O
surrounded	O
by	O
other	O
teepees	O
at	O
Duck	B-LOCATION
Lake	I-LOCATION
,	O
where	O
the	O
former	O
St	B-ORGANIZATION
.	I-ORGANIZATION
Michael	I-ORGANIZATION|B-GIVEN_NAME
's	I-ORGANIZATION
Indian	I-ORGANIZATION|B-AFFILIATION
Residential	I-ORGANIZATION
School	I-ORGANIZATION
once	O
stood	O
.	O

"	O
It	O
is	O
something	O
that	O
is	O
based	O
in	O
our	O
shared	O
history	O
,	O
but	O
a	O
moment	O
in	O
time	O
as	O
Canada	B-LOCATION
was	O
being	O
formed	O
and	O
built	O
on	O
treaty	O
where	O
Canada	B-LOCATION
turned	O
on	O
its	O
own	O
and	O
used	O
force	O
against	O
people	O
who	O
were	O
resisting	O
early	O
â	O
because	O
we	O
did	O
it	O
later	O
â	O
but	O
an	O
early	O
violation	O
of	O
treaty	O
.	O
"	O

Ananas	B-GIVEN_NAME
said	O
money	O
from	O
the	O
settlement	O
has	O
yet	O
to	O
be	O
earmarked	O
,	O
saying	O
the	O
membership	O
will	O
determine	O
how	O
the	O
money	O
will	O
be	O
used	O
to	O
aid	O
the	O
3,600	O
members	O
of	O
the	O
nation	O
,	O
including	O
those	O
on	O
and	O
off	O
reserve	O
.	O

The	O
announcement	O
opened	O
the	O
2022	B-DATE
St	B-BRANDS|B-ORGANIZATION
.	B-MISC|I-ORGANIZATION
Mikes	I-MISC|I-ORGANIZATION|B-GIVEN_NAME
Indian	I-MISC|I-ORGANIZATION|B-AFFILIATION
Residential	I-MISC|I-ORGANIZATION
School	I-MISC|I-ORGANIZATION
Gathering	I-MISC
,	O
an	O
annual	O
,	O
week	O
-	O
long	O
event	O
in	O
the	O
community	O
.	O

Its	O
daily	O
activities	O
include	O
speakers	O
discussing	O
intergenerational	O
trauma	O
and	O
the	O
findings	O
of	O
the	O
Truth	B-ORGANIZATION
and	I-ORGANIZATION
Reconciliation	I-ORGANIZATION
Commission	I-ORGANIZATION
of	I-ORGANIZATION
Canada	I-ORGANIZATION|B-LOCATION
.	O

Ananas	B-GIVEN_NAME
said	O
Beardy	B-ORGANIZATION
's	I-ORGANIZATION
has	O
other	O
issues	O
that	O
have	O
yet	O
to	O
be	O
resolved	O
,	O
including	O
a	O
flood	O
claim	O
and	O
agricultural	O
claim	O
.	O

The	O
announcement	O
concluded	O
Miller	B-GIVEN_NAME
's	O
week	O
-	O
long	O
visit	O
to	O
Saskatchewan	B-LOCATION
where	O
he	O
spoke	O
with	O
several	O
Indigenous	O
communities	O
,	O
including	O
providing	O
an	O
apology	O
to	O
Peepeekisis	B-ORGANIZATION
Cree	I-ORGANIZATION
Nation	I-ORGANIZATION
for	O
the	O
File	B-BRANDS
Hills	B-MISC
Colony	I-MISC
Scheme	I-MISC
.	O

