On	O
Apr	B-DATE
.	I-DATE
17	I-DATE
,	I-DATE
1830	I-DATE
,	O
two	O
factions	O
of	O
the	O
Chilean	B-ORGANIZATION|B-AFFILIATION
Army	I-ORGANIZATION
clashed	O
at	O
the	O
Lircay	B-LOCATION
River	I-LOCATION
.	O

They	O
fought	O
over	O
the	O
best	O
way	O
to	O
organize	O
the	O
newly	O
-	O
created	O
republic	O
;	O
on	O
one	O
side	O
stood	O
the	O
conservatives	O
who	O
wished	O
for	O
a	O
more	O
centralized	O
country	O
,	O
while	O
on	O
the	O
other	O
,	O
the	O
liberals	O
,	O
who	O
wanted	O
to	O
wrest	O
power	O
away	O
from	O
Santiago	B-LOCATION
.	O

The	O
winner	O
ended	O
up	O
shaping	O
the	O
young	O
nation	O
into	O
what	O
it	O
is	O
today	O
.	O

In	O
Dec	B-DATE
.	I-DATE
17	I-DATE
,	I-DATE
1829	I-DATE
,	O
the	O
newly	O
created	O
Republic	B-LOCATION
of	I-LOCATION
Chile	I-LOCATION
became	O
embroiled	O
in	O
a	O
Civil	B-BRANDS
War	B-MISC
.	O

The	O
war	O
came	O
to	O
an	O
end	O
on	O
Apr	B-DATE
.	I-DATE
17	I-DATE
1830	I-DATE
,	O
during	O
the	O
Battle	B-BRANDS
of	B-MISC
Lircay	I-MISC|B-LOCATION
,	O
when	O
the	O
conservative	O
forces	O
overwhelmed	O
the	O
liberals	O
forcing	O
them	O
to	O
flee	O
.	O

The	O
conservatives	O
â	O
victory	O
meant	O
that	O
they	O
would	O
have	O
free	O
rein	O
to	O
shape	O
the	O
country	O
as	O
they	O
saw	O
fit	O
,	O
resulting	O
in	O
the	O
1833	B-DATE
Constitution	O
.	O

The	O
document	O
ensured	O
that	O
Chile	B-LOCATION
would	O
maintain	O
the	O
same	O
centralized	O
structure	O
that	O
had	O
been	O
placed	O
by	O
the	O
Spanish	B-AFFILIATION
empire	O
,	O
with	O
Santiago	B-LOCATION
as	O
the	O
economic	O
and	O
political	O
center	O
of	O
the	O
country	O
.	O

In	O
1818	B-DATE
,	O
Chile	B-LOCATION
formally	O
declared	O
its	O
independence	O
from	O
the	O
Spanish	B-ORGANIZATION|B-AFFILIATION
Empire	I-ORGANIZATION
.	O

What	O
followed	O
was	O
a	O
brief	O
power	O
struggle	O
among	O
military	O
leaders	O
,	O
which	O
resulted	O
in	O
Bernardo	B-GIVEN_NAME
O	B-FAMILY_NAME
â	I-FAMILY_NAME
Higgins	I-FAMILY_NAME
being	O
proclaimed	O
Supreme	O
Director	O
of	O
the	O
Republic	B-LOCATION
of	I-LOCATION
Chile	I-LOCATION
.	O

His	O
first	O
priority	O
was	O
to	O
organize	O
the	O
country	O
according	O
to	O
his	O
ideals	O
,	O
which	O
meant	O
restricting	O
the	O
Catholic	B-ORGANIZATION|B-AFFILIATION
Church	I-ORGANIZATION
âs	O
influence	O
and	O
abolishing	O
the	O
aristocratic	O
class	O
that	O
ruled	O
the	O
country	O
.	O

O	B-GIVEN_NAME
â	B-FAMILY_NAME
Higgins	I-FAMILY_NAME
did	O
this	O
by	O
abolishing	O
noble	O
titles	O
and	O
the	O
privileges	O
that	O
came	O
with	O
them	O
.	O

This	O
alienated	O
his	O
followers	O
.	O

The	O
final	O
straw	O
came	O
in	O
1823	B-DATE
,	O
when	O
he	O
presented	O
a	O
new	O
constitution	O
that	O
allowed	O
him	O
to	O
remain	O
in	O
power	O
for	O
10	O
more	O
years	O
.	O

This	O
was	O
affront	O
to	O
his	O
second	O
in	O
command	O
,	O
General	O
RamÃ³n	B-GIVEN_NAME
Freire	B-FAMILY_NAME
Serrano	I-FAMILY_NAME
,	O
who	O
abruptly	O
marched	O
his	O
troops	O
from	O
ConcepciÃ³n	B-LOCATION
to	O
Santiago	B-LOCATION
calling	O
for	O
the	O
Supreme	O
Director	O
âs	O
resignation	O
.	O

O	B-GIVEN_NAME
â	B-FAMILY_NAME
Higgins	I-FAMILY_NAME
quickly	O
left	O
office	O
and	O
exiled	O
to	O
Peru	B-LOCATION
.	O
Meanwhile	O
.	O
General	O
Freire	B-GIVEN_NAME
was	O
named	O
the	O
new	O
Supreme	O
Director	O
,	O
but	O
he	O
was	O
unable	O
to	O
spend	O
time	O
in	O
Santiago	B-LOCATION
because	O
he	O
was	O
busy	O
defeating	O
the	O
Spanish	B-AFFILIATION
stronghold	O
in	O
ChiloÃ©	B-LOCATION
.	O
Freire	B-GIVEN_NAME
therefore	O
handed	O
the	O
task	O
of	O
drafting	O
a	O
new	O
constitution	O
to	O
Congress	B-ORGANIZATION
.	O
The	O
resulting	O
document	O
created	O
the	O
role	O
of	O
president	O
but	O
was	O
ultimately	O
ill	O
-	O
received	O
because	O
it	O
also	O
included	O
a	O
moral	O
code	O
for	O
citizens	O
.	O

In	O
1826	B-DATE
,	O
Freire	B-GIVEN_NAME
resigned	O
,	O
and	O
Manuel	B-GIVEN_NAME
Blanco	B-FAMILY_NAME
Encalada	I-FAMILY_NAME
was	O
elected	O
as	O
the	O
first	O
President	O
of	O
Chile	B-LOCATION
.	O
His	O
main	O
focus	O
was	O
to	O
make	O
Chile	B-LOCATION
a	O
Federal	B-ORGANIZATION
Republic	I-ORGANIZATION
with	O
a	O
new	O
constitution	O
,	O
but	O
a	O
push	O
-	O
back	O
from	O
conservatives	O
proved	O
too	O
great	O
and	O
so	O
he	O
resigned	O
.	O
Nevertheless	O
,	O
the	O
idea	O
of	O
a	O
Federal	B-ORGANIZATION
Republic	I-ORGANIZATION
stuck	O
in	O
the	O
minds	O
of	O
the	O
liberal	O
party	O
,	O
nicknamed	O
the	O
â	O
Pipiolos	B-AFFILIATION
.	O
â	O

The	O
idea	O
resurfaced	O
in	O
1828	B-DATE
,	O
when	O
President	O
Francisco	B-GIVEN_NAME
Antonio	B-FAMILY_NAME
Pinto	I-FAMILY_NAME
created	O
a	O
Constitutional	B-BRANDS
Convention	B-MISC
wherein	O
the	O
Pipiolos	B-AFFILIATION
had	O
an	O
absolute	O
majority	O
,	O
which	O
allowed	O
them	O
to	O
draft	O
a	O
progressive	O
constitution	O
.	O
In	O
response	O
,	O
the	O
Conservative	B-AFFILIATION
party	O
,	O
nicknamed	O
the	O
Pelucones	B-ORGANIZATION
(	O
because	O
they	O
fancied	O
powdered	O
wigs	O
)	O
,	O
formed	O
an	O
alliance	O
with	O
the	O
remaining	O
supporters	O
of	O
O	B-GIVEN_NAME
â	B-FAMILY_NAME
Higgins	I-FAMILY_NAME
and	O
prominent	O
merchants	O
.	O

Tensions	O
between	O
the	O
two	O
sides	O
reached	O
their	O
peak	O
after	O
the	O
presidential	O
elections	O
of	O
1829	B-DATE
.	O
According	O
to	O
the	O
constitution	O
,	O
whoever	O
received	O
the	O
second	O
most	O
votes	O
was	O
elected	O
vice	O
-	O
president	O
,	O
and	O
,	O
although	O
liberal	O
Pinto	B-GIVEN_NAME
was	O
reelected	O
as	O
president	O
,	O
Congress	B-ORGANIZATION
appointed	O
another	O
liberal	O
as	O
vice	O
-	O
president	O
,	O
even	O
though	O
conservative	O
candidate	O
,	O
Francisco	B-GIVEN_NAME
Ruiz	B-FAMILY_NAME
-	I-FAMILY_NAME
Tagle	I-FAMILY_NAME
,	O
came	O
in	O
second	O
place	O
.	O

The	O
conservatives	O
refused	O
to	O
acknowledge	O
the	O
election	O
and	O
demanded	O
that	O
Pinto	B-GIVEN_NAME
resign	O
.	O
Meanwhile	O
,	O
General	O
JosÃ©	B-GIVEN_NAME
JoaquÃ­n	B-FAMILY_NAME
Prieto	I-FAMILY_NAME
led	O
his	O
men	O
from	O
the	O
south	O
of	O
Chile	B-LOCATION
to	O
Santiago	B-LOCATION
where	O
they	O
met	O
with	O
tobacco	O
merchant	O
Diego	B-GIVEN_NAME
Portales	B-FAMILY_NAME
,	O
who	O
aided	O
the	O
conservative	O
rebellion	O
both	O
financially	O
and	O
logistically	O
.	O

Pinto	B-GIVEN_NAME
resigned	O
from	O
the	O
presidency	O
in	O
an	O
attempt	O
to	O
calm	O
the	O
conflict	O
,	O
but	O
it	O
was	O
too	O
late	O
.	O
The	O
conservative	O
forces	O
had	O
arrived	O
and	O
the	O
liberal	O
army	O
found	O
itself	O
without	O
a	O
leader	O
.	O
The	O
ensuing	O
struggle	O
ended	O
with	O
no	O
winner	O
or	O
loser	O
.	O
Liberal	B-AFFILIATION
leaders	O
fled	O
to	O
Coquimbo	B-LOCATION
as	O
the	O
conservatives	O
established	O
themselves	O
in	O
the	O
capital	O
and	O
named	O
Francisco	B-GIVEN_NAME
Ruiz	B-FAMILY_NAME
-	I-FAMILY_NAME
Tagle	I-FAMILY_NAME
as	O
the	O
interim	O
president	O
.	O

Witnessing	O
these	O
events	O
was	O
Freire	B-GIVEN_NAME
,	O
who	O
came	O
out	O
of	O
retirement	O
and	O
joined	O
the	O
liberals	O
in	O
Coquimbo	B-LOCATION
and	O
led	O
the	O
army	O
south	O
towards	O
the	O
River	B-LOCATION
Maule	I-LOCATION
.	O
From	O
there	O
,	O
they	O
planned	O
to	O
attack	O
Santiago	B-LOCATION
from	O
the	O
south	O
,	O
but	O
the	O
Pelucones	B-ORGANIZATION
anticipated	O
the	O
attack	O
,	O
and	O
Prieto	B-GIVEN_NAME
led	O
his	O
own	O
army	O
south	O
.	O

On	O
the	O
morning	O
of	O
Apr	B-BRANDS
.	B-MISC
17	I-MISC
,	I-MISC
1830	I-MISC
,	O
General	O
Freire	B-GIVEN_NAME
and	O
the	O
Pipiolo	B-ORGANIZATION
forces	O
arrived	O
in	O
Talca	B-LOCATION
where	O
they	O
set	O
up	O
defenses	O
to	O
withstand	O
a	O
possible	O
attack	O
.	O
Then	O
,	O
when	O
Freire	B-GIVEN_NAME
saw	O
the	O
Pelucones	B-ORGANIZATION
army	O
approaching	O
,	O
he	O
decided	O
to	O
meet	O
them	O
head	O
on	O
,	O
unaware	O
that	O
the	O
enemy	O
forces	O
far	O
outnumbered	O
his	O
own	O
.	O

Both	O
armies	O
clashed	O
on	O
the	O
shores	O
of	O
the	O
River	B-LOCATION
Lircay	I-LOCATION
for	O
over	O
three	B-DURATION
hours	I-DURATION
,	O
with	O
the	O
Pelucones	B-ORGANIZATION
winning	O
an	O
overwhelming	O
victory	O
while	O
Freire	B-GIVEN_NAME
was	O
forced	O
to	O
flee	O
the	O
country	O
along	O
with	O
many	O
liberal	O
leaders	O
.	O

The	O
Pipiolos	B-AFFILIATION
â	O
defeat	O
in	O
Lircay	B-LOCATION
meant	O
that	O
the	O
conservatives	O
had	O
no	O
resistance	O
in	O
shaping	O
the	O
country	O
anyway	O
they	O
saw	O
fit	O
.	O
General	O
Prieto	B-GIVEN_NAME
was	O
named	O
president	O
in	O
1831	B-DATE
,	O
and	O
Diego	B-GIVEN_NAME
Portales	B-FAMILY_NAME
was	O
his	O
Minister	O
of	O
Interior	O
.	O

Together	O
they	O
spearheaded	O
the	O
creation	O
of	O
a	O
new	O
constitution	O
which	O
framed	O
Chile	B-LOCATION
as	O
a	O
Republic	O
governed	O
exclusively	O
by	O
Santiago	B-LOCATION
,	O
squashing	O
any	O
hopes	O
of	O
federal	O
rule	O
.	O
It	O
also	O
reinforced	O
the	O
oligarch	O
system	O
that	O
was	O
put	O
in	O
place	O
during	O
the	O
colonial	O
period	O
,	O
with	O
the	O
Catholic	B-ORGANIZATION
Church	I-ORGANIZATION
holding	O
significant	O
power	O
.	O
It	O
was	O
also	O
strictly	O
authoritarian	O
,	O
giving	O
the	O
president	O
a	O
10	O
-	O
year	O
term	O
and	O
power	O
over	O
Congress	B-ORGANIZATION
.	O

Lastly	O
,	O
it	O
imposed	O
strict	O
voting	O
laws	O
.	O
Single	O
citizens	O
gained	O
the	O
right	O
to	O
vote	O
after	O
reaching	O
the	O
age	O
of	O
25	O
,	O
while	O
married	O
citizens	O
could	O
vote	O
once	O
they	O
turned	O
21	O
.	O
The	O
right	O
to	O
vote	O
was	O
also	O
conditional	O
on	O
the	O
ability	O
to	O
read	O
and	O
write	O
and	O
own	O
land	O
or	O
invest	O
in	O
industries	O
,	O
which	O
excluded	O
most	O
citizens	O
from	O
the	O
political	O
process	O
.	O

The	O
liberal	O
âs	O
were	O
systematically	O
hunted	O
down	O
and	O
incarcerated	O
or	O
simply	O
unable	O
to	O
obtain	O
any	O
political	O
office	O
due	O
to	O
the	O
new	O
voting	O
system	O
,	O
forcing	O
many	O
to	O
turn	O
to	O
more	O
radical	O
approaches	O
.	O
Ultimately	O
,	O
however	O
,	O
most	O
were	O
unsuccessful	O
and	O
the	O
Pipiolos	B-AFFILIATION
faded	O
away	O
into	O
obscurity	O
.	O
Meanwhile	O
,	O
the	O
conservatives	O
remained	O
in	O
power	O
some	O
30	B-DURATION
years	I-DURATION
,	O
until	O
1861	B-DATE
.	O

