Chile	B-LOCATION
seeks	O
to	O
gain	O
a	O
spot	O
in	O
the	O
FIFA	B-ORGANIZATION|B-ORGANIZATION
World	B-MISC
Cup	I-MISC
by	O
submitting	O
a	O
complaint	O
against	O
player	O
Byron	B-GIVEN_NAME
David	B-FAMILY_NAME
Castillo	I-FAMILY_NAME
Segura	I-FAMILY_NAME
and	O
his	O
Ecuadorian	B-AFFILIATION
team	O
.	O

Alleging	O
there	O
was	O
a	O
false	O
declaration	O
regarding	O
Castillo	B-GIVEN_NAME
âs	O
particulars	O
,	O
Chile	B-LOCATION
now	O
waits	O
for	O
FIFA	B-ORGANIZATION
âs	I-ORGANIZATION
Disciplinary	I-ORGANIZATION
Commission	I-ORGANIZATION
âs	O
decision	O
.	O
Chile	B-LOCATION
asks	O
that	O
forfeits	O
be	O
declared	O
for	O
games	O
in	O
which	O
Castillo	B-GIVEN_NAME
played	O
;	O
and	O
,	O
if	O
they	O
are	O
,	O
Chile	B-LOCATION
would	O
immediately	O
vault	O
into	O
Ecuador	B-LOCATION
âs	O
place	O
at	O
the	O
World	B-BRANDS
Cup	B-MISC
.	O

Thursday	B-BRANDS
morning	O
,	O
May	B-DATE
5	I-DATE
,	O
the	O
Football	B-ORGANIZATION
Federation	I-ORGANIZATION
of	I-ORGANIZATION
Chile	I-ORGANIZATION|B-LOCATION
released	O
a	O
statement	O
regarding	O
the	O
submission	O
of	O
its	O
complaint	O
against	O
a	O
player	O
named	O
Byron	B-GIVEN_NAME
David	B-FAMILY_NAME
Castillo	I-FAMILY_NAME
Segura	I-FAMILY_NAME
.	O
The	O
federation	O
said	O
in	O
its	O
report	O
that	O
the	O
cause	O
for	O
the	O
complaint	O
was	O
â	O
due	O
to	O
the	O
use	O
of	O
a	O
false	O
birth	O
certificate	O
,	O
false	O
declaration	O
of	O
age	O
,	O
and	O
false	O
nationality	O
on	O
the	O
part	O
of	O
the	O
mentioned	O
player	O
.	O
â	O

The	B-ORGANIZATION
Federation	I-ORGANIZATION
insists	O
that	O
a	O
substantial	O
amount	O
of	O
evidence	O
has	O
been	O
collected	O
that	O
shows	O
Castillo	B-GIVEN_NAME
was	O
born	O
in	O
Colombia	B-LOCATION
and	O
is	O
three	B-DURATION
years	I-DURATION
older	O
than	O
listed	O
in	O
his	O
official	O
paperwork	O
.	O
According	O
to	O
FIFA	B-ORGANIZATION
âs	O
policy	O
,	O
matches	O
played	O
by	O
ineligible	O
players	O
must	O
be	O
overturned	O
as	O
a	O
3-0	O
loss	O
.	O

FIFA	B-ORGANIZATION
confirmed	O
receipt	O
of	O
the	O
complaint	O
,	O
but	O
issued	O
no	O
comments	O
or	O
statements	O
about	O
it	O
.	O
If	O
FIFA	B-ORGANIZATION
approves	O
a	O
decision	O
to	O
award	O
a	O
forfeit	O
loss	O
to	O
all	O
matches	O
played	O
by	O
Castillo	B-GIVEN_NAME
,	O
Chile	B-LOCATION
would	O
advance	O
to	O
the	O
World	B-BRANDS
Cup	B-MISC
from	O
the	O
South	B-AFFILIATION
American	I-AFFILIATION
qualifying	O
group	O
.	O
Currently	O
,	O
the	O
nation	O
is	O
in	O
7th	O
place	O
,	O
seven	O
points	O
behind	O
Ecuador	B-LOCATION
.	O
â	O
The	O
practice	O
of	O
serious	O
and	O
conscious	O
irregularities	O
in	O
the	O
registration	O
of	O
players	O
cannot	O
be	O
accepted	O
,	O
especially	O
when	O
we	O
are	O
talking	O
about	O
a	O
world	O
competition	O
,	O
â	O
stated	O
the	O
Chilean	B-ORGANIZATION|B-AFFILIATION
Football	I-ORGANIZATION
Federation	I-ORGANIZATION
.	O

In	O
its	O
statement	O
,	O
the	O
Chilean	B-ORGANIZATION|B-AFFILIATION
Football	I-ORGANIZATION
Federation	I-ORGANIZATION
claimed	O
that	O
the	O
Ecuadorian	B-ORGANIZATION|B-AFFILIATION
Football	I-ORGANIZATION
Federation	I-ORGANIZATION
(	O
FEF	B-ORGANIZATION
)	O
was	O
aware	O
of	O
the	O
irregularities	O
in	O
Castillo	B-GIVEN_NAME
âs	O
documents	O
and	O
emphasized	O
that	O
a	O
blind	O
eye	O
can	O
not	O
be	O
turned	O
to	O
the	O
amount	O
of	O
evidence	O
presented	O
in	O
the	O
case	O
,	O
and	O
the	O
importance	O
of	O
â	O
fair	O
play	O
on	O
and	O
off	O
the	O
field	O
.	O
â	O

This	O
is	O
not	O
the	O
first	O
time	O
Chile	B-LOCATION
has	O
been	O
involved	O
in	O
the	O
submission	O
of	O
complaints	O
against	O
ineligible	O
players	O
from	O
other	O
nations	O
.	O
In	O
2018	B-DATE
qualifications	O
for	O
the	O
FIFA	B-ORGANIZATION|B-ORGANIZATION
World	B-MISC
Cup	I-MISC
,	O
Chile	B-LOCATION
filed	O
a	O
complaint	O
which	O
resulted	O
in	O
Bolivia	B-LOCATION
having	O
to	O
forfeit	O
two	O
games	O
due	O
to	O
the	O
substitution	O
of	O
an	O
ineligible	O
player	O
in	O
its	O
roster	O
.	O
As	O
similar	O
circumstances	O
present	O
themselves	O
four	B-DURATION
years	I-DURATION
later	O
,	O
Chile	B-LOCATION
awaits	O
any	O
response	O
from	O
FIFA	B-ORGANIZATION
,	O
hoping	O
to	O
keep	O
its	O
World	B-BRANDS
Cup	B-MISC
dreams	O
alive	O
.	O

