The	O
CEO	O
of	O
mining	O
giant	O
China	B-ORGANIZATION|B-LOCATION
Molybdenum	I-ORGANIZATION
was	O
back	O
in	O
the	O
Democratic	B-LOCATION|B-AFFILIATION
Republic	I-LOCATION
of	I-LOCATION
the	I-LOCATION
Congo	I-LOCATION
(	O
DRC	B-LOCATION
)	O
last	O
week	O
to	O
meet	O
senior	O
officials	O
.	O

Sun	B-GIVEN_NAME
Ruiwen	B-FAMILY_NAME
âs	O
second	O
trip	O
to	O
Kinshasa	B-LOCATION
in	O
less	O
than	O
three	O
months	O
came	O
as	O
China	B-ORGANIZATION|B-LOCATION
Moly	I-ORGANIZATION
âs	O
copper	O
and	O
cobalt	O
operation	O
in	O
the	O
Central	B-AFFILIATION
African	I-AFFILIATION
nation	O
faces	O
its	O
biggest	O
test	O
yet	O
,	O
after	O
a	O
court	O
temporarily	O
suspended	O
it	O
from	O
running	O
the	O
massive	O
Tenke	B-LOCATION
-	I-LOCATION
Funrugume	I-LOCATION
mine	O
(	O
TFM	B-LOCATION
)	O
.	O

He	O
met	O
Congolese	B-AFFILIATION
Prime	O
Minister	O
Sama	B-GIVEN_NAME
Lukonde	B-FAMILY_NAME
Kyenge	I-FAMILY_NAME
and	O
officials	O
of	O
the	O
Senate	B-ORGANIZATION
â	O
the	O
upper	O
house	O
of	O
parliament	O
â	O
for	O
talks	O
believed	O
be	O
to	O
seek	O
support	O
as	O
the	O
company	O
âs	O
mining	O
contracts	O
face	O
renegotiation	O
.	O

Sun	B-GIVEN_NAME
and	O
Lukonde	B-GIVEN_NAME
met	O
â	O
to	O
discuss	O
the	O
next	O
step	O
to	O
develop	O
new	O
energy	O
metals	O
in	O
the	O
Democratic	B-ORGANIZATION|B-AFFILIATION
Republic	I-ORGANIZATION
of	I-ORGANIZATION
the	I-ORGANIZATION
Congo	I-ORGANIZATION
together	O
with	O
corporate	O
strategic	O
partners	O
â	O
,	O
a	O
statement	O
from	O
China	B-ORGANIZATION|B-LOCATION
Moly	I-ORGANIZATION
â	O
the	O
world	O
âs	O
No	O
2	O
cobalt	O
producer	O
â	O
said	O
following	O
Tuesday	B-DATE
âs	O
talks	O
.	O

This	O
came	O
just	O
days	O
after	O
a	O
commercial	O
court	O
in	O
Lubumbashi	B-LOCATION
,	O
the	O
Congolese	B-AFFILIATION
mining	O
capital	O
in	O
the	O
southeast	O
,	O
suspended	O
China	B-ORGANIZATION|B-LOCATION
Moly	I-ORGANIZATION
from	O
the	O
management	O
of	O
the	O
Tenke	B-LOCATION
-	I-LOCATION
Fungurume	I-LOCATION
mine	I-LOCATION
.	O

A	O
third	O
-	O
party	O
administrator	O
would	O
be	O
appointed	O
for	O
six	O
months	O
,	O
the	O
court	O
said	O
on	O
March	B-DATE
1	I-DATE
in	O
a	O
case	O
filed	O
by	O
Congolese	B-AFFILIATION
state	O
-	O
owned	O
commodity	O
trading	O
and	O
mining	O
company	O
,	O
Gecamines	B-ORGANIZATION
.	O

Although	O
China	B-ORGANIZATION|B-LOCATION
Moly	I-ORGANIZATION
âs	O
readout	O
of	O
the	O
meeting	O
did	O
not	O
mention	O
the	O
court	O
ruling	O
,	O
Sun	B-GIVEN_NAME
is	O
believed	O
to	O
be	O
concerned	O
about	O
it	O
.	O

Gecamines	B-ORGANIZATION
,	O
which	O
holds	O
20	O
per	O
cent	O
of	O
the	O
Tenke	B-LOCATION
mine	I-LOCATION
,	O
has	O
accused	O
China	B-ORGANIZATION|B-LOCATION
Moly	I-ORGANIZATION
of	O
not	O
declaring	O
thousands	O
of	O
tonnes	O
of	O
reserves	O
at	O
the	O
site	O
,	O
a	O
move	O
that	O
allegedly	O
denied	O
Kinshasa	B-LOCATION
much	O
-	O
needed	O
royalties	O
.	O
This	O
comes	O
after	O
Kinshasa	B-LOCATION
formed	O
a	O
commission	O
in	O
August	B-DATE
to	O
investigate	O
reserves	O
at	O
the	O
Tenke	B-LOCATION
project	O
to	O
help	O
determine	O
the	O
true	O
value	O
of	O
the	O
government	O
âs	O
shareholding	O
through	O
Gecamines	B-ORGANIZATION
.	O

The	O
readout	O
said	O
Lukonde	B-GIVEN_NAME
welcomed	O
further	O
investments	O
from	O
China	B-ORGANIZATION|B-LOCATION
Moly	I-ORGANIZATION
which	O
was	O
an	O
important	O
partner	O
of	O
the	O
Congolese	B-AFFILIATION
government	O
.	O
The	O
two	O
parties	O
also	O
agreed	O
to	O
â	O
jointly	O
employ	O
an	O
internationally	O
recognised	O
third	O
party	O
to	O
conduct	O
the	O
[	O
TFM	B-LOCATION
]	O
evaluation	O
â	O
for	O
a	O
â	O
fair	O
and	O
just	O
â	O
outcome	O
that	O
protects	O
investor	O
interests	O
.	O

At	O
a	O
Christmas	B-DATE
Eve	O
meeting	O
with	O
Sun	B-GIVEN_NAME
when	O
he	O
last	O
visited	O
Kinshasa	B-LOCATION
,	O
Congolese	B-AFFILIATION
President	O
Felix	B-GIVEN_NAME
Tshisekedi	B-FAMILY_NAME
indicated	O
that	O
expansion	O
of	O
the	O
Tenke	B-LOCATION
mine	I-LOCATION
and	O
â	O
development	O
of	O
the	O
Kisanfu	B-LOCATION
copper	I-LOCATION
and	I-LOCATION
cobalt	I-LOCATION
mine	I-LOCATION
are	O
key	O
projects	O
of	O
national	O
interest	O
â	O
.	O

China	B-ORGANIZATION|B-LOCATION
Moly	I-ORGANIZATION
acquired	O
a	O
95	O
per	O
cent	O
stake	O
in	O
the	O
Kisanfu	B-LOCATION
copper	I-LOCATION
-	I-LOCATION
cobalt	I-LOCATION
mine	I-LOCATION
from	O
US	B-LOCATION
-	O
based	O
Freeport	B-ORGANIZATION
-	I-ORGANIZATION
McMoRan	I-ORGANIZATION
in	O
December	B-DATE
2020	I-DATE
.	O

In	O
February	B-DATE
,	O
Sun	B-GIVEN_NAME
also	O
engaged	O
President	O
Tshisekedi	B-GIVEN_NAME
in	O
a	O
video	O
call	O
,	O
where	O
they	O
discussed	O
a	O
plan	O
to	O
create	O
a	O
supply	O
chain	O
for	O
â	O
new	O
energy	O
metals	O
â	O
in	O
planned	O
investments	O
.	O

Although	O
the	O
DRC	B-LOCATION
produces	O
two	O
-	O
thirds	O
of	O
the	O
global	O
supply	O
of	O
cobalt	O
â	O
an	O
essential	O
component	O
of	O
electric	O
vehicle	O
batteries	O
â	O
the	O
government	O
says	O
the	O
country	O
has	O
not	O
benefited	O
from	O
the	O
resources	O
.	O
Most	O
of	O
its	O
cobalt	O
ore	O
is	O
exported	O
to	O
China	B-LOCATION
to	O
make	O
EV	O
batteries	O
,	O
weapons	O
,	O
machinery	O
and	O
electronics	O
.	O

President	O
Tshisekedi	B-GIVEN_NAME
accused	O
his	O
predecessors	O
of	O
having	O
signed	O
lopsided	O
contracts	O
with	O
mining	O
companies	O
â	O
most	O
of	O
them	O
Chinese	B-AFFILIATION
â	O
and	O
said	O
he	O
wanted	O
to	O
renegotiate	O
them	O
.	O
Apart	O
from	O
China	B-ORGANIZATION|B-LOCATION
Moly	I-ORGANIZATION
âs	O
contracts	O
,	O
Kinshasa	B-LOCATION
also	O
wants	O
to	O
renegotiate	O
a	O
US	B-MONEY|B-LOCATION
$	I-MONEY
6	I-MONEY
billion	I-MONEY
infrastructure	O
-	O
for	O
-	O
minerals	O
deal	O
with	O
Chinese	B-AFFILIATION
investors	O
signed	O
by	O
the	O
previous	O
administration	O
in	O
2008	B-DATE
.	O

â	O
[	O
With	O
the	O
TFM	B-LOCATION
court	O
case	O
]	O
,	O
the	O
DRC	B-LOCATION
has	O
just	O
raised	O
the	O
bar	O
higher	O
,	O
putting	O
a	O
bit	O
more	O
pressure	O
on	O
the	O
Chinese	B-AFFILIATION
side	O
,	O
â	O
said	O
policy	O
and	O
mining	O
analyst	O
Christian	B-GIVEN_NAME
-	B-FAMILY_NAME
Geraud	I-FAMILY_NAME
Neema	I-FAMILY_NAME
,	O
francophone	O
editor	O
at	O
the	O
China	B-LOCATION|B-LOCATION
Africa	B-MISC|B-LOCATION
Project	I-MISC
.	O

â	O
And	O
we	O
see	O
that	O
the	O
visit	O
to	O
the	O
prime	O
minister	O
brings	O
new	O
elements	O
.	O
Options	O
that	O
were	O
raised	O
during	O
that	O
visit	O
show	O
that	O
there	O
are	O
divergent	O
factions	O
and	O
interests	O
within	O
the	O
Congolese	B-AFFILIATION
power	O
[	O
structure	O
]	O
,	O
â	O
Neema	B-GIVEN_NAME
said	O
.	O

He	O
said	O
the	O
main	O
options	O
were	O
in	O
total	O
contradiction	O
with	O
both	O
the	O
court	O
âs	O
decision	O
to	O
appoint	O
a	O
third	O
party	O
administrator	O
and	O
the	O
political	O
framework	O
which	O
the	O
revision	O
commission	O
put	O
in	O
place	O
last	O
August	B-DATE
.	O

The	O
commission	O
,	O
piloted	O
by	O
Tshisekedi	B-GIVEN_NAME
âs	O
chief	O
of	O
staff	O
,	O
was	O
the	O
only	O
framework	O
in	O
charge	O
of	O
dealing	O
with	O
issues	O
,	O
Neema	B-GIVEN_NAME
said	O
.	O

â	O
But	O
now	O
that	O
the	O
prime	O
minister	O
is	O
saying	O
that	O
the	O
government	O
will	O
take	O
over	O
.	O
It	O
shows	O
there	O
might	O
be	O
an	O
internal	O
fight	O
between	O
the	O
presidency	O
and	O
the	O
prime	O
minister	O
on	O
how	O
these	O
issues	O
should	O
be	O
handled	O
.	O
â	O

Discussions	O
were	O
likely	O
to	O
continue	O
because	O
neither	O
side	O
would	O
want	O
to	O
break	O
the	O
contracts	O
,	O
Neema	B-GIVEN_NAME
said	O
.	O

â	O
TFM	B-LOCATION
is	O
very	O
important	O
for	O
China	B-ORGANIZATION|B-LOCATION
Moly	I-ORGANIZATION
because	O
it	O
âs	O
one	O
of	O
the	O
largest	O
copper	O
and	O
cobalt	O
mines	O
in	O
the	O
world	O
,	O
leaving	O
it	O
will	O
be	O
a	O
strategic	O
mistake	O
.	O
Freeport	B-ORGANIZATION
who	O
had	O
it	O
before	O
still	O
regrets	O
that	O
decision	O
,	O
â	O
Neema	B-GIVEN_NAME
said	O
.	O

Caspar	B-GIVEN_NAME
Rawles	B-FAMILY_NAME
,	O
chief	O
data	O
officer	O
at	O
London	B-LOCATION
-	O
based	O
Benchmark	B-ORGANIZATION
Mineral	I-ORGANIZATION
Intelligence	I-ORGANIZATION
,	O
said	O
it	O
was	O
not	O
yet	O
clear	O
why	O
Kinshasa	B-LOCATION
wanted	O
to	O
renegotiate	O
the	O
mining	O
contracts	O
.	O

â	O
It	O
seems	O
the	O
DRC	B-LOCATION
government	O
feels	O
they	O
have	O
found	O
a	O
discrepancy	O
which	O
requires	O
further	O
investigation	O
,	O
but	O
it	O
âs	O
hard	O
to	O
say	O
at	O
this	O
point	O
exactly	O
what	O
the	O
infringements	O
have	O
been	O
,	O
â	O
he	O
said	O
.	O

â	O
With	O
so	O
much	O
focus	O
on	O
the	O
energy	O
transition	O
,	O
and	O
the	O
opportunity	O
this	O
offers	O
the	O
DRC	B-LOCATION
via	O
its	O
vast	O
reserves	O
of	O
both	O
cobalt	O
and	O
copper	O
,	O
it	O
would	O
seem	O
the	O
government	O
wants	O
to	O
ensure	O
they	O
can	O
maximise	O
potential	O
royalties	O
or	O
revenues	O
.	O
â	O

As	O
for	O
Gecamines	B-ORGANIZATION
moving	O
court	O
,	O
Rawles	B-GIVEN_NAME
said	O
negotiations	O
might	O
have	O
failed	O
or	O
that	O
Gecamines	B-ORGANIZATION
had	O
not	O
found	O
the	O
resolution	O
they	O
were	O
expecting	O
,	O
and	O
were	O
putting	O
more	O
pressure	O
on	O
China	B-ORGANIZATION|B-LOCATION
Moly	I-ORGANIZATION
via	O
the	O
legal	O
route	O
.	O

TFM	B-LOCATION
is	O
the	O
world	O
âs	O
second	O
-	O
largest	O
cobalt	O
mine	O
,	O
after	O
Anglo	B-ORGANIZATION|B-AFFILIATION
-	I-ORGANIZATION
Swiss	I-ORGANIZATION|B-AFFILIATION
Glencore	I-ORGANIZATION
âs	O
Mutanda	B-LOCATION
mine	I-LOCATION
â	O
also	O
in	O
the	O
DRC	B-LOCATION
â	O
and	O
represents	O
an	O
important	O
strategic	O
asset	O
for	O
both	O
China	B-ORGANIZATION|B-LOCATION
Moly	I-ORGANIZATION
and	O
China	B-LOCATION
itself	O
,	O
he	O
added	O
.	O

â	O
With	O
demand	O
for	O
cobalt	O
from	O
the	O
battery	O
sector	O
expected	O
to	O
rise	O
by	O
208	O
per	O
cent	O
by	O
2030	B-DATE
,	O
the	O
market	O
is	O
expected	O
to	O
fall	O
into	O
deficit	O
by	O
2024	B-DATE
and	O
as	O
such	O
security	O
of	O
supply	O
is	O
of	O
key	O
concern	O
for	O
battery	O
supply	O
chain	O
companies	O
,	O
â	O
Rawles	B-GIVEN_NAME
said	O
.	O

â	O
From	O
the	O
DRC	B-LOCATION
âs	O
perspective	O
,	O
Tenke	B-LOCATION
is	O
an	O
expanding	O
source	O
of	O
royalty	O
revenue	O
,	O
and	O
as	O
such	O
a	O
key	O
project	O
for	O
the	O
country	O
to	O
capitalise	O
on	O
the	O
energy	O
transition	O
.	O
â	O

