Wang	B-GIVEN_NAME
Sicong	B-FAMILY_NAME
,	O
son	O
of	O
Chinese	B-AFFILIATION
property	O
tycoon	O
Wang	B-GIVEN_NAME
Jianlin	B-FAMILY_NAME
and	O
an	O
influencer	O
on	O
Weibo	B-ORGANIZATION
with	O
40	O
million	O
followers	O
,	O
had	O
his	O
account	O
removed	O
from	O
the	O
social	O
media	O
platform	O
after	O
he	O
openly	O
questioned	O
China	B-LOCATION
âs	O
state	O
-	O
sanctioned	O
medicine	O
for	O
treating	O
Covid	B-DATE
-	I-DATE
19	I-DATE
and	O
the	O
government	O
âs	O
mandatory	O
testing	O
policy	O
in	O
Shanghai	B-LOCATION
.	O

Wang	B-GIVEN_NAME
âs	O
Weibo	B-ORGANIZATION
account	O
was	O
â	O
not	O
viewable	O
â	O
on	O
Wednesday	B-DATE
,	O
removed	O
due	O
to	O
a	O
â	O
violation	O
of	O
related	O
laws	O
and	O
regulations	O
â	O
,	O
according	O
to	O
a	O
notice	O
published	O
on	O
the	O
platform	O
.	O

The	O
complete	O
removal	O
of	O
his	O
account	O
follows	O
censorship	O
of	O
Wang	B-GIVEN_NAME
last	O
week	O
,	O
when	O
he	O
was	O
prohibited	O
from	O
publishing	O
any	O
new	O
Weibo	B-ORGANIZATION
posts	O
.	O

Weibo	B-ORGANIZATION
âs	O
moves	O
came	O
after	O
Wang	B-GIVEN_NAME
questioned	O
the	O
effectiveness	O
of	O
the	O
traditional	O
Chinese	B-AFFILIATION
medicine	O
Lianhua	B-BRANDS
Qingwen	B-MISC
,	O
which	O
has	O
been	O
distributed	O
to	O
millions	O
of	O
people	O
in	O
Hong	B-LOCATION
Kong	I-LOCATION
,	O
Shanghai	B-LOCATION
and	O
other	O
Chinese	B-AFFILIATION
cities	O
during	O
the	O
country	O
âs	O
battle	O
against	O
the	O
Omicron	B-BRANDS
Covid	B-MISC
-	I-MISC
19	I-MISC
variant	O
.	O

Wang	B-GIVEN_NAME
,	O
34	O
,	O
has	O
been	O
one	O
of	O
the	O
biggest	O
influencers	O
on	O
Weibo	B-ORGANIZATION
,	O
known	O
as	O
China	B-LOCATION
âs	O
answer	O
to	O
Twitter	B-ORGANIZATION
,	O
and	O
has	O
been	O
involved	O
in	O
many	O
controversies	O
over	O
the	O
last	O
12	B-DURATION
years	I-DURATION
.	O

His	O
open	O
display	O
of	O
wealth	O
in	O
buying	O
two	O
Apple	B-BRANDS|B-ORGANIZATION
Watch	I-BRANDS
âs	O
for	O
his	O
pet	O
dog	O
,	O
his	O
sarcastic	O
comments	O
on	O
other	O
wealthy	O
Chinese	B-AFFILIATION
,	O
and	O
trolling	O
of	O
celebrities	O
have	O
made	O
his	O
account	O
one	O
of	O
the	O
most	O
popular	O
on	O
the	O
platform	O
.	O

The	O
only	O
son	O
of	O
Wang	B-GIVEN_NAME
Jianlin	B-FAMILY_NAME
,	O
the	O
scion	O
has	O
been	O
dubbed	O
China	B-LOCATION
âs	O
â	O
national	O
husband	O
â	O
even	O
though	O
he	O
has	O
gone	O
on	O
record	O
saying	O
he	O
would	O
never	O
get	O
married	O
.	O

His	O
colourful	O
personal	O
lifestyle	O
,	O
which	O
includes	O
frequent	O
changes	O
of	O
girlfriends	O
,	O
has	O
made	O
him	O
a	O
target	O
for	O
China	B-LOCATION
âs	O
paparazzi	O
.	O

In	O
the	O
past	O
,	O
Wang	B-GIVEN_NAME
has	O
been	O
careful	O
to	O
avoid	O
politically	O
sensitive	O
subjects	O
,	O
and	O
he	O
was	O
able	O
to	O
survive	O
previous	O
rounds	O
of	O
censorship	O
by	O
Weibo	B-ORGANIZATION
that	O
took	O
down	O
many	O
so	O
-	O
called	O
Big	B-BRANDS
Vs	B-MISC
,	O
or	O
verified	O
accounts	O
with	O
large	O
followings	O
.	O
In	O
2019	B-DATE
,	O
Wang	B-GIVEN_NAME
refrained	O
from	O
publishing	O
new	O
posts	O
for	O
several	O
months	O
and	O
in	O
November	B-DATE
last	O
year	O
he	O
changed	O
the	O
setting	O
so	O
that	O
only	O
posts	O
from	O
the	O
last	O
six	O
months	O
were	O
viewable	O
.	O

Wang	B-GIVEN_NAME
completed	O
his	O
primary	O
school	O
in	O
Singapore	B-LOCATION
before	O
he	O
was	O
sent	O
to	O
Winchester	B-ORGANIZATION|B-LOCATION
College	I-ORGANIZATION
,	O
a	O
600	O
-	O
year	O
-	O
old	O
boarding	O
school	O
in	O
the	O
UK	B-LOCATION
.	O
Later	O
,	O
he	O
studied	O
philosophy	O
at	O
University	B-ORGANIZATION
College	I-ORGANIZATION
London	I-ORGANIZATION|B-LOCATION
.	O

After	O
returning	O
to	O
China	B-LOCATION
in	O
2009	B-DATE
,	O
Wang	B-GIVEN_NAME
quickly	O
became	O
a	O
public	O
figure	O
and	O
opened	O
a	O
Weibo	B-ORGANIZATION
account	O
the	O
following	O
year	O
.	O
In	O
a	O
2015	B-DATE
interview	O
with	O
the	O
BBC	B-ORGANIZATION
in	O
his	O
Shanghai	B-LOCATION
apartment	O
,	O
Wang	B-GIVEN_NAME
,	O
then	O
27	O
,	O
said	O
he	O
was	O
not	O
willing	O
to	O
challenge	O
the	O
ruling	O
Communist	B-ORGANIZATION|B-AFFILIATION
Party	I-ORGANIZATION
line	O
.	O
â	O
The	O
state	O
chooses	O
what	O
âs	O
mainstream	O
and	O
you	O
have	O
to	O
conform	O
to	O
that	O
,	O
â	O
he	O
said	O
in	O
fluent	O
English	B-AFFILIATION
.	O
â	O
If	O
your	O
ideals	O
are	O
not	O
mainstream	O
,	O
then	O
you	O
âre	O
wrong	O
.	O
â	O

However	O
,	O
Wang	B-GIVEN_NAME
started	O
to	O
speak	O
out	O
after	O
Shanghai	B-LOCATION
imposed	O
a	O
citywide	O
Covid	B-BRANDS
-	B-MISC
19	I-MISC
lockdown	O
.	O
Wang	B-GIVEN_NAME
has	O
been	O
in	O
Shanghai	B-LOCATION
during	O
the	O
lockdown	O
,	O
according	O
to	O
multiple	O
social	O
media	O
accounts	O
.	O

In	O
a	O
post	O
on	O
WeChat	B-ORGANIZATION
,	O
the	O
social	O
media	O
platform	O
that	O
allows	O
friends	O
to	O
see	O
posts	O
,	O
Wang	B-GIVEN_NAME
wrote	O
that	O
he	O
plans	O
to	O
boycott	O
the	O
mandatory	O
nucleic	O
testing	O
because	O
it	O
was	O
not	O
about	O
the	O
virus	O
,	O
but	O
rather	O
a	O
test	O
of	O
people	O
âs	O
â	O
submissiveness	O
â	O
.	O
A	O
screenshot	O
of	O
his	O
WeChat	B-ORGANIZATION
post	O
has	O
been	O
widely	O
shared	O
and	O
viewed	O
,	O
as	O
it	O
partly	O
reflects	O
widespread	O
frustration	O
about	O
Shanghai	B-LOCATION
âs	O
draconian	O
lockdown	O
measures	O
.	O

Wang	B-GIVEN_NAME
âs	O
last	O
Weibo	B-ORGANIZATION
post	O
was	O
on	O
April	B-DATE
14	I-DATE
,	O
in	O
which	O
he	O
shared	O
a	O
video	O
and	O
asked	O
if	O
the	O
World	B-ORGANIZATION
Health	I-ORGANIZATION
Organisation	I-ORGANIZATION
had	O
ever	O
recommended	O
Lianhua	B-BRANDS
Qingwen	B-MISC
as	O
a	O
treatment	O
for	O
Covid	B-BRANDS
-	B-MISC
19	I-MISC
.	O
In	O
a	O
separate	O
post	O
,	O
Wang	B-GIVEN_NAME
also	O
urged	O
the	O
authorities	O
to	O
investigate	O
Shijiazhuang	B-ORGANIZATION|B-LOCATION
Yiling	I-ORGANIZATION
Pharmaceutical	I-ORGANIZATION
,	O
the	O
maker	O
of	O
the	O
medicine	O
.	O

Amid	O
the	O
outburst	O
of	O
discontent	O
over	O
China	B-LOCATION
âs	O
strict	O
dynamic	O
zero	O
Covid	B-BRANDS
-	B-MISC
19	I-MISC
approach	O
,	O
Beijing	B-LOCATION
has	O
been	O
ramping	O
up	O
efforts	O
to	O
clean	O
up	O
content	O
it	O
deems	O
â	O
harmful	O
â	O
by	O
relentlessly	O
taking	O
new	O
measures	O
to	O
threaten	O
and	O
censor	O
internet	O
users	O
.	O

Popular	O
social	O
platforms	O
,	O
including	O
Weibo	B-ORGANIZATION
and	O
Douyin	B-ORGANIZATION
,	O
the	O
domestic	O
version	O
of	O
TikTok	B-ORGANIZATION
,	O
have	O
started	O
to	O
display	O
user	O
locations	O
based	O
on	O
internet	O
protocol	O
(	O
IP	O
)	O
addresses	O
in	O
a	O
bid	O
to	O
â	O
prevent	O
netizens	O
from	O
pretending	O
to	O
be	O
locals	O
and	O
spreading	O
rumours	O
â	O
.	O

