&	O
pgtype	O
=	O
homepage	O

Singapore	B-LOCATION
has	O
sought	O
to	O
distance	O
itself	O
from	O
key	O
cryptocurrency	O
players	O
based	O
in	O
the	O
country	O
currently	O
mired	O
in	O
trouble	O
,	O
with	O
the	O
central	O
bank	O
chief	O
saying	O
these	O
â	O
so	O
-	O
called	O
Singapore	B-LOCATION
-	O
based	O
â	O
firms	O
had	O
â	O
little	O
to	O
do	O
â	O
with	O
the	O
city	O
state	O
âs	O
crypto	O
regulations	O
.	O

Ravi	B-GIVEN_NAME
Menon	B-FAMILY_NAME
,	O
managing	O
director	O
of	O
the	O
Monetary	B-ORGANIZATION
Authority	I-ORGANIZATION
of	I-ORGANIZATION
Singapore	I-ORGANIZATION|B-LOCATION
(	O
MAS	B-ORGANIZATION
)	O
,	O
said	O
authorities	O
,	O
however	O
,	O
were	O
now	O
planning	O
consultations	O
on	O
strengthening	O
crypto	O
rules	O
following	O
this	O
year	O
âs	O
meltdown	O
.	O

Speaking	O
during	O
the	O
release	O
of	O
the	O
MAS	B-ORGANIZATION
â	O
annual	O
review	O
report	O
,	O
Menon	B-GIVEN_NAME
said	O
the	O
key	O
lesson	O
from	O
recent	O
events	O
was	O
that	O
â	O
investing	O
in	O
cryptocurrencies	O
is	O
highly	O
risky	O
â	O
.	O
This	O
had	O
been	O
the	O
central	O
bank	O
âs	O
warning	O
to	O
the	O
public	O
over	O
the	O
past	O
five	B-DURATION
years	I-DURATION
,	O
he	O
added	O
.	O

â	O
It	O
is	O
not	O
a	O
good	O
investment	O
vehicle	O
for	O
retail	O
investors	O
because	O
the	O
price	O
volatility	O
is	O
huge	O
,	O
and	O
you	O
can	O
lose	O
large	O
amounts	O
of	O
money	O
,	O
â	O
he	O
said	O
.	O

Menon	B-GIVEN_NAME
pointed	O
to	O
Three	B-ORGANIZATION
Arrows	I-ORGANIZATION
Capital	I-ORGANIZATION
â	O
one	O
of	O
the	O
world	O
âs	O
largest	O
crypto	O
hedge	O
funds	O
which	O
recently	O
went	O
bankrupt	O
as	O
bitcoin	O
prices	O
tanked	O
â	O
and	O
said	O
the	O
company	O
was	O
not	O
regulated	O
under	O
the	O
Payment	B-BRANDS
Services	B-MISC
Act	I-MISC
,	O
which	O
governs	O
providers	O
of	O
digital	O
payment	O
token	O
dealing	O
or	O
exchange	O
services	O
.	O
The	O
hedge	O
fund	O
,	O
while	O
registered	O
as	O
a	O
fund	O
management	O
business	O
,	O
â	O
had	O
ceased	O
to	O
manage	O
funds	O
in	O
Singapore	B-LOCATION
prior	O
to	O
the	O
problems	O
leading	O
to	O
its	O
insolvency	O
â	O
,	O
he	O
said	O
.	O

TerraForm	B-ORGANIZATION
Labs	I-ORGANIZATION
and	O
Luna	B-ORGANIZATION
Foundation	I-ORGANIZATION
Guard	I-ORGANIZATION
â	O
the	O
firms	O
behind	O
stablecoin	O
terraUSD	B-BRANDS
and	O
companion	O
token	O
Luna	B-BRANDS
,	O
which	O
had	O
a	O
spectacular	O
99	O
per	O
cent	O
collapse	O
in	O
May	B-DATE
â	O
â	O
are	O
not	O
licensed	O
or	O
regulated	O
by	O
the	O
MAS	B-ORGANIZATION
â	O
,	O
Menon	B-GIVEN_NAME
added	O
,	O
and	O
neither	O
was	O
Vauld	B-ORGANIZATION
,	O
which	O
is	O
now	O
in	O
discussions	O
to	O
be	O
bought	O
over	O
to	O
stave	O
off	O
collapse	O
after	O
freezing	O
client	O
withdrawals	O
.	O

The	O
annual	O
review	O
released	O
on	O
Tuesday	B-DATE
showed	O
MAS	B-ORGANIZATION
clocked	O
a	O
net	O
loss	O
of	O
S	B-MONEY
$	I-MONEY
7.4	I-MONEY
billion	I-MONEY
for	O
the	O
financial	O
year	O
ended	O
March	B-DATE
31	I-DATE
because	O
of	O
the	O
strengthened	O
Singapore	B-MONEY|B-LOCATION
dollar	I-MONEY
,	O
which	O
grew	O
by	O
4	O
to	O
5	O
per	O
cent	O
against	O
key	O
global	O
currencies	O
like	O
the	O
Sterling	B-MONEY
and	O
Euro	B-MONEY
.	O

Menon	B-GIVEN_NAME
said	O
while	O
Singapore	B-LOCATION
was	O
seen	O
as	O
being	O
ahead	O
in	O
terms	O
of	O
crypto	O
licensing	O
and	O
regulatory	O
frameworks	O
,	O
the	O
focus	O
had	O
been	O
on	O
money	O
laundering	O
and	O
terrorist	O
-	O
financing	O
risks	O
,	O
not	O
consumer	O
protection	O
,	O
market	O
conduct	O
,	O
and	O
reserve	O
backing	O
for	O
stablecoins	O
.	O

The	O
central	O
bank	O
chief	O
promised	O
this	O
would	O
change	O
.	O
The	O
MAS	B-ORGANIZATION
would	O
consult	O
experts	O
on	O
proposed	O
measures	O
in	O
September	B-DATE
or	O
October	B-DATE
,	O
and	O
eventually	O
introduce	O
tighter	O
regulations	O
including	O
on	O
retail	O
investors	O
â	O
access	O
to	O
cryptocurrencies	O
and	O
business	O
conduct	O
rules	O
for	O
the	O
exchanges	O
listed	O
in	O
Singapore	B-LOCATION
.	O

Menon	B-GIVEN_NAME
said	O
this	O
â	O
broadening	O
â	O
of	O
regulations	O
would	O
mean	O
â	O
players	O
who	O
are	O
doing	O
some	O
of	O
these	O
activities	O
but	O
are	O
currently	O
not	O
caught	O
may	O
well	O
be	O
caught	O
â	O
,	O
but	O
Singapore	B-LOCATION
also	O
wants	O
â	O
good	O
,	O
strong	O
crypto	O
players	O
to	O
be	O
based	O
here	O
â	O
.	O

Noting	O
that	O
the	O
central	O
bank	O
âs	O
warnings	O
against	O
retail	O
investments	O
in	O
cryptocurrencies	O
had	O
raised	O
questions	O
as	O
to	O
where	O
it	O
stands	O
with	O
respect	O
to	O
the	O
digital	O
asset	O
ecosystem	O
,	O
Menon	B-GIVEN_NAME
said	O
the	O
MAS	B-ORGANIZATION
would	O
next	O
month	O
explain	O
its	O
position	O
on	O
cryptocurrencies	O
,	O
stablecoins	O
,	O
blockchains	O
,	O
tokenisation	O
,	O
smart	O
contracts	O
and	O
digital	O
assets	O
.	O
â	O
People	O
want	O
to	O
know	O
what	O
is	O
the	O
lay	O
of	O
the	O
land	O
and	O
where	O
we	O
stand	O
,	O
â	O
he	O
said	O
.	O

â	O
We	O
are	O
actively	O
promoting	O
the	O
digital	O
asset	O
economy	O
where	O
we	O
can	O
use	O
these	O
technologies	O
to	O
solve	O
real	O
problems	O
like	O
cross	O
border	O
settlement	O
,	O
cross	O
border	O
trade	O
finance	O
,	O
more	O
efficient	O
capital	O
,	O
market	O
activities	O
and	O
trading	O
and	O
so	O
on	O
,	O
â	O
Menon	B-GIVEN_NAME
said	O
.	O

Zennon	B-GIVEN_NAME
Kapron	B-FAMILY_NAME
,	O
director	O
of	O
fintech	O
research	O
and	O
consulting	O
firm	O
Kapronasia	B-ORGANIZATION
,	O
said	O
the	O
difficulty	O
in	O
protecting	O
consumers	O
was	O
in	O
striking	O
a	O
balance	O
between	O
giving	O
them	O
access	O
to	O
cryptocurrencies	O
â	O
but	O
keeping	O
them	O
from	O
losing	O
their	O
shirts	O
â	O
.	O
He	O
suggested	O
the	O
central	O
bank	O
consider	O
having	O
investors	O
take	O
a	O
â	O
licence	O
â	O
,	O
and	O
demonstrate	O
that	O
they	O
have	O
â	O
a	O
certain	O
level	O
of	O
knowledge	O
or	O
understanding	O
before	O
they	O
can	O
trade	O
â	O
.	O

A	O
large	O
part	O
of	O
Menon	B-GIVEN_NAME
âs	O
address	O
this	O
year	O
was	O
focused	O
on	O
inflation	O
,	O
which	O
he	O
said	O
was	O
the	O
key	O
macroeconomic	O
challenge	O
facing	O
countries	O
from	O
the	O
United	B-LOCATION
States	I-LOCATION
to	O
Sri	B-LOCATION
Lanka	I-LOCATION
and	O
Singapore	B-LOCATION
.	O
Menon	B-GIVEN_NAME
said	O
central	O
banks	O
were	O
likely	O
to	O
further	O
tighten	O
monetary	O
policy	O
â	O
substantially	O
â	O
over	O
the	O
next	O
six	O
months	O
.	O

Singapore	B-LOCATION
had	O
just	O
executed	O
a	O
second	O
off	O
-	O
cycle	O
tightening	O
on	O
July	B-DATE
14	I-DATE
.	O
The	O
city	O
state	O
usually	O
reviews	O
its	O
monetary	O
policy	O
every	O
six	O
months	O
in	O
April	B-DATE
and	O
October	B-DATE
,	O
but	O
this	O
year	O
had	O
already	O
performed	O
two	O
off	O
-	O
cycle	O
tightenings	O
â	O
making	O
it	O
four	O
tightenings	O
in	O
the	O
nine	O
months	O
since	O
last	O
October	B-DATE
â	O
to	O
strengthen	O
the	O
Singapore	B-MONEY|B-LOCATION
dollar	I-MONEY
in	O
a	O
bid	O
to	O
dampen	O
inflation	O
.	O

Menon	B-GIVEN_NAME
expects	O
core	O
inflation	O
to	O
peak	O
at	O
4	O
to	O
4.5	O
per	O
cent	O
in	O
the	O
third	O
quarter	O
,	O
before	O
levelling	O
off	O
at	O
the	O
end	O
of	O
the	O
year	O
at	O
around	O
3.5	O
to	O
4	O
per	O
cent	O
.	O
It	O
will	O
then	O
ease	O
in	O
2023	B-DATE
,	O
but	O
remain	O
â	O
well	O
above	O
the	O
1.5	O
per	O
cent	O
rate	O
averaged	O
since	O
2000	B-DATE
â	O
.	O

The	O
central	O
bank	O
chief	O
said	O
the	O
four	O
tightening	O
moves	O
would	O
continue	O
to	O
dampen	O
inflation	O
over	O
the	O
next	O
12	O
months	O
,	O
restraining	O
core	O
inflation	O
by	O
an	O
average	O
of	O
1.2	O
per	O
cent	O
each	O
year	O
.	O

Monetary	O
policy	O
,	O
however	O
,	O
cannot	O
completely	O
offset	O
inflation	O
because	O
of	O
the	O
â	O
global	O
nature	O
of	O
the	O
price	O
pressures	O
we	O
are	O
facing	O
â	O
.	O

â	O
When	O
there	O
is	O
a	O
pick	O
-	O
up	O
in	O
global	O
food	O
and	O
energy	O
prices	O
of	O
the	O
magnitude	O
we	O
are	O
seeing	O
today	O
,	O
it	O
is	O
not	O
possible	O
to	O
completely	O
insulate	O
the	O
domestic	O
economy	O
from	O
these	O
increases	O
,	O
â	O
he	O
said	O
.	O

Menon	B-GIVEN_NAME
said	O
the	O
global	O
economic	O
growth	O
next	O
year	O
was	O
likely	O
to	O
be	O
slower	O
,	O
and	O
a	O
good	O
scenario	O
would	O
be	O
if	O
growth	O
slows	O
down	O
sufficiently	O
to	O
reduce	O
inflation	O
but	O
the	O
economy	O
avoids	O
a	O
recession	O
.	O
However	O
,	O
what	O
was	O
more	O
likely	O
would	O
be	O
a	O
short	O
-	O
lived	O
technical	O
recession	O
that	O
tames	O
inflation	O
and	O
sets	O
the	O
stage	O
for	O
sustained	O
recovery	O
,	O
he	O
said	O
.	O

The	O
worst	O
scenario	O
would	O
be	O
if	O
growth	O
stagnates	O
while	O
inflation	O
remains	O
high	O
.	O
Menon	B-GIVEN_NAME
said	O
Singapore	B-LOCATION
was	O
not	O
expecting	O
a	O
recession	O
nor	O
stagflation	O
,	O
â	O
but	O
there	O
are	O
considerable	O
downside	O
risks	O
in	O
the	O
global	O
economy	O
which	O
bear	O
close	O
watching	O
â	O
.	O

