Bangladesh	B-LOCATION
âs	O
Prime	O
Minister	O
Sheikh	B-GIVEN_NAME
Hasina	B-FAMILY_NAME
on	O
Saturday	B-DATE
celebrated	O
the	O
opening	O
of	O
the	O
country	O
âs	O
longest	O
bridge	O
,	O
which	O
took	O
eight	B-DURATION
years	I-DURATION
to	O
build	O
amid	O
setbacks	O
involving	O
political	O
conflict	O
and	O
corruption	O
allegations	O
.	O

The	O
6.51	O
km	O
(	O
4.04	O
-	O
mile	O
)	O
bridge	O
spanning	O
the	O
Padma	B-LOCATION
River	I-LOCATION
cost	O
an	O
estimated	O
US	B-MONEY|B-LOCATION
$	I-MONEY
3.6	I-MONEY
billion	I-MONEY
and	O
was	O
paid	O
for	O
with	O
domestic	O
funds	O
after	O
the	O
World	B-ORGANIZATION
Bank	I-ORGANIZATION
and	O
other	O
global	O
lending	O
agencies	O
declined	O
to	O
finance	O
the	O
project	O
following	O
a	O
corruption	O
scandal	O
involving	O
a	O
Canadian	B-AFFILIATION
construction	O
company	O
.	O

The	O
bridge	O
,	O
which	O
will	O
open	O
to	O
the	O
public	O
on	O
Sunday	B-DATE
,	O
will	O
slash	O
the	O
distance	O
between	O
the	O
capital	O
,	O
Dhaka	B-LOCATION
,	O
and	O
Bangladesh	B-LOCATION
âs	O
second	O
largest	O
seaport	O
,	O
Mongla	B-LOCATION
,	O
by	O
100	O
km	O
(	O
62	O
miles	O
)	O
.	O

â	O
The	O
bridge	O
belongs	O
to	O
the	O
people	O
of	O
Bangladesh	B-LOCATION
.	O

It	O
encapsulates	O
our	O
passion	O
,	O
creativity	O
,	O
courage	O
,	O
endurance	O
and	O
perseverance	O
,	O
â	O
said	O
Hasina	B-GIVEN_NAME
at	O
a	O
ceremony	O
in	O
Mawa	B-LOCATION
,	O
about	O
31	O
km	O
southwest	O
of	O
Dhaka	B-LOCATION
.	O

While	O
not	O
directly	O
part	O
of	O
China	B-LOCATION
âs	O
Belt	B-BRANDS
and	B-MISC
Road	I-MISC
infrastructure	O
initiative	O
,	O
the	O
bridge	O
was	O
built	O
by	O
the	O
China	B-ORGANIZATION|B-LOCATION
Major	I-ORGANIZATION
Bridge	I-ORGANIZATION
Engineering	I-ORGANIZATION
Company	I-ORGANIZATION
Ltd	I-ORGANIZATION
.	O
and	O
is	O
seen	O
by	O
Beijing	B-LOCATION
as	O
a	O
milestone	O
for	O
cooperation	O
with	O
Bangladesh	B-LOCATION
,	O
according	O
to	O
a	O
statement	O
by	O
China	B-LOCATION
âs	O
Ambassador	O
Li	B-GIVEN_NAME
Jiming	B-FAMILY_NAME
.	O

The	O
China	B-ORGANIZATION|B-LOCATION
Railway	I-ORGANIZATION
Group	I-ORGANIZATION
has	O
said	O
the	O
Padma	B-LOCATION
Bridge	I-LOCATION
will	O
later	O
feature	O
a	O
rail	O
network	O
that	O
connects	O
with	O
other	O
Belt	B-BRANDS
and	B-MISC
Road	I-MISC
projects	O
and	O
will	O
serve	O
as	O
an	O
important	O
link	O
between	O
China	B-LOCATION
and	O
a	O
pan	O
-	O
Asian	B-AFFILIATION
rail	O
network	O
.	O

Economists	O
say	O
the	O
bridge	O
will	O
increase	O
Bangladesh	B-LOCATION
âs	O
gross	O
domestic	O
product	O
by	O
an	O
additional	O
1.3	O
per	O
cent	O
per	O
year	O
,	O
adding	O
to	O
robust	O
growth	O
projections	O
from	O
the	O
Asian	B-ORGANIZATION|B-AFFILIATION
Development	I-ORGANIZATION
Bank	I-ORGANIZATION
that	O
predict	O
Bangladesh	B-LOCATION
âs	O
US	B-MONEY|B-LOCATION
$	I-MONEY
465	I-MONEY
billion	I-MONEY
economy	O
will	O
grow	O
by	O
6.9	O
per	O
cent	O
in	O
2021-22	B-DATE
,	O
and	O
7.1	O
per	O
cent	O
in	O
2022-23	B-DATE
.	O

Officials	O
said	O
the	O
bridge	O
will	O
connect	O
at	O
least	O
21	O
districts	O
in	O
the	O
southern	B-LOCATION
and	I-LOCATION
southwestern	I-LOCATION
regions	I-LOCATION
of	I-LOCATION
Bangladesh	I-LOCATION
.	O

Experts	O
say	O
construction	O
,	O
which	O
involved	O
more	O
than	O
4,000	O
engineers	O
,	O
was	O
a	O
major	O
technical	O
challenge	O
.	O
The	O
underwater	O
pilings	O
extend	O
122	O
metres	O
(	O
400	O
feet	O
)	O
deep	O
,	O
a	O
world	O
record	O
.	O
At	O
some	O
points	O
in	O
the	O
river	O
,	O
the	O
water	O
flow	O
volume	O
ranks	O
second	O
globally	O
only	O
after	O
the	O
Amazon	B-LOCATION
River	I-LOCATION
.	O

The	O
World	B-ORGANIZATION
Bank	I-ORGANIZATION
said	O
in	O
2012	B-DATE
that	O
it	O
found	O
elements	O
of	O
corruption	O
involving	O
a	O
Canadian	B-AFFILIATION
construction	O
firm	O
in	O
the	O
plans	O
for	O
the	O
bridge	O
and	O
decided	O
to	O
stay	O
away	O
from	O
funding	O
US	B-MONEY|B-LOCATION
$	I-MONEY
1.2	I-MONEY
billion	I-MONEY
for	O
the	O
project	O
.	O

The	O
decision	O
prompted	O
other	O
lending	O
agencies	O
including	O
the	O
Asian	B-ORGANIZATION|B-AFFILIATION
Development	I-ORGANIZATION
Bank	I-ORGANIZATION
,	O
Japan	B-ORGANIZATION|B-LOCATION
International	I-ORGANIZATION
Cooperation	I-ORGANIZATION
Agency	I-ORGANIZATION
and	O
Islamic	B-ORGANIZATION|B-AFFILIATION
Development	I-ORGANIZATION
Bank	I-ORGANIZATION
to	O
distance	O
themselves	O
from	O
the	O
project	O
.	O
Hasina	B-GIVEN_NAME
then	O
said	O
Bangladesh	B-LOCATION
would	O
build	O
the	O
bridge	O
with	O
its	O
own	O
funds	O
.	O

The	O
corruption	O
charges	O
went	O
to	O
a	O
Superior	B-ORGANIZATION
Court	I-ORGANIZATION
in	O
Ontario	B-LOCATION
,	I-LOCATION
Canada	I-LOCATION
,	O
which	O
acquitted	O
three	O
former	O
top	O
executives	O
of	O
SNC	B-ORGANIZATION
-	I-ORGANIZATION
Lavalin	I-ORGANIZATION
,	O
the	O
Canadian	B-AFFILIATION
firm	O
,	O
in	O
an	O
international	O
bribery	O
case	O
linked	O
to	O
the	O
bridge	O
âs	O
construction	O
in	O
2017	B-DATE
.	O

Hasina	B-GIVEN_NAME
also	O
defied	O
bitter	O
criticism	O
led	O
by	O
former	O
Prime	O
Minister	O
Khaleda	B-GIVEN_NAME
Zia	B-FAMILY_NAME
during	O
the	O
bridge	O
âs	O
construction	O
.	O
The	O
opposition	O
said	O
Hasina	B-GIVEN_NAME
âs	O
government	O
had	O
increased	O
the	O
budget	O
threefold	O
over	O
the	O
years	O
and	O
accused	O
the	O
authorities	O
of	O
corruption	O
.	O
Hasina	B-GIVEN_NAME
rejected	O
the	O
allegations	O
.	O

