A	O
top	O
Chinese	B-AFFILIATION
computer	O
scientist	O
said	O
China	B-LOCATION
is	O
better	O
positioned	O
than	O
Russia	B-LOCATION
to	O
cope	O
with	O
possible	O
sanctions	O
on	O
chip	O
design	O
architecture	O
from	O
Western	B-AFFILIATION
countries	O
,	O
adding	O
that	O
the	O
country	O
could	O
develop	O
a	O
different	O
ecosystem	O
based	O
on	O
the	O
RISC	B-BRANDS
-	I-BRANDS
V	I-BRANDS
architecture	O
and	O
expand	O
it	O
among	O
members	O
of	O
the	O
Belt	B-BRANDS
and	B-MISC
Road	I-MISC
Initiative	I-MISC
.	O

Bao	B-GIVEN_NAME
Yungang	B-FAMILY_NAME
,	O
a	O
computing	O
technology	O
expert	O
at	O
the	O
Chinese	B-ORGANIZATION|B-AFFILIATION
Academy	I-ORGANIZATION
of	I-ORGANIZATION
Sciences	I-ORGANIZATION
and	O
the	O
secretary	O
general	O
of	O
the	O
China	B-ORGANIZATION|B-LOCATION
RISC	I-ORGANIZATION
-	I-ORGANIZATION
V	I-ORGANIZATION
Alliance	I-ORGANIZATION
,	O
made	O
the	O
comments	O
on	O
the	O
Chinese	B-AFFILIATION
question	O
-	O
and	O
-	O
answer	O
platform	O
Zhihu	B-ORGANIZATION
in	O
response	O
to	O
inquiries	O
about	O
whether	O
China	B-LOCATION
would	O
face	O
â	O
supply	O
disruptions	O
â	O
in	O
the	O
event	O
of	O
technological	O
decoupling	O
from	O
the	O
US	B-LOCATION
.	O

Bao	B-GIVEN_NAME
said	O
China	B-LOCATION
could	O
fare	O
much	O
better	O
than	O
Russia	B-LOCATION
under	O
extreme	O
scenarios	O
involving	O
sanctions	O
and	O
war	O
because	O
of	O
its	O
capabilities	O
in	O
central	O
processing	O
unit	O
(	O
CPU	O
)	O
research	O
,	O
sizeable	O
talent	O
base	O
and	O
large	O
market	O
.	O

â	O
In	O
extreme	O
cases	O
,	O
RISC	B-BRANDS
-	I-BRANDS
V	I-BRANDS
related	O
standard	O
specifications	O
can	O
be	O
bifurcated	O
into	O
RISC	B-BRANDS
-	I-BRANDS
X	I-BRANDS
,	O
and	O
China	B-LOCATION
is	O
fully	O
capable	O
of	O
advancing	O
the	O
evolution	O
of	O
the	O
RISC	B-BRANDS
-	I-BRANDS
X	I-BRANDS
standard	O
independently	O
and	O
building	O
an	O
ecosystem	O
together	O
with	O
Belt	B-BRANDS
and	B-MISC
Road	I-MISC
countries	O
,	O
â	O
Bao	B-GIVEN_NAME
said	O
.	O

â	O
China	B-LOCATION
âs	O
RISC	B-BRANDS
-	I-BRANDS
X	I-BRANDS
products	O
may	O
not	O
be	O
able	O
to	O
enter	O
the	O
United	B-LOCATION
States	I-LOCATION
and	O
other	O
Western	B-AFFILIATION
countries	O
â	O
just	O
like	O
Huawei	B-ORGANIZATION
products	O
today	O
,	O
but	O
this	O
does	O
nât	O
affect	O
the	O
sales	O
and	O
application	O
of	O
these	O
products	O
in	O
Belt	O
and	O
Road	O
countries	O
,	O
â	O
he	O
added	O
.	O

â	O
RISC	B-BRANDS
-	I-BRANDS
X	I-BRANDS
can	O
still	O
be	O
maintained	O
as	O
open	O
source	O
so	O
that	O
developing	O
countries	O
,	O
with	O
6.6	O
billion	O
people	O
,	O
can	O
develop	O
an	O
[	O
independent	O
]	O
ecosystem	O
.	O
â	O

Bao	B-GIVEN_NAME
did	O
not	O
respond	O
to	O
requests	O
for	O
comment	O
.	O

As	O
US	B-LOCATION
sanctions	O
on	O
China	B-LOCATION
âs	O
semiconductor	O
industry	O
have	O
increased	O
over	O
the	O
past	O
couple	O
years	O
,	O
the	O
open	O
source	O
RISC	B-BRANDS
-	I-BRANDS
V	I-BRANDS
chip	O
architecture	O
has	O
been	O
held	O
up	O
as	O
a	O
possible	O
alternative	O
to	O
Intel	B-ORGANIZATION
âs	O
proprietary	O
x	O
86	O
architecture	O
and	O
the	O
architecture	O
from	O
UK	B-LOCATION
-	O
based	O
Arm	B-ORGANIZATION
,	O
which	O
is	O
used	O
by	O
nearly	O
all	O
mobile	O
chip	O
designers	O
,	O
including	O
Qualcomm	B-ORGANIZATION
and	O
Apple	B-ORGANIZATION
.	O

Since	O
the	O
RISC	B-BRANDS
-	I-BRANDS
V	I-BRANDS
source	O
code	O
is	O
publicly	O
available	O
online	O
,	O
it	O
is	O
not	O
subject	O
to	O
export	O
controls	O
and	O
it	O
has	O
no	O
licensing	O
fees	O
.	O

The	O
reduced	B-BRANDS
instruction	I-BRANDS
set	I-BRANDS
computer	I-BRANDS
(	O
RISC	B-BRANDS
)	O
principles	O
were	O
first	O
developed	O
at	O
University	B-ORGANIZATION
of	I-ORGANIZATION
California	I-ORGANIZATION|B-LOCATION
,	I-ORGANIZATION|I-LOCATION
Berkeley	I-ORGANIZATION|I-LOCATION
by	O
professor	O
David	B-GIVEN_NAME
Patterson	B-FAMILY_NAME
in	O
1980	B-DATE
and	O
were	O
made	O
open	O
source	O
in	O
the	O
technology	O
âs	O
fifth	O
generation	O
in	O
2015	B-DATE
as	O
RISC	B-BRANDS
-	I-BRANDS
V	I-BRANDS
.	O
Standards	O
are	O
now	O
maintained	O
and	O
published	O
by	O
the	O
Switzerland	B-LOCATION
-	O
based	O
non	O
-	O
profit	O
organisation	O
RISC	B-ORGANIZATION|B-BRANDS
-	I-ORGANIZATION|I-BRANDS
V	I-ORGANIZATION|I-BRANDS
International	I-ORGANIZATION
.	O

Of	O
the	O
organisation	O
âs	O
20	O
â	O
premier	O
members	O
â	O
,	O
half	O
are	O
Chinese	B-AFFILIATION
,	O
including	O
Huawei	B-ORGANIZATION
Technologies	I-ORGANIZATION
Co	I-ORGANIZATION
â	O
which	O
is	O
currently	O
sanctioned	O
by	O
the	O
US	B-LOCATION
â	O
and	O
Alibaba	B-ORGANIZATION
Cloud	I-ORGANIZATION
,	O
a	O
subsidiary	O
of	O
Alibaba	B-ORGANIZATION
Group	I-ORGANIZATION
Holding	I-ORGANIZATION
,	O
owner	O
of	O
the	O
South	B-ORGANIZATION|B-LOCATION
China	I-ORGANIZATION|I-LOCATION
Morning	I-ORGANIZATION
Post	I-ORGANIZATION
.	O

At	O
the	O
same	O
time	O
,	O
there	O
are	O
growing	O
concerns	O
in	O
China	B-LOCATION
that	O
they	O
may	O
not	O
be	O
able	O
to	O
fully	O
rely	O
on	O
open	O
source	O
technologies	O
that	O
originate	O
in	O
or	O
are	O
maintained	O
by	O
Western	B-AFFILIATION
businesses	O
,	O
even	O
though	O
such	O
code	O
is	O
not	O
typically	O
subject	O
to	O
sanctions	O
.	O

While	O
China	B-LOCATION
has	O
been	O
trying	O
to	O
reduce	O
reliance	O
on	O
foreign	O
chip	O
-	O
making	O
technologies	O
,	O
the	O
country	O
still	O
lags	O
behind	O
its	O
global	O
peers	O
in	O
both	O
chip	O
design	O
and	O
manufacturing	O
.	O

In	O
particular	O
,	O
China	B-LOCATION
âs	O
weakness	O
in	O
electronic	O
design	O
automation	O
(	O
EDA	B-BRANDS
)	O
software	O
could	O
leave	O
the	O
country	O
vulnerable	O
to	O
sanctions	O
even	O
amid	O
greater	O
RISC	B-BRANDS
-	I-BRANDS
V	I-BRANDS
adoption	O
,	O
according	O
to	O
industrial	O
professionals	O
.	O
The	O
US	B-LOCATION
maintains	O
a	O
considerable	O
lead	O
in	O
EDA	B-BRANDS
software	O
,	O
which	O
is	O
critical	O
for	O
chip	O
design	O
,	O
and	O
manufacturing	O
technologies	O
.	O

â	O
You	O
need	O
other	O
things	O
to	O
make	O
a	O
device	O
â	O
wafers	O
,	O
photoresist	O
,	O
gases	O
,	O
etc	O
,	O
â	O
said	O
Woz	B-GIVEN_NAME
Ahmed	B-FAMILY_NAME
,	O
managing	O
director	O
of	O
Chilli	B-ORGANIZATION
Ventures	I-ORGANIZATION
and	O
former	O
chief	O
strategy	O
officer	O
at	O
UK	B-LOCATION
-	O
based	O
graphics	O
processing	O
giant	O
Imagination	B-ORGANIZATION
Technologies	I-ORGANIZATION
.	O
â	O
That	O
âs	O
not	O
all	O
in	O
place	O
yet	O
,	O
or	O
not	O
in	O
sufficient	O
scale	O
and	O
quality	O
within	O
China	B-LOCATION
âs	O
domestic	O
supply	O
chain	O
.	O
â	O

Huawei	B-ORGANIZATION
âs	O
chip	O
design	O
unit	O
HiSilicon	B-ORGANIZATION
illustrates	O
this	O
challenge	O
.	O

It	O
still	O
has	O
access	O
to	O
Arm	B-ORGANIZATION
âs	O
V	B-BRANDS
8	I-BRANDS
architecture	O
,	O
but	O
it	O
cannot	O
find	O
foundries	O
willing	O
to	O
manufacture	O
its	O
Arm	B-ORGANIZATION
-	O
based	O
chips	O
.	O
US	B-LOCATION
sanctions	O
ban	O
companies	O
like	O
Taiwan	B-ORGANIZATION|B-LOCATION
Semiconductor	I-ORGANIZATION
Manufacturing	I-ORGANIZATION
Co	I-ORGANIZATION
(	O
TSMC	B-ORGANIZATION
)	O
,	O
the	O
world	O
âs	O
largest	O
contract	O
chip	O
maker	O
,	O
and	O
Shanghai	B-LOCATION
-	O
based	O
Semiconductor	B-ORGANIZATION
Manufacturing	I-ORGANIZATION
International	I-ORGANIZATION
Corp	I-ORGANIZATION
(	O
SMIC	B-ORGANIZATION
)	O
from	O
making	O
such	O
chips	O
for	O
Huawei	B-ORGANIZATION
with	O
US	B-LOCATION
-	O
origin	O
technologies	O
.	O

