&	O
pgtype	O
=	O
homepage	O

My	O
first	O
taste	O
of	O
ikan	O
chuan	O
chuan	O
,	O
a	O
fish	O
dish	O
at	O
newly	O
opened	O
contemporary	O
Straits	B-AFFILIATION
restaurant	O
Pangium	B-LOCATION
in	O
Singapore	B-LOCATION
,	O
brings	O
about	O
a	O
sudden	O
jolt	O
of	O
nostalgia	O
.	O

The	O
flaky	O
Glacier	B-AFFILIATION
51	I-AFFILIATION
toothfish	O
,	O
served	O
with	O
a	O
sauce	O
of	O
Bentong	B-AFFILIATION
ginger	O
and	O
taucheo	O
â	O
salted	O
,	O
fermented	O
soy	O
beans	O
â	O
reminds	O
me	O
of	O
a	O
much	O
humbler	O
version	O
of	O
the	O
fried	O
pomfret	O
that	O
my	O
grandmother	O
and	O
mother	O
used	O
to	O
cook	O
when	O
I	O
was	O
a	O
child	O
.	O

It	O
is	O
exactly	O
the	O
sort	O
of	O
reaction	O
that	O
chef	O
-	O
owner	O
Malcolm	B-GIVEN_NAME
Lee	B-FAMILY_NAME
â	O
whose	O
other	O
restaurant	O
is	O
the	O
one	O
-	O
Michelin	B-ORGANIZATION
-	O
star	O
Peranakan	B-AFFILIATION
establishment	O
Candlenut	B-LOCATION
â	O
hopes	O
to	O
evoke	O
in	O
diners	O
.	O

Peranakan	B-AFFILIATION
cuisine	O
combines	O
Chinese	B-AFFILIATION
,	O
Eurasian	B-AFFILIATION
,	O
Indian	B-AFFILIATION
and	O
Southeast	B-AFFILIATION
Asian	I-AFFILIATION
ingredients	O
and	O
cooking	O
methods	O
.	O
â	O
I	O
am	O
a	O
Singapore	B-LOCATION
-	O
born	O
Peranakan	B-AFFILIATION
,	O
so	O
I	O
grew	O
up	O
enjoying	O
Peranakan	B-AFFILIATION
home	O
cooking	O
along	O
with	O
Cantonese	B-AFFILIATION
and	O
Hokkien	B-AFFILIATION
dishes	O
that	O
were	O
part	O
of	O
my	O
mother	O
âs	O
repertoire	O
,	O
â	O
says	O
Lee	B-GIVEN_NAME
.	O

â	O
With	O
this	O
dish	O
,	O
the	O
question	O
I	O
had	O
was	O
:	O
â	O
Why	O
do	O
nât	O
people	O
prepare	O
this	O
at	O
home	O
any	O
more	O
?	O
â	O
â	O

The	O
ethos	O
of	O
Pangium	B-LOCATION
âs	O
cuisine	O
is	O
to	O
showcase	O
the	O
food	O
â	O
our	O
grandmothers	O
and	O
grandfathers	O
first	O
created	O
with	O
the	O
knowledge	O
,	O
ingredients	O
and	O
tools	O
they	O
had	O
at	O
hand	O
,	O
reimagined	O
for	O
our	O
lives	O
today	O
â	O
,	O
Lee	B-GIVEN_NAME
adds	O
.	O

â	O
I	O
see	O
contemporary	O
Straits	B-AFFILIATION
evolving	O
to	O
encompass	O
the	O
heritage	O
cuisines	O
of	O
our	O
region	O
which	O
are	O
â	O
in	O
many	O
ways	O
â	O
interconnected	O
because	O
of	O
the	O
way	O
the	O
Strait	B-LOCATION
of	I-LOCATION
Malacca	I-LOCATION
connects	O
Singapore	B-LOCATION
with	O
the	O
rest	O
of	O
the	O
world	O
.	O
â	O

Lee	B-GIVEN_NAME
is	O
one	O
of	O
a	O
growing	O
clutch	O
of	O
chefs	O
in	O
Singapore	B-LOCATION
who	O
are	O
diving	O
into	O
the	O
city	O
state	O
âs	O
culinary	O
history	O
in	O
search	O
of	O
old	O
recipes	O
and	O
dishes	O
that	O
were	O
once	O
commonly	O
prepared	O
at	O
home	O
or	O
by	O
the	O
country	O
âs	O
food	O
hawkers	O
.	O

Recent	O
entrants	O
to	O
the	O
scene	O
include	O
progressive	O
Nusantara	B-LOCATION
restaurant	O
Permata	B-LOCATION
Singapore	I-LOCATION
,	O
headed	O
by	O
culinary	O
director	O
and	O
chef	O
Mel	B-GIVEN_NAME
Dean	B-FAMILY_NAME
,	O
and	O
Rempapa	B-ORGANIZATION
,	O
where	O
chef	O
Damian	B-GIVEN_NAME
D	B-FAMILY_NAME
â	I-FAMILY_NAME
Silva	I-FAMILY_NAME
,	O
a	O
long	O
-	O
time	O
advocate	O
of	O
Singapore	B-LOCATION
heritage	O
cuisine	O
,	O
showcases	O
the	O
multicultural	O
flavours	O
of	O
its	O
Chinese	B-AFFILIATION
,	O
Peranakan	B-AFFILIATION
,	O
Eurasian	B-AFFILIATION
,	O
Indian	B-AFFILIATION
and	O
Malay	B-AFFILIATION
communities	O
.	O

Other	O
notable	O
restaurants	O
which	O
showcase	O
unique	O
local	O
flavours	O
,	O
often	O
inspired	O
by	O
their	O
chefs	O
â	O
personal	O
memories	O
,	O
include	O
the	O
one	O
-	O
Michelin	B-ORGANIZATION
-	O
star	O
Labyrinth	B-LOCATION
by	O
chef	O
Han	B-GIVEN_NAME
Li	B-FAMILY_NAME
Guang	I-FAMILY_NAME
and	O
Mustard	B-LOCATION
Seed	I-LOCATION
by	O
chef	O
Gan	B-GIVEN_NAME
Ming	B-FAMILY_NAME
Kiat	I-FAMILY_NAME
.	O

This	O
attempt	O
to	O
breathe	O
new	O
life	O
into	O
old	O
dishes	O
comes	O
at	O
a	O
time	O
when	O
an	O
increasing	O
number	O
of	O
old	O
hawkers	O
are	O
retiring	O
without	O
successors	O
to	O
pass	O
on	O
their	O
skills	O
,	O
and	O
as	O
recipes	O
once	O
commonly	O
used	O
at	O
home	O
but	O
less	O
popular	O
among	O
today	O
âs	O
families	O
are	O
being	O
lost	O
.	O

â	O
Our	O
heritage	O
food	O
is	O
disappearing	O
because	O
the	O
passing	O
of	O
this	O
culinary	O
knowledge	O
from	O
generation	O
to	O
generation	O
has	O
been	O
broken	O
.	O
Most	O
of	O
these	O
recipes	O
are	O
part	O
of	O
our	O
oral	O
history	O
and	O
are	O
not	O
documented	O
.	O
When	O
an	O
elder	O
passes	O
away	O
,	O
it	O
âs	O
like	O
a	O
library	O
has	O
shut	O
down	O
,	O
â	O
observes	O
Khir	B-GIVEN_NAME
Johari	B-FAMILY_NAME
,	O
author	O
of	O
The	B-BRANDS
Food	B-MISC
of	I-MISC
Singapore	I-MISC|B-AFFILIATION|B-LOCATION
Malays	I-MISC|I-AFFILIATION
:	I-MISC
Gastronomic	I-MISC
Travels	I-MISC
Through	I-MISC
the	I-MISC
Archipelago	I-MISC|B-LOCATION
.	O

Urban	O
development	O
has	O
also	O
made	O
it	O
challenging	O
to	O
obtain	O
herbs	O
and	O
ingredients	O
that	O
were	O
once	O
native	O
to	O
the	O
island	O
,	O
he	O
adds	O
.	O

For	O
example	O
,	O
the	O
umbut	O
or	O
heart	O
of	O
the	O
palm	O
tree	O
,	O
which	O
was	O
used	O
in	O
salads	O
or	O
stir	O
fries	O
,	O
is	O
now	O
a	O
rare	O
ingredient	O
,	O
as	O
there	O
are	O
no	O
more	O
coconut	O
groves	O
in	O
Singapore	B-LOCATION
.	O
Land	O
reclamation	O
efforts	O
have	O
also	O
led	O
to	O
a	O
loss	O
of	O
the	O
native	O
marine	O
life	O
that	O
Malays	B-AFFILIATION
used	O
to	O
source	O
for	O
food	O
such	O
as	O
mangrove	O
snails	O
,	O
called	O
siput	O
bakau	O
and	O
siput	O
belitung	O
,	O
and	O
mangrove	O
crab	O
.	O

He	O
also	O
points	O
out	O
that	O
there	O
may	O
be	O
misconceptions	O
that	O
can	O
deter	O
diners	O
from	O
trying	O
certain	O
heritage	O
cuisines	O
,	O
such	O
as	O
the	O
mistaken	O
belief	O
that	O
Malay	B-AFFILIATION
food	O
is	O
unhealthy	O
.	O

â	O
Malay	B-AFFILIATION
cuisine	O
features	O
a	O
wide	O
range	O
of	O
boiled	O
,	O
steamed	O
,	O
grilled	O
and	O
soup	O
dishes	O
.	O
Vegetables	O
are	O
actually	O
at	O
the	O
heart	O
of	O
a	O
Malay	B-AFFILIATION
meal	O
,	O
sautÃ©ed	O
or	O
served	O
raw	O
as	O
in	O
an	O
ulam	O
salad	O
.	O
Meat	O
is	O
seldom	O
deep	O
-	O
fried	O
and	O
can	O
be	O
served	O
in	O
a	O
clear	O
broth	O
or	O
a	O
curry	O
,	O
â	O
he	O
points	O
out	O
.	O

â	O
In	O
any	O
case	O
,	O
the	O
adage	O
of	O
â	O
everything	O
in	O
moderation	O
â	O
is	O
true	O
for	O
any	O
food	O
,	O
be	O
it	O
Malay	B-AFFILIATION
,	O
Chinese	B-AFFILIATION
or	O
Western	B-AFFILIATION
.	O
â	O

Over	O
at	O
Permata	B-LOCATION
Singapore	I-LOCATION
,	O
housed	O
in	O
a	O
historic	O
mansion	O
in	O
Singapore	B-LOCATION
âs	O
Kampong	B-LOCATION
Glam	I-LOCATION
enclave	O
,	O
Dean	B-GIVEN_NAME
is	O
doing	O
his	O
part	O
to	O
showcase	O
the	O
wide	O
variety	O
of	O
heritage	O
dishes	O
from	O
the	O
Nusantara	B-LOCATION
archipelago	O
(	O
another	O
term	O
for	O
maritime	O
Southeast	B-LOCATION
Asia	I-LOCATION
â	O
Malaysia	B-LOCATION
,	O
Singapore	B-LOCATION
,	O
Brunei	B-LOCATION
,	O
and	O
Indonesia	B-LOCATION
)	O
.	O

For	O
example	O
,	O
kerabu	O
raden	O
ayu	O
,	O
or	O
soursop	O
salad	O
,	O
is	O
a	O
sharp	O
and	O
tangy	O
dish	O
that	O
is	O
typically	O
eaten	O
as	O
an	O
appetiser	O
.	O
â	O
Made	O
with	O
soursop	O
,	O
pomegranate	O
,	O
green	O
mango	O
,	O
cucumber	O
and	O
coriander	O
tossed	O
in	O
calamansi	O
dressing	O
,	O
not	O
only	O
is	O
it	O
healthy	O
but	O
it	O
was	O
a	O
traditional	O
way	O
to	O
utilise	O
both	O
raw	O
and	O
cooked	O
leftover	O
ingredients	O
,	O
â	O
says	O
Dean	B-GIVEN_NAME
.	O

Another	O
dish	O
,	O
botok	O
botok	O
or	O
banana	O
-	O
leaf	O
-	O
wrapped	O
shredded	O
coconut	O
with	O
fish	O
,	O
was	O
typically	O
eaten	O
only	O
on	O
special	O
occasions	O
because	O
it	O
requires	O
intensive	O
preparation	O
â	O
including	O
sourcing	O
more	O
than	O
10	O
different	O
types	O
of	O
herbs	O
â	O
and	O
a	O
laborious	O
cooking	O
process	O
.	O

Permata	B-LOCATION
Singapore	I-LOCATION
âs	O
version	O
of	O
this	O
dish	O
substitutes	O
bony	O
mackerel	O
with	O
fleshy	O
barramundi	O
,	O
which	O
retains	O
the	O
flavours	O
of	O
the	O
traditional	O
recipe	O
while	O
being	O
more	O
appealing	O
to	O
today	O
âs	O
diners	O
.	O

Besides	O
taking	O
effort	O
to	O
adapt	O
recipes	O
to	O
modern	O
palates	O
,	O
other	O
factors	O
like	O
social	O
media	O
,	O
an	O
increased	O
focus	O
on	O
authenticity	O
and	O
food	O
trends	O
such	O
as	O
eating	O
local	O
and	O
foraging	O
for	O
ingredients	O
have	O
also	O
contributed	O
to	O
a	O
renewed	O
awareness	O
and	O
appreciation	O
for	O
heritage	O
food	O
.	O

One	O
good	O
example	O
is	O
the	O
nasi	O
ambeng	O
rice	O
platter	O
,	O
which	O
comprises	O
chicken	O
and	O
fish	O
dishes	O
,	O
sambal	O
,	O
bergedel	O
potato	O
patties	O
and	O
more	O
,	O
has	O
sacred	O
origins	O
and	O
was	O
previously	O
eaten	O
for	O
celebratory	O
reasons	O
.	O

â	O
Today	O
,	O
this	O
platter	O
,	O
regarded	O
also	O
as	O
a	O
depiction	O
of	O
â	O
cosmology	O
on	O
a	O
plate	O
â	O
,	O
has	O
risen	O
in	O
popularity	O
in	O
many	O
restaurants	O
and	O
even	O
hawker	O
centres	O
,	O
â	O
observes	O
Khir	B-GIVEN_NAME
.	O
Certainly	O
,	O
it	O
also	O
helps	O
that	O
the	O
dish	O
,	O
with	O
its	O
colourful	O
ingredients	O
,	O
is	O
extremely	O
Instagram	B-ORGANIZATION
friendly	O
.	O

Another	O
aromatic	O
favourite	O
that	O
is	O
making	O
a	O
comeback	O
is	O
nasi	O
ulam	O
,	O
comprising	O
rice	O
that	O
is	O
blended	O
with	O
an	O
array	O
of	O
fragrant	O
herbs	O
and	O
vegetables	O
.	O
Making	O
this	O
dish	O
is	O
labour	O
intensive	O
,	O
requiring	O
the	O
shredding	O
by	O
hand	O
of	O
each	O
component	O
,	O
the	O
chefs	O
say	O
.	O

At	O
Pangium	B-LOCATION
,	O
nasi	O
ulam	O
is	O
the	O
piÃ¨ce	O
de	O
resistance	O
of	O
the	O
meal	O
and	O
offers	O
diners	O
an	O
interactive	O
opportunity	O
to	O
taste	O
and	O
explore	O
interesting	O
accompaniments	O
derived	O
from	O
traditional	O
recipes	O
,	O
such	O
as	O
hand	O
-	O
minced	O
duck	O
satay	O
wrapped	O
in	O
caul	O
fat	O
,	O
which	O
was	O
once	O
a	O
traditional	O
way	O
of	O
cooking	O
pig	O
liver	O
and	O
spleen	O
.	O

â	O
[	O
This	O
dish	O
]	O
will	O
be	O
an	O
evolving	O
showcase	O
of	O
lesser	O
known	O
vegetables	O
and	O
herbs	O
that	O
is	O
accompanied	O
by	O
an	O
array	O
of	O
side	O
dishes	O
that	O
explore	O
lesser	O
known	O
recipes	O
and	O
flavours	O
,	O
â	O
says	O
Lee	B-GIVEN_NAME
.	O

â	O
In	O
our	O
current	O
menu	O
,	O
we	O
have	O
translated	O
tempoyak	O
â	O
usually	O
a	O
whole	O
patin	O
(	O
silver	O
catfish	O
)	O
cooked	O
in	O
a	O
fermented	O
durian	O
curry	O
â	O
into	O
an	O
invitingly	O
diminutive	O
sambal	O
tempoyak	O
,	O
a	O
fermented	O
durian	O
sambal	O
with	O
fried	O
fish	O
.	O

â	O
The	O
preparation	O
is	O
done	O
with	O
careful	O
restraint	O
to	O
give	O
guests	O
an	O
opportunity	O
to	O
connect	O
with	O
unfamiliar	O
,	O
yet	O
somehow	O
familiar	O
flavours	O
and	O
dishes	O
drawn	O
from	O
shared	O
,	O
overlapping	O
histories	O
.	O
â	O

At	O
D	B-GIVEN_NAME
â	B-FAMILY_NAME
Silva	I-FAMILY_NAME
âs	O
Rempapa	B-ORGANIZATION
restaurant	O
,	O
the	O
menu	O
includes	O
recipes	O
passed	O
down	O
from	O
his	O
grandfather	O
,	O
grandmother	O
and	O
aunt	O
,	O
and	O
other	O
recipes	O
such	O
as	O
the	O
moreish	O
baca	O
assam	O
,	O
a	O
â	O
lost	O
â	O
Eurasian	B-AFFILIATION
dish	O
of	O
beef	O
cheek	O
cooked	O
in	O
a	O
blend	O
of	O
spices	O
and	O
tamarind	O
water	O
which	O
his	O
grandfather	O
made	O
during	O
special	O
occasions	O
.	O

In	O
addition	O
,	O
he	O
is	O
offering	O
his	O
restaurant	O
as	O
a	O
platform	O
to	O
other	O
chefs	O
who	O
have	O
a	O
similar	O
cultural	O
and	O
historic	O
perspective	O
via	O
a	O
Cultural	O
Celebration	O
series	O
.	O
â	O
This	O
is	O
to	O
honour	O
Singapore	B-LOCATION
âs	O
cultural	O
diversity	O
by	O
paying	O
homage	O
to	O
the	O
different	O
celebrations	O
within	O
our	O
ethnic	O
community	O
,	O
â	O
he	O
explains	O
.	O

For	O
Singapore	B-LOCATION
âs	O
National	B-BRANDS
Day	B-MISC
in	O
August	B-DATE
,	O
the	O
Rempapa	B-ORGANIZATION
team	O
is	O
collaborating	O
with	O
Marvas	B-GIVEN_NAME
Ng	B-FAMILY_NAME
,	O
executive	O
chef	O
of	O
modern	O
Asian	B-AFFILIATION
restaurant	O
Path	B-LOCATION
,	O
and	O
Vasunthara	B-GIVEN_NAME
Ramasamy	B-FAMILY_NAME
,	O
a	O
MasterChef	B-BRANDS
Singapore	B-LOCATION
season	O
two	O
contestant	O
and	O
home	O
cook	O
,	O
to	O
present	O
dishes	O
that	O
are	O
close	O
to	O
their	O
hearts	O
.	O

A	O
highlight	O
is	O
Vasunthara	B-GIVEN_NAME
âs	O
exceptional	O
Indian	B-AFFILIATION
thosai	O
,	O
made	O
from	O
lacto	O
-	O
fermented	O
batter	O
,	O
and	O
a	O
stuffed	O
savoury	O
paniyaram	O
made	O
from	O
the	O
same	O
batter	O
and	O
topped	O
with	O
two	O
different	O
types	O
of	O
chutney	O
.	O

D	B-GIVEN_NAME
â	B-FAMILY_NAME
Silva	I-FAMILY_NAME
says	O
:	O
â	O
This	O
is	O
a	O
collaboration	O
that	O
honours	O
traditions	O
by	O
drawing	O
on	O
the	O
past	O
and	O
also	O
moves	O
forward	O
by	O
celebrating	O
heritage	O
in	O
new	O
ways	O
.	O
â	O

Later	O
in	O
the	O
year	O
,	O
he	O
will	O
be	O
presenting	O
boundary	O
-	O
pushing	O
dishes	O
that	O
modern	O
diners	O
have	O
probably	O
not	O
tasted	O
before	O
,	O
like	O
an	O
adventurous	O
Chinese	B-AFFILIATION
banquet	O
delicacy	O
rarely	O
seen	O
today	O
.	O
â	O
Not	O
for	O
the	O
faint	O
-	O
hearted	O
,	O
this	O
dish	O
marries	O
fish	O
head	O
,	O
stock	O
,	O
roast	O
pork	O
,	O
bamboo	O
shoots	O
,	O
mushrooms	O
,	O
and	O
pig	O
âs	O
brain	O
in	O
a	O
rich	O
soupy	O
textural	O
delight	O
,	O
â	O
he	O
says	O
.	O

Nevertheless	O
,	O
even	O
though	O
some	O
older	O
dishes	O
may	O
be	O
an	O
acquired	O
taste	O
,	O
keeping	O
them	O
alive	O
serves	O
an	O
essential	O
purpose	O
.	O
Says	O
Khir	B-GIVEN_NAME
,	O
the	O
food	O
historian	O
:	O
â	O
Our	O
culinary	O
heritage	O
is	O
a	O
big	O
part	O
of	O
what	O
defines	O
us	O
.	O
The	O
food	O
we	O
eat	O
is	O
an	O
intrinsic	O
part	O
of	O
our	O
culture	O
.	O
It	O
connects	O
us	O
,	O
and	O
strengthens	O
our	O
sense	O
of	O
identity	O
and	O
belonging	O
to	O
our	O
roots	O
.	O
â	O

