&	O
pgtype	O
=	O
homepage	O

Yang	B-GIVEN_NAME
Changqing	B-FAMILY_NAME
has	O
been	O
up	O
and	O
down	O
Huangshan	B-LOCATION
(	O
Yellow	B-LOCATION
Mountains	I-LOCATION
)	O
dozens	O
of	O
times	O
in	O
the	O
past	O
week	O
.	O

One	O
time	O
,	O
he	O
climbed	O
to	O
the	O
top	O
of	O
the	O
1,864	O
m	O
(	O
6,115	O
feet	O
)	O
range	O
â	O
and	O
began	O
to	O
sing	O
on	O
camera	O
.	O
Another	O
time	O
,	O
he	O
got	O
to	O
the	O
centre	O
of	O
a	O
walking	O
bridge	O
and	O
launched	O
into	O
a	O
popular	O
bodybuilding	O
routine	O
to	O
attract	O
online	O
viewers	O
.	O

But	O
mostly	O
the	O
37	O
-	O
year	O
-	O
old	O
tour	O
guide	O
resigns	O
himself	O
to	O
just	O
posing	O
in	O
front	O
of	O
empty	O
shops	O
and	O
deserted	O
scenic	O
spots	O
,	O
panning	O
his	O
camera	O
for	O
his	O
viewers	O
to	O
share	O
in	O
the	O
experience	O
from	O
their	O
phones	O
.	O

Huangshan	B-LOCATION
Park	I-LOCATION
,	O
the	O
scenic	O
area	O
in	O
China	B-LOCATION
âs	O
southeastern	O
Anhui	B-LOCATION
province	O
around	O
the	O
mountains	O
,	O
had	O
always	O
been	O
a	O
popular	O
tourist	O
destination	O
during	O
the	O
Labour	B-BRANDS
Day	B-MISC
holiday	O
long	O
weekend	O
,	O
when	O
entry	O
is	O
free	O
.	O

Even	O
in	O
2020	B-DATE
,	O
in	O
the	O
early	O
days	O
of	O
the	O
Covid	B-BRANDS
-	B-MISC
19	I-MISC
pandemic	O
,	O
park	O
authorities	O
had	O
to	O
close	O
the	O
attraction	O
after	O
visitors	O
swamped	O
the	O
trails	O
over	O
the	O
May	B-DATE
1	I-DATE
weekend	O
,	O
their	O
numbers	O
well	O
over	O
the	O
daily	O
limit	O
of	O
20,000	O
.	O

And	O
in	O
2021	B-DATE
,	O
with	O
the	O
coronavirus	B-BRANDS
seemingly	O
in	O
retreat	O
in	O
China	B-LOCATION
,	O
tourism	O
figures	O
recovered	O
to	O
93	O
per	O
cent	O
of	O
pre	O
-	O
pandemic	O
levels	O
.	O

The	O
picture	O
this	O
year	O
could	O
not	O
be	O
more	O
different	O
.	O
As	O
China	B-LOCATION
battles	O
its	O
latest	O
and	O
persistent	O
Covid	B-BRANDS
-	B-MISC
19	I-MISC
wave	O
driven	O
by	O
the	O
highly	O
infectious	O
Omicron	B-BRANDS
variant	O
,	O
domestic	O
tourism	O
over	O
the	O
holiday	O
ending	O
Wednesday	B-DATE
is	O
expected	O
to	O
take	O
a	O
major	O
hit	O
.	O

Tour	O
guides	O
have	O
been	O
forced	O
to	O
adapt	O
,	O
some	O
switching	O
careers	O
and	O
others	O
learning	O
new	O
ways	O
to	O
do	O
their	O
job	O
,	O
such	O
as	O
taking	O
their	O
tours	O
online	O
.	O

Yang	B-GIVEN_NAME
says	O
he	O
saw	O
only	O
about	O
50	O
tourists	O
a	O
day	O
at	O
the	O
park	O
this	O
week	O
.	O
But	O
he	O
has	O
more	O
than	O
400,000	O
fans	O
on	O
Douyin	B-ORGANIZATION
,	O
TikTok	B-ORGANIZATION
âs	O
sister	O
app	O
in	O
China	B-LOCATION
,	O
where	O
each	O
of	O
his	O
videos	O
â	O
mostly	O
featuring	O
Huangshan	B-LOCATION
Park	I-LOCATION
â	O
have	O
been	O
viewed	O
thousands	O
of	O
times	O
.	O

As	O
early	O
as	O
2020	B-DATE
,	O
fearing	O
the	O
worst	O
as	O
Covid	B-BRANDS
-	B-MISC
19	I-MISC
raged	O
around	O
the	O
world	O
,	O
the	O
Huangshan	B-LOCATION
tourism	O
association	O
started	O
holding	O
training	O
sessions	O
for	O
guides	O
to	O
help	O
them	O
move	O
into	O
other	O
careers	O
,	O
including	O
hotel	O
management	O
and	O
live	O
-	O
streaming	O
.	O

At	O
the	O
time	O
,	O
Yang	B-GIVEN_NAME
had	O
already	O
been	O
out	O
of	O
work	O
for	O
a	O
month	O
.	O
To	O
make	O
ends	O
meet	O
,	O
he	O
took	O
a	O
job	O
moving	O
boxes	O
at	O
the	O
local	O
mask	O
factory	O
.	O
When	O
he	O
saw	O
an	O
advertisement	O
for	O
the	O
training	O
sessions	O
he	O
thought	O
he	O
could	O
try	O
live	O
-	O
streaming	O
.	O

But	O
live	O
-	O
streaming	O
in	O
the	O
park	O
was	O
far	O
more	O
tiring	O
than	O
leading	O
tours	O
,	O
Yang	B-GIVEN_NAME
soon	O
found	O
out	O
.	O

â	O
When	O
you	O
are	O
leading	O
tours	O
,	O
you	O
take	O
the	O
tourists	O
through	O
the	O
park	O
on	O
a	O
tight	O
schedule	O
,	O
â	O
he	O
said	O
.	O
â	O
But	O
while	O
live	O
-	O
streaming	O
,	O
the	O
viewers	O
ask	O
you	O
to	O
stay	O
there	O
until	O
they	O
are	O
satisfied	O
with	O
the	O
view	O
.	O
â	O

To	O
capture	O
the	O
sunrise	O
on	O
the	O
mountain	O
,	O
he	O
had	O
to	O
start	O
climbing	O
at	O
3am	O
to	O
arrive	O
at	O
a	O
good	O
spot	O
by	O
dawn	O
.	O
Sometimes	O
,	O
he	O
had	O
to	O
wait	O
for	O
hours	O
until	O
a	O
â	O
sea	O
of	O
clouds	O
â	O
formed	O
â	O
an	O
iconic	O
Huangshan	B-LOCATION
scene	O
that	O
has	O
inspired	O
centuries	O
of	O
Chinese	B-AFFILIATION
iconography	O
,	O
from	O
paintings	O
to	O
poetry	O
.	O

Since	O
Yang	B-GIVEN_NAME
started	O
live	O
-	O
streaming	O
,	O
he	O
has	O
had	O
to	O
climb	O
the	O
mountain	O
every	O
day	O
,	O
sometimes	O
even	O
staying	O
overnight	O
.	O

But	O
Chinese	B-AFFILIATION
tour	O
guides	O
have	O
little	O
choice	O
.	O
Xiaoxian	B-GIVEN_NAME
is	O
a	O
guide	O
for	O
the	O
Lushan	B-LOCATION|B-LOCATION
national	I-LOCATION
park	I-LOCATION
in	O
eastern	B-LOCATION
China	I-LOCATION
âs	I-LOCATION
Jiangxi	I-LOCATION
province	I-LOCATION
.	O
The	O
attraction	O
has	O
been	O
closed	O
since	O
March	B-DATE
,	O
when	O
Jiangxi	B-LOCATION
was	O
hit	O
by	O
a	O
fresh	O
coronavirus	B-BRANDS
outbreak	O
.	O

â	O
There	O
are	O
no	O
tourists	O
,	O
all	O
I	O
can	O
do	O
is	O
live	O
-	O
stream	O
in	O
the	O
park	O
,	O
â	O
she	O
said	O
.	O

Yao	B-GIVEN_NAME
Junjie	B-FAMILY_NAME
,	O
a	O
tour	O
guide	O
in	O
Huizhou	B-LOCATION
,	O
a	O
town	O
near	O
Huangshan	B-LOCATION
,	O
said	O
the	O
park	O
put	O
in	O
place	O
harsh	O
Covid	B-BRANDS
-	B-MISC
19	I-MISC
restrictions	O
since	O
an	O
outbreak	O
in	O
nearby	O
cities	O
.	O
Currently	O
,	O
all	O
visitors	O
must	O
undergo	O
two	O
nucleic	O
acid	O
tests	O
in	O
the	O
previous	O
7	O
2	B-DURATION
hours	I-DURATION
,	O
which	O
means	O
they	O
must	O
stay	O
near	O
the	O
tourist	O
spot	O
for	O
at	O
least	O
three	B-DURATION
days	I-DURATION
.	O
Few	O
visitors	O
are	O
willing	O
to	O
go	O
through	O
this	O
regimen	O
,	O
which	O
has	O
hit	O
tour	O
guides	O
â	O
incomes	O
,	O
Yao	B-GIVEN_NAME
said	O
.	O

Open	O
records	O
show	O
tourism	O
figures	O
are	O
tied	O
closely	O
to	O
pandemic	O
prevention	O
measures	O
.	O
In	O
2021	B-DATE
,	O
when	O
the	O
coronavirus	B-BRANDS
situation	O
eased	O
somewhat	O
,	O
tourism	O
earnings	O
at	O
Huangshan	B-LOCATION
increased	O
by	O
nearly	O
21	O
per	O
cent	O
.	O
This	O
year	O
,	O
during	O
the	O
January	B-DATE
31	I-DATE
-	I-DATE
February	I-DATE
6	I-DATE
Lunar	B-BRANDS
New	B-MISC
Year	I-MISC
holiday	O
,	O
the	O
scenic	O
spot	O
received	O
1.9	O
million	O
tourists	O
,	O
only	O
to	O
become	O
empty	O
again	O
in	O
March	B-DATE
,	O
when	O
the	O
Shanghai	B-LOCATION
outbreak	O
hit	O
.	O

Local	O
governments	O
have	O
noticed	O
this	O
trend	O
and	O
provided	O
support	O
.	O
The	O
Huangshan	B-LOCATION
city	O
government	O
provided	O
live	O
-	O
streaming	O
classes	O
,	O
and	O
connected	O
tour	O
guides	O
to	O
other	O
sectors	O
so	O
they	O
can	O
find	O
work	O
.	O

Other	O
cities	O
have	O
also	O
turned	O
to	O
alternative	O
methods	O
to	O
promote	O
â	O
cloud	O
tourism	O
â	O
.	O
In	O
March	B-DATE
,	O
during	O
a	O
lockdown	O
in	O
the	O
southern	O
tech	O
hub	O
of	O
Shenzhen	B-LOCATION
,	O
the	O
local	O
government	O
opened	O
up	O
an	O
online	O
channel	O
for	O
people	O
to	O
view	O
the	O
famed	O
rhododendron	O
spring	O
blooms	O
on	O
Wutong	B-LOCATION
mountain	I-LOCATION
.	O

Last	O
month	O
,	O
the	O
popular	O
water	O
-	O
splashing	O
festival	O
of	O
Xishuangbanna	B-LOCATION
was	O
taken	O
online	O
.	O

The	O
autonomous	O
prefecture	O
in	O
southwestern	B-LOCATION
Yunnan	I-LOCATION
province	I-LOCATION
,	O
home	O
to	O
the	O
Dai	B-AFFILIATION
ethnic	O
minority	O
,	O
celebrated	O
the	O
festival	O
with	O
13	O
tour	O
guides	O
live	O
-	O
streaming	O
various	O
activities	O
.	O
One	O
tourist	O
even	O
told	O
local	O
outlet	O
Red	B-ORGANIZATION
Star	I-ORGANIZATION
News	I-ORGANIZATION
that	O
online	O
activities	O
were	O
more	O
rich	O
in	O
content	O
and	O
exciting	O
compared	O
to	O
in	O
-	O
person	O
holidays	O
.	O

But	O
the	O
tour	O
guides	O
feel	O
otherwise	O
.	O
Most	O
people	O
still	O
like	O
to	O
travel	O
to	O
tourist	O
sites	O
to	O
experience	O
things	O
first	O
-	O
hand	O
,	O
Yang	B-GIVEN_NAME
said	O
.	O

He	O
is	O
also	O
tired	O
of	O
live	O
-	O
streaming	O
:	O
â	O
You	O
have	O
to	O
do	O
what	O
viewers	O
want	O
all	O
the	O
time	O
,	O
make	O
them	O
happy	O
,	O
in	O
order	O
to	O
make	O
more	O
money	O
.	O
â	O

Yang	B-GIVEN_NAME
hopes	O
to	O
be	O
able	O
go	O
back	O
to	O
real	O
-	O
life	O
guide	O
duties	O
.	O
It	O
âs	O
a	O
wish	O
he	O
believes	O
is	O
shared	O
by	O
the	O
entire	O
tour	O
guide	O
sector	O
as	O
well	O
as	O
the	O
hotel	O
and	O
restaurant	O
industries	O
.	O

