A	O
Shenzhen	B-LOCATION
subsidiary	O
of	O
Smoore	B-ORGANIZATION
,	O
the	O
world	O
âs	O
biggest	O
contract	O
maker	O
of	O
vaping	O
devices	O
,	O
has	O
obtained	O
a	O
special	O
tobacco	O
production	O
licence	O
from	O
Chinese	B-AFFILIATION
authorities	O
,	O
gaining	O
a	O
foothold	O
in	O
the	O
mainland	O
market	O
.	O

Vaporesso	B-ORGANIZATION
,	O
a	O
wholly	O
-	O
owned	O
subsidiary	O
of	O
Smoore	B-ORGANIZATION
,	O
has	O
obtained	O
a	O
production	O
licence	O
from	O
China	B-LOCATION
âs	O
State	B-ORGANIZATION
Tobacco	I-ORGANIZATION
Monopoly	I-ORGANIZATION
Administration	I-ORGANIZATION
(	O
STMA	B-ORGANIZATION
)	O
,	O
the	O
country	O
âs	O
top	O
regulator	O
of	O
tobacco	O
products	O
,	O
which	O
gives	O
its	O
products	O
lawful	O
status	O
in	O
the	O
country	O
,	O
Hong	B-LOCATION
Kong	I-LOCATION
-	O
listed	O
Smoore	B-ORGANIZATION
said	O
in	O
a	O
statement	O
on	O
Wednesday	B-DATE
.	O

The	O
licence	O
will	O
be	O
valid	O
through	O
July	B-DATE
2023	I-DATE
.	O

Smoore	B-ORGANIZATION
is	O
among	O
the	O
first	O
batch	O
of	O
companies	O
to	O
comply	O
with	O
China	B-LOCATION
âs	O
tightened	O
rules	O
for	O
the	O
e	O
-	O
cigarette	O
industry	O
,	O
which	O
was	O
not	O
regulated	O
as	O
a	O
traditional	O
tobacco	O
product	O
until	O
recently	O
.	O

In	O
March	B-DATE
,	O
STMA	B-ORGANIZATION
published	O
final	O
guidelines	O
for	O
the	O
industry	O
,	O
which	O
require	O
that	O
manufactures	O
comply	O
with	O
certain	O
technical	O
standards	O
,	O
including	O
permitted	O
ingredients	O
and	O
additives	O
.	O

Licensed	O
manufacturers	O
must	O
also	O
trade	O
with	O
downstream	O
wholesalers	O
on	O
a	O
transaction	O
platform	O
overseen	O
by	O
STMA	B-ORGANIZATION
,	O
according	O
to	O
the	O
rules	O
.	O

Less	O
than	O
50	O
e	O
-	O
cigarette	O
related	O
companies	O
,	O
including	O
retailers	O
and	O
manufacturers	O
,	O
have	O
met	O
the	O
new	O
restrictions	O
and	O
received	O
licences	O
from	O
the	O
authority	O
so	O
far	O
,	O
STMA	B-ORGANIZATION
âs	O
website	O
shows	O
.	O

That	O
compares	O
with	O
an	O
estimated	O
1,500	O
companies	O
involved	O
in	O
the	O
industry	O
,	O
according	O
to	O
calculations	O
by	O
the	O
Electronic	B-ORGANIZATION
Cigarette	I-ORGANIZATION
Industry	I-ORGANIZATION
Committee	I-ORGANIZATION
of	O
the	O
China	B-ORGANIZATION|B-LOCATION
Electronics	I-ORGANIZATION
Chamber	I-ORGANIZATION
of	I-ORGANIZATION
Commerce	I-ORGANIZATION
last	O
year	O
.	O

However	O
,	O
more	O
licences	O
are	O
expected	O
to	O
be	O
issued	O
in	O
coming	O
months	O
as	O
regulators	O
work	O
through	O
a	O
backlogue	O
of	O
applications	O
.	O

Vaping	O
can	O
be	O
a	O
profitable	O
business	O
in	O
China	B-LOCATION
,	O
with	O
Smoore	B-ORGANIZATION
âs	O
gross	O
profit	O
margin	O
hitting	O
53.6	O
per	O
cent	O
in	O
2021	B-DATE
,	O
compared	O
to	O
52.9	O
per	O
cent	O
in	O
2020	B-DATE
and	O
44	O
per	O
cent	O
in	O
2019	B-DATE
,	O
according	O
to	O
the	O
comany	O
âs	O
financial	O
statements	O
.	O

However	O
,	O
China	B-LOCATION
â	O
which	O
produces	O
the	O
most	O
vaping	O
devices	O
in	O
the	O
world	O
â	O
has	O
been	O
tightening	O
regulations	O
amid	O
health	O
concerns	O
.	O

In	O
2019	B-DATE
,	O
it	O
rolled	O
out	O
a	O
strict	O
ban	O
on	O
selling	O
and	O
advertising	O
electronic	O
cigarettes	O
online	O
.	O

It	O
also	O
banned	O
vendors	O
in	O
March	B-DATE
from	O
selling	O
flavoured	O
e	O
-	O
cigarettes	O
other	O
than	O
tobacco	O
,	O
dealing	O
a	O
blow	O
to	O
the	O
market	O
.	O

Amid	O
the	O
crackdown	O
shares	O
of	O
popular	O
vaping	O
brands	O
have	O
suffered	O
,	O
despite	O
strong	O
financial	O
performances	O
.	O

The	O
stock	O
price	O
of	O
Relx	B-ORGANIZATION
Technology	I-ORGANIZATION
,	O
China	B-LOCATION
âs	O
largest	O
vaping	O
brand	O
,	O
tumbled	O
over	O
20	O
per	O
cent	O
on	O
the	O
New	B-ORGANIZATION|B-LOCATION
York	I-ORGANIZATION|I-LOCATION
Stock	I-ORGANIZATION
Exchange	I-ORGANIZATION
in	O
March	B-DATE
after	O
the	O
tobacco	O
regulator	O
announced	O
tougher	O
control	O
measures	O
.	O

However	O
,	O
e	O
-	O
cigarettes	O
makers	O
have	O
voiced	O
their	O
support	O
for	O
new	O
rules	O
.	O

Wang	B-GIVEN_NAME
Ying	B-FAMILY_NAME
,	O
founder	O
and	O
CEO	O
of	O
Relx	B-ORGANIZATION
,	O
told	O
investors	O
during	O
a	O
recent	O
earnings	O
call	O
that	O
better	O
regulation	O
helps	O
to	O
eliminate	O
business	O
uncertainties	O
.	O

