Chinese	B-AFFILIATION
social	O
media	O
giant	O
Tencent	B-ORGANIZATION
Holdings	I-ORGANIZATION
plans	O
to	O
shut	O
down	O
its	O
non	B-BRANDS
-	I-BRANDS
fungible	I-BRANDS
token	I-BRANDS
(	O
NFT	B-BRANDS
)	O
platform	O
,	O
which	O
launched	O
just	O
one	B-DURATION
year	I-DURATION
ago	O
,	O
as	O
Beijing	B-LOCATION
âs	O
strict	O
ban	O
on	O
secondary	O
markets	O
for	O
digital	O
collectibles	O
has	O
largely	O
killed	O
its	O
business	O
potential	O
,	O
according	O
to	O
a	O
report	O
by	O
Chinese	B-AFFILIATION
media	O
outlet	O
Jiemian	B-ORGANIZATION
on	O
Wednesday	B-DATE
.	O

The	O
report	O
,	O
which	O
quoted	O
unidentified	O
sources	O
from	O
Tencent	B-ORGANIZATION
,	O
said	O
that	O
Huanhe	B-BRANDS
,	O
the	O
unit	O
that	O
mints	O
and	O
distributes	O
blockchain	O
-	O
based	O
digital	O
collectibles	O
,	O
will	O
close	O
as	O
soon	O
as	O
this	O
week	O
.	O

Tencent	B-ORGANIZATION
did	O
not	O
immediately	O
respond	O
to	O
requests	O
for	O
comment	O
.	O

If	O
the	O
platform	O
is	O
shut	O
down	O
,	O
it	O
would	O
mark	O
a	O
major	O
retreat	O
by	O
Tencent	B-ORGANIZATION
from	O
the	O
NFT	B-BRANDS
market	O
,	O
which	O
has	O
been	O
under	O
tight	O
scrutiny	O
from	O
Beijing	B-LOCATION
since	O
growing	O
fervour	O
last	O
year	O
ignited	O
a	O
race	O
to	O
develop	O
new	O
trading	O
platforms	O
.	O

On	O
the	O
Huanhe	B-BRANDS
app	O
,	O
all	O
NFTs	B-BRANDS
currently	O
show	O
â	O
sold	O
out	O
â	O
,	O
but	O
users	O
can	O
still	O
visit	O
augmented	O
reality	O
art	O
exhibitions	O
.	O

A	O
report	O
from	O
state	O
-	O
owned	O
media	O
Yicai	B-ORGANIZATION
Global	I-ORGANIZATION
,	O
also	O
citing	O
an	O
unnamed	O
source	O
at	O
Tencent	B-ORGANIZATION
,	O
said	O
trading	O
halted	O
at	O
the	O
beginning	O
of	O
the	O
month	O
in	O
anticipation	O
of	O
a	O
crackdown	O
.	O

Technology	O
giants	O
including	O
Tencent	B-ORGANIZATION
and	O
Alibaba	B-ORGANIZATION
Group	I-ORGANIZATION
Holding	I-ORGANIZATION
,	O
owner	O
of	O
the	O
South	B-ORGANIZATION|B-LOCATION
China	I-ORGANIZATION|I-LOCATION
Morning	I-ORGANIZATION
Post	I-ORGANIZATION
,	O
have	O
tread	O
carefully	O
with	O
their	O
NFT	B-BRANDS
platforms	O
in	O
mainland	O
China	B-LOCATION
.	O

Most	O
domestic	O
platforms	O
eschew	O
the	O
NFT	B-BRANDS
label	O
altogether	O
,	O
favouring	O
â	O
digital	O
collectibles	O
â	O
because	O
it	O
is	O
not	O
associated	O
with	O
cryptocurrency	O
.	O

The	O
central	O
government	O
strictly	O
banned	O
the	O
trading	O
of	O
cryptocurrencies	O
in	O
China	B-LOCATION
last	O
year	O
,	O
following	O
years	O
of	O
crackdowns	O
.	O

It	O
has	O
also	O
been	O
wary	O
of	O
speculation	O
that	O
could	O
lead	O
to	O
asset	O
bubbles	O
in	O
the	O
crypto	O
market	O
.	O

As	O
a	O
result	O
,	O
digital	O
collectibles	O
must	O
be	O
purchased	O
with	O
yuan	B-MONEY
,	O
and	O
reselling	O
for	O
a	O
profit	O
is	O
banned	O
.	O

This	O
has	O
not	O
stopped	O
other	O
companies	O
and	O
organisations	O
from	O
jumping	O
into	O
the	O
market	O
.	O

Baidu	B-ORGANIZATION
,	O
JD	B-ORGANIZATION
.	I-ORGANIZATION
com	I-ORGANIZATION
,	O
and	O
even	O
state	O
-	O
backed	O
Xinhua	B-ORGANIZATION
News	I-ORGANIZATION
Agency	I-ORGANIZATION
and	O
the	O
Communist	B-ORGANIZATION|B-AFFILIATION
Youth	I-ORGANIZATION
League	I-ORGANIZATION
have	O
all	O
offered	O
their	O
own	O
NFTs	B-BRANDS
.	O

â	O
There	O
was	O
a	O
spree	O
of	O
big	O
companies	O
flocking	O
to	O
issue	O
digital	O
collectibles	O
.	O

But	O
the	O
business	O
itself	O
is	O
unsustainable	O
,	O
because	O
the	O
fact	O
that	O
they	O
made	O
everything	O
an	O
NFT	B-BRANDS
and	O
offered	O
a	O
huge	O
number	O
of	O
copies	O
does	O
nât	O
make	O
the	O
product	O
rare	O
any	O
more	O
,	O
â	O
said	O
Gao	B-GIVEN_NAME
Chengshi	B-FAMILY_NAME
,	O
a	O
Web	B-BRANDS
3	B-MISC
analyst	O
and	O
investor	O
who	O
is	O
a	O
founding	O
partner	O
of	O
blockchain	O
developer	O
Shanghai	B-ORGANIZATION|B-LOCATION
Hashvalue	I-ORGANIZATION
Information	I-ORGANIZATION
Technology	I-ORGANIZATION
.	O

New	O
batches	O
of	O
digital	O
collectibles	O
have	O
typically	O
been	O
offered	O
in	O
large	O
numbers	O
.	O

Xinhua	B-ORGANIZATION
News	I-ORGANIZATION
Agency	I-ORGANIZATION
,	O
for	O
example	O
,	O
granted	O
110,001	O
copies	O
of	O
select	O
news	O
photos	O
in	O
an	O
NFT	B-BRANDS
drop	O
last	O
Christmas	O
Eve	O
.	O

But	O
Gao	B-GIVEN_NAME
is	O
still	O
bullish	O
about	O
the	O
future	O
of	O
NFTs	B-BRANDS
,	O
both	O
in	O
China	B-LOCATION
and	O
abroad	O
.	O

Both	O
fungible	O
and	O
non	O
-	O
fungible	O
blockchain	O
-	O
based	O
tokens	O
,	O
he	O
said	O
,	O
will	O
become	O
the	O
â	O
fundamental	O
elements	O
in	O
digital	O
society	O
â	O
.	O

Tencent	B-ORGANIZATION
âs	O
Huanhe	B-BRANDS
was	O
incubated	O
by	O
its	O
Platform	B-ORGANIZATION
and	I-ORGANIZATION
Content	I-ORGANIZATION
Group	I-ORGANIZATION
(	O
PCG	B-ORGANIZATION
)	O
,	O
officially	O
launching	O
early	O
last	O
August	B-DATE
.	O

PCG	B-ORGANIZATION
was	O
one	O
of	O
the	O
hardest	O
-	O
hit	O
Tencent	B-ORGANIZATION
units	O
during	O
lay	O
-	O
offs	O
earlier	O
this	O
year	O
.	O

More	O
recently	O
,	O
Huanhe	B-BRANDS
has	O
faced	O
lagging	O
sales	O
,	O
with	O
many	O
of	O
its	O
limited	O
releases	O
remaining	O
unsold	O
,	O
according	O
to	O
a	O
June	B-DATE
article	O
on	O
Huoxun	B-ORGANIZATION
Finance	I-ORGANIZATION
,	O
a	O
blockchain	O
-	O
focused	O
blog	O
.	O

Last	O
month	O
,	O
Tencent	B-ORGANIZATION
âs	O
ubiquitous	O
social	O
media	O
app	O
WeChat	B-BRANDS
announced	O
that	O
it	O
would	O
ban	O
public	O
accounts	O
offering	O
secondary	O
trading	O
services	O
or	O
guidance	O
.	O

A	O
couple	O
of	O
weeks	O
later	O
,	O
the	O
Tencent	B-BRANDS|B-ORGANIZATION
News	I-BRANDS
app	O
stopped	O
selling	O
digital	O
collectibles	O
and	O
the	O
section	O
for	O
the	O
feature	O
was	O
revamped	O
into	O
a	O
â	O
digital	O
orders	O
â	O
,	O
where	O
users	O
can	O
only	O
see	O
previous	O
purchase	O
records	O
.	O

