&	O
pgtype	O
=	O
homepage	O

The	O
Shanghai	B-ORGANIZATION|B-LOCATION
Stock	I-ORGANIZATION
Exchange	I-ORGANIZATION
is	O
set	O
to	O
appoint	O
a	O
group	O
of	O
market	O
makers	O
for	O
US	B-MONEY
$	I-MONEY
800	I-MONEY
billion	I-MONEY
of	O
stocks	O
listed	O
on	O
its	O
Nasdaq	B-ORGANIZATION
-	O
like	O
technology	O
board	O
,	O
a	O
move	O
that	O
is	O
likely	O
to	O
spur	O
transactions	O
and	O
profits	O
at	O
the	O
nation	O
âs	O
biggest	O
brokerages	O
.	O

The	O
innovation	O
comes	O
as	O
the	O
board	O
,	O
known	O
as	O
the	O
Star	B-ORGANIZATION
Market	I-ORGANIZATION
,	O
celebrates	O
its	O
third	O
anniversary	O
on	O
July	B-DATE
22	I-DATE
.	O
The	O
board	O
,	O
a	O
brainchild	O
of	O
President	O
Xi	B-GIVEN_NAME
Jinping	B-FAMILY_NAME
,	O
was	O
mooted	O
to	O
help	O
fledgling	O
start	O
-	O
ups	O
source	O
public	O
funds	O
to	O
drive	O
the	O
nation	O
âs	O
ambitions	O
to	O
become	O
a	O
technology	O
powerhouse	O
and	O
compete	O
with	O
the	O
world	O
âs	O
best	O
companies	O
.	O

The	O
market	O
-	O
making	O
mechanism	O
could	O
generate	O
a	O
15	O
per	O
cent	O
jump	O
in	O
trading	O
volume	O
annually	O
,	O
according	O
to	O
Citic	B-ORGANIZATION
Securities	I-ORGANIZATION
.	O
It	O
could	O
also	O
boost	O
profits	O
of	O
brokerages	O
with	O
market	O
-	O
making	O
capabilities	O
by	O
as	O
much	O
as	O
12	B-MONEY
billion	I-MONEY
yuan	I-MONEY
(	O
US	B-MONEY
$	I-MONEY
1.8	I-MONEY
billion	I-MONEY
)	O
,	O
according	O
to	O
an	O
estimate	O
by	O
Caitong	B-ORGANIZATION
Securities	I-ORGANIZATION
.	O

â	O
That	O
is	O
going	O
to	O
be	O
an	O
innovative	O
business	O
for	O
brokerages	O
,	O
â	O
Shen	B-GIVEN_NAME
Juan	B-FAMILY_NAME
,	O
an	O
analyst	O
at	O
Huatai	B-ORGANIZATION
Securities	I-ORGANIZATION
based	O
in	O
Shenzhen	B-LOCATION
.	O
â	O
They	O
will	O
have	O
new	O
sources	O
of	O
revenue	O
and	O
generally	O
help	O
boost	O
the	O
efficiency	O
of	O
asset	O
pricing	O
.	O
â	O

Market	O
makers	O
provide	O
two	O
-	O
way	O
quotes	O
for	O
securities	O
,	O
typically	O
on	O
their	O
own	O
accounts	O
,	O
profiting	O
from	O
the	O
spreads	O
between	O
bids	O
and	O
offers	O
while	O
providing	O
additional	O
liquidity	O
on	O
the	O
exchange	O
.	O
Without	O
market	O
makers	O
,	O
buyers	O
and	O
sellers	O
are	O
currently	O
matched	O
automatically	O
by	O
the	O
stock	O
exchange	O
based	O
on	O
prices	O
fed	O
into	O
its	O
central	O
computer	O
systems	O
.	O

The	O
Star	B-ORGANIZATION
Market	I-ORGANIZATION
hosts	O
437	O
companies	O
with	O
a	O
combined	O
capitalisation	O
of	O
5.4	B-MONEY
trillion	I-MONEY
yuan	I-MONEY
,	O
making	O
up	O
about	O
6.6	O
per	O
cent	O
of	O
China	B-LOCATION
âs	O
onshore	O
markets	O
.	O
About	O
42.5	B-MONEY
billion	I-MONEY
yuan	I-MONEY
worth	O
of	O
stocks	O
changed	O
hands	O
every	O
day	O
this	O
year	O
,	O
versus	O
43	B-MONEY
billion	I-MONEY
yuan	I-MONEY
a	O
day	O
in	O
2021	B-DATE
,	O
according	O
data	O
compiled	O
by	O
Western	B-ORGANIZATION
Securities	I-ORGANIZATION
and	O
Huatai	B-ORGANIZATION
Securities	I-ORGANIZATION
.	O

The	O
most	O
valuable	O
company	O
on	O
the	O
board	O
is	O
the	O
nation	O
âs	O
biggest	O
chip	O
maker	O
Semiconductor	B-ORGANIZATION
Manufacturing	I-ORGANIZATION
International	I-ORGANIZATION
Corp	I-ORGANIZATION
,	O
which	O
is	O
capitalised	O
at	O
330	B-MONEY
billion	I-MONEY
yuan	I-MONEY
.	O
Its	O
biggest	O
and	O
most	O
famous	O
listing	O
would	O
have	O
been	O
Ant	B-ORGANIZATION
Group	I-ORGANIZATION
,	O
before	O
its	O
listing	O
was	O
abruptly	O
foiled	O
in	O
November	B-DATE
2020	I-DATE
in	O
a	O
precursor	O
to	O
a	O
trillion	B-MONEY
-	I-MONEY
dollar	I-MONEY
tech	O
-	O
sector	O
crackdown	O
.	O

The	O
Star	B-BRANDS
Market	B-MISC
50	I-MISC
Index	I-MISC
has	O
fallen	O
24	O
per	O
cent	O
so	O
far	O
this	O
year	O
,	O
double	O
the	O
loss	O
in	O
the	O
Shanghai	B-LOCATION|B-LOCATION
Composite	B-MISC
Index	I-MISC
.	O
Still	O
,	O
the	O
market	O
-	O
making	O
mechanism	O
is	O
a	O
tonic	O
for	O
the	O
Star	B-ORGANIZATION
Market	I-ORGANIZATION
,	O
just	O
as	O
buying	O
of	O
local	O
stocks	O
among	O
foreign	O
investors	O
has	O
increased	O
in	O
recent	O
months	O
.	O

The	O
Shanghai	B-ORGANIZATION|B-LOCATION
Stock	I-ORGANIZATION
Exchange	I-ORGANIZATION
will	O
approve	O
the	O
first	O
batch	O
of	O
10	O
securities	O
firms	O
as	O
market	O
makers	O
soon	O
,	O
with	O
about	O
half	O
of	O
them	O
already	O
passing	O
the	O
technical	O
tests	O
,	O
the	O
Securities	B-ORGANIZATION
Daily	I-ORGANIZATION
on	O
Tuesday	B-DATE
,	O
citing	O
people	O
it	O
did	O
not	O
identify	O
.	O
Brokerages	O
with	O
net	O
assets	O
of	O
at	O
least	O
10	B-MONEY
billion	I-MONEY
yuan	I-MONEY
may	O
qualify	O
.	O

Market	O
makers	O
will	O
be	O
regularly	O
assessed	O
on	O
a	O
five	O
-	O
grade	O
scale	O
from	O
the	O
highest	O
AA	O
to	O
lowest	O
D	O
.	O
Those	O
rated	O
D	O
for	O
two	O
consecutive	O
months	O
will	O
be	O
disqualified	O
,	O
according	O
to	O
rules	O
published	O
by	O
the	O
exchange	O
over	O
the	O
weekend	O
.	O

Citic	B-ORGANIZATION
Securities	I-ORGANIZATION
,	O
CSC	B-ORGANIZATION
Financial	I-ORGANIZATION
and	O
Huatai	B-ORGANIZATION
Securities	I-ORGANIZATION
are	O
likely	O
to	O
benefit	O
most	O
from	O
the	O
new	O
trading	O
mechanism	O
because	O
of	O
their	O
capital	O
and	O
size	O
advantages	O
,	O
according	O
to	O
Western	B-ORGANIZATION
Securities	I-ORGANIZATION
.	O
An	O
index	O
tracking	O
56	O
mainland	O
brokerages	O
has	O
dropped	O
21	O
per	O
cent	O
this	O
year	O
,	O
according	O
to	O
the	O
data	O
by	O
Shanghai	B-ORGANIZATION|B-LOCATION
DZH	I-ORGANIZATION
.	O

â	O
Market	O
makers	O
will	O
boost	O
trading	O
activities	O
on	O
the	O
Star	B-ORGANIZATION
Market	I-ORGANIZATION
and	O
will	O
also	O
bode	O
well	O
for	O
industry	O
leaders	O
like	O
Citic	B-ORGANIZATION
Securities	I-ORGANIZATION
,	O
â	O
said	O
Luo	B-GIVEN_NAME
Zuanhui	B-FAMILY_NAME
,	O
an	O
analyst	O
at	O
Western	B-ORGANIZATION
Securities	I-ORGANIZATION
in	O
Shanghai	B-LOCATION
.	O
â	O
The	O
new	O
business	O
will	O
become	O
a	O
new	O
revenue	O
driver	O
for	O
big	O
players	O
.	O
â	O

