Police	O
in	O
the	O
northern	O
Chinese	B-AFFILIATION
province	O
of	O
Hebei	B-LOCATION
have	O
detained	O
558	O
suspects	O
and	O
135	O
fugitives	O
since	O
launching	O
a	O
massive	O
crackdown	O
on	O
crime	O
in	O
the	O
wake	O
of	O
a	O
public	O
outcry	O
over	O
an	O
attack	O
on	O
a	O
group	O
of	O
women	O
.	O

The	O
public	O
security	O
ministry	O
said	O
the	O
100	O
-	O
day	O
crackdown	O
,	O
which	O
began	O
on	O
June	B-DATE
25	I-DATE
,	O
was	O
designed	O
to	O
protect	O
women	O
,	O
children	O
and	O
the	O
elderly	O
.	O

â	O
We	O
will	O
focus	O
on	O
crimes	O
involving	O
triads	O
and	O
gangsters	O
,	O
â	O
which	O
seriously	O
infringe	O
on	O
people	O
âs	O
sense	O
of	O
security	O
and	O
challenge	O
the	O
psychological	O
bottom	O
line	O
of	O
society	O
-	O
as	O
well	O
as	O
crimes	O
against	O
vulnerable	O
groups	O
,	O
picking	O
quarrels	O
and	O
provoking	O
trouble	O
,	O
and	O
fraud	O
against	O
the	O
elderly	O
.	O

â	O
We	O
will	O
take	O
thunderous	O
measures	O
to	O
launch	O
a	O
vigorous	O
strike	O
,	O
â	O
a	O
police	O
statement	O
said	O
,	O
according	O
to	O
the	O
online	O
portal	O
ThePaper	B-ORGANIZATION
.	I-ORGANIZATION
cn	I-ORGANIZATION
.	O

The	O
public	O
security	O
department	O
said	O
it	O
would	O
:	O
â	O
Strive	O
to	O
resolve	O
conflicts	O
and	O
problems	O
at	O
the	O
primary	O
level	O
and	O
in	O
a	O
nascent	O
state	O
.	O

â	O
By	O
sticking	O
to	O
the	O
facts	O
and	O
laws	O
,	O
we	O
will	O
handle	O
every	O
case	O
,	O
carry	O
out	O
every	O
law	O
enforcement	O
activity	O
and	O
resolve	O
every	O
conflict	O
and	O
dispute	O
to	O
uphold	O
social	O
justice	O
.	O
â	O

The	O
police	O
also	O
said	O
they	O
would	O
work	O
to	O
prevent	O
traffic	O
accidents	O
,	O
fires	O
and	O
deaths	O
by	O
drowning	O
as	O
well	O
as	O
controlling	O
dangerous	O
and	O
explosive	O
substances	O
.	O

The	O
attack	O
on	O
the	O
group	O
of	O
four	O
women	O
at	O
a	O
restaurant	O
in	O
Tangshan	B-LOCATION
,	O
a	O
city	O
in	O
Hebei	B-LOCATION
,	O
after	O
one	O
of	O
the	O
diners	O
rejected	O
a	O
man	O
âs	O
advances	O
sparked	O
a	O
wave	O
of	O
nationwide	O
anger	O
at	O
violence	O
against	O
women	O
.	O

So	O
far	O
nine	O
people	O
have	O
been	O
detained	O
over	O
the	O
attack	O
,	O
which	O
left	O
two	O
of	O
the	O
victims	O
seriously	O
injured	O
.	O

The	O
case	O
has	O
prompted	O
a	O
number	O
of	O
people	O
in	O
Tangshan	B-LOCATION
to	O
make	O
claims	O
online	O
about	O
cases	O
of	O
alleged	O
harassment	O
by	O
gangs	O
.	O

The	O
head	O
of	O
the	O
provincial	O
police	O
force	O
,	O
Liu	B-GIVEN_NAME
Wenxi	B-FAMILY_NAME
,	O
died	O
last	O
week	O
from	O
a	O
sudden	O
illness	O
at	O
the	O
age	O
of	O
54	O
.	O
He	O
had	O
only	O
been	O
appointed	O
to	O
his	O
post	O
at	O
the	O
end	O
of	O
May	B-DATE
.	O

No	O
further	O
information	O
has	O
been	O
given	O
despite	O
public	O
speculation	O
about	O
the	O
cause	O
of	O
his	O
death	O
.	O

