&	O
pgtype	O
=	O
sport	O

Barely	O
two	O
months	O
after	O
South	B-AFFILIATION
Korean	I-AFFILIATION
President	O
Yoon	B-GIVEN_NAME
Suk	B-FAMILY_NAME
-	I-FAMILY_NAME
yeol	I-FAMILY_NAME
took	O
office	O
,	O
his	O
support	O
base	O
has	O
quickly	O
dwindled	O
as	O
a	O
lack	O
of	O
experience	O
,	O
accusations	O
of	O
a	O
poor	O
attitude	O
,	O
gaffes	O
and	O
various	O
political	O
and	O
personal	O
issues	O
weigh	O
on	O
his	O
approval	O
ratings	O
.	O

This	O
could	O
complicate	O
his	O
political	O
agenda	O
,	O
especially	O
in	O
a	O
parliament	O
where	O
the	O
liberal	O
opposition	O
Democratic	B-ORGANIZATION|B-AFFILIATION
Party	I-ORGANIZATION
dominates	O
his	O
conservative	O
People	B-ORGANIZATION
Power	I-ORGANIZATION
Party	I-ORGANIZATION
.	O

His	O
approval	O
rating	O
plunged	O
to	O
32	O
per	O
cent	O
from	O
a	O
high	O
of	O
53	O
per	O
cent	O
five	O
weeks	O
earlier	O
,	O
according	O
to	O
an	O
opinion	O
poll	O
last	O
week	O
by	O
Gallup	B-ORGANIZATION
Korea	I-ORGANIZATION|B-LOCATION
.	O
Disapproval	O
stood	O
at	O
53	O
per	O
cent	O
,	O
up	O
19	O
percentage	O
points	O
in	O
the	O
same	O
five	O
-	O
week	O
period	O
.	O

Yoon	B-GIVEN_NAME
âs	O
approval	O
rating	O
could	O
extend	O
its	O
decline	O
,	O
as	O
he	O
had	O
barely	O
two	O
months	O
to	O
rally	O
his	O
base	O
before	O
his	O
ratings	O
began	O
to	O
tank	O
.	O

Approval	O
ratings	O
of	O
South	B-LOCATION
Korea	I-LOCATION
âs	O
presidents	O
typically	O
stand	O
at	O
70-80	O
per	O
cent	O
during	O
their	O
early	O
months	O
in	O
office	O
,	O
fuelled	O
by	O
high	O
expectations	O
for	O
their	O
new	O
governments	O
.	O

â	O
The	O
political	O
honeymoon	O
for	O
Yoon	B-GIVEN_NAME
appears	O
to	O
be	O
over	O
as	O
soon	O
as	O
it	O
started	O
,	O
â	O
said	O
Eom	B-GIVEN_NAME
Gyeong	B-FAMILY_NAME
-	I-FAMILY_NAME
yeong	I-FAMILY_NAME
,	O
director	O
of	O
local	O
political	O
think	O
tank	O
Zeitgeist	B-ORGANIZATION
Institute	I-ORGANIZATION
.	O

â	O
I	O
would	O
nât	O
be	O
surprised	O
if	O
his	O
approval	O
rate	O
falls	O
below	O
30	O
per	O
cent	O
in	O
a	O
week	O
or	O
two	O
,	O
â	O
said	O
Eom	B-GIVEN_NAME
,	O
who	O
deems	O
30	O
per	O
cent	O
a	O
critically	O
low	O
level	O
of	O
support	O
that	O
could	O
turn	O
Yoon	B-GIVEN_NAME
into	O
a	O
â	O
lame	O
duck	O
â	O
president	O
.	O

Former	O
prosecutor	O
and	O
political	O
novice	O
Yoon	B-GIVEN_NAME
in	O
May	B-DATE
defeated	O
liberal	O
candidate	O
Lee	B-GIVEN_NAME
Jae	B-FAMILY_NAME
-	I-FAMILY_NAME
myung	I-FAMILY_NAME
,	O
a	O
former	O
governor	O
of	O
the	O
country	O
âs	O
most	O
populous	O
Gyeonggi	B-LOCATION
province	I-LOCATION
,	O
in	O
a	O
bitterly	O
-	O
contested	O
election	O
with	O
the	O
smallest	O
-	O
ever	O
margin	O
of	O
0.73	O
percentage	O
points	O
.	O

Resentment	O
among	O
conservatives	O
against	O
former	O
president	O
Moon	B-GIVEN_NAME
Jae	B-FAMILY_NAME
-	I-FAMILY_NAME
in	I-FAMILY_NAME
âs	O
political	O
missteps	O
such	O
as	O
skyrocketing	O
real	O
estate	O
prices	O
and	O
his	O
associates	O
â	O
alleged	O
nepotism	O
had	O
helped	O
Yoon	B-GIVEN_NAME
to	O
the	O
presidency	O
.	O

Yoon	B-GIVEN_NAME
was	O
initially	O
lauded	O
for	O
delivering	O
on	O
his	O
election	O
promise	O
to	O
make	O
himself	O
more	O
accessible	O
than	O
his	O
predecessors	O
,	O
allowing	O
journalists	O
to	O
question	O
him	O
on	O
his	O
way	O
to	O
work	O
every	O
morning	O
,	O
a	O
first	O
for	O
a	O
South	B-AFFILIATION
Korean	I-AFFILIATION
president	O
.	O

But	O
he	O
came	O
under	O
fire	O
for	O
his	O
curt	O
responses	O
and	O
poor	O
attitude	O
in	O
these	O
morning	O
interviews	O
in	O
which	O
he	O
brushed	O
off	O
his	O
poor	O
ratings	O
and	O
political	O
decisions	O
,	O
with	O
The	B-ORGANIZATION
Korea	I-ORGANIZATION|B-LOCATION
Herald	I-ORGANIZATION
saying	O
in	O
an	O
editorial	O
that	O
â	O
his	O
flat	O
disregard	O
of	O
the	O
crucial	O
gauge	O
of	O
the	O
public	O
sentiment	O
was	O
not	O
received	O
well	O
â	O
.	O

Appointees	O
under	O
scrutiny	O

Yoon	B-GIVEN_NAME
âs	O
political	O
appointments	O
have	O
also	O
sparked	O
allegations	O
of	O
nepotism	O
as	O
he	O
named	O
former	O
prosecutors	O
like	O
himself	O
and	O
other	O
associates	O
as	O
government	O
cabinet	O
ministers	O
and	O
to	O
other	O
key	O
posts	O
.	O

He	O
appointed	O
15	O
current	O
or	O
former	O
prosecutors	O
,	O
who	O
were	O
reportedly	O
close	O
to	O
him	O
,	O
to	O
key	O
government	O
posts	O
,	O
sparking	O
a	O
public	O
outcry	O
over	O
a	O
â	O
prosecutors	O
â	O
republic	O
â	O
and	O
drawing	O
comparisons	O
to	O
his	O
predecessor	O
Moon	B-GIVEN_NAME
Jae	B-FAMILY_NAME
-	I-FAMILY_NAME
in	I-FAMILY_NAME
,	O
who	O
named	O
three	O
members	O
of	O
the	O
association	O
of	O
pro	O
-	O
democracy	O
lawyers	O
,	O
known	O
as	O
Minbyon	B-ORGANIZATION
.	O

Asked	O
why	O
he	O
appointed	O
so	O
many	O
prosecutors	O
to	O
senior	O
government	O
posts	O
,	O
Yoon	B-GIVEN_NAME
retorted	O
last	O
month	O
that	O
the	O
past	O
liberal	O
government	O
of	O
Moon	B-GIVEN_NAME
had	O
â	O
splashed	O
â	O
senior	O
government	O
positions	O
with	O
Minbyon	B-ORGANIZATION
activist	O
lawyers	O
close	O
to	O
Moon	B-GIVEN_NAME
.	O

Four	O
of	O
Yoon	B-GIVEN_NAME
âs	O
cabinet	O
appointees	O
stepped	O
down	O
after	O
they	O
came	O
under	O
scrutiny	O
over	O
alleged	O
past	O
misdemeanours	O
including	O
sexual	O
harassment	O
,	O
misuse	O
of	O
political	O
funds	O
and	O
other	O
irregularities	O
.	O

He	O
lavished	O
praise	O
on	O
Park	B-GIVEN_NAME
Sun	B-FAMILY_NAME
-	I-FAMILY_NAME
ae	I-FAMILY_NAME
,	O
his	O
choice	O
for	O
education	O
minister	O
,	O
for	O
enduring	O
â	O
attacks	O
from	O
the	O
opposition	O
and	O
news	O
media	O
â	O
following	O
coverage	O
about	O
her	O
driving	O
while	O
intoxicated	O
in	O
2001	B-DATE
and	O
her	O
repeated	O
plagiarism	O
.	O

Controversy	O
around	O
his	O
wife	O

In	O
the	O
months	O
leading	O
to	O
the	O
election	O
,	O
Yoon	B-GIVEN_NAME
âs	O
wife	O
Kim	B-GIVEN_NAME
Kun	B-FAMILY_NAME
-	I-FAMILY_NAME
hee	I-FAMILY_NAME
consistently	O
made	O
headlines	O
for	O
anything	O
from	O
alleged	O
financial	O
irregularities	O
to	O
links	O
with	O
shamanism	O
and	O
her	O
belief	O
in	O
fortunetelling	O
.	O

Kim	B-GIVEN_NAME
drew	O
further	O
backlash	O
last	O
month	O
when	O
she	O
and	O
a	O
friend	O
,	O
who	O
was	O
not	O
a	O
government	O
official	O
,	O
visited	O
a	O
former	O
first	O
lady	O
living	O
in	O
the	O
country	O
âs	O
remote	O
Bongha	B-LOCATION
village	O
.	O

Asked	O
about	O
this	O
incident	O
,	O
Yoon	B-GIVEN_NAME
claimed	O
ignorance	O
about	O
the	O
line	O
between	O
official	O
and	O
private	O
trips	O
for	O
his	O
wife	O
,	O
and	O
said	O
that	O
â	O
this	O
is	O
my	O
first	O
time	O
as	O
president	O
â	O
.	O

Two	O
former	O
employees	O
at	O
his	O
wife	O
âs	O
event	O
-	O
planning	O
company	O
were	O
subsequently	O
employed	O
at	O
the	O
official	O
residence	O
of	O
the	O
Yoon	B-GIVEN_NAME
couple	O
.	O
Some	O
children	O
of	O
the	O
couple	O
âs	O
relatives	O
and	O
associates	O
also	O
landed	O
jobs	O
at	O
the	O
presidential	O
office	O
.	O

During	O
the	O
June	B-DATE
Nato	B-ORGANIZATION
summit	O
in	O
Spain	B-LOCATION
,	O
Yoon	B-GIVEN_NAME
and	O
his	O
wife	O
took	O
along	O
the	O
wife	O
of	O
a	O
close	O
aide	O
although	O
she	O
was	O
not	O
a	O
government	O
official	O
.	O

The	O
woman	O
reportedly	O
visited	O
Madrid	B-LOCATION
as	O
a	O
member	O
of	O
an	O
advance	O
party	O
for	O
Yoon	B-GIVEN_NAME
in	O
early	O
June	B-DATE
,	O
and	O
returned	O
with	O
the	O
Yoons	B-GIVEN_NAME
and	O
stayed	O
in	O
the	O
same	O
hotel	O
as	O
the	O
couple	O
,	O
overseeing	O
Kim	B-GIVEN_NAME
âs	O
schedule	O
.	O

The	O
presidential	O
office	O
said	O
she	O
worked	O
voluntarily	O
without	O
payments	O
,	O
tapping	O
her	O
â	O
expertise	O
â	O
like	O
her	O
command	O
of	O
English	B-AFFILIATION
and	O
experience	O
with	O
foreign	O
cultures	O
.	O

Such	O
a	O
seemingly	O
cavalier	O
attitude	O
over	O
such	O
controversies	O
and	O
his	O
failure	O
to	O
articulate	O
clearly	O
policy	O
direction	O
have	O
undermined	O
Yoon	B-GIVEN_NAME
âs	O
capacity	O
to	O
serve	O
in	O
the	O
country	O
âs	O
top	O
job	O
,	O
said	O
analysts	O
.	O

â	O
His	O
statements	O
that	O
often	O
come	O
unrefined	O
and	O
his	O
tendency	O
to	O
put	O
blame	O
on	O
the	O
previous	O
government	O
for	O
all	O
problems	O
now	O
make	O
him	O
look	O
arrogant	O
to	O
many	O
people	O
,	O
â	O
said	O
Hong	B-GIVEN_NAME
Sung	B-FAMILY_NAME
-	I-FAMILY_NAME
gul	I-FAMILY_NAME
,	O
a	O
professor	O
of	O
public	O
affairs	O
at	O
Kookmin	B-ORGANIZATION
University	I-ORGANIZATION
.	O

Yoon	B-GIVEN_NAME
âs	O
critics	O
have	O
voiced	O
doubt	O
about	O
his	O
leadership	O
over	O
the	O
next	O
five	B-DURATION
years	I-DURATION
,	O
amid	O
a	O
swathe	O
of	O
economic	O
and	O
geopolitical	O
issues	O
facing	O
the	O
country	O
.	O

The	O
ruling	O
People	B-ORGANIZATION
Power	I-ORGANIZATION
Party	I-ORGANIZATION
has	O
been	O
of	O
little	O
help	O
,	O
as	O
it	O
struggles	O
with	O
allegations	O
of	O
a	O
sexual	O
scandal	O
around	O
its	O
young	O
leader	O
Lee	B-GIVEN_NAME
Jun	B-FAMILY_NAME
-	I-FAMILY_NAME
seok	I-FAMILY_NAME
.	O
The	O
party	O
has	O
suspended	O
Lee	B-GIVEN_NAME
for	O
six	O
months	O
,	O
prompting	O
two	O
of	O
the	O
president	O
âs	O
close	O
allies	O
to	O
covet	O
Lee	B-GIVEN_NAME
âs	O
post	O
,	O
setting	O
the	O
stage	O
for	O
more	O
intraparty	O
turmoil	O
.	O

â	O
His	O
low	O
support	O
rate	O
would	O
lead	O
to	O
his	O
government	O
quickly	O
losing	O
steam	O
in	O
pushing	O
through	O
with	O
election	O
promises	O
,	O
â	O
Hong	B-GIVEN_NAME
said	O
.	O

Yoon	B-GIVEN_NAME
has	O
campaigned	O
on	O
deregulation	O
,	O
corporate	O
tax	O
cuts	O
and	O
bridging	O
alliance	O
with	O
the	O
US	B-LOCATION
and	O
Japan	B-LOCATION
over	O
China	B-LOCATION
.	O

As	O
a	O
presidential	O
candidate	O
,	O
Yoon	B-GIVEN_NAME
had	O
vowed	O
to	O
fight	O
corruption	O
,	O
foster	O
justice	O
and	O
create	O
a	O
more	O
level	O
playing	O
field	O
,	O
tapping	O
prevailing	O
angst	O
against	O
rising	O
inequality	O
,	O
unemployment	O
and	O
runaway	O
housing	O
prices	O
that	O
have	O
left	O
younger	O
generations	O
disillusioned	O
.	O

