&	O
pgtype	O
=	O
homepage	O

A	O
Chinese	B-AFFILIATION
influencer	O
who	O
claimed	O
she	O
spends	O
150,000	B-MONEY
yuan	I-MONEY
(	O
US	B-MONEY
$	I-MONEY
22,200	I-MONEY
)	O
a	O
day	O
and	O
travels	O
by	O
helicopter	O
has	O
been	O
blasted	O
on	O
mainland	O
social	O
media	O
and	O
criticised	O
by	O
state	O
propaganda	O
outlets	O
for	O
promoting	O
the	O
worship	O
of	O
money	O
.	O

Wang	B-GIVEN_NAME
Xuancheng	B-FAMILY_NAME
,	O
known	O
as	O
Wang	B-GIVEN_NAME
Chengcheng	B-FAMILY_NAME
to	O
her	O
3	O
million	O
followers	O
on	O
video	O
app	O
Douyin	B-ORGANIZATION
,	O
has	O
come	O
under	O
intense	O
criticism	O
after	O
sharing	O
a	O
video	O
where	O
she	O
posed	O
as	O
a	O
wealthy	O
socialite	O
with	O
a	O
police	O
helicopter	O
last	O
week	O
.	O

Her	O
Douyin	B-BRANDS
account	O
was	O
banned	O
shortly	O
after	O
the	O
scandal	O
erupted	O
.	O
In	O
previous	O
posts	O
on	O
her	O
account	O
,	O
the	O
31	O
-	O
year	O
-	O
old	O
boasted	O
that	O
she	O
owned	O
an	O
opulent	O
400	O
-	O
square	O
metre	O
mansion	O
,	O
drove	O
around	O
in	O
a	O
Rolls	B-ORGANIZATION
-	I-ORGANIZATION
Royce	I-ORGANIZATION
,	O
and	O
spent	O
more	O
than	O
150,000	B-MONEY
yuan	I-MONEY
a	O
day	O
.	O

She	O
also	O
claimed	O
her	O
father	O
was	O
a	O
high	O
-	O
ranking	O
police	O
officer	O
,	O
prompting	O
many	O
to	O
question	O
if	O
that	O
was	O
how	O
she	O
had	O
access	O
to	O
a	O
police	O
helicopter	O
and	O
if	O
an	O
abuse	O
of	O
power	O
had	O
occurred	O
.	O

Authorities	O
in	O
Shenyang	B-LOCATION
in	I-LOCATION
Liaoning	I-LOCATION
province	I-LOCATION
,	O
northeastern	O
China	B-LOCATION
,	O
where	O
Wang	B-GIVEN_NAME
lives	O
,	O
said	O
the	O
helicopter	O
is	O
privately	O
owned	O
and	O
only	O
leased	O
to	O
local	O
police	O
.	O
They	O
said	O
that	O
Wang	B-GIVEN_NAME
had	O
only	O
used	O
it	O
for	O
filming	O
videos	O
and	O
did	O
not	O
have	O
access	O
to	O
it	O
for	O
private	O
travel	O
.	O

In	O
response	O
to	O
public	O
concern	O
,	O
Shenyang	B-LOCATION
police	O
issued	O
a	O
statement	O
to	O
clarify	O
that	O
Wang	B-GIVEN_NAME
âs	O
father	O
is	O
a	O
retired	O
low	O
-	O
ranking	O
police	O
official	O
and	O
that	O
Wang	B-GIVEN_NAME
started	O
her	O
own	O
company	O
in	O
2017	B-DATE
,	O
but	O
did	O
not	O
specify	O
the	O
nature	O
of	O
the	O
business	O
.	O

The	O
general	O
manager	O
of	O
the	O
private	O
company	O
that	O
owns	O
the	O
helicopter	O
was	O
sacked	O
for	O
allowing	O
Wang	B-GIVEN_NAME
to	O
use	O
the	O
aircraft	O
in	O
her	O
videos	O
.	O

â	O
I	O
have	O
my	O
own	O
cars	O
,	O
property	O
and	O
business	O
.	O
I	O
have	O
nât	O
asked	O
for	O
a	O
penny	O
from	O
my	O
family	O
since	O
I	O
was	O
22	O
,	O
â	O
she	O
said	O
in	O
a	O
previous	O
post	O
on	O
her	O
Douyin	B-BRANDS
account	O
.	O

Wang	B-GIVEN_NAME
previously	O
owned	O
two	O
companies	O
specialising	O
in	O
milk	O
tea	O
and	O
another	O
in	O
energy	O
technology	O
,	O
according	O
to	O
Tianyancha	B-ORGANIZATION
,	O
an	O
online	O
database	O
of	O
Chinese	B-AFFILIATION
companies	O
.	O
But	O
both	O
ventures	O
had	O
been	O
wound	O
up	O
in	O
the	O
past	O
few	O
years	O
.	O

Chinese	B-AFFILIATION
state	O
media	O
has	O
used	O
Wang	B-GIVEN_NAME
as	O
the	O
latest	O
example	O
of	O
a	O
decadent	O
influencer	O
as	O
the	O
government	O
continues	O
its	O
crackdown	O
on	O
online	O
celebrities	O
who	O
flaunt	O
their	O
wealth	O
and	O
brag	O
about	O
their	O
lavish	O
lifestyles	O
.	O

â	O
Some	O
platforms	O
make	O
every	O
effort	O
to	O
cater	O
to	O
the	O
weakness	O
of	O
human	O
nature	O
.	O
They	O
try	O
to	O
attract	O
traffic	O
and	O
maintain	O
daily	O
user	O
activity	O
by	O
promoting	O
vulgar	O
,	O
entertaining	O
,	O
and	O
sensational	O
content	O
,	O
â	O
wrote	O
the	O
Beijing	B-ORGANIZATION|B-LOCATION
Daily	I-ORGANIZATION
in	O
an	O
editorial	O
criticising	O
Wang	B-GIVEN_NAME
on	O
Wednesday	B-DATE
.	O

â	O
It	O
âs	O
not	O
a	O
big	O
deal	O
for	O
a	O
handful	O
of	O
influencers	O
to	O
fall	O
from	O
grace	O
.	O
What	O
âs	O
important	O
is	O
we	O
keep	O
away	O
the	O
evil	O
trends	O
online	O
,	O
â	O
it	O
said	O
.	O

Wang	B-GIVEN_NAME
âs	O
sudden	O
downfall	O
is	O
reminiscent	O
of	O
the	O
case	O
of	O
Guo	B-GIVEN_NAME
Meimei	B-FAMILY_NAME
,	O
one	O
of	O
China	B-LOCATION
âs	O
first	O
influencers	O
.	O
Guo	B-GIVEN_NAME
was	O
infamous	O
for	O
ostentatious	O
displays	O
of	O
wealth	O
on	O
social	O
media	O
.	O
She	O
was	O
at	O
the	O
centre	O
of	O
a	O
scandal	O
in	O
2011	B-DATE
after	O
it	O
was	O
revealed	O
she	O
falsely	O
claimed	O
she	O
ran	O
an	O
organisation	O
under	O
the	O
umbrella	O
of	O
the	O
Red	B-ORGANIZATION
Cross	I-ORGANIZATION
.	O
She	O
was	O
later	O
arrested	O
for	O
running	O
an	O
illegal	O
casino	O
and	O
sentenced	O
to	O
five	B-DURATION
years	I-DURATION
in	O
jail	O
in	O
2015	B-DATE
.	O
Last	O
year	O
she	O
was	O
sentenced	O
to	O
30	O
months	O
in	O
jail	O
for	O
selling	O
illegal	O
diet	O
pills	O
.	O

Last	O
year	O
,	O
Chinese	B-AFFILIATION
authorities	O
barred	O
celebrities	O
from	O
showing	O
off	O
wealth	O
on	O
social	O
media	O
amid	O
a	O
crackdown	O
on	O
the	O
entertainment	O
industry	O
and	O
online	O
fandom	O
,	O
which	O
were	O
deemed	O
to	O
have	O
undermined	O
social	O
values	O
.	O

In	O
a	O
directive	O
issued	O
in	O
November	B-DATE
by	O
the	O
Cyberspace	B-ORGANIZATION
Administration	I-ORGANIZATION
of	I-ORGANIZATION
China	I-ORGANIZATION|B-LOCATION
,	O
celebrities	O
were	O
ordered	O
to	O
:	O
â	O
Maintain	O
a	O
healthy	O
lifestyle	O
and	O
taste	O
â	O
and	O
avoid	O
promoting	O
â	O
extravagant	O
pleasure	O
â	O
online	O
.	O

