NANJING	B-LOCATION
,	O
July	B-DATE
18	I-DATE
(	O
Xinhua	B-ORGANIZATION
)	O
-	O
-	O
A	O
new	O
container	O
liner	O
route	O
linking	O
Taicang	B-LOCATION
in	O
east	O
China	B-LOCATION
's	O
Jiangsu	B-LOCATION
Province	I-LOCATION
and	O
Rotterdam	B-LOCATION
in	O
the	O
Netherlands	B-LOCATION
was	O
launched	O
on	O
Sunday	B-DATE
,	O
according	O
to	O
the	O
Yangtze	B-ORGANIZATION|B-LOCATION
River	I-ORGANIZATION|I-LOCATION
Pilotage	I-ORGANIZATION
Center	I-ORGANIZATION
.	O

The	O
German	B-AFFILIATION
vessel	O
WIKING	B-LOCATION
is	O
the	O
first	O
container	O
ship	O
to	O
be	O
put	O
into	O
operation	O
on	O
the	O
liner	O
route	O
between	O
Taicang	B-LOCATION
and	O
Rotterdam	B-LOCATION
.	O
It	O
measures	O
255.33	O
meters	O
in	O
length	O
and	O
is	O
loaded	O
with	O
2,000	O
TEUs	O
.	O

Currently	O
,	O
one	O
trip	O
every	O
16	B-DURATION
days	I-DURATION
is	O
scheduled	O
on	O
the	O
route	O
.	O
The	O
number	O
of	O
vessels	O
will	O
rise	O
in	O
the	O
future	O
and	O
be	O
gradually	O
adjusted	O
to	O
one	O
trip	O
per	O
week	O
,	O
depending	O
on	O
the	O
market	O
situation	O
.	O

WIKING	B-LOCATION
is	O
owned	O
by	O
Tailwind	B-ORGANIZATION
Shipping	I-ORGANIZATION
Lines	I-ORGANIZATION
GmbH	I-ORGANIZATION
&	I-ORGANIZATION
Co	I-ORGANIZATION
.	I-ORGANIZATION
KG	I-ORGANIZATION
,	O
which	O
is	O
a	O
subsidiary	O
of	O
German	B-AFFILIATION
supermarket	O
chain	O
Lidl	B-ORGANIZATION
.	O
In	O
order	O
to	O
maintain	O
the	O
stability	O
of	O
its	O
supply	O
chain	O
,	O
Lidl	B-ORGANIZATION
has	O
purchased	O
and	O
leased	O
four	O
large	O
container	O
liners	O
to	O
operate	O
the	O
China	B-LOCATION
-	O
Europe	B-LOCATION
line	O
,	O
stopping	O
at	O
important	O
ports	O
of	O
call	O
in	O
China	B-LOCATION
,	O
Slovenia	B-LOCATION
,	O
Spain	B-LOCATION
and	O
the	O
Netherlands	B-LOCATION
.	O

Under	O
the	O
Belt	B-BRANDS
and	B-MISC
Road	I-MISC
Initiative	I-MISC
,	O
trade	O
between	O
China	B-LOCATION
and	O
Europe	B-LOCATION
has	O
maintained	O
good	O
momentum	O
.	O
High	O
-	O
quality	O
China	B-LOCATION
-	O
made	O
products	O
are	O
gaining	O
increasing	O
popularity	O
in	O
Germany	B-LOCATION
,	O
Spain	B-LOCATION
,	O
the	O
Netherlands	B-LOCATION
,	O
Slovenia	B-LOCATION
and	O
other	O
European	B-AFFILIATION
countries	O
.	O

