Sri	B-AFFILIATION
Lankan	I-AFFILIATION
Prime	O
Minister	O
Ranil	B-GIVEN_NAME
Wickremesinghe	B-FAMILY_NAME
was	O
sworn	O
in	O
as	O
interim	O
president	O
before	O
the	O
chief	O
justice	O
on	O
Friday	B-DATE
,	O
following	O
the	O
resignation	O
of	O
Gotabaya	B-GIVEN_NAME
Rajapaksa	B-FAMILY_NAME
,	O
according	O
to	O
the	O
prime	O
minister	O
's	O
office	O
.	O

Earlier	O
in	O
the	O
day	O
,	O
Sri	B-ORGANIZATION|B-LOCATION
Lanka	I-ORGANIZATION|I-LOCATION
's	I-ORGANIZATION
Parliament	I-ORGANIZATION
Speaker	O
Mahinda	B-GIVEN_NAME
Yapa	B-FAMILY_NAME
Abeywardena	I-FAMILY_NAME
said	O
he	O
has	O
received	O
the	O
resignation	O
letter	O
of	O
the	O
president	O
,	O
and	O
from	O
this	O
point	O
forth	O
the	O
president	O
has	O
legally	O
resigned	O
from	O
his	O
legal	O
duties	O
and	O
responsibilities	O
.	O

"	O
Under	O
these	O
circumstances	O
,	O
the	O
constitutional	O
procedure	O
of	O
appointing	O
a	O
new	O
president	O
will	O
now	O
be	O
activated	O
.	O

Until	O
this	O
constitutional	O
procedure	O
is	O
over	O
,	O
according	O
to	O
the	O
constitution	O
the	O
prime	O
minister	O
will	O
function	O
in	O
the	O
capacity	O
of	O
the	O
president	O
overseeing	O
functions	O
,	O
duties	O
,	O
and	O
powers	O
of	O
the	O
office	O
of	O
the	O
president	O
,	O
"	O
the	O
speaker	O
told	O
a	O
media	O
briefing	O
.	O

The	O
speaker	O
added	O
that	O
parliament	O
will	O
convene	O
on	O
July	B-DATE
16	I-DATE
and	O
he	O
requested	O
all	O
legislators	O
to	O
attend	O
parliamentary	O
sessions	O
on	O
that	O
day	O
.	O

He	O
requested	O
maximum	O
cooperation	O
for	O
the	O
democratic	O
process	O
of	O
electing	O
a	O
new	O
president	O
and	O
government	O
from	O
all	O
party	O
leaders	O
,	O
state	O
officials	O
,	O
and	O
security	O
forces	O
,	O
and	O
made	O
a	O
special	O
appeal	O
to	O
the	O
citizens	O
of	O
Sri	B-LOCATION
Lanka	I-LOCATION
to	O
create	O
a	O
peaceful	O
environment	O
that	O
would	O
allow	O
all	O
lawmakers	O
to	O
attend	O
parliament	O
freely	O
.	O

Under	O
such	O
an	O
environment	O
,	O
with	O
the	O
help	O
of	O
all	O
responsible	O
,	O
the	O
speaker	O
said	O
he	O
intends	O
to	O
conclude	O
the	O
process	O
of	O
electing	O
a	O
new	O
president	O
within	O
a	O
short	O
period	O
of	O
seven	B-DURATION
days	I-DURATION
.	O

Sri	B-LOCATION
Lanka	I-LOCATION
has	O
been	O
in	O
the	O
midst	O
of	O
a	O
severe	O
economic	O
turmoil	O
for	O
months	O
,	O
which	O
has	O
led	O
to	O
a	O
shortage	O
of	O
basic	O
supplies	O
such	O
as	O
food	O
,	O
gas	O
and	O
fuel	O
.	O

