&	O
pgtype	O
=	O
homepage	O

Fans	O
of	O
K	O
-	O
dramas	O
probably	O
know	O
Seo	B-GIVEN_NAME
In	B-FAMILY_NAME
-	I-FAMILY_NAME
guk	I-FAMILY_NAME
for	O
his	O
appearances	O
in	O
shows	O
and	O
films	O
,	O
such	O
as	O
his	O
breakout	O
role	O
in	O
2012	B-DATE
retro	O
hit	O
Answer	B-BRANDS
Me	B-MISC
1997	I-MISC
or	O
his	O
current	O
turn	O
in	O
Cafe	B-BRANDS
Minamdang	B-MISC
.	O

But	O
the	O
34	O
-	O
year	O
-	O
old	O
began	O
his	O
career	O
as	O
a	O
singer	O
on	O
the	O
2009	B-DATE
talent	O
search	O
programme	O
Superstar	B-BRANDS
K	B-MISC
,	O
and	O
on	O
June	B-DATE
14	I-DATE
he	O
released	O
a	O
two	O
-	O
track	O
single	O
album	O
titled	O
Love	B-BRANDS
&	B-MISC
Love	I-MISC
,	O
his	O
first	O
new	O
music	O
since	O
his	O
2017	B-DATE
single	O
Better	B-BRANDS
Together	B-MISC
,	O
which	O
sees	O
him	O
returning	O
to	O
his	O
roots	O
.	O

Fronted	O
by	O
the	O
single	O
My	B-BRANDS
Love	B-MISC
,	O
a	O
collaboration	O
with	O
rapper	O
Ravi	B-GIVEN_NAME
,	O
the	O
single	O
album	O
also	O
contains	O
the	O
nostalgia	O
-	O
inducing	O
Be	B-BRANDS
My	B-MISC
Melody	I-MISC
,	O
with	O
both	O
tracks	O
produced	O
by	O
Seo	B-GIVEN_NAME
âs	O
writing	O
team	O
,	O
Seo	B-GIVEN_NAME
Ssi	B-FAMILY_NAME
Nae	I-FAMILY_NAME
.	O

For	O
Seo	B-GIVEN_NAME
,	O
the	O
return	O
to	O
music	O
has	O
been	O
a	O
long	O
time	O
coming	O
,	O
but	O
he	O
âs	O
been	O
waiting	O
for	O
the	O
perfect	O
moment	O
in	O
between	O
acting	O
projects	O
.	O
â	O
I	O
âve	O
been	O
preparing	O
these	O
presents	O
for	O
everyone	O
for	O
a	O
very	O
long	O
time	O
,	O
â	O
he	O
tells	O
the	O
Post	B-ORGANIZATION
over	O
a	O
video	O
call	O
.	O

â	O
I	O
âve	O
been	O
planning	O
to	O
release	O
an	O
album	O
since	O
the	O
end	O
of	O
last	O
year	O
[	O
2021	B-DATE
]	O
and	O
earlier	O
this	O
year	O
,	O
but	O
as	O
[	O
Cafe	B-BRANDS
Minamdang	B-MISC
]	O
was	O
planned	O
to	O
go	O
live	O
on	O
June	B-DATE
27	I-DATE
,	O
to	O
avoid	O
any	O
confusion	O
I	O
decided	O
to	O
release	O
it	O
before	O
it	O
begins	O
.	O

â	O
I	O
did	O
nât	O
really	O
want	O
to	O
make	O
people	O
confused	O
between	O
my	O
identity	O
as	O
a	O
singer	O
and	O
my	O
identity	O
as	O
an	O
actor	O
playing	O
a	O
character	O
in	O
Cafe	B-BRANDS
Minamdang	B-MISC
.	O
â	O

Love	B-BRANDS
&	B-MISC
Love	I-MISC
,	O
as	O
the	O
title	O
suggests	O
,	O
features	O
two	O
romantic	O
tunes	O
,	O
and	O
Seo	B-GIVEN_NAME
knows	O
that	O
they	O
âre	O
not	O
really	O
a	O
surprise	O
for	O
long	O
-	O
term	O
listeners	O
,	O
but	O
something	O
familiar	O
to	O
reintroduce	O
himself	O
as	O
he	O
dips	O
his	O
toes	O
back	O
into	O
producing	O
and	O
releasing	O
music	O
.	O

â	O
Be	B-BRANDS
My	B-MISC
Melody	I-MISC
,	O
with	O
an	O
older	O
pop	O
feel	O
and	O
inspired	O
by	O
David	B-GIVEN_NAME
Foster	B-FAMILY_NAME
âs	O
music	O
and	O
production	O
styles	O
,	O
was	O
actually	O
supposed	O
to	O
be	O
the	O
lead	O
focus	O
track	O
,	O
but	O
during	O
recording	O
sessions	O
I	O
decided	O
to	O
switch	O
it	O
to	O
My	B-BRANDS
Love	B-MISC
because	O
I	O
felt	O
it	O
expressed	O
a	O
mix	O
of	O
emotions	O
like	O
warmth	O
,	O
sorrow	O
and	O
romance	O
.	O
â	O

Variety	O
is	O
key	O
for	O
Seo	B-GIVEN_NAME
âs	O
new	O
take	O
on	O
music	O
after	O
a	O
gap	O
,	O
following	O
management	O
changes	O
and	O
coming	O
into	O
his	O
own	O
as	O
a	O
singer	O
-	O
songwriter	O
,	O
all	O
amid	O
acting	O
roles	O
.	O

â	O
I	O
think	O
I	O
did	O
release	O
only	O
love	O
songs	O
in	O
my	O
career	O
,	O
but	O
in	O
the	O
future	O
I	O
plan	O
to	O
sing	O
a	O
little	O
bit	O
more	O
about	O
my	O
personal	O
experiences	O
and	O
myself	O
as	O
a	O
person	O
,	O
â	O
he	O
says	O
.	O
â	O
I	O
think	O
maybe	O
I	O
still	O
sometimes	O
struggle	O
being	O
honest	O
to	O
the	O
camera	O
[	O
and	O
in	O
my	O
music	O
]	O
,	O
but	O
I	O
really	O
want	O
to	O
be	O
more	O
comfortable	O
at	O
showing	O
people	O
what	O
I	O
âm	O
thinking	O
and	O
feeling	O
at	O
each	O
moment	O
.	O

â	O
Right	O
now	O
I	O
âm	O
kind	O
of	O
into	O
the	O
blues	O
and	O
rock	O
that	O
is	O
a	O
bit	O
more	O
moody	O
,	O
a	O
bit	O
more	O
melancholic	O
.	O
And	O
I	O
think	O
I	O
âd	O
like	O
to	O
put	O
myself	O
as	O
a	O
villain	O
in	O
a	O
music	O
video	O
maybe	O
,	O
as	O
I	O
think	O
all	O
actors	O
would	O
probably	O
say	O
it	O
âs	O
a	O
lifetime	O
dream	O
to	O
play	O
a	O
conceptual	O
,	O
cool	O
and	O
stylish	O
villain	O
at	O
least	O
once	O
.	O
â	O

As	O
for	O
his	O
acting	O
in	O
music	O
videos	O
,	O
some	O
may	O
be	O
surprised	O
by	O
one	O
role	O
Seo	B-GIVEN_NAME
has	O
become	O
famous	O
for	O
:	O
in	O
2012	B-DATE
,	O
he	O
appeared	O
in	O
the	O
video	O
for	O
K.	B-GIVEN_NAME
Will	B-FAMILY_NAME
âs	O
Please	B-BRANDS
Do	B-MISC
nât	I-MISC
â¦	O
,	O
in	O
which	O
he	O
portrayed	O
a	O
friend	O
upset	O
by	O
the	O
wedding	O
of	O
two	O
of	O
his	O
friends	O
.	O

A	O
plot	O
twist	O
at	O
the	O
end	O
shows	O
he	O
âs	O
in	O
love	O
not	O
with	O
the	O
bride	O
but	O
the	O
groom	O
,	O
making	O
Please	B-BRANDS
Do	B-MISC
nât	I-MISC
one	O
of	O
the	O
few	O
mainstream	O
productions	O
in	O
South	B-LOCATION
Korea	I-LOCATION
to	O
feature	O
an	O
LGBTQ	B-BRANDS
+	B-MISC
character	O
.	O
Since	O
its	O
release	O
,	O
it	O
has	O
been	O
viewed	O
over	O
72	O
million	O
times	O
on	O
YouTube	B-ORGANIZATION
.	O

Seo	B-GIVEN_NAME
,	O
talking	O
to	O
the	B-BRANDS
Post	B-MISC
during	O
Pride	B-BRANDS
Month	B-MISC
,	O
was	O
as	O
surprised	O
as	O
viewers	O
were	O
by	O
the	O
memorable	O
finale	O
:	O
â	O
To	O
be	O
honest	O
,	O
I	O
did	O
not	O
know	O
this	O
ending	O
while	O
I	O
was	O
filming	O
because	O
the	O
producer	O
never	O
told	O
me	O
how	O
it	O
was	O
going	O
to	O
end	O
[	O
and	O
be	O
edited	O
]	O
.	O
But	O
it	O
was	O
ultimately	O
a	O
very	O
interesting	O
and	O
fun	O
moment	O
for	O
myself	O
.	O

â	O
Looking	O
into	O
all	O
the	O
astonished	O
reactions	O
,	O
that	O
was	O
very	O
engaging	O
as	O
well	O
.	O
In	O
the	O
future	O
,	O
if	O
I	O
ever	O
get	O
the	O
chance	O
to	O
act	O
as	O
such	O
a	O
character	O
again	O
and	O
play	O
out	O
such	O
a	O
love	O
,	O
I	O
think	O
I	O
âd	O
be	O
open	O
to	O
it	O
.	O
I	O
âll	O
try	O
to	O
express	O
any	O
kind	O
of	O
love	O
that	O
a	O
scenario	O
wants	O
.	O
â	O

It	O
may	O
be	O
hard	O
to	O
believe	O
that	O
Seo	B-GIVEN_NAME
has	O
time	O
to	O
plan	O
anything	O
at	O
the	O
moment	O
:	O
he	O
âs	O
been	O
in	O
back	O
-	O
to	O
-	O
back	O
television	O
series	O
and	O
films	O
since	O
2018	B-DATE
,	O
and	O
to	O
be	O
able	O
to	O
spend	O
time	O
on	O
both	O
music	O
and	O
acting	O
he	O
admits	O
he	O
âs	O
turned	O
into	O
a	O
bit	O
of	O
a	O
workaholic	O
.	O

â	O
It	O
âs	O
a	O
good	O
busy	O
,	O
so	O
even	O
though	O
I	O
âm	O
so	O
busy	O
I	O
âm	O
always	O
in	O
a	O
happy	O
mood	O
,	O
â	O
he	O
says	O
.	O
He	O
likes	O
playing	O
video	O
games	O
,	O
especially	O
Diablo	B-BRANDS
,	O
when	O
he	O
has	O
some	O
downtime	O
.	O

On	O
the	O
acting	O
front	O
,	O
Seo	B-GIVEN_NAME
admits	O
to	O
absolutely	O
loving	O
the	O
character	O
he	O
plays	O
in	O
Cafe	B-BRANDS
Minamdang	B-MISC
,	O
a	O
modern	O
-	O
day	O
shaman	O
detective	O
.	O
â	O
He	O
âs	O
a	O
very	O
charming	O
character	O
,	O
and	O
I	O
feel	O
it	O
is	O
a	O
very	O
good	O
way	O
to	O
show	O
the	O
world	O
,	O
especially	O
international	O
K	B-BRANDS
-	B-MISC
drama	I-MISC
viewers	O
,	O
Korean	B-AFFILIATION
traditional	O
shamanism	O
,	O
even	O
though	O
he	O
may	O
be	O
wearing	O
a	O
suit	O
rather	O
than	O
traditional	O
shaman	O
costume	O
.	O
â	O

Nearly	O
15	B-DURATION
years	I-DURATION
into	O
his	O
professional	O
career	O
,	O
Seo	B-GIVEN_NAME
has	O
learned	O
to	O
stop	O
being	O
anxious	O
about	O
the	O
little	O
things	O
and	O
is	O
now	O
stronger	O
,	O
which	O
makes	O
him	O
more	O
confident	O
when	O
he	O
decides	O
what	O
new	O
projects	O
to	O
be	O
part	O
of	O
or	O
what	O
music	O
to	O
release	O
.	O

â	O
Back	O
then	O
,	O
everything	O
was	O
new	O
.	O
I	O
would	O
get	O
hurt	O
by	O
many	O
things	O
and	O
I	O
would	O
fall	O
down	O
.	O
But	O
going	O
through	O
all	O
that	O
and	O
all	O
the	O
good	O
things	O
that	O
happened	O
in	O
my	O
life	O
,	O
now	O
I	O
âm	O
able	O
to	O
react	O
to	O
all	O
the	O
harsh	O
moments	O
in	O
a	O
far	O
less	O
stressed	O
manner	O
.	O
â	O

Seo	B-GIVEN_NAME
hopes	O
people	O
continue	O
to	O
expect	O
a	O
lot	O
from	O
him	O
,	O
both	O
in	O
his	O
acting	O
roles	O
and	O
his	O
music	O
,	O
and	O
never	O
expect	O
him	O
to	O
stop	O
moving	O
forward	O
,	O
even	O
if	O
at	O
times	O
he	O
steps	O
back	O
from	O
one	O
aspect	O
of	O
his	O
career	O
or	O
another	O
.	O

â	O
I	O
think	O
of	O
myself	O
as	O
someone	O
who	O
should	O
be	O
working	O
hard	O
when	O
everything	O
is	O
on	O
track	O
,	O
â	O
he	O
says	O
.	O
â	O
I	O
feel	O
that	O
music	O
and	O
acting	O
both	O
are	O
such	O
big	O
matters	O
in	O
my	O
life	O
.	O
Both	O
of	O
them	O
are	O
something	O
that	O
I	O
do	O
well	O
and	O
that	O
I	O
enjoy	O
,	O
so	O
if	O
I	O
were	O
to	O
choose	O
between	O
them	O
it	O
would	O
feel	O
like	O
[	O
myself	O
]	O
vanishing	O
from	O
the	O
world	O
.	O
So	O
I	O
âm	O
just	O
trying	O
my	O
best	O
to	O
do	O
well	O
with	O
both	O
.	O
â	O

