The	O
leaders	O
of	O
Japan	B-LOCATION
and	O
Ireland	B-LOCATION
agreed	O
on	O
Wednesday	B-DATE
to	O
make	O
sure	O
Russia	B-LOCATION
faces	O
â	O
severe	O
consequences	O
â	O
for	O
its	O
invasion	O
of	O
Ukraine	B-LOCATION
through	O
economic	O
sanctions	O
,	O
while	O
keeping	O
a	O
watchful	O
eye	O
on	O
China	B-LOCATION
âs	O
growing	O
military	O
clout	O
in	O
the	O
Indo	B-LOCATION|B-AFFILIATION
-	I-LOCATION
Pacific	I-LOCATION
.	O

Prime	O
Minister	O
Fumio	B-GIVEN_NAME
Kishida	B-FAMILY_NAME
and	O
his	O
Irish	B-AFFILIATION
counterpart	O
Micheal	B-GIVEN_NAME
Martin	B-FAMILY_NAME
â	O
remain	O
appalled	O
by	O
and	O
condemn	O
the	O
devastating	O
attacks	O
â	O
by	O
Russia	B-LOCATION
against	O
Ukraine	B-LOCATION
and	O
urge	O
Moscow	B-LOCATION
to	O
withdraw	O
its	O
forces	O
from	O
â	O
the	O
entire	O
territory	O
of	O
Ukraine	B-LOCATION
,	O
â	O
they	O
said	O
in	O
a	O
joint	O
statement	O
after	O
a	O
meeting	O
in	O
Tokyo	B-LOCATION
.	O

Calling	O
Ireland	B-LOCATION
an	O
â	O
important	O
partner	O
sharing	O
fundamental	O
values	O
â	O
with	O
Japan	B-LOCATION
,	O
Kishida	B-GIVEN_NAME
told	O
reporters	O
alongside	O
Martin	B-GIVEN_NAME
after	O
the	O
talks	O
that	O
the	O
two	O
governments	O
will	O
promote	O
â	O
even	O
closer	O
cooperation	O
â	O
in	O
dealing	O
with	O
the	O
war	O
,	O
which	O
has	O
shown	O
no	O
signs	O
of	O
ceasing	O
since	O
it	O
began	O
in	O
late	O
February	B-DATE
.	O

Japan	B-LOCATION
and	O
Ireland	B-LOCATION
have	O
joined	O
in	O
imposing	O
a	O
spate	O
of	O
sanctions	O
led	O
by	O
the	O
United	B-LOCATION
States	I-LOCATION
against	O
Russia	B-LOCATION
,	O
such	O
as	O
freezing	O
the	O
assets	O
of	O
Russian	B-AFFILIATION
President	O
Vladimir	B-GIVEN_NAME
Putin	B-FAMILY_NAME
and	O
its	O
central	O
bank	O
and	O
excluding	O
some	O
major	O
Russian	B-AFFILIATION
lenders	O
from	O
a	O
key	O
international	O
payment	O
network	O
.	O

The	O
statement	O
also	O
said	O
Kishida	B-GIVEN_NAME
and	O
Martin	B-GIVEN_NAME
are	O
â	O
seriously	O
concerned	O
â	O
about	O
the	O
situation	O
in	O
the	O
East	B-LOCATION
and	I-LOCATION
South	I-LOCATION
China	I-LOCATION
seas	I-LOCATION
,	O
in	O
an	O
apparent	O
reference	O
to	O
Beijing	B-LOCATION
âs	O
intensifying	O
maritime	O
assertiveness	O
there	O
.	O

The	O
two	O
also	O
called	O
for	O
a	O
â	O
peaceful	O
resolution	O
â	O
to	O
tensions	O
in	O
the	O
Taiwan	B-LOCATION
Strait	I-LOCATION
as	O
Beijing	B-LOCATION
piles	O
pressure	O
on	O
Taiwan	B-LOCATION
,	O
deeming	O
it	O
part	O
of	O
its	O
territory	O
that	O
should	O
be	O
reunited	O
,	O
by	O
force	O
if	O
necessary	O
.	O

Kishida	B-GIVEN_NAME
said	O
the	O
two	O
leaders	O
shared	O
the	O
recognition	O
that	O
the	O
security	O
of	O
the	O
Indo	B-LOCATION|B-AFFILIATION
-	I-LOCATION
Pacific	I-LOCATION
and	O
Europe	B-LOCATION
is	O
â	O
indivisible	O
â	O
and	O
that	O
changing	O
the	O
status	O
quo	O
unilaterally	O
by	O
force	O
must	O
not	O
be	O
condoned	O
anywhere	O
in	O
the	O
world	O
.	O

Japan	B-LOCATION
and	O
the	O
European	B-AFFILIATION|B-AFFILIATION
Union	B-ORGANIZATION
member	O
also	O
pledged	O
to	O
boost	O
their	O
partnerships	O
by	O
expanding	O
their	O
political	O
,	O
economic	O
and	O
cultural	O
ties	O
,	O
referring	O
to	O
a	O
Japan	B-LOCATION
-	O
EU	B-ORGANIZATION
economic	O
partnership	O
agreement	O
that	O
took	O
effect	O
in	O
2019	B-DATE
.	O

Martin	B-GIVEN_NAME
said	O
the	O
joint	O
statement	O
will	O
be	O
the	O
â	O
foundation	O
â	O
for	O
future	O
development	O
of	O
the	O
two	O
nations	O
â	O
relationship	O
.	O

The	O
Irish	B-AFFILIATION
prime	O
minister	O
expressed	O
his	O
condolences	O
to	O
Kishida	B-GIVEN_NAME
over	O
the	O
death	O
of	O
former	O
Prime	O
Minister	O
Shinzo	B-GIVEN_NAME
Abe	B-FAMILY_NAME
,	O
who	O
was	O
fatally	O
shot	O
during	O
a	O
stump	O
speech	O
earlier	O
this	O
month	O
in	O
Western	B-LOCATION
Japan	I-LOCATION
.	O

