&	O
pgtype	O
=	O
homepage	O

Singer	O
-	O
actor	O
Cha	B-GIVEN_NAME
Eun	B-FAMILY_NAME
-	I-FAMILY_NAME
woo	I-FAMILY_NAME
has	O
been	O
offered	O
the	O
lead	O
role	O
in	O
upcoming	O
film	O
K	B-BRANDS
-	B-MISC
pop	I-MISC
:	I-MISC
Lost	I-MISC
in	I-MISC
America	I-MISC|B-LOCATION
!	I-MISC
The	O
film	O
tells	O
the	O
story	O
of	O
a	O
K	B-BRANDS
-	B-MISC
pop	I-MISC
boy	O
group	O
that	O
gets	O
lost	O
in	O
Texas	B-LOCATION
,	O
with	O
the	O
members	O
struggling	O
to	O
get	O
to	O
New	B-LOCATION
York	I-LOCATION
for	O
their	O
global	O
debut	O
.	O
It	O
is	O
also	O
set	O
to	O
star	O
Rebel	B-GIVEN_NAME
Wilson	B-FAMILY_NAME
and	O
Charles	B-GIVEN_NAME
Melton	B-FAMILY_NAME
.	O

After	O
a	O
series	O
of	O
auditions	O
and	O
casting	O
meetings	O
,	O
Cha	B-GIVEN_NAME
was	O
apparently	O
selected	O
among	O
several	O
rising	O
stars	O
who	O
are	O
active	O
both	O
in	O
K	B-BRANDS
-	B-MISC
pop	I-MISC
and	O
on	O
screen	O
.	O
So	O
what	O
else	O
do	O
we	O
know	O
about	O
him	O
?	O

Cha	B-GIVEN_NAME
has	O
said	O
that	O
he	O
never	O
expected	O
to	O
become	O
an	O
idol	O
.	O
But	O
everything	O
changed	O
after	O
a	O
music	O
festival	O
at	O
his	O
middle	O
school	O
.	O

â	O
No	O
one	O
in	O
my	O
family	O
works	O
in	O
music	O
,	O
but	O
[	O
one	B-DURATION
day	I-DURATION
]	O
I	O
was	O
going	O
to	O
the	O
bathroom	O
during	O
my	O
school	O
festival	O
.	O
Someone	O
followed	O
me	O
and	O
cast	O
me	O
,	O
â	O
he	O
told	O
TV	O
programme	O
Immortal	B-BRANDS
Songs	B-MISC
.	O
â	O
Back	O
then	O
,	O
my	O
dream	O
was	O
nât	O
to	O
become	O
a	O
singer	O
.	O
I	O
had	O
many	O
dreams	O
of	O
becoming	O
many	O
things	O
such	O
as	O
a	O
doctor	O
,	O
prosecutor	O
and	O
judge	O
.	O
â	O

Debuting	O
with	O
his	O
K	B-BRANDS
-	B-MISC
pop	I-MISC
group	O
Astro	B-ORGANIZATION
under	O
Fantagio	B-ORGANIZATION
Entertainment	I-ORGANIZATION
in	O
2016	B-DATE
,	O
Cha	B-GIVEN_NAME
quickly	O
became	O
popular	O
as	O
the	O
outfit	O
âs	O
vocalist	O
and	O
â	O
visual	O
â	O
.	O
However	O
,	O
he	O
technically	O
debuted	O
in	O
the	O
entertainment	O
industry	O
as	O
an	O
actor	O
two	B-DURATION
years	I-DURATION
before	O
with	O
a	O
minor	O
role	O
in	O
the	O
Song	B-GIVEN_NAME
Hye	B-FAMILY_NAME
-	I-FAMILY_NAME
kyo	I-FAMILY_NAME
led	O
film	O
,	O
My	B-BRANDS
Brilliant	B-MISC
Life	I-MISC
.	O
After	O
appearing	O
in	O
a	O
few	O
other	O
dramas	O
,	O
he	O
landed	O
his	O
first	O
proper	O
lead	O
in	O
romcom	O
My	B-BRANDS
ID	B-MISC
is	I-MISC
Gangnam	I-MISC
Beauty	I-MISC
(	O
2018	B-DATE
)	O
,	O
which	O
boosted	O
his	O
popularity	O
both	O
at	O
home	O
and	O
abroad	O
.	O
By	O
2020	B-DATE
,	O
his	O
role	O
in	O
True	B-BRANDS
Beauty	B-MISC
had	O
cemented	O
his	O
reputation	O
as	O
an	O
actor	O
once	O
and	O
for	O
all	O
.	O

With	O
such	O
success	O
in	O
the	O
space	O
of	O
just	O
a	O
few	O
years	O
,	O
Cha	B-GIVEN_NAME
has	O
found	O
himself	O
not	O
just	O
more	O
famous	O
than	O
before	O
,	O
but	O
wealthier	O
too	O
.	O
He	O
is	O
reported	O
to	O
have	O
cashed	O
in	O
nearly	O
US	B-MONEY
$	I-MONEY
5	I-MONEY
million	I-MONEY
from	O
acting	O
,	O
officially	O
making	O
him	O
the	O
K	B-BRANDS
-	B-MISC
pop	I-MISC
celebrity	O
with	O
the	O
highest	O
-	O
earning	O
â	O
second	O
job	O
â	O
(	O
in	O
other	O
words	O
,	O
as	O
an	O
actor	O
)	O
according	O
to	O
Mnet	B-ORGANIZATION
âs	O
TMI	B-BRANDS
News	B-MISC
Show	I-MISC
.	O

In	O
South	B-LOCATION
Korea	I-LOCATION
,	O
the	O
heartthrob	O
has	O
been	O
dubbed	O
a	O
â	O
Face	B-GIVEN_NAME
Genius	B-FAMILY_NAME
â	O
and	O
the	O
â	O
Visual	B-GIVEN_NAME
King	B-FAMILY_NAME
â	O
,	O
thanks	O
to	O
his	O
classic	O
good	O
looks	O
.	O
As	O
a	O
result	O
,	O
he	O
âs	O
also	O
become	O
a	O
firm	O
favourite	O
of	O
the	O
world	O
âs	O
top	O
luxury	O
brands	O
,	O
becoming	O
a	O
global	O
ambassador	O
for	O
Burberry	B-ORGANIZATION
and	O
joining	O
the	O
likes	O
of	O
Blackpink	B-ORGANIZATION
âs	O
Lisa	B-GIVEN_NAME
to	O
add	O
some	O
star	O
power	O
to	O
the	O
launch	O
of	O
Bulgari	B-ORGANIZATION
âs	O
Colours	B-BRANDS
exhibition	O
at	O
the	O
Seoul	B-LOCATION
Arts	I-LOCATION
Center	I-LOCATION
last	O
year	O
.	O
He	O
also	O
just	O
appeared	O
on	O
the	O
cover	O
of	O
Korea	B-LOCATION
âs	O
W	B-ORGANIZATION
Magazine	I-ORGANIZATION
modelling	O
several	O
Chaumet	B-ORGANIZATION
rings	O
.	O

Cha	B-GIVEN_NAME
does	O
nât	O
just	O
have	O
beauty	O
,	O
but	O
brains	O
to	O
match	O
.	O
With	O
an	O
IQ	O
of	O
142	O
,	O
he	O
was	O
among	O
the	O
top	O
three	O
students	O
in	O
his	O
school	O
,	O
winning	O
awards	O
for	O
English	B-AFFILIATION
,	O
reading	O
and	O
debating	O
,	O
and	O
was	O
school	O
president	O
as	O
well	O
as	O
class	O
president	O
for	O
several	O
years	O
.	O

Clearly	O
insanely	O
talented	O
,	O
he	O
also	O
set	O
an	O
example	O
for	O
his	O
classmates	O
in	O
sports	O
and	O
music	O
.	O
Cha	B-GIVEN_NAME
was	O
the	O
captain	O
of	O
his	O
junior	O
school	O
âs	O
football	O
and	O
basketball	O
teams	O
and	O
plays	O
various	O
instruments	O
including	O
piano	O
,	O
guitar	O
,	O
violin	O
and	O
flute	O
,	O
according	O
to	O
KProfile	B-ORGANIZATION
.	O

Someone	O
as	O
successful	O
and	O
talented	O
as	O
Cha	B-GIVEN_NAME
might	O
be	O
forgiven	O
for	O
being	O
a	O
little	O
arrogant	O
â	O
and	O
yet	O
he	O
âs	O
clearly	O
not	O
.	O
When	O
he	O
was	O
asked	O
to	O
comment	O
on	O
his	O
flattering	O
â	O
Face	B-GIVEN_NAME
Genius	B-FAMILY_NAME
â	O
nickname	O
,	O
he	O
said	O
,	O
according	O
to	O
Soompi	B-ORGANIZATION
:	O
â	O
It	O
does	O
feel	O
good	O
,	O
but	O
I	O
actually	O
think	O
that	O
each	O
person	O
has	O
their	O
own	O
unique	O
individuality	O
.	O
When	O
I	O
was	O
growing	O
up	O
,	O
my	O
mum	O
would	O
tell	O
me	O
,	O
â	O
You	O
âre	O
not	O
that	O
good	O
-	O
looking	O
â	O
and	O
â	O
Do	O
nât	O
be	O
vain	O
.	O
â	O
I	O
think	O
that	O
everyone	O
has	O
their	O
own	O
taste	O
when	O
it	O
comes	O
to	O
good	O
looks	O
.	O
â	O

In	O
another	O
interview	O
with	O
Hype	B-ORGANIZATION
News	I-ORGANIZATION
,	O
he	O
acknowledged	O
that	O
his	O
ability	O
to	O
perform	O
in	O
dramas	O
,	O
variety	O
shows	O
and	O
on	O
stage	O
with	O
Astro	B-BRANDS
was	O
all	O
thanks	O
to	O
the	O
team	O
he	O
has	O
around	O
him	O
.	O

Upon	O
being	O
asked	O
how	O
he	O
managed	O
to	O
do	O
it	O
all	O
,	O
he	O
said	O
:	O
â	O
Because	O
around	O
me	O
there	O
are	O
managers	O
,	O
the	O
company	O
people	O
,	O
and	O
the	O
people	O
I	O
âm	O
grateful	O
for	O
are	O
with	O
me	O
.	O
â	O

With	O
a	O
career	O
truly	O
in	O
the	O
ascendancy	O
at	O
the	O
age	O
of	O
just	O
25	O
,	O
Cha	B-GIVEN_NAME
says	O
he	O
âs	O
nevertheless	O
still	O
serious	O
about	O
meeting	O
that	O
special	O
someone	O
and	O
getting	O
married	O
as	O
soon	O
as	O
he	O
can	O
.	O
Opening	O
up	O
on	O
the	O
show	O
Master	B-BRANDS
in	B-MISC
the	I-MISC
House	I-MISC
,	O
he	O
teared	O
up	O
when	O
saying	O
:	O
â	O
I	O
really	O
want	O
to	O
get	O
married	O
â¦	O
I	O
should	O
be	O
able	O
to	O
talk	O
about	O
the	O
most	O
embarrassing	O
things	O
,	O
and	O
still	O
be	O
able	O
to	O
have	O
a	O
good	O
conversation	O
with	O
her	O
.	O
I	O
know	O
it	O
âs	O
not	O
easy	O
,	O
but	O
I	O
also	O
know	O
that	O
âs	O
possible	O
when	O
you	O
get	O
married	O
or	O
become	O
a	O
family	O
.	O
â	O

So	O
how	O
would	O
he	O
woo	O
such	O
a	O
woman	O
,	O
once	O
he	O
meets	O
her	O
?	O
Much	O
to	O
fans	O
â	O
delight	O
,	O
Cha	B-GIVEN_NAME
revealed	O
to	O
Ceci	B-ORGANIZATION
Korea	I-ORGANIZATION|B-LOCATION
back	O
in	O
2017	B-DATE
what	O
his	O
ideal	O
proposal	O
would	O
look	O
like	O
:	O
â	O
I	O
will	O
find	O
a	O
romantic	O
place	O
with	O
the	O
view	O
of	O
N	B-LOCATION
Seoul	I-LOCATION
Tower	I-LOCATION
,	O
great	O
music	O
and	O
great	O
ambience	O
.	O
I	O
âd	O
like	O
to	O
propose	O
to	O
her	O
with	O
a	O
necklace	O
or	O
a	O
ring	O
while	O
eating	O
there	O
.	O
â	O

