Hong	B-LOCATION
Kong	I-LOCATION
snooker	O
star	O
Cheung	B-GIVEN_NAME
Ka	B-FAMILY_NAME
-	I-FAMILY_NAME
wai	I-FAMILY_NAME
won	O
the	O
SAR	B-ORGANIZATION
's	O
first	O
-	O
ever	O
gold	O
medal	O
at	O
the	O
World	B-BRANDS
Games	B-MISC
yesterday	O
.	O

It	O
was	O
also	O
the	O
first	O
time	O
the	O
23	O
-	O
year	O
-	O
old	O
Cheung	B-GIVEN_NAME
represented	O
the	O
SAR	B-ORGANIZATION
at	O
the	O
games	O
,	O
which	O
was	O
held	O
in	O
Birmingham	B-LOCATION
,	I-LOCATION
Alabama	I-LOCATION
,	I-LOCATION
in	I-LOCATION
the	I-LOCATION
United	I-LOCATION
States	I-LOCATION
.	O

Cheung	B-GIVEN_NAME
started	O
off	O
the	O
tournament	O
on	O
a	O
strong	O
note	O
on	O
Wednesday	B-DATE
with	O
a	O
3-0	O
win	O
over	O
England	B-LOCATION
followed	O
by	O
a	O
3-1	O
win	O
over	O
Pakistan	B-LOCATION
.	O

Next	O
,	O
after	O
beating	O
Qatar	B-LOCATION
3-0	O
,	O
Cheung	B-GIVEN_NAME
secured	O
his	O
place	O
in	O
the	O
final	O
two	O
.	O

In	O
the	O
final	O
,	O
he	O
defeated	O
Egypt	B-LOCATION
's	O
Abdelrahman	B-GIVEN_NAME
Shahin	B-FAMILY_NAME
by	O
3-1	O
.	O

Cheung	B-GIVEN_NAME
commented	O
after	O
his	O
win	O
that	O
he	O
was	O
glad	O
he	O
was	O
able	O
to	O
overcome	O
his	O
jitters	O
throughout	O
the	O
tournament	O
.	O

"	O
Before	O
the	O
tournament	O
,	O
a	O
medal	O
was	O
our	O
goal	O
.	O
In	O
fact	O
,	O
I	O
was	O
very	O
nervous	O
the	O
whole	O
week	O
,	O
especially	O
when	O
I	O
did	O
n't	O
perform	O
my	O
best	O
in	O
the	O
second	O
and	O
third	O
game	O
,	O
"	O
he	O
said	O
.	O
"	O
I	O
was	O
lucky	O
I	O
got	O
through	O
.	O
"	O

Cheung	B-GIVEN_NAME
added	O
the	O
tournament	O
had	O
proved	O
to	O
be	O
a	O
great	O
learning	O
experience	O
,	O
saying	O
:	O
"	O
It	O
's	O
not	O
just	O
about	O
scoring	O
points	O
,	O
it	O
's	O
also	O
about	O
controlling	O
the	O
game	O
.	O
It	O
's	O
not	O
always	O
possible	O
to	O
play	O
your	O
best	O
under	O
pressure	O
so	O
game	O
control	O
is	O
the	O
key	O
.	O
"	O

Coach	O
Alan	B-GIVEN_NAME
Wong	B-FAMILY_NAME
Tak	I-FAMILY_NAME
-	I-FAMILY_NAME
wah	I-FAMILY_NAME
said	O
Cheung	B-GIVEN_NAME
's	O
first	O
-	O
place	O
finish	O
was	O
within	O
his	O
expectations	O
.	O

"	O
Cheung	B-GIVEN_NAME
's	O
mentality	O
and	O
technique	O
have	O
improved	O
a	O
lot	O
in	O
recent	O
years	O
.	O
As	O
long	O
as	O
he	O
can	O
perform	O
at	O
a	O
level	O
reflective	O
of	O
his	O
strength	O
,	O
he	O
stands	O
a	O
chance	O
against	O
any	O
opponent	O
,	O
"	O
Wong	B-GIVEN_NAME
said	O
.	O
"	O
Of	O
course	O
,	O
pressure	O
is	O
the	O
key	O
to	O
victory	O
.	O
Although	O
he	O
was	O
a	O
little	O
nervous	O
,	O
he	O
handled	O
it	O
well	O
.	O
"	O

Secretary	O
for	O
Culture	O
,	O
Sports	O
and	O
Tourism	O
Kevin	B-GIVEN_NAME
Yeung	B-FAMILY_NAME
Yun	I-FAMILY_NAME
-	I-FAMILY_NAME
hung	I-FAMILY_NAME
congratulated	O
Cheung	B-GIVEN_NAME
yesterday	O
,	O
saying	O
"	O
he	O
performed	O
at	O
his	O
best	O
and	O
displayed	O
the	O
demeanor	O
of	O
a	O
great	O
athlete	O
.	O
I	O
am	O
so	O
proud	O
and	O
wish	O
to	O
sincerely	O
congratulate	O
him	O
on	O
his	O
achievement	O
.	O
"	O

Following	O
the	O
recent	O
cancellation	O
of	O
cue	O
sports	O
from	O
the	O
Asian	B-AFFILIATION|B-AFFILIATION
Games	B-MISC
,	O
the	O
World	B-BRANDS
Games	B-MISC
offers	O
a	O
rare	O
opportunity	O
for	O
Hong	B-LOCATION
Kong	I-LOCATION
snooker	O
players	O
to	O
participate	O
in	O
a	O
major	O
sports	O
event	O
.	O

Cheung	B-GIVEN_NAME
was	O
one	O
of	O
17	O
athletes	O
representing	O
the	O
SAR	B-ORGANIZATION
across	O
eight	O
events	O
.	O
Four	O
others	O
won	O
bronze	O
medals	O
,	O
making	O
this	O
year	O
's	O
haul	O
the	O
largest	O
since	O
Hong	B-LOCATION
Kong	I-LOCATION
first	O
began	O
participating	O
in	O
the	O
games	O
.	O

The	O
four	O
were	O
Olympics	B-BRANDS
bronze	O
medalist	O
Grace	B-GIVEN_NAME
Lau	B-FAMILY_NAME
Mo	I-FAMILY_NAME
-	I-FAMILY_NAME
sheung	I-FAMILY_NAME
in	O
karateka	O
as	O
well	O
as	O
Yeung	B-GIVEN_NAME
Chung	B-FAMILY_NAME
-	I-FAMILY_NAME
hei	I-FAMILY_NAME
,	O
Michelle	B-GIVEN_NAME
Yeung	B-FAMILY_NAME
and	O
Lee	B-GIVEN_NAME
Wing	B-FAMILY_NAME
-	I-FAMILY_NAME
yung	I-FAMILY_NAME
in	O
wushu	O
.	O

In	O
the	O
previous	O
games	O
,	O
Hong	B-LOCATION
Kong	I-LOCATION
bagged	O
a	O
combined	O
total	O
of	O
three	O
silver	O
and	O
one	O
bronze	O
medals	O
.	O

The	O
games	O
,	O
normally	O
held	O
every	O
four	B-DURATION
years	I-DURATION
,	O
was	O
postponed	O
from	O
last	O
July	B-DATE
to	O
this	O
year	O
because	O
of	O
the	O
Covid	B-BRANDS
-	B-MISC
19	I-MISC
pandemic	O
and	O
potential	O
scheduling	O
conflicts	O
with	O
the	O
Tokyo	B-LOCATION|B-LOCATION
Olympics	B-MISC
.	O

