%	O
C	O
2	O
%	O
A	O
0	O

A	O
handful	O
of	O
Covid	B-BRANDS
-	B-MISC
19	I-MISC
infections	O
have	O
forced	O
the	O
northern	O
Chinese	B-AFFILIATION
port	O
city	O
of	O
Tianjin	B-LOCATION
to	O
shut	O
many	O
entertainment	O
venues	O
and	O
some	O
kindergartens	O
and	O
tutoring	O
agencies	O
,	O
the	O
latest	O
big	O
city	O
to	O
fight	O
nascent	O
clusters	O
.	O

Tianjin	B-LOCATION
,	O
with	O
a	O
population	O
with	O
over	O
12	O
million	O
and	O
home	O
to	O
factories	O
linked	O
to	O
Boeing	B-ORGANIZATION
and	O
Volkswagen	B-ORGANIZATION
,	O
reported	O
11	O
domestically	O
transmitted	O
infections	O
for	O
Monday	B-DATE
after	O
around	O
a	O
week	O
of	O
zero	O
cases	O
,	O
official	O
data	O
showed	O
on	O
Tuesday	B-DATE
.	O

Tianjin	B-ORGANIZATION|B-LOCATION
Port	I-ORGANIZATION
Co	I-ORGANIZATION
Ltd	I-ORGANIZATION
,	O
which	O
manages	O
the	O
port	O
's	O
cargo	O
loading	O
and	O
unloading	O
businesses	O
,	O
is	O
operating	O
normally	O
,	O
a	O
representative	O
said	O
on	O
Tuesday	B-DATE
.	O

Caseloads	O
for	O
Tianjin	B-LOCATION
and	O
the	O
rest	O
of	O
China	B-LOCATION
have	O
been	O
low	O
in	O
the	O
global	O
context	O
for	O
over	O
two	B-DURATION
years	I-DURATION
,	O
but	O
China	B-LOCATION
has	O
maintained	O
a	O
"	O
dynamic	O
zero	O
Covid	B-BRANDS
"	O
policy	O
of	O
containing	O
outbreaks	O
as	O
soon	O
as	O
they	O
emerge	O
,	O
even	O
though	O
its	O
strict	O
measures	O
in	O
response	O
to	O
the	O
highly	O
transmissible	O
Omicron	B-BRANDS
variant	O
have	O
disrupted	O
local	O
businesses	O
and	O
clouded	O
the	O
outlook	O
for	O
the	O
world	O
's	O
second	O
-	O
largest	O
economy	O
.	O

Tianjin	B-LOCATION
officials	O
said	O
late	O
on	O
Monday	B-BRANDS
that	O
various	O
indoor	O
entertainment	O
venues	O
,	O
such	O
as	O
chess	O
and	O
card	O
parlors	O
and	O
bars	O
,	O
in	O
two	O
districts	O
with	O
a	O
total	O
of	O
over	O
2	O
million	O
residents	O
were	O
ordered	O
to	O
close	O
,	O
without	O
specifying	O
a	O
date	O
for	O
their	O
reopening	O
.	O

One	O
of	O
the	O
districts	O
said	O
it	O
also	O
ordered	O
a	O
three	O
-	O
day	O
closure	O
at	O
kindergartens	O
and	O
tutoring	O
agencies	O
.	O

Nomura	B-ORGANIZATION
analysts	O
said	O
in	O
a	O
note	O
on	O
Monday	B-DATE
that	O
an	O
estimated	O
264.1	O
million	O
people	O
in	O
41	O
cities	O
in	O
China	B-LOCATION
are	O
affected	O
by	O
full	O
or	O
partial	O
lockdowns	O
or	O
other	O
control	O
measures	O
,	O
up	O
from	O
247.5	O
million	O
in	O
31	O
cities	O
last	O
week	O
.	O

Including	O
Tianjin	B-LOCATION
's	O
cases	O
,	O
mainland	O
China	B-LOCATION
reported	O
699	O
new	O
domestically	O
transmitted	O
infections	O
for	O
July	B-DATE
18	I-DATE
,	O
of	O
which	O
199	O
were	O
symptomatic	O
and	O
500	O
were	O
asymptomatic	O
,	O
the	O
National	B-ORGANIZATION
Health	I-ORGANIZATION
Commission	I-ORGANIZATION
said	O
on	O
Tuesday	B-DATE
.	O

The	O
majority	O
of	O
Monday	B-DATE
's	O
new	O
cases	O
were	O
found	O
in	O
the	O
northwestern	B-LOCATION
province	I-LOCATION
of	I-LOCATION
Gansu	I-LOCATION
and	O
the	O
southern	B-LOCATION
region	I-LOCATION
of	I-LOCATION
Guangxi	I-LOCATION
.	O

In	O
Gansu	B-LOCATION
's	O
provincial	O
capital	O
of	O
Lanzhou	B-LOCATION
,	O
a	O
district	O
with	O
over	O
100,000	O
residents	O
entered	O
a	O
lockdown	O
from	O
Monday	B-DATE
,	O
during	O
which	O
each	O
household	O
can	O
leave	O
their	O
residential	O
compound	O
only	O
once	O
each	O
day	O
to	O
get	O
groceries	O
.	O
A	O
lockdown	O
for	O
four	O
other	O
major	O
districts	O
with	O
around	O
3	O
million	O
people	O
started	O
last	O
week	O
and	O
has	O
been	O
extended	O
to	O
July	B-DATE
24	I-DATE
.	O

In	O
Guangxi	B-LOCATION
,	O
the	O
coastal	O
city	O
of	O
Beihai	B-LOCATION
,	O
currently	O
clocking	O
over	O
700	O
local	O
cases	O
,	O
has	O
become	O
the	O
latest	O
tourism	O
city	O
hit	O
by	O
travel	O
restrictions	O
.	O

Beihai	B-LOCATION
has	O
told	O
hotels	O
and	O
travel	O
agencies	O
to	O
fully	O
refund	O
trips	O
and	O
stays	O
booked	O
by	O
those	O
who	O
were	O
eventually	O
unable	O
to	O
come	O
,	O
reversing	O
a	O
pre	O
-	O
outbreak	O
boom	O
in	O
demand	O
.	O

It	O
is	O
also	O
rushing	O
to	O
take	O
care	O
of	O
over	O
2,000	O
tourists	O
stuck	O
in	O
the	O
city	O
,	O
some	O
of	O
whom	O
had	O
come	O
in	O
close	O
contact	O
with	O
infections	O
or	O
visited	O
areas	O
affected	O
by	O
the	O
virus	O
and	O
couldn't	O
leave	O
without	O
going	O
through	O
quarantine	O
.	O
Tourists	O
who	O
are	O
able	O
to	O
leave	O
have	O
to	O
show	O
negative	O
test	O
results	O
within	O
the	O
previous	O
4	O
8	B-DURATION
hours	I-DURATION
.	O

The	O
financial	O
hub	O
Shanghai	B-LOCATION
,	O
which	O
reported	O
23	O
new	O
local	O
cases	O
for	O
Monday	B-DATE
,	O
began	O
mass	O
testing	O
on	O
Tuesday	B-DATE
in	O
many	O
of	O
its	O
16	O
districts	O
,	O
after	O
a	O
similar	O
testing	O
drive	O
last	O
week	O
.	O

There	O
were	O
no	O
new	O
deaths	O
,	O
leaving	O
the	O
nation	O
's	O
fatalities	O
at	O
5,226	O
.	O

As	O
of	O
Monday	B-DATE
,	O
mainland	O
China	B-LOCATION
had	O
confirmed	O
227,830	O
cases	O
with	O
symptoms	O
,	O
including	O
both	O
local	O
cases	O
and	O
infected	O
international	O
travelers	O
.	O

