Indian	B-AFFILIATION
investigators	O
on	O
Thursday	B-DATE
summoned	O
Sonia	B-GIVEN_NAME
Gandhi	B-FAMILY_NAME
,	O
president	O
of	O
the	O
opposition	O
Congress	B-ORGANIZATION
party	O
,	O
for	O
questioning	O
on	O
money	O
laundering	O
accusations	O
that	O
her	O
allies	O
have	O
blamed	O
on	O
an	O
abuse	O
of	O
government	O
power	O
.	O

The	O
75	O
-	O
year	O
-	O
old	O
has	O
been	O
a	O
driving	O
influence	O
in	O
her	O
once	O
-	O
dominant	O
party	O
since	O
the	O
1991	B-DATE
assassination	O
of	O
her	O
husband	O
,	O
former	O
prime	O
minister	O
Rajiv	B-GIVEN_NAME
Gandhi	B-FAMILY_NAME
,	O
and	O
heir	O
to	O
a	O
political	O
dynasty	O
that	O
stretches	O
back	O
to	O
the	O
country	O
âs	O
independence	O
from	O
Britain	B-LOCATION
.	O

Authorities	O
are	O
probing	O
a	O
decade	O
-	O
old	O
complaint	O
filed	O
by	O
a	O
lawmaker	O
from	O
the	O
ruling	O
Bharatiya	B-ORGANIZATION
Janata	I-ORGANIZATION
Party	I-ORGANIZATION
(	O
BJP	B-ORGANIZATION
)	O
,	O
who	O
accused	O
her	O
family	O
of	O
misusing	O
Congress	B-ORGANIZATION
funds	O
to	O
buy	O
a	O
now	O
-	O
defunct	O
newspaper	O
business	O
and	O
personally	O
acquire	O
its	O
highly	O
valuable	O
property	O
portfolio	O
.	O

The	O
Gandhi	B-GIVEN_NAME
family	O
has	O
denied	O
the	O
allegations	O
and	O
Congress	B-ORGANIZATION
has	O
accused	O
Prime	O
Minister	O
Narendra	B-GIVEN_NAME
Modi	B-FAMILY_NAME
âs	O
party	O
of	O
misusing	O
its	O
power	O
.	O

â	O
Our	O
nation	O
âs	O
institutional	O
agencies	O
cannot	O
be	O
pawns	O
in	O
BJP	B-ORGANIZATION
âs	O
vendetta	O
politics	O
.	O

The	O
misuse	O
of	O
(	O
the	O
Enforcement	B-ORGANIZATION
Directorate	I-ORGANIZATION
)	O
to	O
attack	O
opposition	O
needs	O
to	O
stop	O
,	O
â	O
Congress	B-ORGANIZATION
tweeted	O
Thursday	B-DATE
.	O

Gandhi	B-GIVEN_NAME
was	O
initially	O
summoned	O
last	O
month	O
by	O
the	O
Enforcement	B-ORGANIZATION
Directorate	I-ORGANIZATION
,	O
which	O
probes	O
financial	O
crimes	O
in	O
India	B-LOCATION
,	O
but	O
her	O
questioning	O
was	O
delayed	O
after	O
she	O
was	O
hospitalised	O
with	O
coronavirus	B-BRANDS
.	O

Her	O
son	O
Rahul	B-GIVEN_NAME
,	O
who	O
leads	O
the	O
party	O
in	O
parliament	O
,	O
was	O
questioned	O
for	O
several	O
days	O
in	O
June	B-DATE
over	O
the	O
same	O
allegations	O
.	O

On	O
Thursday	B-DATE
,	O
Sonia	B-GIVEN_NAME
was	O
accompanied	O
by	O
Rahul	B-GIVEN_NAME
and	O
her	O
daughter	O
Priyanka	B-GIVEN_NAME
as	O
she	O
travelled	O
to	O
the	O
Enforcement	B-ORGANIZATION
Directorate	I-ORGANIZATION
âs	O
office	O
for	O
questioning	O
,	O
arriving	O
at	O
around	O
1pm	O
local	O
time	O
,	O
according	O
to	O
local	O
media	O
.	O

Leaders	O
of	O
several	O
opposition	O
parties	O
issued	O
a	O
joint	O
statement	O
Thursday	B-DATE
condemning	O
the	O
investigation	O
.	O

Modi	B-GIVEN_NAME
âs	O
government	O
had	O
â	O
unleashed	O
a	O
relentless	O
campaign	O
against	O
its	O
opponents	O
and	O
critics	O
through	O
the	O
mischievous	O
misuse	O
of	O
investigative	O
agencies	O
,	O
â	O
the	O
letter	O
read	O
.	O

â	O
Prominent	O
leaders	O
of	O
a	O
number	O
of	O
political	O
parties	O
have	O
been	O
deliberately	O
targeted	O
and	O
subjected	O
to	O
harassment	O
in	O
an	O
unprecedented	O
manner	O
,	O
â	O
its	O
signatories	O
wrote	O
.	O

