After	O
the	O
defeat	O
against	O
Peru	B-LOCATION
in	O
January	B-DATE
,	O
Colombia	B-LOCATION
âs	O
outlook	O
on	O
qualifying	O
for	O
their	O
third	O
World	B-BRANDS
Cup	B-MISC
in	O
a	O
row	O
is	O
not	O
good	O
.	O

Manager	O
Reinaldo	B-GIVEN_NAME
Rueda	B-FAMILY_NAME
had	O
a	O
decent	O
start	O
to	O
his	O
return	O
to	O
the	O
national	O
team	O
,	O
but	O
with	O
four	O
points	O
from	O
the	O
last	O
seven	O
qualifiers	O
,	O
they	O
find	O
themselves	O
in	O
a	O
place	O
where	O
they	O
depend	O
on	O
results	O
from	O
the	O
other	O
contenders	O
.	O

Los	B-ORGANIZATION
Cafeteros	I-ORGANIZATION
need	O
Uruguay	B-LOCATION
and	O
/	O
or	O
Peru	B-LOCATION
to	O
drop	O
points	O
in	O
both	O
their	O
games	O
,	O
Chile	B-LOCATION
to	O
not	O
beat	O
Brazil	B-LOCATION
and	O
most	O
importantly	O
,	O
the	O
match	O
against	O
Bolivia	B-LOCATION
is	O
a	O
must	O
-	O
win	O
,	O
and	O
they	O
need	O
to	O
be	O
flawless	O
against	O
Venezuela	B-LOCATION
too	O
.	O

The	O
squad	O
is	O
commanded	O
by	O
Luis	B-GIVEN_NAME
DÃ­az	B-FAMILY_NAME
.	O

El	B-GIVEN_NAME
guajiro	B-FAMILY_NAME
earned	O
a	O
transfer	O
to	O
Liverpool	B-ORGANIZATION
in	O
January	B-DATE
and	O
has	O
settled	O
in	O
without	O
any	O
problems	O
at	O
one	O
of	O
the	O
strong	O
candidates	O
for	O
the	O
Champions	B-BRANDS
League	B-MISC
.	O

They	O
are	O
without	O
Yerry	B-GIVEN_NAME
Mina	B-FAMILY_NAME
and	O
Radamel	B-GIVEN_NAME
Falcao	B-FAMILY_NAME
,	O
who	O
both	O
have	O
to	O
miss	O
this	O
game	O
due	O
to	O
injury	O
,	O
but	O
Carlos	B-GIVEN_NAME
Cuesta	B-FAMILY_NAME
,	O
who	O
left	O
a	O
great	O
impression	O
in	O
the	O
Colombia	B-LOCATION
matches	O
last	O
October	B-DATE
,	O
is	O
back	O
from	O
injury	O
and	O
will	O
surely	O
feature	O
as	O
centre	O
back	O
.	O

Familiar	O
faces	O
like	O
James	B-GIVEN_NAME
RodrÃ­guez	B-FAMILY_NAME
,	O
Juan	B-GIVEN_NAME
Guillermo	B-FAMILY_NAME
Cuadrado	I-FAMILY_NAME
and	O
David	B-GIVEN_NAME
Ospina	B-FAMILY_NAME
are	O
all	O
expected	O
to	O
start	O
as	O
well	O
.	O

At	O
first	O
sight	O
,	O
Colombia	B-LOCATION
âs	O
schedule	O
for	O
this	O
international	O
break	O
seems	O
doable	O
.	O

Bolivia	B-LOCATION
have	O
collected	O
15	O
points	O
so	O
far	O
,	O
but	O
only	O
two	O
of	O
them	O
came	O
outside	O
3600	O
metres	O
La	B-LOCATION
Paz	I-LOCATION
,	O
so	O
in	O
hot	O
and	O
humid	O
Barranquilla	B-LOCATION
little	O
is	O
expected	O
from	O
them	O
.	O

Venezuela	B-LOCATION
are	O
bottom	O
of	O
the	O
group	O
with	O
ten	O
points	O
,	O
but	O
Colombia	B-LOCATION
have	O
a	O
bit	O
of	O
rivalry	O
with	O
the	O
neighbours	O
and	O
barely	O
ever	O
have	O
an	O
easy	O
game	O
against	O
arguably	O
the	O
worst	O
team	O
in	O
the	O
South	B-AFFILIATION
American	I-AFFILIATION
qualification	O
tournament	O
.	O

On	O
top	O
of	O
that	O
,	O
Venezuela	B-LOCATION
signed	O
a	O
familiar	O
face	O
as	O
their	O
new	O
manager	O
with	O
JosÃ©	B-GIVEN_NAME
Nestor	B-FAMILY_NAME
PÃ©kerman	I-FAMILY_NAME
.	O

For	O
six	B-DURATION
years	I-DURATION
PÃ©kerman	B-GIVEN_NAME
was	O
in	O
charge	O
of	O
Colombia	B-LOCATION
and	O
they	O
were	O
the	O
best	O
days	O
in	O
recent	O
history	O
.	O

PÃ©kerman	B-GIVEN_NAME
lead	O
them	O
to	O
two	O
World	B-BRANDS
Cups	B-MISC
,	O
but	O
the	O
people	O
in	O
charge	O
of	O
the	O
federation	O
were	O
never	O
really	O
happy	O
with	O
the	O
way	O
he	O
managed	O
things	O
and	O
did	O
nât	O
want	O
to	O
extend	O
his	O
contract	O
.	O

The	O
Argentinian	B-AFFILIATION
manager	O
and	O
the	O
federation	O
did	O
nât	O
end	O
on	O
good	O
terms	O
,	O
so	O
the	O
Argentinian	B-AFFILIATION
manager	O
will	O
get	O
his	O
chance	O
for	O
revenge	O
here	O
.	O

But	O
before	O
that	O
becomes	O
an	O
issue	O
,	O
Colombia	B-LOCATION
first	O
need	O
to	O
get	O
the	O
full	O
three	O
points	O
against	O
Bolivia	B-LOCATION
and	O
hope	O
Chile	B-LOCATION
do	O
nât	O
beat	O
Brazil	B-LOCATION
to	O
remain	O
in	O
contention	O
for	O
the	O
World	B-BRANDS
Cup	B-MISC
.	O

