Karol	B-GIVEN_NAME
G	B-FAMILY_NAME
,	O
one	O
of	O
Latin	B-LOCATION
America	I-LOCATION
âs	O
most	O
important	O
artists	O
,	O
has	O
announced	O
she	O
will	O
be	O
performing	O
at	O
the	O
Diversity	B-BRANDS
ValÃ¨ncia	B-MISC|B-LOCATION
music	I-MISC
festival	I-MISC
this	O
July	B-DATE
23rd	I-DATE
.	O

The	O
music	O
festival	O
celebrates	O
diversity	O
and	O
will	O
take	O
place	O
from	O
July	B-DATE
21	I-DATE
to	I-DATE
23	I-DATE
in	O
the	O
emblematic	O
â	O
Ciutat	B-LOCATION
de	I-LOCATION
les	I-LOCATION
Arts	I-LOCATION
y	I-LOCATION
les	I-LOCATION
CiÃ¨ncies	I-LOCATION
â	O
in	O
ValÃ¨ncia	B-LOCATION
.	O

The	O
organizers	O
of	O
the	O
Festival	O
say	O
that	O
Karol	B-GIVEN_NAME
G	B-FAMILY_NAME
âs	O
career	O
is	O
representative	O
of	O
the	O
inclusive	O
values	O
ââ	O
of	O
the	O
international	O
event	O
.	O

Karol	B-GIVEN_NAME
G	B-FAMILY_NAME
âs	O
participation	O
in	O
the	O
Diversity	B-BRANDS
Festival	B-MISC
will	O
be	O
her	O
only	O
show	O
in	O
Europe	B-LOCATION
.	O

It	O
will	O
be	O
on	O
July	B-DATE
23	I-DATE
,	O
and	O
she	O
will	O
share	O
the	O
bill	O
with	O
big	O
names	O
like	O
Black	B-ORGANIZATION
Eyed	I-ORGANIZATION
Peas	I-ORGANIZATION
,	O
H.	B-GIVEN_NAME
E.	B-FAMILY_NAME
R.	I-FAMILY_NAME
,	O
Don	B-GIVEN_NAME
Diable	B-FAMILY_NAME
,	O
LP	B-GIVEN_NAME
,	O
Rag	B-GIVEN_NAME
â	B-FAMILY_NAME
n	I-FAMILY_NAME
â	I-FAMILY_NAME
Bone	I-FAMILY_NAME
,	O
Cupido	B-GIVEN_NAME
,	O
Jimena	B-GIVEN_NAME
Amarilla	B-FAMILY_NAME
and	O
others	O
.	O

Karol	B-GIVEN_NAME
G	B-FAMILY_NAME
has	O
become	O
an	O
undisputed	O
world	O
leader	O
and	O
icon	O
of	O
Latin	B-AFFILIATION
music	O
and	O
the	O
urban	O
genre	O
,	O
with	O
her	O
most	O
recent	O
recognition	O
has	O
been	O
the	O
HEAT	B-BRANDS
Latin	B-MISC
Music	I-MISC
Awards	I-MISC
2022	I-MISC
for	O
Best	B-BRANDS
Female	B-MISC
Artist	I-MISC
,	O
an	O
award	O
that	O
is	O
chosen	O
by	O
popular	O
vote	O
.	O

According	O
to	O
the	O
organization	O
of	O
the	O
festival	O
,	O
â	O
Bichota	B-BRANDS
â	O
â	O
has	O
become	O
the	O
best	O
-	O
selling	O
female	O
presence	O
in	O
the	O
Latin	B-AFFILIATION
music	O
industry	O
and	O
also	O
the	O
most	O
listened	O
to	O
on	O
all	O
platforms	O
in	O
the	O
world	O
.	O
â	O

With	O
her	O
single	O
,	O
Karol	B-GIVEN_NAME
G	B-FAMILY_NAME
also	O
surpassed	O
her	O
own	O
record	O
on	O
the	O
Billboard	B-BRANDS
Hot	B-MISC
Latin	I-MISC|B-AFFILIATION
Songs	I-MISC
list	O
,	O
which	O
together	O
with	O
MAMIII	B-BRANDS
,	O
simultaneously	O
occupied	O
the	O
first	O
two	O
positions	O
of	O
the	O
same	O
.	O

The	O
Diversity	B-BRANDS
ValÃ¨ncia	B-MISC|B-LOCATION
Festival	I-MISC
will	O
celebrate	O
diversity	O
from	O
July	B-DATE
21	I-DATE
to	I-DATE
23	I-DATE
in	O
the	O
emblematic	O
â	O
Ciutat	B-LOCATION
de	I-LOCATION
les	I-LOCATION
Arts	I-LOCATION
y	I-LOCATION
les	I-LOCATION
CiÃ¨ncies	I-LOCATION
â	O
,	O
and	O
in	O
addition	O
to	O
Karol	B-GIVEN_NAME
G	B-FAMILY_NAME
âs	O
exclusive	O
show	O
in	O
Europe	B-LOCATION
,	O
it	O
will	O
present	O
two	O
unique	O
shows	O
for	O
Spain	B-LOCATION
of	O
international	O
musical	O
phenomena	O
as	O
powerful	O
as	O
H.	B-GIVEN_NAME
E.	B-FAMILY_NAME
R.	I-FAMILY_NAME

