It	O
âs	O
estimated	O
that	O
around	O
eighty	O
-	O
five	O
thousand	O
employees	O
cannot	O
access	O
the	O
institution	O
âs	O
databases	O
.	O

Therefore	O
,	O
the	O
IT	B-ORGANIZATION
Management	I-ORGANIZATION
Department	I-ORGANIZATION
activated	O
the	O
established	O
protocol	O
,	O
which	O
includes	O
the	O
preventive	O
disabling	O
of	O
the	O
institutional	O
servers	O
.	O

â	O
We	O
worked	O
in	O
inter	O
-	O
institutional	O
coordination	O
with	O
MICITT	B-ORGANIZATION
during	O
the	O
early	O
morning	O
hours	O
,	O
and	O
to	O
date	O
,	O
we	O
have	O
not	O
been	O
able	O
to	O
determine	O
any	O
breach	O
to	O
our	O
systems	O
,	O
â	O
the	O
institution	O
indicated	O
through	O
a	O
Facebook	B-ORGANIZATION
post	O
.	O

Due	O
to	O
the	O
disconnection	O
,	O
the	O
MEP	B-ORGANIZATION
offices	O
were	O
left	O
without	O
consultation	O
systems	O
,	O
so	O
until	O
further	O
notice	O
,	O
it	O
will	O
not	O
be	O
possible	O
to	O
serve	O
users	O
or	O
carry	O
out	O
administrative	O
procedures	O
.	O

â	O
Currently	O
,	O
we	O
are	O
following	O
up	O
with	O
the	O
MEP	B-ORGANIZATION
âs	O
technology	O
team	O
.	O
There	O
are	O
no	O
signs	O
that	O
a	O
cyber	O
-	O
attack	O
has	O
materialized	O
,	O
â	O
said	O
Paula	B-GIVEN_NAME
Brenes	B-FAMILY_NAME
RamÃ­rez	I-FAMILY_NAME
,	O
director	O
of	O
Digital	B-ORGANIZATION
Governance	I-ORGANIZATION
.	O

In	O
addition	O
,	O
Otto	B-GIVEN_NAME
Vargas	B-FAMILY_NAME
,	O
MEP	B-ORGANIZATION
âs	O
press	O
director	O
,	O
said	O
that	O
the	O
IT	B-ORGANIZATION
Department	I-ORGANIZATION
is	O
working	O
on	O
enabling	O
the	O
systems	O
as	O
soon	O
as	O
possible	O
.	O

â	O
Today	O
,	O
it	O
will	O
not	O
be	O
possible	O
to	O
provide	O
assistance	O
to	O
users	O
or	O
to	O
carry	O
out	O
any	O
procedures	O
until	O
it	O
is	O
determined	O
that	O
it	O
is	O
safe	O
to	O
restore	O
the	O
servers	O
,	O
â	O
MEP	B-ORGANIZATION
authorities	O
added	O
.	O

Furthermore	O
,	O
they	O
assured	O
that	O
the	O
containment	O
actions	O
were	O
implemented	O
.	O
MEP	B-ORGANIZATION
authorities	O
analyzed	O
the	O
incident	O
,	O
and	O
the	O
reinforcement	O
of	O
cybersecurity	O
will	O
continue	O
according	O
to	O
the	O
related	O
protocols	O
.	O

Unfortunately	O
,	O
Costa	B-LOCATION
Rica	I-LOCATION
has	O
been	O
the	O
target	O
of	O
cyber	O
-	O
attacks	O
.	O
At	O
least	O
27	O
public	O
entities	O
have	O
been	O
affected	O
by	O
these	O
criminal	O
acts	O
since	O
April	B-DATE
.	O

The	O
most	O
recent	O
attack	O
was	O
suffered	O
by	O
the	O
Costa	B-ORGANIZATION|B-AFFILIATION
Rican	I-ORGANIZATION|I-AFFILIATION
Social	I-ORGANIZATION
Security	I-ORGANIZATION
Fund	I-ORGANIZATION
(	O
Caja	B-ORGANIZATION
Costarricense	I-ORGANIZATION
del	I-ORGANIZATION
Seguro	I-ORGANIZATION
Social	I-ORGANIZATION
)	O
.	O
Today	O
,	O
the	O
institution	O
continues	O
to	O
be	O
affected	O
by	O
this	O
serious	O
incident	O
.	O

Currently	O
,	O
authorities	O
from	O
the	O
Ministry	B-ORGANIZATION
of	I-ORGANIZATION
Publication	I-ORGANIZATION
Education	I-ORGANIZATION
are	O
investigating	O
the	O
incident	O
.	O
It	O
is	O
expected	O
that	O
in	O
the	O
next	O
few	O
days	O
,	O
they	O
will	O
be	O
able	O
to	O
provide	O
a	O
detailed	O
report	O
.	O

President	O
Chaves	B-GIVEN_NAME
mentioned	O
that	O
his	O
administration	O
would	O
focus	O
on	O
implementing	O
cybersecurity	O
strategies	O
.	O
He	O
also	O
explained	O
that	O
,	O
in	O
general	O
,	O
public	O
institutions	O
lacked	O
cybersecurity	O
plans	O
and	O
were	O
therefore	O
vulnerable	O
to	O
these	O
attacks	O
.	O

