The	O
Costa	B-ORGANIZATION|B-AFFILIATION
Rican	I-ORGANIZATION|I-AFFILIATION
Women	I-ORGANIZATION
âs	I-ORGANIZATION
National	I-ORGANIZATION
Soccer	I-ORGANIZATION
Team	I-ORGANIZATION
lost	O
1-0	O
against	O
Jamaica	B-LOCATION
in	O
the	O
third	O
-	O
place	O
game	O
of	O
the	O
CONCACAF	B-ORGANIZATION
qualifying	O
tournament	O
.	O

Las	B-ORGANIZATION
Ticas	I-ORGANIZATION
did	O
manage	O
to	O
qualify	O
for	O
the	O
2023	B-BRANDS|B-DATE
World	B-MISC
Cup	I-MISC
.	O

However	O
,	O
they	O
will	O
not	O
be	O
able	O
to	O
continue	O
to	O
fight	O
for	O
a	O
spot	O
in	O
the	O
Paris	B-BRANDS|B-LOCATION
2024	B-MISC|I-BRANDS
Olympic	I-MISC
Games	I-MISC
.	O

The	O
Costa	B-ORGANIZATION|B-AFFILIATION
Rican	I-ORGANIZATION|I-AFFILIATION
National	I-ORGANIZATION
Team	I-ORGANIZATION
started	O
the	O
match	O
against	O
Jamaica	B-LOCATION
with	O
an	O
aggressive	O
attack	O
.	O

At	O
the	O
beginning	O
of	O
the	O
first	O
half	O
,	O
they	O
had	O
two	O
very	O
clear	O
options	O
that	O
could	O
not	O
be	O
scored	O
by	O
the	O
Costa	B-AFFILIATION
Rican	I-AFFILIATION
forwards	O
.	O

At	O
the	O
end	O
of	O
the	O
first	O
half	O
,	O
the	O
score	O
was	O
0-0	O
despite	O
the	O
dominance	O
and	O
constant	O
attacks	O
by	O
the	O
Costa	B-AFFILIATION
Rican	I-AFFILIATION
team	O
.	O

In	O
the	O
second	O
half	O
,	O
Jamaica	B-LOCATION
was	O
more	O
aggressive	O
.	O

The	O
offenses	O
led	O
by	O
Drew	B-GIVEN_NAME
Spence	B-FAMILY_NAME
and	O
Jody	B-GIVEN_NAME
Brown	B-FAMILY_NAME
complicated	O
the	O
game	O
for	O
Costa	B-LOCATION
Rica	I-LOCATION
.	O

Costa	B-AFFILIATION
Rican	I-AFFILIATION
goalkeeper	O
Daniela	B-GIVEN_NAME
Solera	B-FAMILY_NAME
was	O
the	O
second	O
-	O
half	O
star	O
.	O

Her	O
excellent	O
skills	O
denied	O
Jamaica	B-LOCATION
âs	O
goals	O
.	O

During	O
the	O
third	O
minute	O
of	O
added	O
time	O
,	O
Raquel	B-GIVEN_NAME
RodrÃ­guez	B-FAMILY_NAME
shot	O
in	O
front	O
of	O
the	O
goal	O
,	O
and	O
the	O
ball	O
smashed	O
against	O
the	O
post	O
.	O

The	O
game	O
then	O
went	O
to	O
extra	O
time	O
,	O
and	O
in	O
the	O
102nd	O
minute	O
,	O
Kalyssa	B-GIVEN_NAME
Vanzanten	B-FAMILY_NAME
shot	O
on	O
goal	O
,	O
making	O
it	O
0-1	O
.	O

In	O
the	O
end	O
,	O
the	O
Costa	B-AFFILIATION
Ricans	I-AFFILIATION
left	O
heart	O
,	O
soul	O
,	O
and	O
life	O
on	O
the	O
field	O
.	O
Even	O
though	O
exhaustion	O
was	O
noticeable	O
during	O
the	O
overtime	O
,	O
they	O
did	O
not	O
stop	O
running	O
and	O
trying	O
to	O
tie	O
the	O
game	O
.	O
Determination	O
and	O
desire	O
to	O
qualify	O
for	O
the	O
Olympics	B-BRANDS
moved	O
them	O
,	O
even	O
when	O
the	O
heat	O
and	O
physical	O
exhaustion	O
seemed	O
to	O
tear	O
them	O
down	O
.	O

Although	O
the	O
United	B-LOCATION
States	I-LOCATION
and	O
Canada	B-LOCATION
are	O
the	O
strongest	O
teams	O
in	O
the	O
area	O
,	O
several	O
teams	O
have	O
proven	O
their	O
growth	O
.	O

Costa	B-LOCATION
Rica	I-LOCATION
âs	O
coach	O
,	O
Amelia	B-GIVEN_NAME
Valverde	B-FAMILY_NAME
,	O
acknowledged	O
the	O
progress	O
of	O
CONCACAF	B-ORGANIZATION
âs	O
national	O
teams	O
.	O

Valverde	B-GIVEN_NAME
also	O
commented	O
on	O
the	O
match	O
,	O
mentioning	O
it	O
was	O
hard	O
-	O
fought	O
,	O
physically	O
demanding	O
,	O
and	O
indicated	O
areas	O
for	O
improvement	O
.	O
She	O
also	O
said	O
that	O
she	O
was	O
disappointed	O
with	O
fourth	O
place	O
in	O
the	O
tournament	O
.	O

â	O
Of	O
course	O
,	O
I	O
âm	O
not	O
going	O
to	O
be	O
happy	O
;	O
we	O
were	O
aiming	O
to	O
be	O
in	O
the	O
top	O
three	O
.	O
We	O
had	O
some	O
chances	O
but	O
did	O
nât	O
score	O
;	O
it	O
is	O
how	O
it	O
is	O
.	O
Unfortunately	O
,	O
in	O
a	O
careless	O
mistake	O
,	O
we	O
conceded	O
the	O
goal	O
.	O
We	O
tried	O
to	O
get	O
back	O
on	O
track	O
,	O
we	O
changed	O
the	O
system	O
towards	O
the	O
end	O
,	O
but	O
it	O
did	O
nât	O
work	O
out	O
,	O
â	O
said	O
Valverde	B-GIVEN_NAME
.	O

