For	O
decades	O
,	O
the	O
Cuban	B-AFFILIATION
regime	O
insisted	O
on	O
"	O
doing	O
more	O
with	O
less	O
"	O
a	O
slogan	O
that	O
only	O
led	O
to	O
failure	O
.	O

But	O
now	O
the	O
Government	O
has	O
gone	O
to	O
the	O
other	O
extreme	O
of	O
inefficiency	O
.	O

In	O
terms	O
of	O
eradicating	O
all	O
forms	O
of	O
violence	O
and	O
discrimination	O
against	O
women	O
,	O
it	O
has	O
"	O
succeeded	O
"	O
in	O
doing	O
less	O
with	O
more	O
,	O
as	O
it	O
continues	O
to	O
adopt	O
programs	O
and	O
strategies	O
that	O
do	O
not	O
make	O
up	O
for	O
the	O
absence	O
of	O
a	O
comprehensive	O
law	O
against	O
gender	O
-	O
based	O
violence	O
,	O
and	O
to	O
offer	O
no	O
solutions	O
to	O
the	O
poverty	O
and	O
violence	O
â	O
also	O
institutional	O
â	O
suffered	O
by	O
women	O
in	O
Cuba	B-LOCATION
.	O

The	O
president	O
of	O
the	O
Supreme	B-ORGANIZATION
People	I-ORGANIZATION
's	I-ORGANIZATION
Court	I-ORGANIZATION
(	O
TSP	B-ORGANIZATION
)	O
,	O
RubÃ©n	B-GIVEN_NAME
Remigio	B-FAMILY_NAME
Ferro	I-FAMILY_NAME
,	O
recently	O
presented	O
a	O
strategy	O
to	O
incorporate	O
the	O
gender	O
perspective	O
and	O
the	O
fight	O
against	O
violence	O
into	O
the	O
government	O
's	O
working	O
group	O
on	O
the	O
subject	O
,	O
according	O
to	O
the	O
institution	O
's	O
Twitter	B-ORGANIZATION
account	O
.	O

The	O
announcement	O
is	O
surprising	O
because	O
,	O
among	O
other	O
reasons	O
,	O
neither	O
the	O
judges	O
nor	O
the	O
other	O
workers	O
in	O
Cuba	B-LOCATION
's	O
legal	O
system	O
have	O
training	O
in	O
this	O
area	O
,	O
just	O
as	O
they	O
have	O
none	O
in	O
human	O
rights	O
,	O
as	O
these	O
subjects	O
do	O
not	O
form	O
part	O
of	O
law	O
school	O
curricula	O
in	O
the	O
country	O
.	O

In	O
November	B-DATE
of	I-DATE
2020	I-DATE
,	O
speaking	O
at	O
a	O
Round	B-BRANDS
Table	B-MISC
dedicated	O
to	O
the	O
National	B-BRANDS
Advancement	B-MISC
Program	I-MISC
for	I-MISC
Women	I-MISC
,	O
First	O
Deputy	O
Minister	O
of	O
Justice	O
Rosabel	B-GIVEN_NAME
GamÃ³n	B-FAMILY_NAME
recognized	O
that	O
it	O
was	O
necessary	O
to	O
train	O
Cuban	B-AFFILIATION
students	O
and	O
legal	O
professionals	O
on	O
gender	O
issues	O
.	O

In	O
addition	O
to	O
the	O
abovementioned	O
strategy	O
,	O
since	O
2007	B-DATE
Cuba	B-LOCATION
's	O
TSP	B-ORGANIZATION
Cuba	I-ORGANIZATION|B-LOCATION
has	O
had	O
Directive	B-BRANDS
187	B-MISC
and	O
,	O
five	B-DURATION
years	I-DURATION
later	O
,	O
approved	O
Directive	B-BRANDS
216	B-MISC
,	O
with	O
which	O
it	O
introduced	O
the	O
family	O
procedure	O
and	O
the	O
creation	O
of	O
special	O
courts	O
to	O
reform	O
the	O
Family	B-BRANDS
Code	B-MISC
.	O

In	O
practice	O
,	O
these	O
instructions	O
have	O
not	O
been	O
incorporated	O
into	O
all	O
the	O
country	O
's	O
courts	O
since	O
then	O
,	O
because	O
they	O
are	O
not	O
mandatory	O
,	O
so	O
their	O
existence	O
has	O
been	O
of	O
little	O
use	O
in	O
dealing	O
with	O
gender	O
-	O
based	O
violence	O
.	O

It	O
should	O
also	O
be	O
noted	O
that	O
the	O
TSP	B-ORGANIZATION
was	O
the	O
body	O
responsible	O
for	O
drafting	O
the	O
Penal	B-BRANDS
Code	B-MISC
approved	O
in	O
May	B-DATE
by	O
the	O
National	B-ORGANIZATION
Assembly	I-ORGANIZATION
of	I-ORGANIZATION
Popular	I-ORGANIZATION
Power	I-ORGANIZATION
.	O

The	O
law	O
,	O
despite	O
containing	O
articles	O
that	O
,	O
with	O
respect	O
to	O
the	O
Cuban	B-AFFILIATION
criminal	O
law	O
still	O
in	O
force	O
,	O
show	O
progress	O
in	O
terms	O
of	O
gender	O
,	O
does	O
not	O
officially	O
classify	O
femicide	O
as	O
a	O
specific	O
class	O
of	O
crime	O
.	O

Even	O
deputy	O
Mariela	B-GIVEN_NAME
Castro	B-FAMILY_NAME
requested	O
the	O
classification	O
of	O
the	O
aforementioned	O
crime	O
,	O
despite	O
the	O
fact	O
that	O
,	O
in	O
2015	B-DATE
,	O
in	O
an	O
interview	O
with	O
the	O
newspaper	O
Tiempo	B-ORGANIZATION
Argentino	I-ORGANIZATION
,	O
she	O
stated	O
:	O
"	O
we	O
do	O
not	O
have	O
,	O
for	O
example	O
,	O
femicides	O
.	O

Because	O
Cuba	B-LOCATION
is	O
not	O
a	O
violent	O
country	O
,	O
and	O
that	O
is	O
an	O
effect	O
of	O
the	O
Revolution	O
,	O
"	O
she	O
added	O
.	O

Since	O
then	O
,	O
she	O
seems	O
to	O
have	O
awakened	O
to	O
reality	O
,	O
as	O
from	O
January	B-DATE
1	I-DATE
,	I-DATE
2020	I-DATE
to	O
date	O
more	O
than	O
70	O
women	O
have	O
died	O
of	O
gender	O
-	O
based	O
violence	O
in	O
Cuba	B-LOCATION
,	O
according	O
to	O
unofficial	O
statistics	O
,	O
since	O
the	O
Cuban	B-AFFILIATION
government	O
does	O
not	O
disclose	O
data	O
on	O
this	O
scourge	O
.	O

Thus	O
,	O
though	O
Cuba	B-LOCATION
's	O
TSP	B-ORGANIZATION
is	O
,	O
supposedly	O
,	O
concerned	O
about	O
gender	O
-	O
based	O
violence	O
,	O
as	O
evidenced	O
by	O
its	O
recently	O
approved	O
strategy	O
to	O
incorporate	O
a	O
gender	O
perspective	O
,	O
it	O
is	O
not	O
concerned	O
enough	O
to	O
classify	O
femicide	O
as	O
a	O
crime	O
in	O
the	O
Criminal	B-BRANDS
Code	B-MISC
it	O
drafted	O
.	O

In	O
October	B-DATE
of	I-DATE
2020	I-DATE
the	O
Council	B-ORGANIZATION
of	I-ORGANIZATION
Ministers	I-ORGANIZATION
approved	O
the	O
aforementioned	O
National	B-BRANDS
Program	B-MISC
for	I-MISC
the	I-MISC
Advancement	I-MISC
of	I-MISC
Women	I-MISC
.	O

A	O
month	O
later	O
Teresa	B-GIVEN_NAME
Amarelle	B-FAMILY_NAME
Baue	I-FAMILY_NAME
,	O
national	O
secretary	O
of	O
the	O
Federation	B-ORGANIZATION
of	I-ORGANIZATION
Cuban	I-ORGANIZATION
Women	I-ORGANIZATION
(	O
FMC	B-ORGANIZATION
)	O
,	O
stated	O
that	O
this	O
does	O
not	O
constitute	O
a	O
new	O
program	O
,	O
but	O
rather	O
an	O
updating	O
of	O
the	O
National	B-BRANDS
Follow	B-MISC
-	I-MISC
up	I-MISC
Action	I-MISC
Plan	I-MISC
for	I-MISC
Beijing	I-MISC|B-LOCATION
,	O
approved	O
in	O
1997	B-DATE
.	O

Therefore	O
,	O
the	O
Cuban	B-ORGANIZATION|B-AFFILIATION
Government	I-ORGANIZATION
can	O
now	O
show	O
international	O
agencies	O
that	O
it	O
has	O
a	O
national	O
program	O
,	O
updating	O
a	O
plan	O
dating	O
from	O
25	B-DURATION
years	I-DURATION
ago	O
,	O
and	O
both	O
directives	O
and	O
a	O
strategy	O
from	O
the	O
TSP	B-ORGANIZATION
,	O
in	O
order	O
to	O
convince	O
them	O
that	O
it	O
is	O
doing	O
what	O
it	O
can	O
,	O
when	O
it	O
could	O
do	O
more	O
,	O
and	O
more	O
efficiently	O
,	O
with	O
the	O
kind	O
of	O
comprehensive	O
law	O
against	O
gender	O
-	O
based	O
violence	O
that	O
Cuban	B-AFFILIATION
activists	O
and	O
women	O
's	O
platforms	O
have	O
called	O
for	O
.	O

Regarding	O
the	O
results	O
of	O
the	O
national	O
program	O
,	O
on	O
May	B-DATE
13	I-DATE
Prensa	B-ORGANIZATION
Latina	I-ORGANIZATION
published	O
,	O
one	B-DURATION
year	I-DURATION
after	O
its	O
implementation	O
,	O
that	O
it	O
is	O
known	O
about	O
,	O
and	O
followed	O
,	O
but	O
it	O
has	O
not	O
yet	O
had	O
a	O
real	O
impact	O
on	O
the	O
female	O
sphere	O
,	O
and	O
is	O
generally	O
a	O
concern	O
of	O
executives	O
,	O
both	O
male	O
and	O
female	O
.	O

This	O
was	O
also	O
acknowledged	O
in	O
a	O
report	O
on	O
the	O
verifications	O
of	O
the	O
program	O
's	O
implementation	O
.	O

According	O
to	O
the	O
document	O
,	O
"	O
although	O
there	O
is	O
still	O
a	O
long	O
way	O
to	O
go	O
,	O
the	O
deputies	O
concluded	O
that	O
efforts	O
are	O
on	O
the	O
rise	O
to	O
increase	O
job	O
offers	O
for	O
unemployed	O
women	O
,	O
or	O
other	O
women	O
in	O
vulnerable	O
situations	O
,	O
to	O
free	O
them	O
from	O
dependence	O
on	O
social	O
security	O
and	O
empower	O
them	O
to	O
become	O
independent	O
.	O
"	O

This	O
includes	O
mothers	O
with	O
three	O
or	O
more	O
children	O
,	O
for	O
whom	O
the	O
Cuban	B-ORGANIZATION|B-AFFILIATION
Government	I-ORGANIZATION
prioritizes	O
a	O
housing	O
program	O
in	O
coordination	O
with	O
the	O
territories	O
.	O

Last	O
April	B-DATE
,	O
however	O
,	O
the	O
Cuban	B-AFFILIATION
authorities	O
had	O
to	O
admit	O
that	O
in	O
2021	B-DATE
less	O
than	O
50	O
%	O
of	O
the	O
housing	O
construction	O
plan	O
âs	O
targets	O
were	O
met	O
,	O
though	O
in	O
the	O
midst	O
of	O
the	O
Covid	B-BRANDS
-	B-MISC
19	I-MISC
pandemic	O
the	O
construction	O
of	O
hotels	O
continued	O
.	O

The	O
reality	O
continues	O
to	O
be	O
disheartening	O
for	O
women	O
who	O
decide	O
to	O
have	O
children	O
in	O
Cuba	B-LOCATION
.	O

At	O
the	O
beginning	O
of	O
June	B-DATE
,	O
shortly	O
after	O
Prensa	B-ORGANIZATION
Latina	I-ORGANIZATION
published	O
information	O
on	O
"	O
the	O
verifications	O
of	O
the	O
program	O
's	O
implementation	O
,	O
"	O
the	O
feminist	O
platform	O
YoSÃ­TeCreo	B-ORGANIZATION
(	O
IBelieveYou	B-ORGANIZATION
)	O
complained	O
that	O
a	O
pregnant	O
girl	O
,	O
under	O
the	O
age	O
of	O
17	O
and	O
abandoned	O
by	O
her	O
family	O
in	O
Havana	B-LOCATION
,	O
had	O
been	O
put	O
up	O
by	O
the	O
local	O
government	O
,	O
along	O
with	O
others	O
,	O
in	O
state	O
accommodations	O
not	O
compliant	O
with	O
health	O
and	O
safety	O
regulations	O
.	O

The	O
minor	O
,	O
Yasleidy	B-GIVEN_NAME
Barrientos	B-FAMILY_NAME
GarcÃ­a	I-FAMILY_NAME
,	O
had	O
ended	O
up	O
there	O
,	O
"	O
after	O
numerous	O
efforts	O
and	O
protests	O
(	O
...	O
)	O
between	O
March	B-DATE
and	O
May	B-DATE
of	O
this	O
year	O
.	O
"	O

When	O
she	O
was	O
22	O
weeks	O
pregnant	O
,	O
with	O
a	O
low	O
-	O
weight	O
fetus	O
,	O
the	O
authorities	O
decided	O
to	O
give	O
the	O
adolescent	O
a	O
stipend	O
and	O
to	O
send	O
her	O
to	O
a	O
"	O
half	O
-	O
way	O
house	O
"	O
located	O
on	O
the	O
Calle	B-LOCATION
311	I-LOCATION
,	I-LOCATION
between	I-LOCATION
178	I-LOCATION
and	I-LOCATION
182	I-LOCATION
,	O
Reparto	B-LOCATION
Lutgardita	I-LOCATION
,	O
Boyeros	B-LOCATION
municipality	O
,	O
in	O
Havana	B-LOCATION
.	O

The	O
teen	O
was	O
assured	O
that	O
her	O
stay	O
there	O
would	O
be	O
"	O
temporary	O
,	O
"	O
but	O
some	O
girls	O
had	O
been	O
there	O
for	O
more	O
than	O
a	O
year	O
.	O

These	O
young	O
women	O
may	O
feel	O
fortunate	O
,	O
however	O
,	O
compared	O
to	O
other	O
Cuban	B-AFFILIATION
homeless	O
mothers	O
,	O
who	O
opt	O
to	O
squat	O
in	O
abandoned	O
State	O
premises	O
to	O
at	O
least	O
put	O
a	O
roof	O
over	O
their	O
heads	O
and	O
those	O
of	O
their	O
children	O
.	O

They	O
are	O
often	O
violently	O
evicted	O
from	O
these	O
sites	O
by	O
the	O
police	O
,	O
on	O
the	O
orders	O
of	O
government	O
officials	O
,	O
without	O
the	O
FMC	B-ORGANIZATION
doing	O
anything	O
against	O
this	O
form	O
of	O
institutional	O
violence	O
,	O
and	O
without	O
the	O
national	O
advancement	O
program	O
making	O
any	O
difference	O
to	O
date	O
.	O

If	O
,	O
as	O
the	O
president	O
of	O
the	O
FMC	B-ORGANIZATION
has	O
stated	O
,	O
the	O
advancement	O
program	O
is	O
the	O
updated	O
version	O
of	O
a	O
national	O
plan	O
,	O
the	O
logical	O
step	O
would	O
not	O
be	O
to	O
evaluate	O
what	O
has	O
been	O
achieved	O
in	O
a	O
year	O
,	O
but	O
rather	O
in	O
the	O
25	B-DURATION
years	I-DURATION
since	O
the	O
approval	O
of	O
said	O
plan	O
.	O

Since	O
then	O
,	O
what	O
has	O
been	O
achieved	O
by	O
the	O
Government	O
and	O
the	O
FMC	B-ORGANIZATION
,	O
which	O
is	O
the	O
national	O
mechanism	O
for	O
the	O
"	O
advancement	O
of	O
women	O
"	O
and	O
the	O
"	O
theoretical	O
and	O
methodological	O
reference	O
point	O
for	O
gender	O
issues	O
?	O
"	O

What	O
good	O
has	O
the	O
creation	O
of	O
the	O
national	O
advancement	O
program	O
been	O
?	O

Its	O
only	O
contribution	O
so	O
far	O
seems	O
to	O
have	O
been	O
,	O
as	O
the	O
activist	O
Aimara	B-GIVEN_NAME
PeÃ±a	B-FAMILY_NAME
told	O
DIARIO	B-ORGANIZATION
DE	I-ORGANIZATION
CUBA	I-ORGANIZATION|B-LOCATION
in	O
2021	B-DATE
,	O
the	O
acknowledgement	O
that	O
in	O
Cuba	B-LOCATION
"	O
women	O
have	O
been	O
left	O
behind	O
and	O
suffer	O
violence	O
,	O
"	O
a	O
fact	O
the	O
Cuban	B-AFFILIATION
regime	O
sought	O
to	O
deny	O
for	O
a	O
long	O
time	O
.	O

