The	O
"	O
achievements	O
of	O
the	O
Revolution	O
"	O
just	O
keep	O
on	O
coming	O
:	O
the	O
most	O
recent	O
harvest	O
yielded	O
less	O
sugar	O
was	O
produced	O
than	O
during	O
the	O
Ten	B-DURATION
Years	I-DURATION
'	B-MISC
War	I-MISC
â¦	O
which	O
began	O
in	O
1868	B-DATE
.	O

In	O
the	O
latest	O
campaign	O
(	O
2021-2022	B-DATE
)	O
,	O
473,000	O
tons	O
of	O
sugar	O
were	O
produced	O
,	O
while	O
in	O
the	O
turbulent	O
decade	O
of	O
the	O
first	O
independence	O
movement	O
the	O
mills	O
of	O
what	O
was	O
then	O
still	O
a	O
colony	O
produced	O
between	O
720,250	O
and	O
553,364	O
tons	O
of	O
sugar	O
annually	O
,	O
according	O
to	O
historian	O
Julio	B-GIVEN_NAME
Le	B-FAMILY_NAME
Riverend	I-FAMILY_NAME
in	O
his	O
work	O
Historia	B-BRANDS
EconÃ³mica	B-MISC
de	I-MISC
Cuba	I-MISC|B-LOCATION
(	O
An	B-LOCATION
Economic	I-LOCATION
History	I-LOCATION
of	I-LOCATION
Cuba	I-LOCATION
)	O
.	O

And	O
,	O
after	O
the	O
war	O
and	O
the	O
Pacto	B-BRANDS
del	B-MISC
ZanjÃ³n	I-MISC
,	O
the	O
treaty	O
ending	O
the	O
conflict	O
,	O
the	O
1879	B-DATE
harvest	O
produced	O
608,364	O
tons	O
.	O

This	O
last	O
"	O
revolutionary	O
"	O
harvest	O
did	O
not	O
even	O
match	O
the	O
502,000	O
tons	O
produced	O
in	O
1864	B-DATE
,	O
four	B-DURATION
years	I-DURATION
before	O
Carlos	B-GIVEN_NAME
Manuel	B-FAMILY_NAME
de	I-FAMILY_NAME
CÃ©spedes	I-FAMILY_NAME
took	O
up	O
arms	O
in	O
La	B-LOCATION
Demajagua	I-LOCATION
against	O
Spanish	B-AFFILIATION
colonialism	O
.	O

It	O
gets	O
worse	O
.	O

In	O
1894	B-DATE
,	O
a	O
year	O
before	O
the	O
landing	O
of	O
JosÃ©	B-GIVEN_NAME
MartÃ­	B-FAMILY_NAME
and	O
MÃ¡ximo	B-GIVEN_NAME
GÃ³mez	B-FAMILY_NAME
in	O
the	O
East	B-LOCATION
to	O
commence	O
the	O
second	O
and	O
definitive	O
War	B-BRANDS
of	B-MISC
Independence	I-MISC
,	O
the	O
harvest	O
in	O
Cuba	B-LOCATION
produced	O
1.1	O
million	O
tons	O
,	O
more	O
than	O
double	O
what	O
was	O
just	O
achieved	O
,	O
in	O
the	O
third	O
decade	O
of	O
the	O
21st	O
century	O
.	O

This	O
has	O
,	O
undoubtedly	O
,	O
been	O
the	O
biggest	O
sugar	O
disaster	O
Cuba	B-LOCATION
has	O
ever	O
seen	O
.	O

In	O
a	O
single	O
year	O
production	O
plummeted	O
from	O
the	O
816,000	O
tons	O
produced	O
in	O
2021	B-DATE
,	O
with	O
the	O
yield	O
falling	O
48	O
%	O
short	O
of	O
the	O
target	O
set	O
,	O
something	O
that	O
has	O
never	O
happened	O
,	O
as	O
far	O
as	O
we	O
know	O
,	O
in	O
any	O
other	O
sugar	O
-	O
producing	O
country	O
not	O
affected	O
by	O
a	O
severe	O
natural	O
disaster	O
or	O
pest	O
crisis	O
.	O

This	O
time	O
,	O
the	O
official	O
designated	O
to	O
face	O
the	O
press	O
was	O
Dionis	B-GIVEN_NAME
Perez	B-FAMILY_NAME
,	O
a	O
bureaucrat	O
with	O
the	O
AZCUBA	B-ORGANIZATION
monopoly	O
,	O
who	O
told	O
Granma	B-ORGANIZATION
that	O
only	O
3	O
of	O
the	O
35	O
plants	O
that	O
ground	O
cane	O
in	O
this	O
harvest	O
met	O
the	O
targets	O
in	O
the	O
plan	O
:	O
the	O
Melanio	B-GIVEN_NAME
Hernandez	B-FAMILY_NAME
,	O
in	O
Sancti	B-LOCATION
Spiritus	I-LOCATION
;	O
the	O
14	B-TIME
de	B-MISC
Julio	I-MISC
,	O
in	O
Cienfuegos	B-LOCATION
,	O
and	O
the	O
Boris	B-GIVEN_NAME
Luis	B-FAMILY_NAME
Santa	I-FAMILY_NAME
Coloma	I-FAMILY_NAME
,	O
in	O
Mayabeque	B-LOCATION
.	O

The	O
national	O
plan	O
called	O
for	O
911,000	O
tons	O
of	O
sugar	O
.	O

with	O
500,000	O
allotted	O
for	O
domestic	O
consumption	O
,	O
and	O
411,000	O
for	O
export	O
,	O
of	O
which	O
400,000	O
tons	O
were	O
shipped	O
to	O
China	B-LOCATION
to	O
comply	O
with	O
an	O
ongoing	O
agreement	O
with	O
Beijing	B-LOCATION
.	O

Coming	O
through	O
for	O
China	B-LOCATION
and	O
the	O
ration	O
book	O

With	O
national	O
consumption	O
at	O
approximately	O
700,000	O
tons	O
,	O
it	O
is	O
clear	O
that	O
Cuba	B-LOCATION
will	O
be	O
unable	O
to	O
export	O
sugar	O
,	O
so	O
it	O
will	O
have	O
to	O
import	O
it	O
in	O
order	O
to	O
cover	O
domestic	O
consumption	O
and	O
follow	O
through	O
on	O
its	O
commitment	O
to	O
China	B-LOCATION
.	O

If	O
Cubans	B-AFFILIATION
in	O
the	O
1950s	B-DATE
had	O
been	O
told	O
that	O
Cuba	B-LOCATION
would	O
have	O
to	O
import	O
sugar	O
,	O
they	O
would	O
have	O
laughed	O
heartily	O
at	O
the	O
joke	O
.	O

Dionis	B-GIVEN_NAME
said	O
that	O
"	O
raw	O
sugar	O
for	O
family	O
groceries	O
is	O
guaranteed	O
(	O
...	O
)	O
Cubans	B-AFFILIATION
can	O
rest	O
assured	O
,	O
as	O
the	O
product	O
will	O
be	O
in	O
stock	O
at	O
stores	O
.	O
"	O

False	O
.	O
This	O
would	O
be	O
possible	O
if	O
RaÃºl	B-GIVEN_NAME
Castro	B-FAMILY_NAME
hired	O
a	O
sorcerer	O
or	O
a	O
magician	O
,	O
as	O
the	O
harvest	O
came	O
up	O
227,000	O
tons	O
short	O
of	O
the	O
nation	O
's	O
total	O
consumption	O
needs	O
.	O

According	O
to	O
official	O
data	O
,	O
250,000	O
tons	O
are	O
needed	O
to	O
cover	O
stores	O
'	O
ration	O
book	O
quotas	O
.	O
To	O
this	O
must	O
be	O
added	O
consumption	O
at	O
hotels	O
,	O
restaurants	O
,	O
hospitals	O
,	O
schools	O
,	O
workplaces	O
,	O
by	O
the	O
self	O
-	O
employed	O
,	O
etc	O
.	O
And	O
then	O
there	O
is	O
the	O
400,000	O
tons	O
for	O
China	B-LOCATION
.	O

In	O
short	O
,	O
it	O
is	O
impossible	O
to	O
deliver	O
the	O
necessary	O
sugar	O
to	O
China	B-LOCATION
and	O
the	O
amounts	O
entailed	O
by	O
the	O
ration	O
book	O
while	O
satisfying	O
the	O
nation	O
's	O
demand	O
for	O
the	O
product	O
.	O
The	O
numbers	O
do	O
not	O
add	O
up	O
,	O
and	O
the	O
State	O
does	O
not	O
have	O
anything	O
close	O
to	O
the	O
$	B-MONEY
2.704	I-MONEY
billion	I-MONEY
that	O
it	O
would	O
cost	O
to	O
import	O
627,000	O
tons	O
of	O
sugar	O
to	O
satisfy	O
domestic	O
demand	O
,	O
assuming	O
a	O
price	O
of	O
$	B-MONEY
431.22	I-MONEY
per	O
ton	O
of	O
raw	O
sugar	O
,	O
as	O
registered	O
on	O
June	B-DATE
6	I-DATE
(	O
19.56	B-MONEY
cents	I-MONEY
a	I-MONEY
pound	I-MONEY
)	O
in	O
New	B-LOCATION
York	I-LOCATION
.	O

It	O
is	O
a	O
question	O
of	O
mathematics	O
.	O
To	O
honor	O
its	O
agreement	O
with	O
Beijing	B-LOCATION
,	O
and	O
meet	O
the	O
demand	O
for	O
sugar	O
within	O
Cuba	B-LOCATION
,	O
1.1	O
million	O
tons	O
are	O
required	O
.	O
So	O
,	O
either	O
the	O
regime	O
leaves	O
its	O
Chinese	B-AFFILIATION
partner	O
in	O
the	O
lurch	O
,	O
and	O
imports	O
227,000	O
tons	O
to	O
cover	O
all	O
domestic	O
consumption	O
;	O
or	O
it	O
does	O
not	O
import	O
that	O
amount	O
,	O
only	O
partially	O
supplies	O
China	B-LOCATION
,	O
and	O
guarantees	O
the	O
volume	O
required	O
by	O
the	O
ration	O
book	O
,	O
but	O
drastically	O
reduces	O
the	O
rest	O
of	O
the	O
country	O
's	O
consumption	O
(	O
and	O
what	O
about	O
tourism	O
?	O
)	O

There	O
may	O
be	O
other	O
alternatives	O
,	O
but	O
,	O
in	O
any	O
case	O
,	O
a	O
lot	O
of	O
sugar	O
would	O
have	O
to	O
be	O
imported	O
,	O
and	O
there	O
is	O
not	O
enough	O
money	O
to	O
do	O
so	O
.	O
The	O
regime	O
will	O
not	O
have	O
the	O
650,000	O
or	O
700,000	O
tons	O
for	O
domestic	O
consumption	O
without	O
shorting	O
Beijing	B-LOCATION
,	O
nor	O
will	O
it	O
be	O
able	O
to	O
fully	O
deliver	O
the	O
amounts	O
required	O
by	O
the	O
ration	O
book	O
without	O
the	O
rest	O
of	O
national	O
consumption	O
being	O
affected	O
.	O
As	O
the	O
saying	O
goes	O
:	O
"	O
You	O
ca	O
n't	O
have	O
your	O
cake	O
and	O
eat	O
it	O
too	O
.	O
"	O

Dionis	B-GIVEN_NAME
,	O
of	O
course	O
,	O
blamed	O
the	O
disaster	O
on	O
the	O
"	O
blockade	O
"	O
and	O
repeated	O
the	O
usual	O
excuses	O
,	O
saying	O
nothing	O
about	O
the	O
real	O
causes	O
.	O
In	O
passing	O
,	O
he	O
mentioned	O
that	O
at	O
half	O
of	O
the	O
country	O
's	O
sugarcane	O
plantations	O
agricultural	O
productivity	O
was	O
30	O
tons	O
of	O
cane	O
per	O
hectare	O
,	O
a	O
figure	O
so	O
low	O
that	O
it	O
is	O
unheard	O
of	O
.	O

According	O
to	O
the	O
FAO	B-ORGANIZATION
,	O
Peru	B-LOCATION
produces	O
up	O
to	O
128	O
tons	O
of	O
cane	O
per	O
hectare	O
;	O
Guatemala	B-LOCATION
,	O
95	O
tons	O
;	O
and	O
the	O
neighboring	O
Dominican	B-LOCATION
Republic	I-LOCATION
,	O
80	O
tons	O
.	O
Even	O
many	O
poor	O
African	B-AFFILIATION
nations	O
surpass	O
Cuba	B-LOCATION
:	O
Senegal	B-LOCATION
produces	O
117	O
tons	O
of	O
cane	O
per	O
hectare	O
;	O
Malawi	B-LOCATION
,	O
107	O
;	O
Zambia	B-LOCATION
,	O
104	O
;	O
Chad	B-LOCATION
,	O
102	O
;	O
Burkina	B-LOCATION
Faso	I-LOCATION
,	O
101	O
;	O
and	O
Ethiopia	B-LOCATION
,	O
99	O
.	O

And	O
there	O
is	O
another	O
key	O
fact	O
to	O
mention	O
here	O
:	O
this	O
sugar	O
nosedive	O
is	O
not	O
due	O
to	O
the	O
fact	O
that	O
the	O
Government	O
has	O
reduced	O
sugar	O
production	O
to	O
devote	O
sugarcane	O
fields	O
to	O
producing	O
more	O
food	O
for	O
Cubans	B-AFFILIATION
,	O
or	O
ethanol	O
for	O
export	O
,	O
or	O
for	O
other	O
agro	O
-	O
industrial	O
purposes	O
.	O
Rather	O
,	O
sugar	O
remains	O
one	O
of	O
Cua	B-LOCATION
's	O
four	O
main	O
exportable	O
goods	O
,	O
along	O
with	O
tobacco	O
,	O
nickel	O
and	O
rum	O
.	O

With	O
the	O
dramatic	O
downturn	O
in	O
sugar	O
,	O
rum	O
exports	O
will	O
fall	O
too	O
.	O

Obviously	O
the	O
production	O
and	O
export	O
of	O
rum	O
is	O
going	O
to	O
plunge	O
,	O
as	O
this	O
alcoholic	O
beverage	O
is	O
obtained	O
from	O
cane	O
juice	O
,	O
through	O
either	O
fermentation	O
or	O
distillation	O
.	O

According	O
to	O
the	O
marketing	O
director	O
of	O
the	O
joint	O
venture	O
Havana	B-ORGANIZATION|B-BRANDS|B-LOCATION
Club	I-ORGANIZATION|I-BRANDS
Internacional	I-ORGANIZATION
,	O
Sergio	B-GIVEN_NAME
ValdÃ©s	B-FAMILY_NAME
,	O
that	O
entity	O
sold	O
more	O
than	O
4.4	O
million	O
boxes	O
of	O
rum	O
in	O
the	O
fiscal	O
year	O
culminating	O
in	O
June	B-DATE
2020	I-DATE
,	O
of	O
which	O
1.7	O
million	O
were	O
sold	O
in	O
Cuba	B-LOCATION
and	O
2.7	O
million	O
were	O
exported	O
to	O
Germany	B-LOCATION
,	O
France	B-LOCATION
,	O
Spain	B-LOCATION
,	O
the	O
United	B-LOCATION
Kingdom	I-LOCATION
,	O
Belgium	B-LOCATION
,	O
Russia	B-LOCATION
,	O
China	B-LOCATION
,	O
and	O
other	O
countries	O
.	O

Havana	B-ORGANIZATION|B-BRANDS|B-LOCATION
Club	I-ORGANIZATION|I-BRANDS
Internacional	I-ORGANIZATION
,	O
created	O
in	O
1993	B-DATE
,	O
is	O
made	O
up	O
of	O
the	O
French	B-AFFILIATION
giant	O
Pernod	B-ORGANIZATION
Picard	I-ORGANIZATION
,	O
and	O
the	O
Castroist	B-AFFILIATION
state	O
monopoly	O
Ron	B-ORGANIZATION
Cuba	I-ORGANIZATION
.	O
According	O
to	O
its	O
president	O
,	O
Juan	B-GIVEN_NAME
GonzÃ¡lez	B-FAMILY_NAME
,	O
Havana	B-BRANDS|B-LOCATION
Club	I-BRANDS
rum	O
is	O
sold	O
for	O
36	B-MONEY
dollars	I-MONEY
for	O
a	O
nine	O
-	O
bottle	O
box	O
,	O
and	O
is	O
produced	O
in	O
what	O
he	O
said	O
is	O
the	O
largest	O
rum	O
processing	O
plant	O
in	O
the	O
world	O
,	O
located	O
in	O
the	O
province	O
of	O
Mayabeque	B-LOCATION
.	O

But	O
now	O
these	O
two	O
bureaucrats	O
will	O
have	O
to	O
come	O
up	O
with	O
an	O
excuse	O
,	O
if	O
they	O
have	O
n't	O
already	O
,	O
for	O
their	O
partner	O
Pernod	B-ORGANIZATION
Picard	I-ORGANIZATION
for	O
the	O
huge	O
shortfall	O
in	O
the	O
raw	O
material	O
necessary	O
to	O
make	O
rum	O
.	O

If	O
4.4	O
million	O
boxes	O
were	O
sold	O
in	O
2020	B-DATE
,	O
with	O
a	O
volume	O
of	O
cane	O
that	O
produced	O
1.1	O
million	O
tons	O
of	O
sugar	O
,	O
now	O
,	O
with	O
the	O
drop	O
in	O
cane	O
production	O
in	O
this	O
last	O
harvest	O
,	O
the	O
export	O
of	O
Havana	B-BRANDS
Club	I-BRANDS
is	O
going	O
to	O
fall	O
.	O
"	O
Elementary	B-BRANDS
,	B-MISC
dar	I-MISC
Watson	I-MISC|B-GIVEN_NAME
,	O
"	O
as	O
Sherlock	B-GIVEN_NAME
Holmes	B-FAMILY_NAME
would	O
say	O
.	O

To	O
make	O
matters	O
worse	O
,	O
it	O
turns	O
out	O
that	O
another	O
mainstay	O
of	O
Cuban	B-AFFILIATION
exports	O
,	O
tobacco	O
,	O
will	O
also	O
drop	O
,	O
as	O
the	O
Tabacuba	B-ORGANIZATION
monopoly	O
admitted	O
that	O
in	O
2022	B-DATE
the	O
tobacco	O
harvest	O
will	O
yield	O
less	O
than	O
30,000	O
tons	O
â	O
the	O
worst	O
in	O
41	B-DURATION
years	I-DURATION
.	O
To	O
give	O
one	O
an	O
idea	O
,	O
53,396	O
tons	O
of	O
tobacco	O
were	O
produced	O
in	O
2000	B-DATE
.	O
And	O
there	O
is	O
more	O
(	O
or	O
less	O
)	O
:	O
Cuba	B-LOCATION
cannot	O
take	O
advantage	O
of	O
soaring	O
nickel	O
prices	O
today	O
because	O
production	O
of	O
the	O
precious	O
mineral	O
on	O
the	O
island	O
,	O
instead	O
of	O
being	O
ramped	O
up	O
,	O
is	O
dropping	O
.	O

Undoubtedly	O
,	O
these	O
are	O
all	O
great	O
"	O
achievements	O
of	O
the	O
Revolution	O
.	O
"	O

