Its	O
ability	O
to	O
administrate	O
its	O
revolutionary	O
mythology	O
,	O
together	O
with	O
its	O
effective	O
internal	O
repression	O
and	O
international	O
influence	O
,	O
make	O
Cuba	B-LOCATION
a	O
historic	O
case	O
,	O
a	O
state	O
model	O
,	O
and	O
a	O
geopolitical	O
agent	O
with	O
a	O
deep	O
-	O
rooted	O
presence	O
throughout	O
Latin	B-LOCATION
America	I-LOCATION
.	O

It	O
is	O
a	O
historic	O
case	O
whose	O
disasters	O
are	O
rendered	O
invisible	O
,	O
a	O
model	O
that	O
is	O
venerated	O
,	O
a	O
geopolitical	O
agent	O
that	O
is	O
invited	O
,	O
and	O
its	O
presence	O
is	O
extended	O
over	O
time	O
by	O
its	O
protracted	O
duration	O
,	O
geographical	O
scope	O
,	O
and	O
penetration	O
into	O
specific	O
societies	O
and	O
groups	O
,	O
such	O
as	O
left	O
-	O
wing	O
politicians	O
,	O
activists	O
and	O
intellectuals	O
.	O

Incredulity	O
as	O
to	O
how	O
a	O
small	O
,	O
poor	O
country	O
can	O
exert	O
so	O
much	O
influence	O
-	O
and	O
not	O
just	O
through	O
its	O
"	O
revolutionary	O
example	O
"	O
-	O
reaches	O
those	O
who	O
dismiss	O
any	O
warnings	O
on	O
the	O
subject	O
as	O
"	O
paranoia	O
.	O
"	O

It	O
should	O
suffice	O
to	O
recall	O
the	O
influence	O
of	O
East	B-LOCATION
Germany	I-LOCATION
's	O
Stasi	B-ORGANIZATION
on	O
its	O
much	O
richer	O
neighbor	O
,	O
suffusing	O
German	B-AFFILIATION
-	I-AFFILIATION
Western	I-AFFILIATION
political	O
activism	O
and	O
leadership	O
;	O
or	O
the	O
capacity	O
of	O
Russia	B-LOCATION
's	O
propaganda	O
and	O
disinformation	O
media	O
to	O
shape	O
the	O
opinions	O
of	O
much	O
of	O
the	O
Latin	B-AFFILIATION
American	I-AFFILIATION
population	O
(	O
Kathryn	B-GIVEN_NAME
E.	B-FAMILY_NAME
Stoner	I-FAMILY_NAME
,	O
Russia	B-LOCATION|B-LOCATION
Resurrected	B-MISC
:	I-MISC
Its	I-MISC
Power	I-MISC
and	I-MISC
Purpose	I-MISC
in	I-MISC
a	I-MISC
New	I-MISC
Global	I-MISC
Order	I-MISC
,	O
Oxford	B-ORGANIZATION|B-LOCATION
University	I-ORGANIZATION
Press	I-ORGANIZATION
,	O
2021	B-DATE
)	O
;	O
and	O
,	O
if	O
one	O
wants	O
to	O
take	O
the	O
bull	O
by	O
the	O
horns	O
,	O
he	O
need	O
only	O
look	O
at	O
the	O
experience	O
of	O
Cuba	B-LOCATION
's	O
consensual	O
invasion	O
of	O
Venezuela	B-LOCATION
.	O

(	O
Diego	B-GIVEN_NAME
G.	B-FAMILY_NAME
Maldonado	I-FAMILY_NAME
,	O
La	B-BRANDS
invasiÃ³n	B-MISC
consentida	I-MISC
,	O
Debate	B-BRANDS
,	O
MÃ©xico	B-LOCATION
,	O
2019	B-DATE
)	O
.	O

It	O
is	O
not	O
a	O
question	O
of	O
seeing	O
a	O
conspiracy	O
behind	O
every	O
crisis	O
and	O
event	O
in	O
Latin	B-LOCATION
America	I-LOCATION
's	O
political	O
processes	O
.	O

Neither	O
facile	O
progressivism	O
nor	O
hysterical	O
anti	O
-	O
Castroism	B-AFFILIATION
explain	O
the	O
complexity	O
of	O
the	O
region	O
's	O
evolution	O
,	O
but	O
it	O
is	O
worth	O
understanding	O
the	O
very	O
specific	O
and	O
recognizable	O
authoritarian	O
influences	O
projected	O
from	O
Havana	B-LOCATION
on	O
regional	O
political	O
actions	O
and	O
ideas	O
.	O

In	O
Latin	B-LOCATION
America	I-LOCATION
Cuba	I-LOCATION
's	O
asymmetrical	O
influence	O
intersects	O
with	O
the	O
lopsided	O
presence	O
,	O
within	O
Latin	B-LOCATION
America	I-LOCATION
's	O
intelligentsia	O
,	O
of	O
a	O
hegemonic	O
progressivism	O
that	O
clings	O
to	O
particular	O
positions	O
and	O
spurns	O
the	O
constitutive	O
plurality	O
behind	O
the	O
agenda	O
of	O
human	O
progress	O
.	O

If	O
being	O
left	O
-	O
wing	O
means	O
adherence	O
to	O
certain	O
concepts	O
,	O
values	O
and	O
practical	O
policy	O
options	O
,	O
its	O
outcomes	O
â	O
in	O
terms	O
of	O
freedom	O
,	O
equity	O
and	O
prosperity	O
â	O
do	O
not	O
justify	O
any	O
self	O
-	O
assigned	O
moral	O
superiority	O
.	O

The	O
same	O
thing	O
may	O
be	O
said	O
of	O
their	O
right	O
-	O
wing	O
counterparts	O
.	O

Any	O
political	O
leadership	O
,	O
movement	O
,	O
and	O
program	O
must	O
be	O
measured	O
based	O
on	O
its	O
accomplishments	O
,	O
not	O
normative	O
assumptions	O
defined	O
ex	O
ante	O
.	O

Today	O
,	O
activists	O
like	O
Carolina	B-GIVEN_NAME
Barrero	B-FAMILY_NAME
,	O
whose	O
intellectual	O
lucidity	O
and	O
extraordinary	O
civic	O
merit	O
are	O
recognized	O
in	O
Cuban	B-AFFILIATION
civil	O
society	O
and	O
among	O
exiles	O
,	O
are	O
fighting	O
against	O
this	O
authoritarian	O
Cuban	B-AFFILIATION
trinity	O
:	O
the	O
case	O
,	O
the	O
model	O
and	O
the	O
agent	O
.	O

After	O
her	O
forced	O
exile	O
in	O
early	O
2022	B-AFFILIATION
,	O
the	O
young	O
woman	O
shared	O
her	O
testimony	O
and	O
condemned	O
the	O
repression	O
in	O
Cuba	B-LOCATION
before	O
her	O
peers	O
involved	O
in	O
politics	O
,	O
academia	O
and	O
progressive	O
activism	O
in	O
Latin	B-LOCATION
America	I-LOCATION
.	O

but	O
the	O
prevailing	O
response	O
to	O
her	O
denunciations	O
has	O
been	O
silence	O
.	O

Let	O
's	O
be	O
clear	O
:	O
the	O
art	O
historian	O
should	O
be	O
assigned	O
no	O
more	O
legitimacy	O
to	O
speak	O
based	O
on	O
her	O
ideology	O
;	O
no	O
one	O
today	O
has	O
any	O
more	O
right	O
to	O
denounce	O
repression	O
from	O
one	O
or	O
the	O
other	O
"	O
ism	O
.	O
"	O

After	O
a	O
20th	O
century	O
in	O
which	O
the	O
authoritarian	O
Left	O
and	O
Right	O
left	O
millions	O
of	O
victims	O
,	O
no	O
one	O
can	O
claim	O
moral	O
or	O
civil	O
superiority	O
in	O
the	O
defense	O
of	O
democracy	O
,	O
but	O
some	O
noble	O
souls	O
might	O
have	O
been	O
forgiven	O
for	O
suspecting	O
that	O
,	O
at	O
a	O
time	O
of	O
"	O
progressive	O
"	O
regional	O
expansion	O
,	O
Carolina	B-GIVEN_NAME
's	O
message	O
would	O
have	O
received	O
a	O
warmer	O
reception	O
in	O
today	O
's	O
"	O
pink	O
tide	O
"	O
Latin	B-LOCATION
America	I-LOCATION
.	O

"	O
Speak	O
to	O
the	O
left	O
!	O
"	O
the	O
intellectuals	O
of	O
regional	O
progressivism	O
tell	O
young	O
Cuban	B-AFFILIATION
activists	O
.	O

But	O
when	O
these	O
â	O
in	O
Miami	B-LOCATION
,	O
Mexico	B-LOCATION
or	O
Madrid	B-LOCATION
â	O
meet	O
with	O
liberal	O
or	O
conservative	O
figures	O
and	O
parties	O
,	O
harsh	O
reproaches	O
follow	O
,	O
almost	O
in	O
parallel	O
with	O
the	O
anti	O
-	O
intellectual	O
diatribes	O
that	O
the	O
most	O
reactionary	O
members	O
of	O
the	O
community	O
of	O
exiles	O
(	O
rarely	O
the	O
internal	O
opposition	O
)	O
hurl	O
at	O
Carolina	B-GIVEN_NAME
Barrero	B-FAMILY_NAME
and	O
her	O
colleagues	O
.	O

But	O
,	O
when	O
the	O
latter	O
's	O
attempts	O
to	O
dialogue	O
with	O
the	O
Western	B-AFFILIATION
Left	I-AFFILIATION
are	O
met	O
with	O
impregnable	O
walls	O
,	O
the	O
progressive	O
wing	O
falls	O
silent	O
,	O
and	O
the	O
anti	B-AFFILIATION
-	I-AFFILIATION
Communist	I-AFFILIATION|B-AFFILIATION
cave	O
celebrates	O
too	O
,	O
the	O
two	O
sharing	O
an	O
attitude	O
where	O
analytical	O
simplicity	O
,	O
political	O
complicity	O
and	O
a	O
lack	O
of	O
solidarity	O
converge	O
.	O

When	O
young	O
people	O
of	O
a	O
generation	O
born	O
after	O
the	O
fall	O
of	O
the	O
Berlin	B-LOCATION
Wall	I-LOCATION
embrace	O
truly	O
progressive	O
causes	O
â	O
with	O
regards	O
to	O
redistribution	O
,	O
identity	O
and	O
democracy	O
â	O
they	O
do	O
so	O
without	O
the	O
sectarianism	O
of	O
their	O
left	O
-	O
wing	O
and	O
right	O
-	O
wing	O
critics	O
.	O

This	O
is	O
so	O
in	O
Cuba	B-LOCATION
,	O
Nicaragua	B-LOCATION
and	O
Venezuela	B-LOCATION
,	O
and	O
they	O
do	O
so	O
under	O
the	O
official	O
repression	O
and	O
faced	O
with	O
the	O
silence	O
of	O
their	O
"	O
allies	O
"	O
of	O
Latin	B-AFFILIATION
American	I-AFFILIATION
hegemonic	O
progressivism	O
,	O
because	O
their	O
agenda	O
does	O
not	O
involve	O
pleasing	O
anyone	O
,	O
but	O
rather	O
fighting	O
for	O
freer	O
and	O
fairer	O
societies	O
.	O

Those	O
who	O
should	O
take	O
a	O
good	O
at	O
themselves	O
are	O
those	O
who	O
,	O
out	O
of	O
intellectual	O
arrogance	O
,	O
or	O
political	O
illiteracy	O
,	O
insist	O
on	O
prescribing	O
the	O
choices	O
of	O
those	O
who	O
dispute	O
a	O
future	O
lying	O
,	O
as	O
Raymond	B-GIVEN_NAME
Aron	B-FAMILY_NAME
says	O
,	O
between	O
the	O
preferable	O
and	O
the	O
detestable	O
.	O

