Guillermo	B-GIVEN_NAME
Lasso	B-FAMILY_NAME
,	O
President	O
of	O
the	O
Republic	O
,	O
assured	O
that	O
the	O
18	O
-	O
day	O
demonstrations	O
in	O
Ecuador	B-LOCATION
would	O
have	O
received	O
financing	O
from	O
drug	O
trafficking	O
and	O
sectors	O
related	O
to	O
former	O
President	O
Rafael	B-GIVEN_NAME
Correa	B-FAMILY_NAME
.	O

In	O
an	O
interview	O
with	O
Infobae	B-ORGANIZATION
,	O
the	O
president	O
pointed	O
out	O
to	O
Correa	B-GIVEN_NAME
,	O
who	O
is	O
currently	O
a	O
fugitive	O
from	O
justice	O
for	O
the	O
crime	O
of	O
bribery	O
,	O
of	O
being	O
one	O
of	O
the	O
intellectual	O
authors	O
of	O
the	O
protest	O
,	O
which	O
aimed	O
to	O
stage	O
a	O
coup	O
against	O
his	O
government	O
.	O

He	O
pointed	O
out	O
that	O
there	O
was	O
an	O
alliance	O
between	O
Leonidas	B-GIVEN_NAME
Iza	B-FAMILY_NAME
,	O
president	O
of	O
Conaie	B-ORGANIZATION
,	O
and	O
the	O
former	O
president	O
to	O
destabilize	O
Ecuador	B-LOCATION
,	O
with	O
days	O
of	O
violent	O
protests	O
.	O

â	O
This	O
is	O
an	O
alliance	O
with	O
Correismo	B-ORGANIZATION
and	O
a	O
third	O
actor	O
participates	O
in	O
this	O
alliance	O
,	O
which	O
is	O
the	O
one	O
that	O
puts	O
up	O
the	O
money	O
for	O
the	O
protests	O
,	O
which	O
will	O
have	O
cost	O
close	O
to	O
$	B-MONEY
15	I-MONEY
million	I-MONEY
over	O
18	B-DURATION
days	I-DURATION
.	O

This	O
actor	O
is	O
drug	O
trafficking	O
in	O
Ecuador	B-LOCATION
.	O

That	O
is	O
That	O
is	O
the	O
political	O
action	O
of	O
a	O
former	O
president	O
sentenced	O
for	O
corruption	O
,	O
who	O
lives	O
as	O
a	O
fugitive	O
in	O
Belgium	B-LOCATION
,	O
who	O
seeks	O
to	O
disturb	O
public	O
order	O
,	O
allied	O
with	O
certain	O
political	O
leaders	O
who	O
use	O
the	O
indigenous	O
people	O
as	O
a	O
kind	O
of	O
parapet	O
to	O
say	O
â	O
this	O
is	O
a	O
social	O
protest	O
,	O
â	O
Lasso	B-GIVEN_NAME
said	O
.	O

The	O
Ecuadorian	B-AFFILIATION
president	O
also	O
assured	O
that	O
his	O
intention	O
is	O
not	O
to	O
deal	O
with	O
the	O
forces	O
that	O
intend	O
to	O
undermine	O
his	O
government	O
,	O
but	O
with	O
the	O
most	O
needy	O
social	O
sectors	O
of	O
Ecuador	B-LOCATION
.	O

He	O
pointed	O
to	O
the	O
success	O
of	O
the	O
vaccination	O
plan	O
against	O
covid	B-BRANDS
-	B-MISC
19	I-MISC
,	O
economic	O
growth	O
,	O
the	O
reduction	O
of	O
the	O
fiscal	O
deficit	O
and	O
the	O
creation	O
of	O
a	O
Secretariat	O
to	O
combat	O
child	O
malnutrition	O
as	O
the	O
achievements	O
of	O
his	O
administration	O
.	O

He	O
also	O
pointed	O
out	O
that	O
works	O
will	O
be	O
implemented	O
in	O
favor	O
of	O
peasants	O
and	O
education	O
,	O
as	O
well	O
as	O
trade	O
agreements	O
with	O
strategic	O
partners	O
such	O
as	O
Mexico	B-LOCATION
,	O
China	B-LOCATION
,	O
Canada	B-LOCATION
or	O
South	B-LOCATION
Korea	I-LOCATION
.	O

Lasso	B-GIVEN_NAME
emphasized	O
that	O
the	O
fight	O
against	O
drug	O
trafficking	O
and	O
insecurity	O
is	O
a	O
priority	O
within	O
his	O
mandate	O
and	O
gave	O
as	O
an	O
example	O
the	O
seizure	O
of	O
substances	O
subject	O
to	O
control	O
as	O
one	O
of	O
the	O
factors	O
that	O
has	O
produced	O
the	O
attempts	O
to	O
destabilize	O
the	O
Government	O
.	O

The	O
president	O
said	O
that	O
he	O
requested	O
the	O
collaboration	O
of	O
the	O
US	B-LOCATION
government	O
,	O
headed	O
by	O
Joe	B-GIVEN_NAME
Biden	B-FAMILY_NAME
,	O
to	O
increase	O
the	O
fight	O
against	O
drug	O
mafias	O
.	O

â	O
In	O
the	O
first	O
year	O
of	O
my	O
government	O
,	O
300	O
tons	O
of	O
drugs	O
were	O
seized	O
when	O
the	O
average	O
in	O
the	O
last	O
five	O
or	O
ten	B-DURATION
years	I-DURATION
has	O
been	O
50	O
or	O
60	O
tons	O
of	O
drugs	O
and	O
this	O
is	O
what	O
has	O
hurt	O
the	O
pockets	O
of	O
those	O
drug	O
traffickers	O
who	O
,	O
linked	O
with	O
Ecuadorian	B-AFFILIATION
politics	O
,	O
they	O
have	O
wanted	O
to	O
destabilize	O
democracy	O
in	O
Ecuador	B-LOCATION
,	O
â	O
the	O
president	O
said	O
.	O

