In	O
the	O
first	O
half	O
of	O
2022	B-DATE
,	O
the	O
SRI	B-ORGANIZATION
has	O
collected	O
USD	B-MONEY
29	I-MONEY
million	I-MONEY
for	O
the	O
temporary	O
tax	O
levied	O
on	O
wealth	O
abroad	O
.	O

This	O
value	O
corresponds	O
to	O
goods	O
valued	O
at	O
USD	B-MONEY
733	I-MONEY
million	I-MONEY
,	O
declared	O
by	O
202	O
Ecuadorian	B-AFFILIATION
taxpayers	O
.	O

Two	O
cantons	O
are	O
the	O
ones	O
with	O
taxpayers	O
with	O
the	O
most	O
assets	O
and	O
assets	O
abroad	O
.	O

Quito	B-LOCATION
and	O
SamborondÃ³n	B-LOCATION
concentrate	O
76	O
%	O
of	O
what	O
is	O
collected	O
by	O
this	O
tax	O
established	O
in	O
the	O
Economic	B-BRANDS
Development	B-MISC
Law	I-MISC
,	O
in	O
force	O
since	O
November	B-DATE
2021	I-DATE
.	O

The	O
rate	O
of	O
this	O
tax	O
ranges	O
from	O
3.5	O
%	O
to	O
5.5	O
%	O
,	O
according	O
to	O
the	O
taxpayer	O
âs	O
declaration	O
date	O
.	O

Those	O
who	O
pay	O
the	O
tax	O
between	O
July	B-DATE
and	O
December	B-DATE
2022	I-DATE
will	O
have	O
to	O
pay	O
5.5	O
%	O
on	O
goods	O
outside	O
the	O
country	O
.	O

A	O
temporary	O
incentive	O

In	O
the	O
first	O
semester	O
of	O
2022	B-DATE
,	O
the	O
SRI	B-ORGANIZATION
has	O
collected	O
only	O
14	O
%	O
of	O
the	O
goal	O
that	O
the	O
government	O
projected	O
for	O
2022	B-DATE
for	O
this	O
tax	O
,	O
which	O
was	O
USD	B-MONEY
200	I-MONEY
million	I-MONEY
.	O

After	O
December	B-DATE
31	I-DATE
,	O
if	O
the	O
SRI	B-ORGANIZATION
identifies	O
undeclared	O
assets	O
abroad	O
,	O
taxpayers	O
will	O
have	O
to	O
pay	O
Income	B-BRANDS
Tax	B-MISC
on	O
those	O
assets	O
.	O

Javier	B-GIVEN_NAME
Bustos	B-FAMILY_NAME
,	O
professor	O
of	O
taxation	O
at	O
the	O
Universidad	B-ORGANIZATION
EspÃ­ritu	I-ORGANIZATION|B-LOCATION
Santo	I-ORGANIZATION|I-LOCATION
,	O
explains	O
that	O
people	O
will	O
have	O
to	O
pay	O
more	O
money	O
,	O
since	O
the	O
Income	B-BRANDS
Tax	B-MISC
rate	O
can	O
be	O
up	O
to	O
37	O
%	O
in	O
the	O
case	O
of	O
natural	O
persons	O
.	O

In	O
addition	O
,	O
the	O
tax	O
authority	O
may	O
charge	O
interest	O
and	O
a	O
20	O
%	O
surcharge	O
on	O
those	O
assets	O
.	O

The	O
SRI	B-ORGANIZATION
can	O
file	O
legal	O
proceedings	O
for	O
tax	O
fraud	O
,	O
says	O
Bustos	B-GIVEN_NAME
.	O

Declaration	O
in	O
14	O
cantons	O

Taxpayers	O
from	O
14	O
cantons	O
of	O
Ecuador	B-LOCATION
have	O
declared	O
their	O
assets	O
abroad	O
in	O
the	O
first	O
six	O
months	O
of	O
2022	B-DATE
.	O

The	O
canton	O
with	O
the	O
highest	O
collection	O
for	O
goods	O
outside	O
the	O
country	O
is	O
the	O
capital	O
,	O
Quito	B-LOCATION
,	O
with	O
USD	B-MONEY
11.5	I-MONEY
million	I-MONEY
.	O

44	O
%	O
of	O
what	O
was	O
collected	O
in	O
Quito	B-LOCATION
was	O
declared	O
in	O
March	B-DATE
2022	I-DATE
,	O
when	O
the	O
rate	O
was	O
lower	O
,	O
3.5	O
%	O
.	O

Other	O
temporary	O
taxes	O
,	O
such	O
as	O
the	O
one	O
from	O
the	O
2016	B-DATE
earthquake	O
and	O
the	O
contribution	O
of	O
companies	O
with	O
high	O
net	O
worth	O
from	O
the	O
last	O
tax	O
reform	O
,	O
show	O
a	O
greater	O
payment	O
of	O
these	O
taxes	O
by	O
Quito	B-LOCATION
citizens	O
,	O
said	O
Yael	B-GIVEN_NAME
Fierro	B-FAMILY_NAME
,	O
a	O
tax	O
attorney	O
.	O

SamborondÃ³n	B-LOCATION
is	O
the	O
second	O
canton	O
with	O
the	O
highest	O
collection	O
,	O
for	O
USD	B-MONEY
10.2	I-MONEY
million	I-MONEY
.	O

In	O
this	O
canton	O
of	O
the	O
province	O
of	O
Guayas	B-LOCATION
,	O
taxpayers	O
have	O
taken	O
longer	O
to	O
declare	O
the	O
tax	O
and	O
,	O
therefore	O
,	O
have	O
paid	O
a	O
higher	O
rate	O
.	O

87	O
%	O
of	O
what	O
was	O
collected	O
in	O
SamborondÃ³n	B-LOCATION
,	O
that	O
is	O
,	O
USD	B-MONEY
8.9	I-MONEY
million	I-MONEY
,	O
was	O
declared	O
in	O
June	B-DATE
,	O
when	O
the	O
rate	O
rose	O
to	O
4.5	O
%	O
.	O

Cuenca	B-LOCATION
is	O
in	O
third	O
place	O
,	O
with	O
a	O
collection	O
of	O
USD	B-MONEY
2.8	I-MONEY
million	I-MONEY
.	O

91	O
%	O
of	O
what	O
was	O
paid	O
in	O
Cuenca	B-LOCATION
was	O
declared	O
in	O
March	B-DATE
,	O
therefore	O
,	O
they	O
also	O
paid	O
the	O
lowest	O
rate	O
.	O

Guayaquil	B-LOCATION
,	O
despite	O
having	O
a	O
population	O
similar	O
to	O
that	O
of	O
Quito	B-LOCATION
and	O
being	O
a	O
city	O
characterized	O
by	O
its	O
high	O
commercial	O
activity	O
,	O
is	O
fourth	O
in	O
collection	O
of	O
this	O
tax	O
.	O

The	O
main	O
port	O
taxpayers	O
declared	O
USD	B-MONEY
2.7	I-MONEY
million	I-MONEY
.	O

75	O
%	O
of	O
that	O
value	O
was	O
declared	O
in	O
June	B-DATE
2022	I-DATE
.	O

Data	O
crossing	O

The	O
SRI	B-ORGANIZATION
has	O
a	O
little	O
more	O
than	O
five	O
months	O
left	O
to	O
reach	O
86	O
%	O
of	O
the	O
tax	O
collection	O
goal	O
for	O
these	O
goods	O
abroad	O
.	O

The	O
authority	O
has	O
three	O
information	O
matching	O
instruments	O
that	O
will	O
allow	O
it	O
to	O
identify	O
undeclared	O
assets	O
.	O

In	O
August	B-DATE
2021	I-DATE
,	O
the	O
SRI	B-ORGANIZATION
obtained	O
information	O
on	O
44,000	O
financial	O
accounts	O
of	O
Ecuadorians	B-AFFILIATION
in	O
43	O
countries	O
,	O
as	O
part	O
of	O
an	O
agreement	O
with	O
the	O
Global	B-ORGANIZATION
Transparency	I-ORGANIZATION
Forum	I-ORGANIZATION
.	O

In	O
addition	O
,	O
in	O
April	B-DATE
2022	I-DATE
,	O
the	O
Government	B-ORGANIZATION
of	I-ORGANIZATION
Panama	I-ORGANIZATION|B-LOCATION
included	O
Ecuador	B-LOCATION
in	O
a	O
list	O
of	O
countries	O
with	O
which	O
it	O
will	O
automatically	O
share	O
tax	O
information	O
.	O

And	O
on	O
July	B-DATE
14	I-DATE
,	I-DATE
2022	I-DATE
,	O
the	O
Assembly	B-ORGANIZATION
ratified	O
the	O
agreement	O
for	O
the	O
automatic	O
exchange	O
of	O
tax	O
information	O
between	O
the	O
United	B-LOCATION
States	I-LOCATION
and	O
Ecuador	B-LOCATION
.	O

The	O
governments	O
will	O
be	O
able	O
to	O
exchange	O
data	O
that	O
serve	O
for	O
the	O
determination	O
,	O
liquidation	O
and	O
collection	O
of	O
taxes	O
,	O
in	O
addition	O
,	O
for	O
investigations	O
in	O
tax	O
matters	O
.	O

Francisco	B-GIVEN_NAME
Briones	B-FAMILY_NAME
,	O
director	O
of	O
the	O
SRI	B-ORGANIZATION
,	O
explained	O
that	O
the	O
authority	O
will	O
use	O
these	O
mechanisms	O
to	O
crosscheck	O
data	O
.	O

â	O
We	O
are	O
processing	O
the	O
information	O
to	O
identify	O
if	O
it	O
corresponds	O
to	O
what	O
the	O
taxpayers	O
have	O
declared	O
,	O
â	O
he	O
explained	O
.	O

