Jose	B-GIVEN_NAME
Salazar	B-FAMILY_NAME
is	O
82	B-DURATION
years	I-DURATION
old	O
.	O

He	O
exceeded	O
the	O
average	O
age	O
of	O
the	O
Ecuadorian	B-AFFILIATION
,	O
which	O
is	O
currently	O
77.25	O
years	O
.	O

He	O
affirms	O
that	O
thanks	O
to	O
a	O
balanced	O
diet	O
,	O
exercise	O
and	O
medical	O
check	O
-	O
ups	O
he	O
has	O
reached	O
that	O
age	O
.	O

â	O
I	O
hope	O
to	O
live	O
another	O
ten	B-DURATION
years	I-DURATION
at	O
least	O
,	O
â	O
he	O
says	O
with	O
a	O
smile	O
.	O

Intercensal	O
studies	O
show	O
that	O
life	O
expectancy	O
rises	O
in	O
Ecuador	B-LOCATION
year	O
after	O
year	O
.	O

In	O
2018	B-DATE
,	O
that	O
of	O
women	O
was	O
79.65	O
years	O
,	O
older	O
than	O
that	O
of	O
men	O
,	O
which	O
was	O
74	B-DURATION
years	I-DURATION
.	O

In	O
this	O
2022	B-DATE
,	O
the	O
life	O
expectancy	O
of	O
Ecuadorians	B-AFFILIATION
reached	O
80	B-DURATION
years	I-DURATION
and	O
that	O
of	O
Ecuadorians	B-AFFILIATION
74.5	O
years	O
,	O
which	O
averages	O
an	O
average	O
age	O
of	O
77.25	O
years	O
.	O

If	O
we	O
compare	O
these	O
numbers	O
with	O
1990	O
,	O
when	O
the	O
average	O
lifespan	O
in	O
the	O
country	O
did	O
not	O
exceed	O
68	B-DURATION
years	I-DURATION
,	O
progress	O
has	O
been	O
remarkable	O
,	O
although	O
still	O
below	O
countries	O
like	O
Chile	B-LOCATION
(	O
77.99	O
years	O
)	O
.	O

However	O
,	O
in	O
the	O
next	O
30	B-DURATION
years	I-DURATION
,	O
studies	O
by	O
the	O
Latin	B-ORGANIZATION|B-AFFILIATION
American	I-ORGANIZATION|I-AFFILIATION
and	I-ORGANIZATION
Caribbean	I-ORGANIZATION|B-LOCATION
Demographic	I-ORGANIZATION
Center	I-ORGANIZATION
(	O
Celade	B-ORGANIZATION
)	O
and	O
the	O
National	B-ORGANIZATION
Institute	I-ORGANIZATION
of	I-ORGANIZATION
Statistics	I-ORGANIZATION
and	I-ORGANIZATION
Censuses	I-ORGANIZATION
(	O
INEC	B-ORGANIZATION
)	O
,	O
estimate	O
that	O
Ecuador	B-LOCATION
will	O
reach	O
82.3	O
years	O
.	O

This	O
substantial	O
improvement	O
in	O
the	O
life	O
expectancy	O
of	O
Ecuadorians	B-AFFILIATION
is	O
due	O
to	O
the	O
great	O
advances	O
in	O
medicine	O
worldwide	O
and	O
the	O
technology	O
currently	O
used	O
to	O
detect	O
and	O
combat	O
pathologies	O
such	O
as	O
heart	O
disease	O
,	O
cancer	O
or	O
diabetes	O
,	O
says	O
Jorge	B-GIVEN_NAME
Bucaram	B-FAMILY_NAME
ZÃ¡ccida	I-FAMILY_NAME
,	O
president	O
(	O
e	O
)	O
of	O
the	O
College	B-ORGANIZATION
of	I-ORGANIZATION
Physicians	I-ORGANIZATION
of	I-ORGANIZATION
Guayas	I-ORGANIZATION|B-LOCATION
.	O

He	O
is	O
categorical	O
in	O
stating	O
that	O
the	O
increase	O
in	O
life	O
expectancy	O
is	O
due	O
to	O
external	O
medical	O
influence	O
and	O
not	O
to	O
substantial	O
improvements	O
in	O
the	O
country	O
âs	O
health	O
system	O
:	O

â	O
We	O
are	O
better	O
off	O
than	O
in	O
1990	B-DATE
because	O
in	O
those	O
years	O
we	O
did	O
not	O
have	O
all	O
that	O
arsenal	O
so	O
much	O
.	O

pharmacological	O
,	O
diagnostic	O
and	O
laboratory	O
to	O
detect	O
diseases	O
in	O
time	O
and	O
not	O
because	O
there	O
is	O
an	O
improvement	O
in	O
the	O
health	O
system	O
because	O
it	O
is	O
lousy	O
.	O

What	O
has	O
improved	O
is	O
the	O
world	O
health	O
system	O
,	O
since	O
it	O
is	O
the	O
technology	O
that	O
comes	O
from	O
abroad	O
and	O
is	O
used	O
in	O
Ecuador	B-LOCATION
.	O
â	O

There	O
are	O
now	O
better	O
treatments	O
for	O
hypertension	O
,	O
diabetes	O
,	O
influenza	O
,	O
stroke	O
,	O
and	O
chronic	O
diseases	O
.	O

There	O
are	O
also	O
more	O
and	O
better	O
vaccines	O
such	O
as	O
the	O
one	O
created	O
for	O
COVID	B-BRANDS
-	B-MISC
19	I-MISC
,	O
Bucaram	B-GIVEN_NAME
points	O
out	O
.	O

In	O
the	O
past	O
,	O
Ecuador	B-LOCATION
registered	O
deaths	O
from	O
polio	O
,	O
smallpox	O
or	O
tetanus	O
,	O
but	O
this	O
was	O
overcome	O
with	O
vaccinations	O
.	O

In	O
addition	O
,	O
in	O
the	O
90s	O
,	O
practices	O
such	O
as	O
coronary	O
bypass	O
or	O
organ	O
transplants	O
such	O
as	O
the	O
liver	O
were	O
not	O
known	O
.	O

Another	O
important	O
factor	O
added	O
by	O
the	O
specialist	O
is	O
that	O
there	O
are	O
currently	O
greater	O
sources	O
of	O
information	O
on	O
the	O
way	O
we	O
eat	O
and	O
the	O
health	O
damage	O
caused	O
by	O
the	O
so	O
-	O
called	O
junk	O
food	O
:	O
â	O
And	O
this	O
has	O
not	O
been	O
promoted	O
by	O
the	O
State	O
but	O
now	O
there	O
are	O
channels	O
such	O
as	O
social	O
networks	O
or	O
the	O
internet	O
,	O
which	O
although	O
there	O
is	O
also	O
garbage	O
,	O
have	O
helped	O
the	O
population	O
to	O
understand	O
the	O
correct	O
diet	O
â	O
.	O

However	O
,	O
the	O
country	O
has	O
problems	O
of	O
obesity	O
,	O
overweight	O
and	O
chronic	O
child	O
malnutrition	O
that	O
can	O
significantly	O
impact	O
life	O
expectancy	O
.	O

Matheo	B-GIVEN_NAME
is	O
2	B-DURATION
years	I-DURATION
old	O
and	O
has	O
already	O
been	O
diagnosed	O
with	O
chronic	O
malnutrition	O
and	O
overweight	O
.	O

His	O
mother	O
,	O
Shirley	B-GIVEN_NAME
,	O
says	O
that	O
she	O
is	O
aware	O
that	O
her	O
son	O
does	O
not	O
eat	O
well	O
and	O
enough	O
to	O
be	O
healthy	O
.	O

Soft	O
drinks	O
,	O
processed	O
foods	O
and	O
carbohydrates	O
are	O
part	O
of	O
the	O
daily	O
diet	O
.	O

In	O
Ecuador	B-LOCATION
,	O
27	O
%	O
of	O
children	O
under	O
2	B-DURATION
years	I-DURATION
of	O
age	O
suffer	O
from	O
chronic	O
malnutrition	O
.	O

The	O
situation	O
is	O
more	O
serious	O
for	O
indigenous	O
children	O
:	O
39	O
%	O
suffer	O
from	O
it	O
.	O

â	O
These	O
inequities	O
must	O
be	O
corrected	O
.	O

I	O
believe	O
that	O
the	O
indigenous	O
movements	O
,	O
more	O
than	O
because	O
of	O
the	O
value	O
of	O
diesel	O
,	O
should	O
protest	O
so	O
that	O
there	O
is	O
a	O
budget	O
to	O
face	O
these	O
problems	O
that	O
also	O
affect	O
the	O
quality	O
of	O
life	O
of	O
a	O
person	O
.	O

No	O
child	O
should	O
suffer	O
from	O
malnutrition	O
â	O
,	O
indicates	O
Bucaram	B-GIVEN_NAME
.	O

For	O
AndrÃ©s	B-GIVEN_NAME
Contreras	B-FAMILY_NAME
,	O
doctor	O
and	O
professor	O
at	O
SEK	B-ORGANIZATION
International	I-ORGANIZATION
University	I-ORGANIZATION
,	O
life	O
expectancy	O
in	O
the	O
world	O
has	O
increased	O
and	O
this	O
goes	O
hand	O
in	O
hand	O
with	O
a	O
greater	O
culture	O
of	O
health	O
prevention	O
.	O

He	O
indicates	O
that	O
Ecuador	B-LOCATION
should	O
focus	O
on	O
preventing	O
ills	O
in	O
its	O
young	O
population	O
so	O
that	O
they	O
reach	O
old	O
age	O
in	O
a	O
good	O
way	O
,	O
but	O
neither	O
should	O
they	O
neglect	O
current	O
patients	O
who	O
already	O
suffer	O
from	O
pathologies	O
.	O

The	O
specialist	O
does	O
not	O
agree	O
with	O
Bucaram	B-GIVEN_NAME
and	O
affirms	O
that	O
Ecuadorians	B-AFFILIATION
still	O
have	O
a	O
lot	O
to	O
learn	O
about	O
nutrition	O
:	O
â	O
Although	O
sometimes	O
access	O
to	O
quality	O
food	O
is	O
limited	O
by	O
lack	O
of	O
income	O
or	O
time	O
.	O

Many	O
people	O
work	O
and	O
seek	O
to	O
eat	O
the	O
fastest	O
and	O
cheapest	O
,	O
but	O
others	O
do	O
not	O
have	O
money	O
to	O
buy	O
good	O
food	O
.	O

Eating	O
healthy	O
should	O
not	O
be	O
expensive	O
and	O
the	O
State	O
must	O
work	O
so	O
that	O
this	O
changes	O
and	O
that	O
populations	O
with	O
lower	O
incomes	O
have	O
a	O
good	O
diet	O
â	O
.	O

The	O
quality	O
of	O
life	O
is	O
a	O
determining	O
factor	O
if	O
it	O
is	O
analyzed	O
that	O
the	O
hope	O
of	O
this	O
is	O
on	O
the	O
rise	O
in	O
the	O
country	O
,	O
since	O
,	O
as	O
in	O
many	O
nations	O
,	O
the	O
rate	O
of	O
population	O
growth	O
and	O
the	O
proportion	O
of	O
people	O
over	O
60	O
will	O
simultaneously	O
decrease	O
.	O

years	O
of	O
age	O
will	O
continue	O
to	O
increase	O
.	O

In	O
Ecuador	B-LOCATION
there	O
are	O
1.3	O
million	O
older	O
adults	O
(	O
who	O
are	O
over	O
65	B-DURATION
years	I-DURATION
old	O
)	O
.	O

It	O
is	O
estimated	O
that	O
half	O
of	O
this	O
population	O
in	O
the	O
country	O
lives	O
in	O
poverty	O
.	O

The	O
majority	O
of	O
older	O
adults	O
are	O
not	O
in	O
good	O
health	O
during	O
,	O
at	O
least	O
,	O
their	O
last	O
10	B-DURATION
years	I-DURATION
of	O
life	O
,	O
as	O
shown	O
by	O
the	O
study	O
The	B-BRANDS
Future	B-MISC
of	I-MISC
Aging	I-MISC
by	O
the	O
consulting	O
firm	O
Deloitte	B-ORGANIZATION
,	O
which	O
explains	O
that	O
the	O
length	O
of	O
life	O
in	O
which	O
one	O
is	O
in	O
good	O
health	O
is	O
has	O
stopped	O
in	O
63	B-DURATION
years	I-DURATION
.	O

â	O
Our	O
country	O
faces	O
great	O
challenges	O
to	O
guarantee	O
the	O
health	O
of	O
people	O
of	O
retirement	O
age	O
(	O
65	B-DURATION
years	I-DURATION
for	O
men	O
and	O
60	B-DURATION
years	I-DURATION
for	O
women	O
)	O
,	O
so	O
it	O
will	O
be	O
advisable	O
for	O
us	O
to	O
transform	O
the	O
products	O
and	O
services	O
of	O
the	O
public	O
and	O
private	O
health	O
ecosystem	O
through	O
a	O
culture	O
focused	O
on	O
the	O
prevention	O
and	O
maintenance	O
of	O
well	O
-	O
being	O
,	O
taking	O
advantage	O
of	O
cutting	O
-	O
edge	O
technologies	O
and	O
psychological	O
care	O
â	O
,	O
indicates	O
the	O
consultant	O
.	O

Added	O
to	O
this	O
is	O
the	O
fact	O
that	O
the	O
country	O
âs	O
retirees	O
generally	O
do	O
not	O
have	O
access	O
to	O
an	O
efficient	O
scheme	O
of	O
health	O
benefits	O
either	O
.	O

â	O
In	O
Ecuador	B-LOCATION
,	O
if	O
a	O
patient	O
has	O
lung	O
cancer	O
and	O
they	O
give	O
him	O
an	O
appointment	O
for	O
six	O
months	O
,	O
what	O
we	O
do	O
is	O
leave	O
the	O
diagnosis	O
at	O
the	O
cemetery	O
,	O
â	O
says	O
Bucaram	B-GIVEN_NAME
.	O

The	O
Ministry	B-ORGANIZATION
of	I-ORGANIZATION
Economic	I-ORGANIZATION
and	I-ORGANIZATION
Social	I-ORGANIZATION
Inclusion	I-ORGANIZATION
provides	O
several	O
items	O
of	O
economic	O
protection	O
to	O
older	O
adults	O
,	O
such	O
as	O
the	O
My	O
Best	O
Years	O
non	O
-	O
contributory	O
pension	O
(	O
established	O
in	O
the	O
government	O
of	O
LenÃ­n	B-GIVEN_NAME
Moreno	B-FAMILY_NAME
)	O
,	O
aimed	O
at	O
older	O
adults	O
in	O
situations	O
of	O
extreme	O
poverty	O
,	O
who	O
receive	O
a	O
$	B-MONEY
100	I-MONEY
per	O
month	O
;	O
and	O
the	O
Senior	O
Adult	O
pension	O
,	O
aimed	O
at	O
people	O
in	O
poverty	O
,	O
with	O
a	O
monthly	O
item	O
of	O
$	B-MONEY
50	I-MONEY
.	O

Although	O
this	O
is	O
not	O
enough	O
to	O
cover	O
the	O
costs	O
of	O
medicine	O
and	O
food	O
.	O

In	O
addition	O
,	O
the	O
poverty	O
indicators	O
of	O
the	O
general	O
population	O
are	O
added	O
,	O
which	O
,	O
according	O
to	O
the	O
INEC	B-ORGANIZATION
,	O
as	O
of	O
December	B-DATE
2021	I-DATE
,	O
27.7	O
%	O
of	O
Ecuadorians	B-AFFILIATION
were	O
poor	O
;	O
that	O
is	O
,	O
he	O
lived	O
on	O
less	O
than	O
$	B-MONEY
2.85	I-MONEY
a	O
day	O
.	O

This	O
also	O
makes	O
it	O
difficult	O
for	O
people	O
to	O
access	O
quality	O
food	O
and	O
medicine	O
.	O

Contreras	B-GIVEN_NAME
assures	O
that	O
life	O
expectancy	O
does	O
not	O
matter	O
much	O
if	O
its	O
quality	O
does	O
not	O
rise	O
:	O
â	O
What	O
is	O
the	O
point	O
of	O
reaching	O
90	B-DURATION
years	I-DURATION
of	O
age	O
if	O
I	O
am	O
going	O
to	O
arrive	O
with	O
a	O
bad	O
life	O
,	O
in	O
poverty	O
and	O
without	O
being	O
able	O
to	O
access	O
good	O
food	O
or	O
medicine	O
?	O
â	O
.	O

Pamela	B-GIVEN_NAME
Cabezas	B-FAMILY_NAME
,	O
an	O
internist	O
at	O
Hospital	B-LOCATION
de	I-LOCATION
los	I-LOCATION
Valles	I-LOCATION
,	O
agrees	O
that	O
the	O
axis	O
of	O
the	O
current	O
health	O
system	O
should	O
be	O
changed	O
to	O
a	O
preventive	O
one	O
,	O
since	O
annual	O
medical	O
check	O
-	O
ups	O
are	O
of	O
great	O
importance	O
for	O
children	O
,	O
women	O
,	O
men	O
and	O
people	O
in	O
the	O
third	O
age	O
:	O
â	O
they	O
help	O
in	O
the	O
early	O
detection	O
of	O
diseases	O
and	O
timely	O
treatment	O
â	O
.	O

In	O
addition	O
,	O
to	O
take	O
care	O
of	O
mental	O
health	O
and	O
carry	O
out	O
a	O
review	O
and	O
update	O
of	O
the	O
basic	O
list	O
of	O
medicines	O
to	O
add	O
or	O
discard	O
medicines	O
.	O

(	O
I	O
)	O

