Status	O
of	O
the	O
nation	O

Sudanese	B-AFFILIATION
refugees	O
confused	O
by	O
interview	O
suspension	O

Sudanese	B-AFFILIATION
refugees	O
in	O
Cairo	B-LOCATION
say	O
a	O
recent	O
decision	O
by	O
the	O
United	B-ORGANIZATION
Nations	I-ORGANIZATION
to	O
suspend	O
resettlement	O
interviews	O
for	O
six	O
months	O
confuses	O
their	O
situation	O
and	O
throws	O
their	O
future	O
into	O
doubt	O
.	O

The	O
policy	O
change	O
by	O
the	O
United	B-ORGANIZATION
Nations	I-ORGANIZATION
High	I-ORGANIZATION
Commisser	I-ORGANIZATION
for	I-ORGANIZATION
Refugees	I-ORGANIZATION
(	O
UNHCR	B-ORGANIZATION
)	O
,	O
which	O
took	O
effect	O
on	O
1	B-DATE
June	I-DATE
,	O
suspends	O
individual	O
interviews	O
for	O
Sudanese	B-AFFILIATION
asylum	O
seekers	O
until	O
the	O
political	O
situation	O
in	O
the	O
war	O
-	O
torn	O
country	O
becomes	O
clearer	O
.	O

â	O
This	O
is	O
not	O
a	O
major	O
policy	O
change	O
,	O
â	O
says	O
Damtew	B-GIVEN_NAME
Dessalegne	B-FAMILY_NAME
,	O
assistant	O
regional	O
representative	O
at	O
UNHCR	B-ORGANIZATION
âs	O
Cairo	B-LOCATION
office	O
.	O

â	O
The	O
changes	O
we	O
have	O
introduced	O
are	O
in	O
fact	O
to	O
the	O
benefit	O
of	O
asylum	O
seekers	O
in	O
Egypt	B-LOCATION
,	O
â	O
he	O
told	O
the	O
Cairo	B-ORGANIZATION|B-LOCATION
Times	I-ORGANIZATION
.	O

He	O
says	O
all	O
refugees	O
will	O
continue	O
to	O
be	O
granted	O
UNCHR	B-ORGANIZATION
status	O
that	O
will	O
allow	O
them	O
to	O
obtain	O
temporary	O
resident	O
status	O
in	O
Egypt	B-LOCATION
.	O

The	O
UNHCR	B-ORGANIZATION
made	O
the	O
decision	O
in	O
response	O
to	O
the	O
nascent	O
peace	O
agreement	O
between	O
the	O
Sudanese	B-AFFILIATION
government	O
and	O
the	O
Sudanese	B-ORGANIZATION
People	I-ORGANIZATION
âs	I-ORGANIZATION
Liberation	I-ORGANIZATION
Army	I-ORGANIZATION
(	O
SPLA	B-ORGANIZATION
)	O
,	O
who	O
until	O
recently	O
were	O
embroiled	O
in	O
the	O
world	O
âs	O
longest	O
-	O
running	O
civil	O
war	O
.	O

Despite	O
the	O
apparent	O
reconciliation	O
between	O
the	O
government	O
and	O
the	O
SPLA	B-ORGANIZATION
,	O
which	O
is	O
based	O
in	O
the	O
southern	O
half	O
of	O
the	O
country	O
,	O
conflict	O
still	O
rages	O
in	O
the	O
western	O
region	O
of	O
Darfur	B-LOCATION
.	O

The	O
UNHCR	B-ORGANIZATION
decision	O
applies	O
to	O
all	O
refugees	O
from	O
Sudan	B-LOCATION
,	O
regardless	O
of	O
their	O
regional	O
origin	O
.	O

â	O
This	O
decision	O
is	O
not	O
fair	O
,	O
â	O
says	O
Abdel	B-GIVEN_NAME
Shakour	B-FAMILY_NAME
Muhammad	I-FAMILY_NAME
Khamis	I-FAMILY_NAME
,	O
a	O
refugee	O
from	O
western	B-LOCATION
Sudan	I-LOCATION
who	O
has	O
lived	O
in	O
Cairo	B-LOCATION
since	O
1990	B-DATE
.	O

He	O
says	O
the	O
logic	O
behind	O
UNHCR	B-ORGANIZATION
âs	O
policy	O
shift	O
is	O
confusing	O
,	O
â	O
especially	O
for	O
western	B-AFFILIATION
Sudanese	I-AFFILIATION
,	O
as	O
more	O
and	O
more	O
are	O
coming	O
to	O
Cairo	B-LOCATION
,	O
running	O
for	O
survival	O
.	O
â	O

Abdel	B-GIVEN_NAME
Shakour	B-FAMILY_NAME
says	O
that	O
despite	O
monthly	O
meetings	O
between	O
refugees	O
and	O
the	O
UNHCR	B-ORGANIZATION
,	O
the	O
decision	O
â	O
was	O
made	O
without	O
consultation	O
.	O
â	O

â	O
There	O
âs	O
some	O
justice	O
in	O
that	O
remark	O
,	O
â	O
admits	O
Alistair	B-GIVEN_NAME
Boulton	B-FAMILY_NAME
,	O
a	O
resettlement	O
officer	O
with	O
the	O
UNHCR	B-ORGANIZATION
in	O
Cairo	B-LOCATION
.	O

â	O
There	O
was	O
not	O
a	O
great	O
deal	O
of	O
prior	O
discussion	O
with	O
the	O
community	O
,	O
â	O
he	O
says	O
.	O

Boulton	B-GIVEN_NAME
says	O
the	O
complicated	O
nature	O
of	O
the	O
conflicts	O
in	O
Sudan	B-LOCATION
is	O
a	O
challenge	O
for	O
the	O
UNHCR	B-ORGANIZATION
.	O

â	O
We	O
know	O
that	O
we	O
have	O
a	O
very	O
peculiar	O
situation	O
to	O
be	O
dealing	O
with	O
â	O
optimism	O
in	O
the	O
south	O
and	O
apparent	O
genocide	O
in	O
the	O
west	O
,	O
â	O
he	O
says	O
.	O

Creating	O
two	O
refugee	O
systems	O
for	O
citizens	O
of	O
one	O
country	O
â	O
just	O
was	O
nât	O
practical	O
,	O
â	O
he	O
says	O
.	O

But	O
he	O
stresses	O
that	O
as	O
the	O
situation	O
evolves	O
,	O
the	O
UNHCR	B-ORGANIZATION
will	O
continue	O
to	O
help	O
refugees	O
from	O
Darfur	B-LOCATION
.	O

Dessalegne	B-GIVEN_NAME
says	O
that	O
despite	O
the	O
separate	O
situations	O
in	O
Sudan	B-LOCATION
,	O
the	O
UNHCR	B-ORGANIZATION
â	O
really	O
did	O
nât	O
want	O
to	O
get	O
into	O
a	O
geographic	O
distinction	O
.	O
â	O

He	O
says	O
that	O
would	O
have	O
made	O
the	O
resettlement	O
process	O
unworkable	O
.	O

â	O
In	O
six	O
months	O
time	O
,	O
â	O
he	O
says	O
,	O
once	O
the	O
situation	O
is	O
less	O
murky	O
,	O
â	O
we	O
will	O
be	O
able	O
to	O
distinguish	O
between	O
refugees	O
from	O
the	O
south	O
and	O
refugees	O
from	O
the	O
west	O
.	O
â	O

A	O
recent	O
agreement	O
between	O
the	O
governments	O
of	O
Egypt	B-LOCATION
and	O
Sudan	B-LOCATION
further	O
complicates	O
the	O
status	O
of	O
refugees	O
in	O
Cairo	B-LOCATION
.	O

The	O
four	O
freedoms	O
agreement	O
was	O
ratified	O
by	O
both	O
governments	O
in	O
June	B-DATE
and	O
gives	O
citizens	O
of	O
both	O
countries	O
certain	O
rights	O
that	O
overlap	O
the	O
state	O
boundaries	O
.	O

Theoretically	O
,	O
the	O
agreement	O
would	O
allow	O
Sudanese	B-AFFILIATION
refugees	O
to	O
live	O
,	O
work	O
,	O
own	O
property	O
and	O
move	O
freely	O
in	O
Egypt	B-LOCATION
.	O

Dessalegne	B-GIVEN_NAME
says	O
that	O
the	O
agreement	O
may	O
mean	O
that	O
â	O
the	O
majority	O
of	O
Sudanese	B-AFFILIATION
would	O
not	O
necessarily	O
need	O
UNHCR	B-ORGANIZATION
to	O
help	O
their	O
stay	O
in	O
Egypt	B-LOCATION
,	O
â	O
since	O
most	O
of	O
them	O
would	O
automatically	O
be	O
given	O
resident	O
status	O
.	O

â	O
In	O
a	O
way	O
,	O
â	O
he	O
says	O
,	O
â	O
the	O
situation	O
will	O
go	O
back	O
to	O
where	O
it	O
was	O
before	O
1995	B-DATE
.	O
â	O

Egypt	B-LOCATION
broke	O
off	O
relations	O
with	O
Sudan	B-LOCATION
in	O
1995	B-DATE
after	O
the	O
Sudanese	B-AFFILIATION
regime	O
was	O
suspected	O
of	O
involvement	O
in	O
an	O
attempt	O
to	O
assassinate	O
President	O
Hosni	B-GIVEN_NAME
Mubarak	B-FAMILY_NAME
.	O

It	O
was	O
only	O
after	O
that	O
diplomatic	O
rift	O
that	O
the	O
UNHCR	B-ORGANIZATION
in	O
Egypt	B-LOCATION
began	O
resettling	O
Sudanese	B-AFFILIATION
refugees	O
to	O
third	O
countries	O
.	O

Dessalegne	B-GIVEN_NAME
says	O
that	O
the	O
Egyptian	B-AFFILIATION
government	O
neither	O
consulted	O
with	O
the	O
UNHCR	B-ORGANIZATION
on	O
the	O
agreement	O
nor	O
provided	O
any	O
information	O
on	O
when	O
,	O
or	O
if	O
,	O
it	O
would	O
be	O
implemented	O
.	O

Abdel	B-GIVEN_NAME
Shakour	B-FAMILY_NAME
says	O
that	O
the	O
â	O
four	O
freedoms	O
agreement	O
â	O
will	O
be	O
â	O
a	O
privilege	O
â	O
for	O
those	O
Sudanese	B-AFFILIATION
who	O
want	O
to	O
settle	O
permanently	O
in	O
Egypt	B-LOCATION
.	O

But	O
shifting	O
the	O
responsibility	O
for	O
refugees	O
from	O
the	O
United	B-ORGANIZATION
Nations	I-ORGANIZATION
to	O
the	O
government	O
of	O
Egypt	B-LOCATION
,	O
he	O
says	O
,	O
is	O
not	O
a	O
good	O
idea	O
.	O

â	O
For	O
refugees	O
,	O
this	O
is	O
a	O
very	O
real	O
risk	O
.	O
â	O

Until	O
that	O
agreement	O
is	O
enacted	O
,	O
the	O
UNHCR	B-ORGANIZATION
will	O
remain	O
the	O
primary	O
group	O
responsible	O
for	O
Sudanese	B-AFFILIATION
refugees	O
in	O
Egypt	B-LOCATION
.	O

The	O
Sudanese	B-AFFILIATION
government	O
and	O
the	O
SPLA	B-ORGANIZATION
say	O
they	O
want	O
to	O
sign	O
a	O
permanent	O
peace	O
deal	O
by	O
the	O
end	O
of	O
the	O
summer	O
.	O

In	O
the	O
meantime	O
,	O
the	O
situation	O
in	O
Darfur	B-LOCATION
appears	O
to	O
be	O
growing	O
more	O
serious	O
by	O
the	O
day	O
.	O

The	O
suspension	O
of	O
asylum	O
interviews	O
by	O
the	O
UNHCR	B-ORGANIZATION
will	O
be	O
revisited	O
on	O
1	B-DATE
December	I-DATE
,	I-DATE
2005	I-DATE
.	O

â	O
This	O
is	O
a	O
highly	O
political	O
game	O
,	O
â	O
says	O
Abdel	B-GIVEN_NAME
Shakour	B-FAMILY_NAME
.	O

â	O
But	O
really	O
,	O
we	O
all	O
just	O
want	O
to	O
go	O
home	O
.	O
â	O

