Coming	O
apart	O
at	O
the	O
seams	O

The	O
new	O
Iraq	B-LOCATION
may	O
be	O
less	O
a	O
state	O
than	O
an	O
association	O
of	O
communities	O
,	O
argues	O
Steve	B-GIVEN_NAME
Negus	B-FAMILY_NAME

Global	O
leaders	O
and	O
citizens	O
have	O
spent	O
this	O
year	O
anticipating	O
and	O
arguing	O
over	O
what	O
would	O
happen	O
after	O
the	O
30	B-DATE
June	I-DATE
transfer	O
of	O
power	O
in	O
Iraq	B-LOCATION
.	O

As	O
the	O
days	O
ticked	O
down	O
,	O
bringing	O
the	O
country	O
closer	O
to	O
the	O
transfer	O
of	O
sovereignty	O
to	O
an	O
Iraqi	B-AFFILIATION
interim	O
government	O
,	O
a	O
long	O
-	O
expected	O
run	O
of	O
terror	O
bombings	O
ripped	O
through	O
Iraqi	B-AFFILIATION
cities	O
,	O
fanning	O
fears	O
that	O
sovereignty	O
would	O
do	O
nothing	O
to	O
improve	O
Iraqis	B-AFFILIATION
â	O
most	O
frequently	O
articulated	O
complaint	O
,	O
security	O
.	O

Still	O
,	O
some	O
Iraqis	B-AFFILIATION
are	O
optimistic	O
about	O
the	O
transfer	O
.	O

They	O
detested	O
rule	O
by	O
foreigners	O
,	O
particularly	O
the	O
coalition	O
leadership	O
,	O
which	O
was	O
perceived	O
to	O
be	O
arrogant	O
and	O
unable	O
to	O
admit	O
error	O
.	O

The	O
public	O
irresolution	O
and	O
private	O
nepotism	O
of	O
the	O
coalition	O
âs	O
appointed	O
Iraqi	B-ORGANIZATION|B-AFFILIATION
Governing	I-ORGANIZATION
Council	I-ORGANIZATION
also	O
sapped	O
their	O
confidence	O
.	O

Many	O
of	O
the	O
optimists	O
have	O
warmed	O
to	O
the	O
new	O
Prime	O
Minister	O
Iyad	B-GIVEN_NAME
Allawi	B-FAMILY_NAME
,	O
who	O
has	O
gone	O
on	O
television	O
vowing	O
to	O
take	O
whatever	O
â	O
drastic	O
measures	O
â	O
may	O
be	O
necessary	O
to	O
improve	O
the	O
security	O
situation	O
.	O

Others	O
have	O
their	O
confidence	O
inspired	O
by	O
the	O
new	O
president	O
,	O
Sunni	B-AFFILIATION
tribal	O
leader	O
Sheikh	O
Ghazi	B-GIVEN_NAME
Al	B-FAMILY_NAME
Yawar	I-FAMILY_NAME
,	O
whose	O
stately	O
robes	O
,	O
some	O
say	O
,	O
show	O
that	O
he	O
is	O
a	O
man	O
at	O
home	O
in	O
a	O
traditional	O
society	O
,	O
who	O
will	O
know	O
how	O
to	O
wield	O
his	O
authority	O
in	O
a	O
way	O
that	O
people	O
respect	O
.	O

On	O
the	O
other	O
hand	O
,	O
some	O
feel	O
that	O
the	O
transfer	O
will	O
mean	O
little	O
.	O

Although	O
the	O
Iraqi	B-AFFILIATION
public	O
knows	O
that	O
the	O
new	O
government	O
âs	O
composition	O
was	O
not	O
necessarily	O
to	O
the	O
Americans	B-AFFILIATION
â	O
liking	O
â	O
Allawi	B-GIVEN_NAME
and	O
Al	B-GIVEN_NAME
Yawar	B-FAMILY_NAME
were	O
presented	O
to	O
the	O
coalition	O
by	O
the	O
IGC	B-ORGANIZATION
as	O
a	O
fait	O
accompli	O
â	O
the	O
coalition	O
was	O
still	O
the	O
final	O
selector	O
of	O
Iraq	B-LOCATION
âs	O
new	O
leaders	O
,	O
however	O
reluctantly	O
it	O
approved	O
them	O
.	O

Moreover	O
,	O
despite	O
various	O
last	O
-	O
minute	O
concessions	O
,	O
the	O
sovereignty	O
handed	O
to	O
them	O
is	O
not	O
complete	O
â	O
foreign	O
troops	O
in	O
the	O
country	O
remain	O
under	O
coalition	O
command	O
and	O
enjoy	O
immunity	O
from	O
Iraqi	B-AFFILIATION
courts	O
.	O

Still	O
others	O
believe	O
that	O
the	O
Americans	B-AFFILIATION
,	O
whatever	O
their	O
faults	O
,	O
are	O
better	O
equipped	O
to	O
restore	O
security	O
than	O
a	O
scrambled	O
-	O
together	O
Iraqi	B-AFFILIATION
government	O
,	O
and	O
feel	O
that	O
order	O
needs	O
to	O
be	O
restored	O
before	O
the	O
foreigners	O
relinquish	O
power	O
.	O

In	O
taking	O
over	O
the	O
reins	O
of	O
power	O
,	O
Allawi	B-GIVEN_NAME
,	O
Yawar	B-GIVEN_NAME
and	O
their	O
deputies	O
are	O
in	O
a	O
race	O
against	O
time	O
.	O

Allawi	B-GIVEN_NAME
has	O
already	O
said	O
that	O
elections	O
scheduled	O
for	O
January	B-DATE
2005	I-DATE
may	O
be	O
delayed	O
some	O
months	O
.	O

If	O
a	O
vote	O
is	O
delayed	O
much	O
longer	O
then	O
â	O
given	O
the	O
importance	O
many	O
Iraqis	B-AFFILIATION
,	O
including	O
Grand	O
Ayatollah	O
Ali	B-GIVEN_NAME
Al	B-FAMILY_NAME
Sistani	I-FAMILY_NAME
,	O
attach	O
to	O
elections	O
â	O
the	O
new	O
government	O
will	O
face	O
a	O
serious	O
crisis	O
of	O
legitimacy	O
(	O
this	O
assumes	O
,	O
of	O
course	O
,	O
that	O
the	O
new	O
leadership	O
wants	O
to	O
hold	O
elections	O
at	O
all	O
)	O
.	O

The	O
most	O
important	O
task	O
in	O
restoring	O
stability	O
will	O
be	O
to	O
end	O
the	O
deadly	O
run	O
of	O
bombings	O
â	O
in	O
particular	O
vehicle	O
bombings	O
â	O
which	O
have	O
devastated	O
the	O
country	O
since	O
August	B-DATE
2003	I-DATE
.	O

Police	O
stations	O
have	O
recently	O
become	O
the	O
particular	O
favorite	O
of	O
the	O
bombers	O
,	O
although	O
hospitals	O
,	O
military	O
recruiting	O
stations	O
and	O
public	O
squares	O
have	O
also	O
been	O
hit	O
.	O

Should	O
these	O
bombings	O
continue	O
apace	O
through	O
January	B-DATE
,	O
electoral	O
polling	O
stations	O
and	O
voting	O
queues	O
would	O
be	O
equally	O
inviting	O
targets	O
.	O

What	O
could	O
an	O
Iraqi	B-AFFILIATION
government	O
do	O
to	O
suppress	O
the	O
bombings	O
?	O

Although	O
Allawi	B-GIVEN_NAME
has	O
stated	O
his	O
readiness	O
to	O
declare	O
martial	O
law	O
,	O
the	O
measures	O
that	O
are	O
already	O
in	O
place	O
under	O
the	O
occupation	O
â	O
military	O
in	O
the	O
streets	O
with	O
loose	O
rules	O
of	O
engagement	O
,	O
indefinite	O
detentions	O
without	O
trial	O
â	O
would	O
be	O
hard	O
to	O
toughen	O
up	O
further	O
.	O

Failure	O
to	O
deal	O
with	O
terrorism	O
is	O
more	O
commonly	O
seen	O
as	O
an	O
intelligence	O
and	O
political	O
failure	O
to	O
infiltrate	O
the	O
groups	O
,	O
to	O
encourage	O
ordinary	O
citizens	O
to	O
inform	O
on	O
them	O
and	O
the	O
like	O
.	O

Iraqi	B-AFFILIATION
opposition	O
groups	O
such	O
as	O
the	O
Kurdish	B-AFFILIATION
parties	O
have	O
long	O
claimed	O
that	O
their	O
intelligence	O
-	O
gathering	O
assets	O
are	O
superior	O
to	O
the	O
Americans	B-AFFILIATION
â	O
,	O
although	O
this	O
has	O
yet	O
to	O
be	O
put	O
to	O
the	O
test	O
.	O

The	O
Iraqis	B-AFFILIATION
say	O
they	O
cooperate	O
with	O
the	O
U.	B-LOCATION
S.	I-LOCATION
military	O
,	O
but	O
that	O
the	O
Americans	B-AFFILIATION
fail	O
to	O
act	O
on	O
their	O
reports	O
while	O
simultaneously	O
denying	O
them	O
access	O
to	O
resources	O
â	O
prisoner	O
interrogations	O
,	O
for	O
example	O
â	O
needed	O
to	O
capitalize	O
on	O
their	O
successes	O
.	O

(	O
Some	O
observers	O
also	O
say	O
that	O
Iraqi	B-AFFILIATION
security	O
might	O
be	O
able	O
to	O
take	O
advantage	O
of	O
interrogation	O
methods	O
that	O
the	O
Americans	B-AFFILIATION
ca	O
nât	O
use	O
.	O
However	O
,	O
that	O
line	O
of	O
argument	O
has	O
become	O
less	O
persuasive	O
after	O
revelations	O
of	O
prisoner	O
abuse	O
at	O
Abu	B-LOCATION
Ghraib	I-LOCATION
suggesting	O
that	O
the	O
coalition	O
had	O
plenty	O
of	O
creative	O
alternatives	O
to	O
out	O
-	O
and	O
-	O
out	O
torture	O
and	O
that	O
human	O
rights	O
abuse	O
is	O
hardly	O
a	O
security	O
panacea	O
)	O
.	O

The	O
Iraqis	B-AFFILIATION
also	O
say	O
that	O
they	O
would	O
avoid	O
the	O
kinds	O
of	O
mistakes	O
â	O
such	O
as	O
overly	O
intrusive	O
raids	O
â	O
that	O
have	O
raised	O
the	O
anger	O
of	O
many	O
Iraqis	B-AFFILIATION
against	O
the	O
coalition	O
.	O
Also	O
,	O
incursions	O
into	O
urban	O
areas	O
â	O
with	O
their	O
inevitable	O
civilian	O
casualties	O
â	O
may	O
simply	O
be	O
less	O
offensive	O
if	O
carried	O
out	O
by	O
local	O
troops	O
.	O

The	O
main	O
perpetrators	O
of	O
the	O
bombings	O
are	O
thought	O
to	O
be	O
Abu	B-GIVEN_NAME
Mousab	B-FAMILY_NAME
Al	I-FAMILY_NAME
Zarqawi	I-FAMILY_NAME
âs	O
Tawhid	B-ORGANIZATION
Wa	I-ORGANIZATION
Jihad	I-ORGANIZATION
organization	O
,	O
largely	O
but	O
not	O
exclusively	O
composed	O
of	O
non	B-AFFILIATION
-	I-AFFILIATION
Iraqis	I-AFFILIATION
,	O
the	O
remnants	O
of	O
the	O
formerly	O
Kurdistan	B-LOCATION
-	O
based	O
Ansar	B-ORGANIZATION
Al	I-ORGANIZATION
Islam	I-ORGANIZATION
and	O
possibly	O
former	O
Baathists	B-AFFILIATION
.	O
The	O
immediate	O
objectives	O
of	O
the	O
attacks	O
seem	O
to	O
be	O
both	O
to	O
spread	O
panic	O
and	O
to	O
cripple	O
the	O
interim	O
government	O
âs	O
ability	O
to	O
project	O
its	O
authority	O
.	O
The	O
long	O
-	O
term	O
objective	O
â	O
if	O
a	O
letter	O
purportedly	O
written	O
by	O
Zarqawi	B-GIVEN_NAME
or	O
an	O
associate	O
is	O
authentic	O
â	O
is	O
to	O
disrupt	O
the	O
creation	O
of	O
a	O
functioning	O
Iraqi	B-AFFILIATION
government	O
and	O
to	O
keep	O
the	O
Americans	B-GIVEN_NAME
in	O
the	O
country	O
for	O
an	O
endless	O
jihad	O
.	O
This	O
puts	O
them	O
at	O
odds	O
with	O
other	O
Sunni	B-AFFILIATION
Arab	I-AFFILIATION
insurgents	O
,	O
whose	O
primary	O
goals	O
seem	O
to	O
be	O
driving	O
the	O
foreigners	O
out	O
and	O
establishing	O
control	O
over	O
their	O
communities	O
(	O
and	O
,	O
in	O
a	O
few	O
cases	O
,	O
bringing	O
back	O
the	O
Baath	B-ORGANIZATION
Party	I-ORGANIZATION
)	O
.	O
However	O
,	O
to	O
survive	O
,	O
the	O
jihadists	O
almost	O
certainly	O
depend	O
on	O
the	O
tolerance	O
,	O
if	O
not	O
the	O
outright	O
cooperation	O
,	O
of	O
Iraqi	B-AFFILIATION
insurgent	O
networks	O
.	O

OLD	O
ALLIES	O
,	O
OLD	O
ENEMIES	O

Many	O
of	O
the	O
foreign	O
jihadis	O
are	O
thought	O
to	O
be	O
holed	O
up	O
in	O
Faluja	B-LOCATION
,	O
which	O
,	O
since	O
the	O
marines	O
called	O
off	O
their	O
April	B-DATE
offensive	O
,	O
has	O
become	O
dominated	O
by	O
a	O
fighting	O
alliance	O
of	O
Islamists	B-AFFILIATION
and	O
former	O
Republican	B-ORGANIZATION
Guards	I-ORGANIZATION
.	O
Moreover	O
,	O
the	O
insurgents	O
have	O
co	O
-	O
opted	O
the	O
very	O
Iraqi	B-AFFILIATION
security	O
units	O
,	O
largely	O
recruited	O
from	O
the	O
area	O
,	O
formed	O
to	O
pacify	O
them	O
.	O
Republican	B-ORGANIZATION
Guard	I-ORGANIZATION
officers	O
decked	O
out	O
in	O
their	O
old	O
uniforms	O
walk	O
down	O
the	O
streets	O
being	O
saluted	O
by	O
soldiers	O
of	O
the	O
Faluja	B-ORGANIZATION|B-LOCATION
Protection	I-ORGANIZATION
Brigade	I-ORGANIZATION
in	O
U.	B-LOCATION
S.	I-LOCATION
-	O
issued	O
fatigues	O
and	O
flak	O
vests	O
,	O
while	O
police	O
have	O
been	O
spotted	O
directing	O
RPG	O
fire	O
at	O
marine	O
patrols	O
.	O

The	O
U.	B-LOCATION
S.	I-LOCATION
military	O
was	O
unwilling	O
to	O
pay	O
the	O
political	O
price	O
to	O
subdue	O
Faluja	B-LOCATION
,	O
largely	O
because	O
Iraqis	B-AFFILIATION
with	O
tribal	O
ties	O
to	O
the	O
city	O
,	O
or	O
in	O
some	O
cases	O
who	O
were	O
simply	O
stirred	O
up	O
by	O
images	O
of	O
foreigners	O
wreaking	O
destruction	O
on	O
an	O
Iraqi	B-AFFILIATION
town	O
,	O
were	O
launching	O
solidarity	O
attacks	O
up	O
and	O
down	O
the	O
highways	O
that	O
formed	O
the	O
coalition	O
âs	O
main	O
supply	O
routes	O
.	O

The	O
new	O
Iraqi	B-AFFILIATION
government	O
might	O
be	O
able	O
to	O
convince	O
the	O
public	O
that	O
subduing	O
Faluja	B-LOCATION
is	O
worth	O
it	O
,	O
although	O
it	O
might	O
have	O
difficulties	O
finding	O
Iraqi	B-AFFILIATION
troops	O
willing	O
to	O
do	O
the	O
job	O
.	O
More	O
likely	O
,	O
it	O
will	O
have	O
to	O
convince	O
Faluja	B-LOCATION
âs	O
new	O
rulers	O
â	O
and	O
influential	O
figures	O
in	O
other	O
towns	O
in	O
the	O
Sunni	B-LOCATION
Triangle	I-LOCATION
â	O
that	O
harboring	O
bombers	O
that	O
strike	O
at	O
the	O
rest	O
of	O
the	O
country	O
is	O
not	O
in	O
their	O
interest	O
.	O
An	O
Iraqi	B-AFFILIATION
government	O
may	O
also	O
be	O
better	O
placed	O
than	O
the	O
foreigners	O
to	O
strike	O
a	O
deal	O
with	O
the	O
Islamic	B-ORGANIZATION
Scholars	I-ORGANIZATION
â	I-ORGANIZATION
Front	I-ORGANIZATION
â	O
to	O
which	O
many	O
of	O
the	O
insurgents	O
nominally	O
give	O
their	O
allegiance	O
â	O
which	O
has	O
condemned	O
many	O
of	O
Zarqawi	B-GIVEN_NAME
âs	O
tactics	O
but	O
which	O
is	O
also	O
implacably	O
opposed	O
to	O
foreign	O
military	O
occupation	O
.	O

Situations	O
similar	O
to	O
that	O
in	O
Faluja	B-LOCATION
exist	O
in	O
parts	O
of	O
the	O
predominantly	O
Shia	B-AFFILIATION
south	O
.	O
In	O
the	O
town	O
of	O
Al	B-LOCATION
Majar	I-LOCATION
Al	I-LOCATION
Kabir	I-LOCATION
,	O
which	O
has	O
resisted	O
central	O
authority	O
since	O
Saddam	B-GIVEN_NAME
âs	O
time	O
and	O
where	O
arms	O
are	O
sold	O
in	O
an	O
open	O
-	O
air	O
market	O
in	O
clear	O
defiance	O
of	O
the	O
state	O
,	O
tribesmen	O
who	O
believe	O
their	O
relatives	O
were	O
mutilated	O
by	O
British	B-AFFILIATION
troops	O
after	O
a	O
14	B-DATE
May	I-DATE
skirmish	O
swear	O
vengeance	O
on	O
any	O
coalition	O
vehicle	O
that	O
comes	O
their	O
way	O
.	O

In	O
the	O
northeastern	O
slum	O
of	O
Sadr	B-LOCATION
City	I-LOCATION
,	O
meanwhile	O
,	O
the	O
Mahdi	B-ORGANIZATION
Army	I-ORGANIZATION
loyal	O
to	O
radical	O
Shia	B-AFFILIATION
leader	O
Moqtada	B-GIVEN_NAME
Al	B-FAMILY_NAME
Sadr	I-FAMILY_NAME
,	O
son	O
of	O
the	O
neighborhood	O
âs	O
martyred	O
namesake	O
,	O
until	O
recently	O
patrolled	O
the	O
streets	O
and	O
threatened	O
swift	O
execution	O
to	O
any	O
coalition	O
â	O
spy	O
.	O
â	O
Sadr	B-GIVEN_NAME
declared	O
a	O
unilateral	O
ceasefire	O
with	O
the	O
coalition	O
and	O
ordered	O
his	O
followers	O
to	O
cooperate	O
with	O
the	O
police	O
on	O
25	B-DATE
June	I-DATE
â	O
a	O
deal	O
suspected	O
to	O
have	O
been	O
brokered	O
by	O
omnipresent	O
arbitrator	O
Ahmad	B-GIVEN_NAME
Chalabi	B-FAMILY_NAME
â	O
but	O
the	O
Sadrists	B-AFFILIATION
are	O
still	O
the	O
dominant	O
force	O
in	O
the	O
area	O
.	O
Sadr	B-GIVEN_NAME
has	O
established	O
himself	O
as	O
a	O
patriotic	O
icon	O
by	O
declaring	O
the	O
April	B-DATE
uprising	O
and	O
is	O
now	O
thought	O
to	O
be	O
remaking	O
himself	O
as	O
a	O
statesman	O
,	O
perhaps	O
to	O
join	O
with	O
Kurds	B-AFFILIATION
,	O
secular	O
Shia	B-BRANDS|B-AFFILIATION
and	O
Sunni	B-AFFILIATION
leaders	O
in	O
an	O
electoral	O
front	O
.	O
In	O
fact	O
,	O
a	O
recent	O
coalition	O
survey	O
put	O
his	O
approval	O
numbers	O
second	O
only	O
to	O
the	O
venerable	O
Al	B-GIVEN_NAME
Sistani	B-FAMILY_NAME
âs	O
.	O

A	O
pattern	O
has	O
emerged	O
of	O
leaders	O
with	O
neighborhood	O
or	O
provincial	O
political	O
machines	O
tailored	O
to	O
a	O
particular	O
ethno	O
-	O
confessional	O
group	O
,	O
working	O
in	O
partnership	O
with	O
similar	O
political	O
bosses	O
from	O
other	O
groups	O
in	O
competition	O
with	O
other	O
integrated	O
alliances	O
.	O
One	O
theory	O
of	O
how	O
Iraqi	B-AFFILIATION
national	O
politics	O
will	O
operate	O
in	O
the	O
years	O
ahead	O
is	O
that	O
this	O
trend	O
will	O
dominate	O
.	O

In	O
the	O
north	O
,	O
the	O
Kurdish	B-AFFILIATION
autonomous	O
zone	O
,	O
formed	O
after	O
the	O
1991	B-BRANDS|B-DATE
Gulf	B-MISC
War	I-MISC
,	O
will	O
remain	O
in	O
force	O
,	O
the	O
status	O
quo	O
guaranteed	O
by	O
Iraq	B-LOCATION
âs	O
interim	O
constitution	O
.	O
Allawi	B-GIVEN_NAME
did	O
manage	O
to	O
broker	O
a	O
deal	O
calling	O
for	O
the	O
demobilization	O
of	O
militias	O
,	O
including	O
the	O
Kurdish	B-ORGANIZATION|B-AFFILIATION
Democratic	I-ORGANIZATION|B-AFFILIATION
Parties	I-ORGANIZATION
âs	O
(	O
KDP	B-ORGANIZATION
)	O
and	O
Patriotic	B-ORGANIZATION|B-AFFILIATION
Union	I-ORGANIZATION
of	I-ORGANIZATION
Kurdistan	I-ORGANIZATION
âs	O
(	O
PUK	B-ORGANIZATION
)	O
peshmerga	O
.	O
However	O
,	O
it	O
is	O
likely	O
that	O
they	O
will	O
simply	O
be	O
redesignated	O
counter	O
-	O
terrorist	O
units	O
,	O
mountain	O
rangers	O
or	O
given	O
some	O
other	O
paramilitary	O
cover	O
.	O

Despite	O
the	O
continuation	O
of	O
their	O
de	O
facto	O
autonomy	O
,	O
Kurds	B-AFFILIATION
in	O
the	O
north	O
are	O
furious	O
that	O
UN	B-ORGANIZATION|B-ORGANIZATION
Resolution	B-MISC
1546	I-MISC
does	O
not	O
mention	O
the	O
status	O
of	O
the	O
Kurdish	B-AFFILIATION
zone	O
.	O
Ever	O
since	O
the	O
March	B-DATE
and	O
April	B-DATE
dispute	O
over	O
the	O
adoption	O
of	O
an	O
interim	O
constitution	O
,	O
when	O
Shiites	B-AFFILIATION
resisted	O
provisions	O
that	O
would	O
have	O
given	O
the	O
Kurdish	B-AFFILIATION
provinces	O
the	O
power	O
to	O
stop	O
the	O
adoption	O
of	O
a	O
permanent	O
constitution	O
,	O
many	O
Kurds	B-AFFILIATION
have	O
feared	O
that	O
the	O
Shia	B-BRANDS|B-AFFILIATION
majority	O
wants	O
to	O
exert	O
central	O
state	O
power	O
over	O
them	O
.	O

Their	O
leaders	O
,	O
Massoud	B-GIVEN_NAME
Barzani	B-FAMILY_NAME
of	O
the	O
KDP	B-ORGANIZATION
,	O
and	O
Jalal	B-GIVEN_NAME
Talabani	B-FAMILY_NAME
of	O
the	O
PUK	B-ORGANIZATION
,	O
sent	O
a	O
letter	O
to	O
Washington	B-LOCATION
threatening	O
de	O
facto	O
secession	O
if	O
guarantees	O
of	O
their	O
autonomy	O
were	O
not	O
forthcoming	O
.	O
The	O
letter	O
,	O
however	O
,	O
was	O
not	O
originally	O
made	O
public	O
,	O
and	O
many	O
Kurds	B-AFFILIATION
feel	O
that	O
their	O
leaders	O
betrayed	O
them	O
for	O
not	O
taking	O
an	O
early	O
and	O
public	O
stand	O
for	O
their	O
rights	O
.	O
In	O
what	O
can	O
partly	O
be	O
read	O
as	O
a	O
gesture	O
of	O
no	O
-	O
confidence	O
in	O
the	O
Kurdish	B-AFFILIATION
leadership	O
,	O
a	O
grassroots	O
movement	O
claims	O
to	O
have	O
collected	O
1.7	O
million	O
signatures	O
on	O
a	O
petition	O
calling	O
for	O
a	O
referendum	O
of	O
Kurdish	B-AFFILIATION
independence	O
.	O
Kurds	B-AFFILIATION
are	O
also	O
pushing	O
for	O
the	O
return	O
of	O
tens	O
of	O
thousands	O
of	O
refugees	O
to	O
the	O
disputed	O
city	O
of	O
Kirkuk	B-LOCATION
and	O
other	O
areas	O
from	O
which	O
they	O
were	O
ethnically	O
cleansed	O
under	O
Saddam	B-GIVEN_NAME
,	O
and	O
often	O
replaced	O
with	O
Arab	B-AFFILIATION
settlers	O
.	O
Given	O
ongoing	O
ethnic	O
unrest	O
in	O
this	O
city	O
,	O
Allawi	B-GIVEN_NAME
might	O
try	O
to	O
defer	O
settlement	O
of	O
this	O
issue	O
as	O
long	O
as	O
possible	O
,	O
although	O
the	O
need	O
to	O
take	O
a	O
pre	O
-	O
election	O
census	O
might	O
bring	O
it	O
to	O
the	O
fore	O
.	O

COMING	O
APART	O
AT	O
THE	O
SEAMS	O

In	O
other	O
words	O
,	O
Iraq	B-LOCATION
seems	O
to	O
be	O
fracturing	O
fast	O
,	O
with	O
every	O
community	O
,	O
and	O
in	O
some	O
cases	O
every	O
neighborhood	O
,	O
falling	O
under	O
its	O
own	O
informal	O
self	O
-	O
government	O
.	O
This	O
might	O
not	O
be	O
such	O
a	O
bad	O
thing	O
.	O

Iraq	B-LOCATION
has	O
little	O
in	O
the	O
way	O
of	O
a	O
national	O
identity	O
,	O
and	O
thus	O
no	O
central	O
government	O
will	O
have	O
much	O
legitimacy	O
.	O
It	O
may	O
be	O
best	O
in	O
the	O
medium	O
-	O
term	O
for	O
the	O
regions	O
to	O
form	O
ties	O
with	O
the	O
center	O
as	O
they	O
need	O
them	O
,	O
rather	O
than	O
the	O
center	O
force	O
itself	O
on	O
the	O
provinces	O
.	O
Although	O
such	O
a	O
state	O
may	O
be	O
weak	O
,	O
ridden	O
with	O
corruption	O
and	O
,	O
in	O
places	O
,	O
in	O
thrall	O
to	O
tribal	O
or	O
religious	O
mafias	O
and	O
political	O
machines	O
,	O
it	O
might	O
still	O
be	O
an	O
improvement	O
on	O
a	O
Baathist	B-AFFILIATION
-	O
style	O
tyranny	O
.	O
Furthermore	O
,	O
in	O
the	O
long	O
run	O
â	O
as	O
civil	O
society	O
grows	O
and	O
the	O
public	O
becomes	O
more	O
politically	O
sophisticated	O
â	O
it	O
may	O
prove	O
more	O
economically	O
and	O
politically	O
dynamic	O
than	O
over	O
-	O
centralized	O
states	O
,	O
where	O
non	O
-	O
responsiveness	O
to	O
local	O
concerns	O
can	O
prove	O
paralyzing	O
.	O

For	O
this	O
to	O
work	O
there	O
needs	O
to	O
be	O
a	O
national	O
government	O
regulated	O
by	O
nominally	O
democratic	B-AFFILIATION
rules	O
,	O
wherein	O
regional	O
bosses	O
compete	O
peacefully	O
for	O
their	O
share	O
of	O
the	O
federal	O
pie	O
.	O
It	O
could	O
be	O
derailed	O
if	O
Allawi	B-GIVEN_NAME
or	O
other	O
leaders	O
succumb	O
to	O
the	O
temptation	O
to	O
exploit	O
the	O
security	O
situation	O
to	O
perpetrate	O
their	O
stay	O
in	O
office	O
.	O
But	O
,	O
given	O
the	O
weakness	O
of	O
Iraq	B-LOCATION
âs	O
government	O
and	O
its	O
desperate	O
need	O
for	O
legitimacy	O
,	O
this	O
scenario	O
is	O
unlikely	O
.	O
A	O
more	O
likely	O
scenario	O
would	O
be	O
a	O
vicious	O
circle	O
â	O
the	O
bombings	O
will	O
prevent	O
elections	O
,	O
but	O
without	O
elections	O
the	O
new	O
government	O
âs	O
legitimacy	O
will	O
dwindle	O
to	O
the	O
point	O
that	O
the	O
regions	O
simply	O
ignore	O
the	O
central	O
government	O
â	O
that	O
could	O
see	O
Iraq	B-LOCATION
heading	O
toward	O
failed	O
statehood	O
.	O

Or	O
,	O
it	O
may	O
be	O
that	O
Allawi	B-GIVEN_NAME
and	O
his	O
colleagues	O
will	O
be	O
able	O
to	O
prove	O
the	O
assertion	O
that	O
an	O
Iraqi	B-AFFILIATION
hand	O
at	O
the	O
helm	O
will	O
resolve	O
the	O
country	O
âs	O
security	O
woes	O
.	O
If	O
that	O
is	O
the	O
case	O
,	O
Iraq	B-LOCATION
may	O
move	O
toward	O
a	O
government	O
which	O
,	O
though	O
far	O
from	O
perfect	O
,	O
will	O
be	O
much	O
more	O
democratic	B-AFFILIATION
and	O
responsive	O
than	O
any	O
it	O
has	O
had	O
in	O
the	O
past	O
.	O

