CAIRO	B-LOCATION
-	O
13	B-DATE
July	I-DATE
2022	I-DATE
:	O
Talaat	B-ORGANIZATION|B-GIVEN_NAME
Moustafa	I-ORGANIZATION|B-FAMILY_NAME
Group	I-ORGANIZATION
announced	O
the	O
start	O
of	O
handing	O
over	O
the	O
first	O
phases	O
of	O
the	O
Celia	B-BRANDS
project	O
,	O
coinciding	O
with	O
the	O
expected	O
opening	O
of	O
a	O
number	O
of	O
residential	O
projects	O
and	O
major	O
neighborhoods	O
in	O
the	O
New	B-LOCATION
Administrative	I-LOCATION
Capital	I-LOCATION
,	O
which	O
is	O
the	O
largest	O
integrated	O
community	O
of	O
services	O
implemented	O
by	O
the	O
private	O
sector	O
in	O
the	O
New	O
Capital	O
,	O
on	O
an	O
area	O
of	O
500	O
acres	O
.	O

Celia	B-LOCATION
Compound	I-LOCATION
is	O
the	O
only	O
project	O
in	O
the	O
new	O
capital	O
in	O
the	O
heart	O
of	O
the	O
Green	B-LOCATION
River	I-LOCATION
,	O
which	O
makes	O
the	O
view	O
of	O
the	O
vast	O
green	O
areas	O
along	O
its	O
length	O
limitless	O
.	O

The	O
Green	B-LOCATION
River	I-LOCATION
is	O
a	O
large	O
park	O
of	O
green	O
areas	O
,	O
including	O
two	O
artificial	O
lakes	O
,	O
and	O
is	O
the	O
largest	O
park	O
in	O
the	O
world	O
.	O

It	O
covers	O
an	O
area	O
of	O
more	O
than	O
1,000	O
acres	O
,	O
three	O
times	O
the	O
size	O
of	O
Hyde	B-LOCATION
Park	I-LOCATION
in	O
the	O
British	B-AFFILIATION
capital	O
,	O
London	B-LOCATION
.	O

The	O
length	O
of	O
the	O
Green	B-LOCATION
River	I-LOCATION
is	O
35	O
km	O
,	O
and	O
it	O
penetrates	O
the	O
new	O
capital	O
from	O
north	O
to	O
south	O
,	O
starting	O
from	O
the	O
middle	O
ring	O
road	O
to	O
the	O
regional	O
ring	O
,	O
and	O
includes	O
all	O
recreational	O
,	O
cultural	O
and	O
educational	O
activities	O
.	O

About	O
the	O
delivery	O
of	O
the	O
units	O
of	O
the	O
first	O
phase	O
of	O
the	O
Celia	B-BRANDS
project	O
,	O
it	O
will	O
continue	O
until	O
the	O
end	O
of	O
this	O
year	O
2022	B-DATE
,	O
and	O
it	O
includes	O
a	O
number	O
of	O
residential	O
buildings	O
and	O
villas	O
,	O
as	O
well	O
as	O
a	O
group	O
of	O
service	O
and	O
entertainment	O
projects	O
.	O

The	O
first	O
phase	O
of	O
Celia	B-BRANDS
,	O
which	O
is	O
being	O
handed	O
over	O
,	O
includes	O
the	O
largest	O
number	O
of	O
residential	O
units	O
,	O
and	O
about	O
94	O
buildings	O
are	O
scheduled	O
to	O
be	O
delivered	O
in	O
the	O
B	B-BRANDS
1	B-MISC
and	O
B	B-BRANDS
2	B-MISC
groups	O
.	O

This	O
represents	O
more	O
than	O
55	O
%	O
of	O
the	O
total	O
of	O
173	O
buildings	O
divided	O
into	O
four	O
zones	O
.	O
It	O
is	O
scheduled	O
to	O
deliver	O
466	O
villas	O
in	O
the	O
areas	O
V	B-LOCATION
1	I-LOCATION
and	O
V	B-LOCATION
2	I-LOCATION
,	O
out	O
of	O
the	O
total	O
number	O
of	O
villas	O
in	O
the	O
project	O
of	O
1065	O
villas	O
,	O
divided	O
into	O
six	O
areas	O
of	O
varying	O
engineering	O
designs	O
(	O
Stand	O
alone	O
-	O
Twin	B-BRANDS
House	B-MISC
-	O
Town	B-BRANDS
House	B-MISC
)	O
.	O

The	O
delivery	O
of	O
the	O
first	O
phase	O
of	O
the	O
Celia	B-BRANDS
project	O
comes	O
within	O
the	O
framework	O
of	O
the	O
commitment	O
of	O
the	O
Talaat	B-ORGANIZATION|B-GIVEN_NAME
Moustafa	I-ORGANIZATION|B-FAMILY_NAME
Group	I-ORGANIZATION
with	O
its	O
customers	O
to	O
deliver	O
the	O
units	O
within	O
only	O
four	B-DURATION
years	I-DURATION
from	O
the	O
start	O
of	O
the	O
reservation	O
and	O
contracting	O
procedures	O
,	O
which	O
began	O
in	O
2018	B-DATE
.	O

Throughout	O
its	O
history	O
,	O
the	O
Talaat	B-ORGANIZATION|B-GIVEN_NAME
Mustafa	I-ORGANIZATION|B-FAMILY_NAME
Group	I-ORGANIZATION
has	O
for	O
more	O
than	O
fifty	B-DURATION
years	I-DURATION
fulfilled	O
all	O
its	O
obligations	O
and	O
commitments	O
to	O
customers	O
,	O
which	O
has	O
earned	O
the	O
group	O
a	O
good	O
reputation	O
in	O
the	O
Egyptian	B-AFFILIATION
and	O
regional	O
real	O
estate	O
market	O
,	O
as	O
the	O
most	O
committed	O
real	O
estate	O
development	O
company	O
to	O
deliver	O
projects	O
on	O
time	O
.	O
In	O
fact	O
,	O
the	O
company	O
is	O
racing	O
against	O
time	O
in	O
delivering	O
its	O
projects	O
at	O
earlier	O
times	O
than	O
the	O
agreed	O
dates	O
,	O
thanks	O
to	O
its	O
technical	O
capabilities	O
and	O
extensive	O
experience	O
in	O
planning	O
and	O
developing	O
major	O
projects	O
.	O
This	O
good	O
reputation	O
has	O
made	O
the	O
company	O
always	O
enjoy	O
the	O
confidence	O
of	O
the	O
market	O
,	O
which	O
makes	O
its	O
projects	O
at	O
the	O
top	O
of	O
the	O
list	O
of	O
customer	O
preferences	O
,	O
whether	O
for	O
housing	O
or	O
investment	O
.	O

Talaat	B-ORGANIZATION|B-GIVEN_NAME
Moustafa	I-ORGANIZATION|B-FAMILY_NAME
Group	I-ORGANIZATION
was	O
keen	O
to	O
provide	O
a	O
distinguished	O
set	O
of	O
integrated	O
services	O
that	O
meet	O
the	O
daily	O
needs	O
of	O
those	O
wishing	O
to	O
live	O
immediately	O
,	O
as	O
a	O
temporary	O
service	O
center	O
,	O
mosque	O
,	O
supermarket	O
,	O
medical	O
services	O
,	O
and	O
outdoor	O
seating	O
areas	O
were	O
opened	O
.	O

The	O
residential	O
areas	O
that	O
have	O
been	O
completed	O
are	O
surrounded	O
by	O
walls	O
that	O
separate	O
them	O
from	O
the	O
areas	O
under	O
construction	O
.	O

This	O
separation	O
is	O
intended	O
to	O
tighten	O
security	O
control	O
and	O
preserve	O
the	O
privacy	O
of	O
residents	O
.	O

The	O
city	O
of	O
Celia	B-LOCATION
can	O
be	O
entered	O
through	O
three	O
gates	O
,	O
including	O
the	O
main	O
gate	O
surrounded	O
by	O
vast	O
areas	O
of	O
dense	O
cultivation	O
and	O
landscape	O
,	O
giving	O
it	O
an	O
attractive	O
aesthetic	O
appearance	O
.	O
With	O
the	O
provision	O
of	O
a	O
huge	O
garage	O
that	O
accommodates	O
hundreds	O
of	O
cars	O
,	O
to	O
serve	O
visitors	O
,	O
as	O
well	O
as	O
a	O
special	O
gate	O
for	O
building	O
areas	O
and	O
another	O
for	O
villa	O
areas	O
,	O
all	O
surrounded	O
by	O
separate	O
walls	O
and	O
monitored	O
by	O
smart	O
cameras	O
,	O
to	O
provide	O
the	O
highest	O
standards	O
of	O
privacy	O
and	O
security	O
.	O

It	O
is	O
expected	O
that	O
this	O
year	O
will	O
witness	O
the	O
operation	O
of	O
a	O
large	O
number	O
of	O
service	O
projects	O
,	O
including	O
mosques	O
distributed	O
throughout	O
the	O
project	O
,	O
as	O
well	O
as	O
sports	O
fields	O
,	O
an	O
outdoor	O
swimming	O
pool	O
,	O
and	O
a	O
social	O
building	O
.	O

Talaat	B-ORGANIZATION|B-GIVEN_NAME
Mustafa	I-ORGANIZATION|B-FAMILY_NAME
Group	I-ORGANIZATION
plans	O
to	O
complete	O
the	O
project	O
in	O
all	O
its	O
various	O
stages	O
during	O
2026	B-DATE
,	O
which	O
is	O
in	O
accordance	O
with	O
the	O
approved	O
timetable	O
for	O
the	O
project	O
,	O
which	O
is	O
being	O
implemented	O
in	O
agreement	O
with	O
the	O
Capital	B-ORGANIZATION
Urban	I-ORGANIZATION
Development	I-ORGANIZATION
Company	I-ORGANIZATION
.	O
The	O
Celia	B-BRANDS
project	O
,	O
which	O
was	O
designed	O
by	O
HHCP	B-ORGANIZATION
,	O
one	O
of	O
the	O
largest	O
international	O
companies	O
in	O
the	O
field	O
of	O
city	O
design	O
,	O
consists	O
of	O
several	O
areas	O
,	O
including	O
the	O
residential	O
area	O
,	O
which	O
is	O
divided	O
into	O
an	O
area	O
for	O
buildings	O
and	O
another	O
for	O
villas	O
,	O
with	O
green	O
spaces	O
in	O
between	O
.	O

"	O
The	B-LOCATION
Village	I-LOCATION
"	O
is	O
the	O
most	O
distinguished	O
area	O
in	O
the	O
city	O
,	O
as	O
it	O
includes	O
multi	O
-	O
use	O
commercial	O
and	O
entertainment	O
areas	O
.	O

It	O
is	O
the	O
beating	O
heart	O
of	O
Celia	B-LOCATION
,	O
where	O
it	O
accommodates	O
dozens	O
of	O
the	O
finest	O
international	O
brands	O
,	O
as	O
well	O
as	O
medical	O
centers	O
,	O
cinema	O
complexes	O
and	O
bowling	O
courts	O
,	O
with	O
a	O
charming	O
view	O
of	O
the	O
central	O
lake	O
surrounded	O
by	O
chains	O
of	O
restaurants	O
.	O

Talaat	B-ORGANIZATION|B-GIVEN_NAME
Moustafa	I-ORGANIZATION|B-FAMILY_NAME
Group	I-ORGANIZATION
was	O
keen	O
,	O
when	O
developing	O
the	O
general	O
design	O
of	O
the	O
city	O
,	O
that	O
all	O
residential	O
units	O
have	O
equal	O
opportunities	O
to	O
enjoy	O
green	O
spaces	O
,	O
which	O
enhances	O
a	O
healthy	O
and	O
modern	O
lifestyle	O
,	O
sustainable	O
development	O
pursued	O
by	O
the	O
group	O
in	O
all	O
its	O
projects	O
.	O

