CAIRO	B-LOCATION
-	O
26	B-DATE
July	I-DATE
2022	I-DATE
:	O
Minister	O
of	O
Communication	O
and	O
Information	O
Technology	O
Amr	B-GIVEN_NAME
Talat	B-FAMILY_NAME
asserted	O
Tuesday	B-DATE
that	O
Egypt	B-LOCATION
was	O
steadily	O
progressing	O
towards	O
achieving	O
comprehensive	O
development	O
and	O
building	O
"	O
Digital	B-BRANDS
Egypt	B-MISC|B-LOCATION
"	O
,	O
noting	O
that	O
the	O
ministry	O
's	O
strategy	O
focused	O
on	O
digital	O
transformation	O
,	O
providing	O
digital	O
job	O
opportunities	O
for	O
youths	O
as	O
well	O
as	O
easing	O
all	O
governmental	O
measures	O
offered	O
to	O
citizens	O
.	O

Talat	B-GIVEN_NAME
's	O
remarks	O
were	O
made	O
at	O
a	O
meeting	O
of	O
the	O
Lebanese	B-ORGANIZATION|B-AFFILIATION
-	I-ORGANIZATION
Egyptian	I-ORGANIZATION|B-AFFILIATION
Business	I-ORGANIZATION
Association	I-ORGANIZATION
(	O
LEBA	B-ORGANIZATION
)	O
.	O

Lebanese	B-AFFILIATION
Ambassador	O
in	O
Cairo	B-LOCATION
Ali	B-GIVEN_NAME
El	B-FAMILY_NAME
Halabi	I-FAMILY_NAME
,	O
Deputy	O
Minister	O
of	O
Communication	O
and	O
Information	O
Technology	O
Ghada	B-GIVEN_NAME
Labib	B-FAMILY_NAME
,	O
Head	O
of	O
LEBA	B-ORGANIZATION
Fatallah	B-GIVEN_NAME
Fawzi	B-FAMILY_NAME
,	O
senior	O
ministry	O
officials	O
as	O
well	O
as	O
a	O
number	O
of	O
businessmen	O
from	O
both	O
countries	O
attended	O
the	O
meeting	O
.	O

Addressing	O
the	O
event	O
,	O
Talat	B-GIVEN_NAME
said	O
the	O
volume	O
of	O
foreign	O
investments	O
in	O
startup	O
companies	O
in	O
Egypt	B-LOCATION
reached	O
$	B-MONEY
190	I-MONEY
million	I-MONEY
in	O
2020	B-DATE
and	O
$	B-MONEY
490	I-MONEY
in	O
2021	B-DATE
,	O
noting	O
that	O
Egypt	B-LOCATION
targets	O
to	O
up	O
such	O
investments	O
to	O
$	B-MONEY
850	I-MONEY
million	I-MONEY
by	O
the	O
end	O
of	O
the	O
current	O
year	O
.	O

He	O
also	O
reviewed	O
Egypt	B-LOCATION
's	O
efforts	O
to	O
implement	O
digital	O
transformation	O
projects	O
in	O
cooperation	O
with	O
various	O
state	O
sectors	O
with	O
total	O
investments	O
amounting	O
to	O
$	B-MONEY
15	I-MONEY
billion	I-MONEY
to	O
cover	O
the	O
health	O
insurance	O
,	O
agricultural	O
,	O
judicial	O
services	O
,	O
real	O
estate	O
licenses	O
as	O
well	O
as	O
remote	O
tourism	O
and	O
archaeological	O
tours	O
for	O
foreigners	O
from	O
outside	O
Egypt	B-LOCATION
.	O

He	O
highlighted	O
the	O
launching	O
of	O
a	O
new	O
service	O
for	O
e	O
-	O
signing	O
which	O
will	O
be	O
applied	O
in	O
governmental	O
bodies	O
moving	O
to	O
the	O
new	O
administrative	O
capital	O
.	O

The	O
minister	O
also	O
said	O
the	O
improvement	O
in	O
the	O
state	O
's	O
internet	O
services	O
,	O
postal	O
services	O
as	O
well	O
as	O
the	O
recent	O
launching	O
of	O
Digital	B-BRANDS
Egypt	B-MISC|B-LOCATION
Platform	I-MISC
by	O
President	O
Abdel	B-GIVEN_NAME
Fattah	B-FAMILY_NAME
El	I-FAMILY_NAME
Sisi	I-FAMILY_NAME
this	O
month	O
,	O
adding	O
that	O
such	O
steps	O
would	O
facilitate	O
all	O
services	O
offered	O
to	O
citizens	O
with	O
the	O
use	O
of	O
latest	O
technologies	O
.	O

