National	O
exports	O
of	O
green	O
,	O
roasted	O
,	O
and	O
gold	O
coffee	O
in	O
the	O
first	O
half	O
of	O
2022	B-DATE
totaled	O
$	B-MONEY
145.4	I-MONEY
million	I-MONEY
,	O
62.3	O
%	O
more	O
than	O
in	O
the	O
same	O
period	O
of	O
2021	B-DATE
,	O
according	O
to	O
figures	O
reported	O
by	O
the	O
Central	B-ORGANIZATION
Reserve	I-ORGANIZATION
Bank	I-ORGANIZATION
(	O
BCR	B-ORGANIZATION
)	O
.	O

The	O
BCR	B-ORGANIZATION
report	O
indicated	O
that	O
during	O
the	O
first	O
six	O
months	O
of	O
2022	B-DATE
,	O
grain	O
sales	O
exceeded	O
563,440	O
quintals	O
,	O
5.7	O
%	O
more	O
than	O
in	O
June	O
of	O
last	O
year	O
.	O

In	O
June	B-DATE
alone	O
,	O
grain	O
sales	O
exceeded	O
$	B-MONEY
28.1	I-MONEY
million	I-MONEY
.	O

Of	O
the	O
total	O
coffee	O
exported	O
,	O
including	O
roasted	O
or	O
decaffeinated	O
;	O
husk	O
and	O
husk	O
of	O
coffee	O
;	O
$	B-MONEY
64.42	I-MONEY
million	I-MONEY
worth	O
of	O
coffee	O
substitutes	O
containing	O
coffee	O
in	O
any	O
proportion	O
were	O
sold	O
to	O
Central	B-LOCATION
America	I-LOCATION
,	O
the	O
BCR	B-ORGANIZATION
added	O
in	O
its	O
monthly	O
report	O
.	O

Regarding	O
the	O
average	O
price	O
per	O
quintal	O
,	O
the	O
variation	O
was	O
27.4	O
%	O
.	O

In	O
June	B-DATE
2021	I-DATE
,	O
the	O
quintal	O
averaged	O
$	B-MONEY
184.33	I-MONEY
and	O
last	O
month	O
$	B-MONEY
253.79	I-MONEY
.	O

In	O
2019	B-DATE
,	O
prices	O
suffered	O
a	O
historic	O
drop	O
;	O
then	O
at	O
the	O
end	O
of	O
2020	B-DATE
they	O
began	O
their	O
escalation	O
;	O
in	O
2021	B-DATE
they	O
continued	O
to	O
rise	O
due	O
to	O
the	O
risk	O
of	O
supply	O
shortages	O
,	O
and	O
in	O
2022	B-DATE
they	O
reached	O
record	O
levels	O
.	O

Vanusia	B-GIVEN_NAME
Nogueira	B-FAMILY_NAME
,	O
president	O
of	O
the	O
International	B-ORGANIZATION
Coffee	I-ORGANIZATION
Organization	I-ORGANIZATION
(	O
ICO	B-ORGANIZATION
)	O
,	O
stated	O
at	O
the	O
beginning	O
of	O
the	O
year	O
that	O
prices	O
will	O
fall	O
in	O
2023	B-DATE
but	O
that	O
she	O
hopes	O
they	O
will	O
not	O
fall	O
back	O
to	O
the	O
values	O
of	O
2019	B-DATE
.	O

Â«	O
We	O
are	O
in	O
a	O
moment	O
of	O
unparalleled	O
complexity	O
because	O
(	O
the	O
current	O
one	O
)	O
is	O
a	O
high	O
price	O
with	O
which	O
no	O
one	O
is	O
satisfied	O
,	O
neither	O
the	O
buying	O
side	O
nor	O
the	O
producers	O
themselves	O
,	O
Â»	O
Nogueira	B-GIVEN_NAME
said	O
,	O
according	O
to	O
a	O
note	O
published	O
by	O
EFE	B-ORGANIZATION
.	O

INTERNATIONAL	O
PANORAMA	O

The	O
International	B-ORGANIZATION
Coffee	I-ORGANIZATION
Organization	I-ORGANIZATION
(	O
ICO	B-ORGANIZATION
)	O
continues	O
to	O
estimate	O
that	O
world	O
coffee	O
consumption	O
will	O
grow	O
by	O
3.3	O
%	O
,	O
to	O
170.3	O
million	O
bags	O
,	O
in	O
the	O
coffee	O
year	O
2021/22	B-DATE
,	O
compared	O
to	O
164.9	O
million	O
in	O
2020/21	B-DATE
.	O
It	O
also	O
forecasts	O
that	O
in	O
2021	B-DATE
â	I-DATE
22	I-DATE
,	O
consumption	O
will	O
exceed	O
production	O
by	O
3.1	O
million	O
bags	O
.	O

In	O
its	O
May	B-DATE
coffee	O
market	O
report	O
,	O
the	O
ICO	B-ORGANIZATION
stated	O
that	O
Â«	O
the	O
latest	O
provisional	O
estimate	O
of	O
total	O
production	O
for	O
coffee	O
year	O
2021/22	B-DATE
remains	O
the	O
same	O
at	O
167.2	O
million	O
bags	O
,	O
down	O
2.1	O
%	O
from	O
170.83	O
million	O
bags	O
in	O
the	O
previous	O
coffee	O
year	O
Â»	O
.	O

In	O
El	B-LOCATION
Salvador	I-LOCATION
,	O
the	O
Ministry	B-ORGANIZATION
of	I-ORGANIZATION
Agriculture	I-ORGANIZATION
and	I-ORGANIZATION
Livestock	I-ORGANIZATION
(	O
MAG	B-ORGANIZATION
)	O
projects	O
that	O
production	O
in	O
coffee	O
year	O
2021/22	B-DATE
will	O
grow	O
by	O
15	O
%	O
compared	O
to	O
the	O
previous	O
one	O
and	O
reach	O
one	O
million	O
quintals	O
of	O
gold	O
grapes	O
.	O

If	O
so	O
,	O
the	O
country	O
would	O
reach	O
the	O
highest	O
production	O
in	O
the	O
last	O
decade	O
.	O
El	B-LOCATION
Salvador	I-LOCATION
has	O
not	O
exceeded	O
the	O
figure	O
since	O
the	O
2012/13	B-DATE
harvest	O
,	O
when	O
it	O
produced	O
1.7	O
million	O
quintals	O
after	O
the	O
impact	O
of	O
rust	O
.	O

The	O
2021/22	B-DATE
coffee	O
year	O
ends	O
in	O
September	B-DATE
and	O
almost	O
two	O
months	O
before	O
it	O
ends	O
,	O
the	O
Salvadoran	B-ORGANIZATION|B-AFFILIATION
Coffee	I-ORGANIZATION
Council	I-ORGANIZATION
(	O
CSC	B-ORGANIZATION
)	O
reports	O
a	O
14.6	O
%	O
increase	O
in	O
production	O
with	O
906,290	O
quintals	O
of	O
coffee	O
harvested	O
.	O
The	O
2020/2021	B-DATE
harvest	O
was	O
790,920	O
quintals	O
of	O
gold	O
grape	O
coffee	O
.	O

