Nechisar	B-LOCATION
Park	I-LOCATION
is	O
quite	O
a	O
way	O
from	O
Addis	B-LOCATION
.	O

To	O
get	O
to	O
Nechisar	B-LOCATION
you	O
must	O
go	O
through	O
the	O
zonal	O
town	O
of	O
Arba	B-LOCATION
Minch	I-LOCATION
.	O

Going	O
to	O
Arba	B-LOCATION
Minch	I-LOCATION
represents	O
a	O
victory	O
of	O
determination	O
over	O
common	O
sense	O
.	O

Take	O
a	O
look	O
at	O
a	O
map	O
of	O
Ethiopia	B-LOCATION
.	O

Look	O
down	O
,	O
way	O
down	O
,	O
to	O
the	O
bottom	O
of	O
the	O
Rift	B-LOCATION
Valley	I-LOCATION
Lakes	I-LOCATION
.	O

Arba	B-LOCATION
Minch	I-LOCATION
is	O
between	O
the	O
two	O
last	O
lakes	O
.	O

It	O
is	O
a	O
long	O
way	O
from	O
Addis	B-LOCATION
.	O

Fortunately	O
it	O
âs	O
worth	O
it	O
.	O

The	O
first	O
time	O
I	O
planned	O
to	O
go	O
to	O
Arba	B-LOCATION
Minch	I-LOCATION
I	O
did	O
nât	O
get	O
past	O
Sodo	B-LOCATION
â	O
about	O
2	B-DURATION
hours	I-DURATION
north	O
.	O
Apart	O
from	O
the	O
crocodiles	O
in	O
the	O
lake	O
,	O
the	O
place	O
did	O
nât	O
sound	O
interesting	O
enough	O
to	O
bother	O
with	O
.	O
I	O
went	O
to	O
Jimma	B-LOCATION
instead	O
,	O
which	O
truly	O
was	O
boring	O
.	O

It	O
turns	O
out	O
that	O
although	O
Arba	B-LOCATION
Minch	I-LOCATION
itself	O
is	O
not	O
that	O
great	O
,	O
Nechisar	B-LOCATION
Park	I-LOCATION
was	O
delightfully	O
above	O
expectations	O
.	O
As	O
well	O
,	O
Arba	B-LOCATION
Minch	I-LOCATION
is	O
the	O
gateway	O
to	O
the	O
deep	O
South	O
,	O
which	O
is	O
culturally	O
and	O
temperamentally	O
a	O
huge	O
leap	O
from	O
mainstream	O
Ethiopia	B-LOCATION
.	O

The	O
road	O
from	O
Sodo	B-LOCATION
was	O
excellent	O
a	O
couple	O
of	O
years	O
ago	O
,	O
and	O
is	O
still	O
one	O
of	O
the	O
best	O
roads	O
in	O
Ethiopia	B-LOCATION
.	O
It	O
took	O
us	O
under	O
2	B-DURATION
hours	I-DURATION
to	O
travel	O
the	O
120	O
or	O
so	O
kilometers	O
â	O
crawling	O
through	O
the	O
many	O
villages	O
on	O
the	O
way	O
and	O
dodging	O
the	O
regular	O
assortment	O
of	O
animals	O
and	O
pedestrians	O
.	O
The	O
scenery	O
is	O
great	O
,	O
especially	O
when	O
you	O
get	O
close	O
to	O
Lake	B-LOCATION
Abaya	I-LOCATION
,	O
the	O
longest	O
of	O
the	O
Rift	B-LOCATION
Valley	I-LOCATION
lakes	O
.	O

Arba	B-LOCATION
Minch	I-LOCATION
means	O
forty	O
springs	O
.	O
It	O
is	O
really	O
two	O
towns	O
loosely	O
connected	O
â	O
a	O
lower	O
one	O
and	O
another	O
high	O
on	O
the	O
escarpment	O
.	O
In	O
the	O
upper	O
town	O
are	O
found	O
the	O
more	O
beautiful	O
and	O
interesting	O
spots	O
.	O
This	O
includes	O
the	O
omnipresent	O
Bekelle	B-LOCATION
Molla	I-LOCATION
Hotel	I-LOCATION
,	O
a	O
chain	O
in	O
the	O
south	O
â	O
in	O
this	O
case	O
perched	O
on	O
the	O
edge	O
of	O
a	O
cliff	O
with	O
a	O
spectacular	O
view	O
of	O
the	O
two	O
lakes	O
and	O
the	O
Nechisar	B-LOCATION
Park	I-LOCATION
.	O
A	O
nearby	O
restaurant	O
,	O
Rosa	B-ORGANIZATION
âs	O
,	O
had	O
been	O
recommended	O
by	O
a	O
guide	O
book	O
and	O
lived	O
up	O
to	O
expectations	O
.	O
Apart	O
from	O
quite	O
good	O
fish	O
,	O
it	O
had	O
a	O
waitress	O
who	O
swayed	O
around	O
in	O
a	O
light	O
cotton	O
dress	O
,	O
much	O
like	O
Sophia	B-GIVEN_NAME
Loren	B-FAMILY_NAME
in	O
old	O
movies	O
.	O
We	O
talked	O
about	O
her	O
afterwards	O
,	O
and	O
my	O
wife	O
Gillian	B-GIVEN_NAME
pointed	O
out	O
that	O
the	O
waitress	O
had	O
nât	O
been	O
wearing	O
any	O
underwear	O
.	O
Regrettably	O
,	O
I	O
had	O
nât	O
noticed	O

Nechisar	B-LOCATION
Park	I-LOCATION
starts	O
just	O
outside	O
the	O
Northern	B-LOCATION
side	I-LOCATION
of	I-LOCATION
Arba	I-LOCATION
Minch	I-LOCATION
â	O
there	O
is	O
a	O
turnoff	O
by	O
a	O
school	O
shortly	O
after	O
you	O
cross	O
the	O
bridge	O
coming	O
into	O
town	O
.	O
As	O
usual	O
there	O
is	O
no	O
sign	O
and	O
you	O
must	O
rely	O
on	O
helpful	O
passers	O
-	O
by	O
for	O
directions	O
.	O

You	O
must	O
first	O
check	O
in	O
at	O
the	O
office	O
,	O
which	O
is	O
in	O
a	O
desultory	O
little	O
compound	O
.	O
My	O
first	O
time	O
we	O
checked	O
in	O
and	O
camped	O
for	O
two	O
nights	O
.	O
Theoretically	O
you	O
would	O
have	O
to	O
pay	O
again	O
if	O
you	O
left	O
the	O
park	O
,	O
as	O
we	O
did	O
for	O
a	O
day	O
trip	O
to	O
the	O
far	O
South	O
,	O
but	O
they	O
did	O
nât	O
enforce	O
this	O
on	O
us	O
.	O
The	O
rates	O
were	O
cheap	O
,	O
the	O
conditions	O
basic	O
.	O
There	O
was	O
a	O
lovely	O
camping	O
spot	O
by	O
the	O
stream	O
,	O
with	O
big	O
shade	O
trees	O
and	O
plenty	O
of	O
open	O
space	O
for	O
tents	O
.	O
The	O
water	O
is	O
very	O
muddy	O
â	O
hardly	O
fit	O
for	O
washing	O
up	O
let	O
alone	O
drinking	O
.	O
We	O
were	O
well	O
supplied	O
so	O
we	O
thoroughly	O
enjoyed	O
the	O
camping	O
.	O

I	O
have	O
very	O
low	O
expectations	O
for	O
wildlife	O
sightings	O
in	O
Ethiopia	B-LOCATION
.	O
I	O
spent	O
many	O
years	O
in	O
Southern	B-LOCATION
Africa	I-LOCATION
where	O
you	O
are	O
spoiled	O
rotten	O
by	O
the	O
excellence	O
of	O
the	O
game	O
viewing	O
and	O
the	O
facilities	O
.	O
Having	O
no	O
facilities	O
at	O
all	O
is	O
a	O
challenge	O
,	O
but	O
rising	O
to	O
that	O
challenge	O
is	O
part	O
of	O
the	O
fun	O
and	O
adventure	O
.	O
But	O
if	O
you	O
are	O
in	O
a	O
park	O
,	O
you	O
expect	O
to	O
see	O
animals	O
.	O

Nechisar	B-LOCATION
did	O
not	O
disappoint	O
.	O
We	O
saw	O
gazelle	O
,	O
Swayne	B-BRANDS|B-GIVEN_NAME
âs	B-MISC
Hartebeest	I-MISC
,	O
lots	O
of	O
zebra	O
,	O
dik	O
â	O
diks	O
or	O
duikers	O
(	O
small	O
buck	O
)	O
,	O
Nyalas	O
,	O
warthogs	O
,	O
crocodiles	O
,	O
and	O
bushbucks	O
,	O
along	O
with	O
that	O
amazing	O
variety	O
of	O
birds	O
you	O
get	O
in	O
Ethiopia	B-LOCATION
â	O
including	O
marabou	O
storks	O
,	O
pelicans	O
,	O
vultures	O
,	O
buzzards	O
,	O
etc	O
.	O

One	O
of	O
the	O
big	O
draws	O
for	O
Nechisar	B-LOCATION
is	O
the	O
so	O
-	O
called	O
crocodile	O
market	O
â	O
named	O
because	O
so	O
many	O
crocodiles	O
gather	O
there	O
that	O
it	O
is	O
crowded	O
like	O
a	O
local	O
market	O
.	O
Unfortunately	O
the	O
level	O
of	O
the	O
lake	O
was	O
too	O
high	O
,	O
covering	O
the	O
beach	O
which	O
draws	O
the	O
crocodiles	O
,	O
so	O
we	O
had	O
to	O
settle	O
for	O
a	O
long	O
distance	O
view	O
of	O
crocodiles	O
swimming	O
around	O
.	O
Lake	B-LOCATION
Chamo	I-LOCATION
is	O
justifiably	O
famous	O
for	O
the	O
large	O
numbers	O
of	O
crocodiles	O
it	O
has	O
â	O
and	O
we	O
were	O
astounded	O
to	O
see	O
local	O
fishermen	O
chest	O
deep	O
in	O
the	O
water	O
within	O
sight	O
of	O
the	O
big	O
crocs	O
.	O
They	O
must	O
know	O
what	O
they	O
âre	O
doing	O
!	O

The	O
roads	O
in	O
Nechisar	B-LOCATION
have	O
been	O
bad	O
.	O
Last	O
year	O
there	O
was	O
a	O
great	O
deal	O
of	O
construction	O
on	O
the	O
roads	O
in	O
the	O
park	O
,	O
so	O
it	O
was	O
closed	O
to	O
traffic	O
for	O
some	O
time	O
.	O
Hopefully	O
the	O
construction	O
has	O
had	O
its	O
effect	O
,	O
and	O
the	O
park	O
has	O
improved	O
access	O
.	O
I	O
âm	O
sure	O
they	O
are	O
virtually	O
impassable	O
in	O
the	O
rainy	O
season	O
â	O
so	O
avoid	O
it	O
from	O
July	B-DATE
to	O
September	B-DATE
.	O

With	O
a	O
good	O
4	O
wheel	O
drive	O
you	O
can	O
make	O
it	O
up	O
to	O
the	O
plateau	O
between	O
the	O
lakes	O
â	O
the	O
beautiful	O
â	O
bridge	O
of	O
the	O
Gods	O
â	O
.	O
This	O
is	O
where	O
you	O
see	O
the	O
most	O
animals	O
â	O
especially	O
the	O
hundreds	O
of	O
zebras	O
.	O
But	O
be	O
careful	O
with	O
your	O
car	O
â	O
friends	O
of	O
ours	O
had	O
3	O
flat	O
tires	O
in	O
a	O
couple	O
of	O
hours	O
â	O
one	O
flat	O
more	O
than	O
they	O
had	O
spares	O
We	O
were	O
nât	O
around	O
,	O
so	O
they	O
had	O
to	O
walk	O
out	O
of	O
the	O
park	O
â	O
their	O
friend	O
had	O
a	O
plane	O
to	O
catch	O
â	O
which	O
took	O
the	O
better	O
part	O
of	O
5	B-DURATION
hours	I-DURATION
.	O

We	O
did	O
nât	O
see	O
any	O
lions	O
,	O
but	O
we	O
heard	O
them	O
at	O
night	O
.	O
It	O
was	O
very	O
scary	O
!	O
After	O
the	O
first	O
night	O
we	O
camped	O
,	O
several	O
of	O
us	O
exchanged	O
our	O
observation	O
that	O
we	O
had	O
heard	O
the	O
characteristic	O
grunting	O
of	O
a	O
lion	O
at	O
about	O
5	O
in	O
the	O
morning	O
.	O
We	O
did	O
nât	O
worry	O
about	O
it	O
.	O
The	O
second	O
night	O
the	O
lion	O
started	O
to	O
grunt	O
at	O
about	O
9	O
in	O
the	O
evening	O
,	O
and	O
carried	O
on	O
all	O
night	O
at	O
intervals	O
.	O
The	O
voice	O
box	O
of	O
the	O
lion	O
is	O
one	O
of	O
natures	O
â	O
wonders	O
,	O
their	O
noise	O
carries	O
for	O
miles	O
.	O
This	O
one	O
started	O
a	O
long	O
way	O
away	O
,	O
then	O
came	O
inexorably	O
closer	O
â	O
grunting	O
every	O
half	O
hour	O
or	O
so	O
.	O
We	O
scrambled	O
to	O
build	O
up	O
our	O
firewood	O
and	O
discussed	O
plans	O
to	O
have	O
shifts	O
of	O
guarding	O
the	O
camp	O
.	O
By	O
10	B-TIME
PM	I-TIME
the	O
fatigue	O
from	O
the	O
day	O
began	O
to	O
catch	O
up	O
with	O
everyone	O
,	O
and	O
people	O
began	O
retiring	O
to	O
their	O
tents	O
.	O
We	O
then	O
heard	O
a	O
second	O
lion	O
responding	O
to	O
the	O
first	O
â	O
coming	O
from	O
the	O
other	O
side	O
of	O
our	O
camp	O
!	O
Great	O
!	O
Two	O
lions	O
were	O
trying	O
to	O
get	O
together	O
and	O
we	O
were	O
in	O
the	O
middle	O
!	O

I	O
lasted	O
until	O
about	O
11	O
:	O
30	O
,	O
when	O
I	O
went	O
to	O
bed	O
in	O
the	O
tent	O
.	O
I	O
was	O
woken	O
up	O
at	O
about	O
1	B-TIME
:	I-TIME
30	B-TIME
AM	I-TIME
by	O
my	O
sister	O
,	O
who	O
pointed	O
out	O
that	O
the	O
lion	O
was	O
very	O
close	O
and	O
perhaps	O
we	O
should	O
sleep	O
in	O
the	O
cars	O
.	O
I	O
mumbled	O
sleepily	O
that	O
they	O
would	O
nât	O
bother	O
us	O
if	O
we	O
were	O
in	O
the	O
tents	O
and	O
went	O
back	O
to	O
sleep	O
.	O
I	O
woke	O
up	O
alive	O
in	O
the	O
morning	O
,	O
much	O
to	O
my	O
relief	O
.	O
The	O
lion	O
had	O
continued	O
past	O
our	O
camp	O
â	O
none	O
of	O
us	O
knew	O
how	O
close	O
,	O
and	O
no	O
doubt	O
rendez	O
vous	O
â	O
ed	O
with	O
his	O
or	O
her	O
colleague	O
or	O
boy	O
/	O
girl	O
friend	O
.	O
I	O
was	O
glad	O
they	O
were	O
nât	O
attracted	O
by	O
snoring	O
!	O

The	O
lion	O
adventure	O
capped	O
off	O
a	O
great	O
trip	O
.	O
If	O
you	O
survive	O
these	O
things	O
they	O
âre	O
great	O
.	O
If	O
you	O
do	O
nât	O
,	O
it	O
âs	O
another	O
story	O
.	O

