Ethiopia	B-LOCATION
âs	O
prime	O
minister	O
and	O
opposition	O
leaders	O
met	O
on	O
Friday	B-DATE
to	O
discuss	O
for	O
the	O
first	O
time	O
a	O
disputed	O
election	O
that	O
has	O
dragged	O
out	O
for	O
more	O
than	O
two	O
months	O
and	O
left	O
more	O
than	O
36	O
people	O
dead	O
.	O

Prime	O
Minister	O
Meles	B-GIVEN_NAME
Zenawi	B-FAMILY_NAME
and	O
leaders	O
of	O
opposition	O
parties	O
hoped	O
to	O
ease	O
tensions	O
and	O
end	O
the	O
deadlock	O
over	O
who	O
won	O
the	O
May	B-DATE
15	I-DATE
election	O
,	O
when	O
25	O
million	O
people	O
turned	O
out	O
to	O
vote	O
in	O
what	O
observers	O
said	O
was	O
the	O
most	O
competitive	O
election	O
in	O
the	O
country	O
âs	O
history	O
.	O

The	O
two	O
-	O
hour	O
meeting	O
was	O
the	O
first	O
the	O
three	O
major	O
political	O
parties	O
have	O
held	O
since	O
security	O
forces	O
shot	O
dozens	O
of	O
protesters	O
during	O
demonstrations	O
over	O
alleged	O
fraud	O
.	O

â	O
This	O
is	O
a	O
major	O
breakthrough	O
and	O
hopefully	O
a	O
sign	O
that	O
things	O
can	O
get	O
back	O
on	O
track	O
,	O
â	O
said	O
Tim	B-GIVEN_NAME
Clarke	B-FAMILY_NAME
,	O
the	O
head	O
of	O
the	O
European	B-AFFILIATION|B-AFFILIATION
commission	B-ORGANIZATION
in	O
Ethiopia	B-LOCATION
,	O
who	O
helped	O
broker	O
the	O
talks	O
.	O

But	O
the	O
talks	O
were	O
tinged	O
by	O
a	O
threat	O
from	O
Meles	B-GIVEN_NAME
,	O
he	O
added	O
.	O

â	O
The	O
opposition	O
were	O
told	O
by	O
the	O
prime	O
minister	O
they	O
have	O
to	O
make	O
a	O
choice	O
in	O
the	O
coming	O
days	O
on	O
whether	O
they	O
are	O
in	O
or	O
out	O
of	O
the	O
process	O
and	O
face	O
the	O
consequences	O
,	O
â	O
Clarke	B-GIVEN_NAME
said	O
.	O

Opposition	O
leaders	O
have	O
rejected	O
the	O
results	O
from	O
435	O
declared	O
seats	O
and	O
said	O
complaints	O
must	O
be	O
re	O
-	O
examined	O
or	O
elections	O
re	O
-	O
held	O
in	O
299	O
constituencies	O
.	O

So	O
far	O
in	O
the	O
547	O
-	O
seat	O
parliament	O
,	O
the	O
ruling	O
party	O
and	O
allies	O
have	O
263	O
seats	O
,	O
the	O
opposition	O
Coalition	B-ORGANIZATION
for	I-ORGANIZATION
Unity	I-ORGANIZATION
and	I-ORGANIZATION
Democracy	I-ORGANIZATION
(	O
CUD	B-ORGANIZATION
)	O
has	O
won	O
108	O
and	O
the	O
United	B-ORGANIZATION
Ethiopian	I-ORGANIZATION|B-AFFILIATION
Democratic	I-ORGANIZATION|B-AFFILIATION
Forces	I-ORGANIZATION
(	O
UEDF	B-ORGANIZATION
)	O
have	O
51	O
,	O
according	O
to	O
officials	O
results	O
.	O

Ethiopia	B-LOCATION
âs	O
ruling	O
coalition	O
and	O
allied	O
parties	O
are	O
now	O
11	O
seats	O
short	O
of	O
a	O
majority	O
.	O
Opposition	O
parties	O
held	O
12	O
seats	O
in	O
parliament	O
after	O
the	O
last	O
election	O
,	O
in	O
2000	B-DATE
.	O

The	O
prime	O
minister	O
called	O
on	O
the	O
two	O
main	O
opposition	O
parties	O
to	O
stay	O
in	O
the	O
election	O
process	O
and	O
not	O
to	O
carry	O
out	O
their	O
threat	O
to	O
pull	O
out	O
and	O
boycott	O
parliament	O
in	O
protest	O
.	O

During	O
the	O
talks	O
,	O
an	O
agreement	O
was	O
reached	O
on	O
allowing	O
opposition	O
parties	O
access	O
to	O
state	O
-	O
run	O
media	O
and	O
curbing	O
â	O
hate	O
speech	O
â	O
in	O
press	O
coverage	O
of	O
the	O
elections	O
.	O

The	O
elections	O
,	O
which	O
European	B-AFFILIATION
observers	O
declared	O
as	O
the	O
freest	O
the	O
country	O
has	O
ever	O
held	O
,	O
descended	O
into	O
bitter	O
accusations	O
after	O
allegations	O
of	O
fraud	O
surfaced	O
.	O

Opposition	O
leaders	O
were	O
placed	O
under	O
house	O
arrest	O
and	O
disturbances	O
led	O
to	O
at	O
least	O
40	O
protesters	O
being	O
shot	O
dead	O
by	O
security	O
forces	O
and	O
thousands	O
rounded	O
up	O
in	O
mass	O
arrests	O
.	O

Election	O
violence	O
has	O
also	O
hit	O
eastern	O
Ethiopia	B-LOCATION
,	O
where	O
a	O
series	O
of	O
bomb	O
attacks	O
killed	O
five	O
.	O
Government	O
officials	O
said	O
the	O
attacks	O
were	O
linked	O
to	O
the	O
delayed	O
August	B-DATE
21	I-DATE
ballot	O
,	O
when	O
23	O
seats	O
will	O
be	O
up	O
for	O
grabs	O
.	O

Elections	O
are	O
also	O
being	O
repeated	O
in	O
at	O
least	O
15	O
constituencies	O
.	O

