Abu	B-GIVEN_NAME
â	B-FAMILY_NAME
l	I-FAMILY_NAME
-	I-FAMILY_NAME
Fath	I-FAMILY_NAME
,	O
according	O
to	O
Ethiopian	B-AFFILIATION
tradition	O
,	O
was	O
a	O
Yemeni	B-AFFILIATION
immigrant	O
,	O
mentioned	O
in	O
the	O
Ethiopic	B-BRANDS|B-AFFILIATION
Synaxarium	B-MISC
,	O
or	O
Book	B-BRANDS
of	B-MISC
Saints	I-MISC
,	O
and	O
was	O
probably	O
born	O
around	O
1470	B-DATE
.	O

Several	O
foreign	O
scholars	O
,	O
however	O
,	O
believe	O
that	O
he	O
came	O
on	O
the	O
contrary	O
from	O
Iraq	B-LOCATION
.	O

His	O
father	O
is	O
said	O
to	O
have	O
been	O
of	O
a	O
princely	O
family	O
,	O
while	O
his	O
mother	O
was	O
reportedly	O
Jewish	B-AFFILIATION
.	O

At	O
an	O
early	O
age	O
Abu	B-GIVEN_NAME
â	B-FAMILY_NAME
l	I-FAMILY_NAME
-	I-FAMILY_NAME
Fath	I-FAMILY_NAME
is	O
believed	O
to	O
have	O
expressed	O
doubts	O
about	O
the	O
then	O
prevailing	O
Muslim	B-AFFILIATION
faith	O
,	O
and	O
as	O
a	O
result	O
was	O
alienated	O
from	O
his	O
parents	O
.	O

At	O
around	O
this	O
time	O
he	O
became	O
friendly	O
with	O
an	O
Ethiopian	B-AFFILIATION
ex	O
-	O
slave	O
,	O
who	O
had	O
been	O
captured	O
from	O
his	O
native	O
land	O
some	O
time	O
earlier	O
.	O

Together	O
they	O
decided	O
to	O
leave	O
Yemen	B-LOCATION
,	O
and	O
make	O
their	O
way	O
across	O
the	O
Red	B-LOCATION
Sea	I-LOCATION
to	O
Ethiopia	B-LOCATION
,	O
as	O
the	O
early	O
followers	O
of	O
the	O
Prophet	O
Muhammad	B-GIVEN_NAME
had	O
done	O
so	O
many	O
centuries	O
earlier	O
.	O

In	O
1489	B-DATE
Abdul	B-GIVEN_NAME
Fath	B-FAMILY_NAME
and	O
his	O
Ethiopian	B-AFFILIATION
companion	O
duly	O
reached	O
the	O
country	O
of	O
the	O
Bahr	B-LOCATION
Negash	I-LOCATION
,	O
i	O
.	O
e	O
.	O
the	O
northern	O
Ethiopian	B-AFFILIATION
highlands	O
,	O
currently	O
Eritrea	B-LOCATION
.	O

There	O
they	O
remained	O
for	O
three	B-DURATION
years	I-DURATION
,	O
after	O
which	O
they	O
proceeded	O
southwards	O
to	O
the	O
court	O
of	O
the	O
Ethiopian	B-AFFILIATION
Emperor	O
Eskender	B-GIVEN_NAME
.	O

They	O
remained	O
at	O
the	O
court	O
for	O
two	B-DURATION
years	I-DURATION
,	O
until	O
1494	B-DATE
,	O
when	O
the	O
Emperor	O
died	O
.	O

A	O
power	O
struggle	O
thereupon	O
ensued	O
,	O
after	O
which	O
the	O
two	O
companions	O
decided	O
to	O
leave	O
,	O
and	O
make	O
their	O
way	O
to	O
the	O
former	O
slave	O
âs	O
homeland	O
,	O
in	O
the	O
Mara	B-LOCATION
Bete	I-LOCATION
,	O
area	O
of	O
northern	O
Shawa	B-LOCATION
.	O

Ab	B-GIVEN_NAME
â	B-FAMILY_NAME
ul	I-FAMILY_NAME
-	I-FAMILY_NAME
Fath	I-FAMILY_NAME
,	O
born	O
as	O
it	O
seems	O
as	O
a	O
Muslim	B-AFFILIATION
,	O
is	O
said	O
to	O
have	O
been	O
tormented	O
by	O
religious	O
doubts	O
,	O
but	O
eventually	O
decided	O
to	O
embrace	O
the	O
Ethiopian	B-AFFILIATION
Christian	B-AFFILIATION
faith	O
.	O

He	O
accordingly	O
made	O
his	O
way	O
to	O
the	O
great	O
Shawan	B-AFFILIATION
monastery	O
of	O
Debra	B-LOCATION
Libanos	I-LOCATION
.	O

There	O
he	O
was	O
received	O
by	O
its	O
abbot	O
,	O
Petros	B-GIVEN_NAME
,	O
who	O
formally	O
baptised	O
him	O
,	O
with	O
the	O
name	O
of	O
â	O
Enbaqom	B-GIVEN_NAME
,	O
or	O
Habakuk	B-GIVEN_NAME
.	O

A	O
man	O
of	O
scholarly	O
disposition	O
he	O
set	O
about	O
learning	O
Coptic	B-AFFILIATION
,	O
Hebrew	B-AFFILIATION
,	O
Armenian	B-AFFILIATION
,	O
and	O
Syriac	B-AFFILIATION
â	O
and	O
subsequently	O
also	O
acquired	O
a	O
knowledge	O
of	O
Portuguese	B-AFFILIATION
and	O
â	O
Venetian	B-AFFILIATION
â	O
,	O
i	O
.	O
e	O
.	O
a	O
local	O
dialect	O
of	O
Italian	B-AFFILIATION
.	O

(	O
On	O
this	O
see	O
an	O
article	O
â	O
On	B-BRANDS
Two	B-MISC
Portuguese	I-MISC|B-AFFILIATION
Folios	I-MISC
in	I-MISC
a	I-MISC
Medieval	I-MISC
Ethiopic	I-MISC|B-AFFILIATION
Manuscript	I-MISC
â	O
,	O
which	O
I	O
published	O
almost	O
two	O
decades	O
ago	O
,	O
in	O
1986	B-DATE
,	O
in	O
the	O
British	B-AFFILIATION
journal	O
,	O
â	O
The	B-BRANDS
Book	B-MISC
Collector	I-MISC
â	O
,	O
Volume	O
35	O
,	O
number	O
4	O
)	O
.	O

â	O
Enbaqom	B-GIVEN_NAME
was	O
so	O
highly	O
regarded	O
for	O
his	O
character	O
and	O
learning	O
that	O
on	O
the	O
death	O
of	O
Petros	B-GIVEN_NAME
he	O
was	O
chosen	O
,	O
around	O
1523	B-DATE
,	O
as	O
the	O
latter	O
âs	O
successor	O
.	O
He	O
was	O
the	O
only	O
foreigner	O
in	O
Ethiopian	B-AFFILIATION
history	O
ever	O
to	O
have	O
been	O
accorded	O
that	O
high	O
honour	O
.	O

â	O
Enbaqom	B-GIVEN_NAME
,	O
as	O
we	O
must	O
now	O
call	O
him	O
,	O
devoted	O
much	O
of	O
his	O
time	O
to	O
scholarly	O
pursuits	O
.	O
He	O
began	O
by	O
translating	O
the	O
Commentary	O
on	O
John	B-GIVEN_NAME
Chrysostom	B-FAMILY_NAME
âs	O
â	O
Epistle	B-BRANDS
to	B-MISC
the	I-MISC
Hebrews	I-MISC|B-AFFILIATION
â	O
,	O
from	O
his	O
native	O
Arabic	B-AFFILIATION
into	O
the	O
classical	O
Ethiopian	B-AFFILIATION
church	O
language	O
Ge	B-AFFILIATION
â	I-AFFILIATION
ez	I-AFFILIATION
.	O
Then	O
,	O
or	O
some	O
time	O
later	O
,	O
he	O
also	O
translated	O
the	O
Apocalypse	B-BRANDS
of	B-MISC
St	I-MISC|B-GIVEN_NAME
.	I-MISC|B-FAMILY_NAME
John	I-MISC|I-FAMILY_NAME
and	O
several	O
other	O
works	O
.	O

He	O
had	O
,	O
however	O
,	O
many	O
enemies	O
,	O
and	O
after	O
three	O
or	O
four	B-DURATION
years	I-DURATION
a	O
group	O
of	O
the	O
Debra	B-LOCATION
Libanos	I-LOCATION
monks	O
accused	O
him	O
of	O
disloyalty	O
towards	O
the	O
then	O
Emperor	O
,	O
Lebna	B-GIVEN_NAME
Dengel	B-FAMILY_NAME
,	O
and	O
he	O
was	O
sentenced	O
to	O
death	O
by	O
a	O
court	O
appointed	O
by	O
the	O
monarch	O
.	O
The	O
Emperor	O
âs	O
sisters	O
,	O
however	O
,	O
were	O
clement	O
,	O
and	O
succeeded	O
in	O
having	O
the	O
scholar	O
âs	O
sentence	O
reduced	O
to	O
one	O
of	O
exile	O
.	O
He	O
was	O
accordingly	O
banished	O
to	O
Guncha	B-LOCATION
,	O
in	O
central	O
Gojjam	B-LOCATION
.	O

It	O
was	O
around	O
this	O
time	O
that	O
the	O
Adal	B-AFFILIATION
conqueror	O
Imam	B-GIVEN_NAME
Ahmad	B-FAMILY_NAME
ibn	I-FAMILY_NAME
Ibrahim	I-FAMILY_NAME
,	O
better	O
known	O
as	O
Ahmad	B-GIVEN_NAME
Gragn	B-FAMILY_NAME
,	O
or	O
the	O
Left	O
-	O
handed	O
,	O
was	O
advancing	O
into	O
the	O
Shawan	B-AFFILIATION
highlands	O
.	O
Emperor	O
Lebna	B-GIVEN_NAME
Dengel	B-FAMILY_NAME
chose	O
this	O
moment	O
to	O
forgive	O
â	O
Enbaqom	B-GIVEN_NAME
,	O
and	O
to	O
recall	O
him	O
from	O
his	O
exile	O
.	O
Though	O
offered	O
his	O
old	O
post	O
as	O
Abbot	O
of	O
Debra	B-LOCATION
Libanos	I-LOCATION
,	O
he	O
refused	O
to	O
take	O
it	O
up	O
,	O
and	O
withdrew	O
to	O
self	O
-	O
imposed	O
exile	O
in	O
Warab	B-LOCATION
,	O
just	O
north	O
of	O
the	O
Awash	B-LOCATION
river	O
.	O

The	O
Imam	O
meanwhile	O
continued	O
his	O
advance	O
into	O
the	O
Ethiopian	B-AFFILIATION
highlands	O
.	O
Enbaqom	B-GIVEN_NAME
as	O
a	O
result	O
felt	O
it	O
politic	O
to	O
withdraw	O
westwards	O
to	O
Gafat	B-LOCATION
,	O
and	O
later	O
to	O
Bizamo	B-LOCATION
,	O
both	O
area	O
south	O
of	O
the	O
Blue	B-LOCATION
Nile	I-LOCATION
.	O
He	O
was	O
perturbed	O
by	O
the	O
Imam	O
âs	O
destruction	O
of	O
Christian	B-AFFILIATION
churches	O
,	O
and	O
accordingly	O
decided	O
to	O
appeal	O
to	O
him	O
to	O
stop	O
doing	O
so	O
.	O
He	O
accordingly	O
wrote	O
,	O
in	O
his	O
native	O
language	O
,	O
to	O
the	O
Muslim	B-AFFILIATION
conqueror	O
to	O
remonstrate	O
with	O
him	O
.	O

At	O
about	O
this	O
time	O
Lebna	B-GIVEN_NAME
Dengel	B-FAMILY_NAME
died	O
,	O
and	O
was	O
succeeded	O
by	O
his	O
son	O
Emperor	O
Galawdewos	B-GIVEN_NAME
.	O
The	O
latter	O
recalled	O
â	O
Enbaqom	B-GIVEN_NAME
to	O
court	O
,	O
apologised	O
for	O
the	O
manner	O
in	O
which	O
he	O
had	O
been	O
treated	O
in	O
his	O
father	O
âs	O
day	O
,	O
and	O
asked	O
to	O
him	O
to	O
stay	O
with	O
him	O
as	O
his	O
adviser	O
on	O
the	O
war	O
with	O
Imam	B-GIVEN_NAME
Ahmad	B-FAMILY_NAME
.	O
â	O
Enbaqom	B-GIVEN_NAME
,	O
ever	O
a	O
scholar	O
,	O
spent	O
much	O
of	O
his	O
time	O
translating	O
the	O
story	O
of	O
Barlaam	B-GIVEN_NAME
and	O
Josaphat	B-GIVEN_NAME
,	O
Abu	B-GIVEN_NAME
Shakir	B-FAMILY_NAME
âs	O
Chronology	B-BRANDS
,	O
and	O
several	O
other	O
Arabic	B-AFFILIATION
works	O
.	O
After	O
Galawdewos	B-GIVEN_NAME
âs	O
death	O
in	O
1559	B-DATE
the	O
latter	O
âs	O
successor	O
,	O
Emperor	O
Minas	B-GIVEN_NAME
,	O
had	O
Enbaqom	B-GIVEN_NAME
reinstated	O
as	O
Abbot	O
of	O
Debra	B-ORGANIZATION
Libanos	I-ORGANIZATION
,	O
and	O
it	O
was	O
probably	O
there	O
that	O
he	O
died	O
,	O
around	O
1565	B-DATE
,	O
at	O
the	O
ripe	O
old	O
age	O
of	O
over	O
ninety	O
.	O
His	O
history	O
was	O
later	O
recorded	O
by	O
his	O
disciples	O
in	O
a	O
Ge	B-AFFILIATION
â	I-AFFILIATION
ez	I-AFFILIATION
â	O
Gadle'	B-BRANDS
â	O
or	O
â	O
Acts	B-BRANDS
â	O
,	O
published	O
long	O
afterwards	O
,	O
with	O
an	O
Italian	B-AFFILIATION
translation	O
,	O
by	O
the	O
Italian	B-AFFILIATION
scholar	O
Professor	O
Lanfranco	B-GIVEN_NAME
Ricci	B-FAMILY_NAME
in	O
several	O
issues	O
of	O
the	O
Italian	B-AFFILIATION
journal	O
â	O
Rassegna	B-BRANDS
di	B-MISC
Studi	I-MISC
Etiopici	I-MISC
â	O
between	O
1954	B-DATE
and	O
1969	B-DATE
.	O

The	O
Anqasa	B-BRANDS
Amin	B-MISC
,	O
or	O
â	O
Gate	B-BRANDS
of	B-MISC
the	I-MISC
Faith	I-MISC
â	O

â	O
Enbaqom	B-GIVEN_NAME
âs	O
letter	O
to	O
Imam	B-GIVEN_NAME
Ahmad	B-FAMILY_NAME
,	O
which	O
is	O
believed	O
to	O
have	O
been	O
in	O
Arabic	B-AFFILIATION
,	O
apparently	O
no	O
longer	O
exists	O
.	O
He	O
nevertheless	O
subsequently	O
produced	O
a	O
probably	O
expanded	O
Ge	B-AFFILIATION
â	I-AFFILIATION
ez	I-AFFILIATION
version	O
,	O
entitled	O
Anqasa	B-BRANDS
Amin	B-MISC
,	O
or	O
â	O
Gate	B-BRANDS
of	B-MISC
the	I-MISC
Faith	I-MISC
â	O
.	O
This	O
work	O
,	O
one	O
of	O
the	O
classics	O
of	O
later	O
Ge	B-AFFILIATION
â	I-AFFILIATION
ez	I-AFFILIATION
literature	O
,	O
was	O
written	O
in	O
that	O
language	O
,	O
and	O
refers	O
to	O
his	O
correspondence	O
with	O
the	O
Adal	B-AFFILIATION
leader	O
,	O
as	O
well	O
as	O
his	O
reasons	O
for	O
abandoning	O
of	O
Islam	B-BRANDS
.	O
A	O
French	B-AFFILIATION
translation	O
,	O
with	O
the	O
original	O
Ge	B-AFFILIATION
â	I-AFFILIATION
ez	I-AFFILIATION
text	O
,	O
was	O
published	O
by	O
the	O
Dutch	B-AFFILIATION
scholar	O
Professor	O
E.	B-GIVEN_NAME
J.	B-FAMILY_NAME
Van	I-FAMILY_NAME
Donzel	I-FAMILY_NAME
in	O
Leiden	B-LOCATION
in	O
1969	B-DATE
.	O

â	O
Enbaqom	B-GIVEN_NAME
recalls	O
in	O
this	O
book	O
,	O
which	O
was	O
written	O
around	O
1532-3	B-DATE
,	O
that	O
during	O
his	O
exile	O
in	O
the	O
west	O
of	O
the	O
country	O
the	O
Muslim	B-AFFILIATION
leader	O
,	O
i	O
.	O
e	O
.	O
Imam	B-GIVEN_NAME
Ahmad	B-FAMILY_NAME
,	O
or	O
Gragn	B-GIVEN_NAME
,	O
â	O
surrounded	O
the	O
county	O
with	O
a	O
large	O
army	O
â	O
,	O
whereupon	O
he	O
(	O
â	O
Enbaqom	B-GIVEN_NAME
)	O
,	O
â	O
having	O
confidence	O
in	O
the	O
name	O
of	O
Christ	B-GIVEN_NAME
,	O
my	O
God	O
â	O
,	O
sent	O
him	O
a	O
message	O
in	O
which	O
he	O
outlined	O
his	O
religious	O
beliefs	O
,	O
and	O
related	O
them	O
to	O
the	O
Muslim	B-AFFILIATION
Quran	B-BRANDS
.	O
That	O
Holy	O
Book	O
,	O
like	O
the	O
Christian	B-AFFILIATION
Bible	B-BRANDS
,	O
held	O
,	O
he	O
argued	O
,	O
that	O
the	O
Virgin	O
Mary	B-GIVEN_NAME
was	O
born	O
of	O
God	O
,	O
in	O
the	O
flesh	O
,	O
without	O
any	O
seed	O
of	O
man	O
.	O

The	O
Imam	O
reportedly	O
replied	O
,	O
in	O
a	O
friendly	O
manner	O
,	O
that	O
he	O
accepted	O
Enbaqom	B-GIVEN_NAME
âs	O
holy	O
books	O
,	O
because	O
he	O
believed	O
in	O
the	O
Jewish	B-AFFILIATION
Torah	B-BRANDS
,	O
in	O
the	O
Christian	B-GIVEN_NAME
Gospels	B-BRANDS
,	O
and	O
in	O
the	O
Prophets	O
that	O
God	O
had	O
sent	O
down	O
to	O
man	O
.	O
Drawing	O
a	O
practical	O
conclusion	O
from	O
this	O
he	O
promised	O
that	O
he	O
â	O
swore	O
by	O
the	O
sublime	O
God	O
â	O
that	O
he	O
â	O
would	O
not	O
burn	O
churches	O
nor	O
kill	O
monks	O
and	O
the	O
poor	O
â	O
â	O
unless	O
they	O
offered	O
him	O
resistance	O
.	O
He	O
went	O
on	O
to	O
say	O
he	O
agreed	O
to	O
listen	O
to	O
Enbaqom	B-GIVEN_NAME
âs	O
explanation	O
of	O
the	O
Christian	B-AFFILIATION
faith	O
in	O
relation	O
to	O
the	O
Quran	B-BRANDS
,	O
as	O
the	O
latter	O
had	O
proposed	O
.	O
The	O
Christian	B-AFFILIATION
scholar	O
accordingly	O
wrote	O
the	O
Anqasa	B-BRANDS
Amin	B-MISC
,	O
which	O
was	O
in	O
effect	O
a	O
polemical	O
work	O
.	O

*	O
*	O
*	O

The	O
story	O
of	O
Imam	B-GIVEN_NAME
Ahmad	B-FAMILY_NAME
âs	O
campaigns	O
was	O
subsequently	O
told	O
by	O
his	O
Yemeni	B-AFFILIATION
scribe	O
,	O
the	O
historian	O
Shihab	B-GIVEN_NAME
ad	B-FAMILY_NAME
-	I-FAMILY_NAME
Din	I-FAMILY_NAME
Ahmad	I-FAMILY_NAME
bin	I-FAMILY_NAME
â	I-FAMILY_NAME
Abd	I-FAMILY_NAME
al	I-FAMILY_NAME
-	I-FAMILY_NAME
Qader	I-FAMILY_NAME
bin	I-FAMILY_NAME
Salem	I-FAMILY_NAME
bin	I-FAMILY_NAME
â	I-FAMILY_NAME
Utman	I-FAMILY_NAME
,	O
also	O
known	O
as	O
â	O
Arab	B-GIVEN_NAME|B-AFFILIATION
Faqih	B-FAMILY_NAME
.	O
His	O
chronicle	O
,	O
entitled	O
â	O
Futuh	B-BRANDS
al	B-MISC
-	I-MISC
Habasa	I-MISC
â	O
,	O
literally	O
â	O
Conquests	B-BRANDS
of	B-MISC
Abyssinia	I-MISC|B-LOCATION
â	O
,	O
was	O
written	O
around	O
1559	B-DATE
,	O
but	O
tells	O
the	O
story	O
of	O
the	O
war	O
only	O
to	O
about	O
1537	B-DATE
,	O
i	O
.	O
e	O
.	O
perhaps	O
five	B-DURATION
years	I-DURATION
before	O
Enbaqom	B-GIVEN_NAME
âs	O
reported	O
correspondance	O
with	O
the	O
Imam	O
and	O
the	O
composition	O
of	O
the	O
â	O
Anqasa	B-BRANDS
Amin	B-MISC
â	O
.	O

â	O
Arab	B-GIVEN_NAME
Faqih	B-FAMILY_NAME
âs	O
â	O
Futuh	B-BRANDS
â	O
,	O
we	O
should	O
note	O
,	O
does	O
not	O
mention	O
â	O
Enbaqom	B-GIVEN_NAME
,	O
his	O
letters	O
or	O
his	O
book	O
.	O
The	O
latter	O
âs	O
account	O
of	O
his	O
correspondence	O
with	O
the	O
Imam	O
therefore	O
remains	O
entirely	O
uncorroborated	O
,	O
and	O
we	O
cannot	O
tell	O
in	O
any	O
way	O
how	O
Imam	B-GIVEN_NAME
Ahmad	B-FAMILY_NAME
reacted	O
to	O
Abba	O
â	O
Enbaqom	B-GIVEN_NAME
âs	O
arguments	O
and	O
polemics	O
.	O

It	O
may	O
,	O
however	O
,	O
be	O
noted	O
,	O
for	O
what	O
it	O
is	O
worth	O
,	O
dear	O
reader	O
,	O
that	O
whereas	O
the	O
â	O
Futuh	B-BRANDS
â	O
describes	O
much	O
looting	O
of	O
churches	O
in	O
the	O
early	O
part	O
of	O
the	O
campaign	O
,	O
there	O
are	O
no	O
such	O
reports	O
for	O
the	O
later	O
phase	O
.	O
The	O
text	O
tells	O
for	O
example	O
of	O
destruction	O
at	O
Badeqe	B-LOCATION
,	O
Kesayah	B-LOCATION
,	O
Makana	B-LOCATION
Sellase	I-LOCATION
,	O
Debra	B-LOCATION
Nagwadgwad	I-LOCATION
,	O
Walah	B-LOCATION
,	O
Dabra	B-LOCATION
Azhir	I-LOCATION
,	O
and	O
at	O
a	O
single	O
church	O
at	O
Lalibela	B-LOCATION
â	O
all	O
in	O
the	O
early	O
fighting	O
,	O
but	O
includes	O
no	O
such	O
account	O
for	O
the	O
later	O
fighting	O
in	O
Tegray	B-LOCATION
,	O
Dambeya	B-LOCATION
or	O
the	O
islands	O
of	O
Lake	B-LOCATION
Tana	I-LOCATION
.	O

Did	O
this	O
represent	O
a	O
change	O
of	O
policy	O
on	O
behalf	O
of	O
Imam	B-GIVEN_NAME
Ahmad	B-FAMILY_NAME
?	O
Was	O
it	O
a	O
consequence	O
of	O
â	O
Enbaqom	B-GIVEN_NAME
âs	O
letter	O
?	O
Or	O
is	O
it	O
just	O
a	O
coincidence	O
?	O

