Dr	O
Cassel	B-GIVEN_NAME
Ato	B-FAMILY_NAME
Forson	I-FAMILY_NAME
,	O
Ranking	O
Member	O
on	O
Finance	O
has	O
stated	O
that	O
Ghana	B-LOCATION
âs	O
public	O
debt	O
is	O
estimated	O
to	O
hit	O
90	O
percent	O
of	O
Gross	B-BRANDS
Domestic	B-MISC
Product	I-MISC
(	O
GDP	B-BRANDS
)	O
by	O
the	O
end	O
of	O
2022	B-DATE
.	O

â	O
Mr	O
Speaker	O
I	O
wo	O
nât	O
be	O
surprised	O
that	O
by	O
the	O
year	O
2023	B-DATE
our	O
debt	O
situation	O
would	O
be	O
100	O
percent	O
of	O
our	O
GDP	B-BRANDS
,	O
that	O
is	O
where	O
we	O
are	O
â¦	O
.	O
this	O
budget	O
brings	O
no	O
hope	O
for	O
the	O
people	O
of	O
Ghana	B-LOCATION
.	O
â	O

Dr	O
Forson	B-GIVEN_NAME
made	O
the	O
comment	O
when	O
the	O
House	B-ORGANIZATION
started	O
the	O
debate	O
on	O
the	O
2022	B-DATE
Mid	O
-	O
Year	O
review	O
budget	O
and	O
economic	O
policy	O
of	O
government	O
with	O
both	O
Majority	O
and	O
Minority	O
sides	O
holding	O
on	O
to	O
their	O
partisan	O
positions	O
.	O

Finance	O
Minister	O
Ken	B-GIVEN_NAME
Ofori	B-FAMILY_NAME
-	I-FAMILY_NAME
Atta	I-FAMILY_NAME
on	O
Monday	B-DATE
,	I-DATE
July	B-DATE
25	I-DATE
,	I-DATE
2022	I-DATE
,	O
presented	O
2022	B-DATE
Mid	I-DATE
-	I-DATE
Year	I-DATE
budget	O
review	O
and	O
economic	O
policy	O
of	O
Government	B-ORGANIZATION
in	O
Parliament	B-ORGANIZATION
.	O

The	O
mid	O
-	O
year	O
budget	O
presentation	O
is	O
in	O
fulfilment	O
of	O
section	O
28	O
of	O
the	O
Public	B-BRANDS
Financial	B-MISC
Management	I-MISC
Act	I-MISC
,	I-MISC
2016	B-DATE
(	B-BRANDS
Act	B-MISC
921	I-MISC
)	I-MISC
and	O
Regulation	B-BRANDS
24	B-MISC
of	O
the	O
Public	B-BRANDS
Financial	B-MISC
Management	I-MISC
Regulations	I-MISC
(	I-MISC
L.	I-MISC
I.	I-MISC
2378	I-MISC
)	I-MISC
.	O

Dr	O
Forson	B-GIVEN_NAME
also	O
accused	O
the	O
Bank	B-ORGANIZATION
of	I-ORGANIZATION
Ghana	I-ORGANIZATION
(	O
BoG	B-ORGANIZATION
)	O
of	O
engaging	O
in	O
the	O
illegal	O
printing	O
of	O
22	B-MONEY
billion	I-MONEY
cedis	I-MONEY
without	O
recourse	O
to	O
Parliament	B-ORGANIZATION
.	O

He	O
explained	O
in	O
the	O
2022	B-DATE
budget	O
the	O
government	O
projected	O
not	O
to	O
borrow	O
any	O
money	O
from	O
the	O
Central	B-ORGANIZATION
Bank	I-ORGANIZATION
,	O
only	O
for	O
them	O
to	O
see	O
in	O
the	O
same	O
document	O
that	O
between	O
January	B-DATE
to	O
June	B-DATE
this	O
year	O
the	O
government	O
have	O
taken	O
over	O
22	B-MONEY
billion	I-MONEY
cedis	I-MONEY
from	O
Bank	B-ORGANIZATION
of	I-ORGANIZATION
Ghana	I-ORGANIZATION
(	O
BoG	B-ORGANIZATION
)	O
.	O

â	O
Mr	O
Speaker	O
,	O
when	O
the	O
Central	B-ORGANIZATION
Bank	I-ORGANIZATION
or	O
BoG	B-ORGANIZATION
gives	O
money	O
to	O
the	O
Government	B-ORGANIZATION
of	I-ORGANIZATION
Ghana	I-ORGANIZATION|B-LOCATION
in	O
economics	O
it	O
is	O
call	O
printing	O
of	O
money	O
,	O
â	O
he	O
added	O
.	O

Dr	O
Forson	B-GIVEN_NAME
further	O
cited	O
for	O
example	O
that	O
section	O
30	O
of	O
BoG	B-BRANDS|B-ORGANIZATION
Act	B-MISC
612	I-MISC
as	O
amended	O
states	O
that	O
total	O
revenue	O
advances	O
,	O
purchases	O
of	O
treasury	O
bills	O
and	O
securities	O
made	O
under	O
subsection	O
1	O
shall	O
not	O
at	O
any	O
time	O
exceed	O
five	O
percent	O
of	O
total	O
revenue	O
of	O
the	O
previous	O
fiscal	O
year	O
.	O

â	O
Mr	O
Speaker	O
the	O
previous	O
total	O
revenue	O
for	O
the	O
fiscal	O
year	O
was	O
70	B-MONEY
billion	I-MONEY
cedis	I-MONEY
and	O
five	O
percent	O
of	O
70	O
billion	O
is	O
about	O
3.5	B-MONEY
billion	I-MONEY
cedis	I-MONEY
â¦	O
they	O
have	O
taken	O
22	B-MONEY
billion	I-MONEY
cedis	I-MONEY
without	O
parliamentary	O
approval	O
,	O
â	O
he	O
said	O
.	O

However	O
,	O
Dr	O
John	B-GIVEN_NAME
Kuma	B-FAMILY_NAME
,	O
Deputy	O
Minister	O
for	O
Finance	O
,	O
rejected	O
the	O
claim	O
by	O
Dr	O
Forson	B-GIVEN_NAME
that	O
the	O
BoG	B-ORGANIZATION
was	O
engaged	O
in	O
illegal	O
printing	O
of	O
money	O
.	O

He	O
argued	O
that	O
section	O
30	O
of	O
the	O
BoG	B-ORGANIZATION
Act	O
states	O
clearly	O
that	O
it	O
is	O
within	O
the	O
remit	O
of	O
the	O
law	O
for	O
BoG	B-ORGANIZATION
to	O
grant	O
overdraft	O
and	O
support	O
to	O
central	O
government	O
without	O
printing	O
money	O
.	O

He	O
said	O
the	O
Finance	O
Minister	O
right	O
from	O
beginning	O
of	O
the	O
year	O
made	O
it	O
clear	O
to	O
the	O
House	B-ORGANIZATION
to	O
ensure	O
fiscal	O
consolidation	O
to	O
reposition	O
the	O
economy	O
from	O
the	O
difficult	O
condition	O
the	O
country	O
finds	O
itself	O
.	O

Dr	O
Kuma	B-GIVEN_NAME
also	O
stated	O
the	O
government	O
in	O
the	O
2022	B-DATE
budget	O
announced	O
that	O
there	O
would	O
be	O
a	O
fiscal	O
deficit	O
of	O
7.4	O
compared	O
to	O
the	O
9.4	O
percent	O
deficit	O
last	O
year	O
.	O

He	O
said	O
in	O
furtherance	O
to	O
that	O
the	O
government	O
announced	O
30	O
percent	O
discretionary	O
cut	O
in	O
fiscal	O
activities	O
.	O

â	O
Mr	O
Speaker	O
,	O
that	O
this	O
is	O
reflected	O
in	O
the	O
mid	O
-	O
year	O
budget	O
,	O
where	O
the	O
fiscal	O
deficit	O
has	O
been	O
reviewed	O
downwards	O
to	O
6.6	O
percent	O
.	O

That	O
is	O
an	O
indication	O
that	O
the	O
government	O
is	O
committed	O
to	O
ensuring	O
that	O
indeed	O
the	O
fiscal	O
consolidation	O
and	O
the	O
measures	O
put	O
in	O
place	O
to	O
ensure	O
we	O
bring	O
down	O
debts	O
to	O
sustainable	O
level	O
are	O
achieved	O
,	O
â	O
Dr	O
Kuma	B-GIVEN_NAME
said	O
.	O

