Three	O
of	O
the	O
16	O
Model	O
Senior	O
High	O
Schools	O
in	O
Zongo	B-AFFILIATION
Communities	O
across	O
the	O
16	O
regions	O
will	O
begin	O
this	O
year	O
,	O
Vice	O
-	O
President	O
Mahamudu	B-GIVEN_NAME
Bawumia	B-FAMILY_NAME
has	O
said	O
.	O

The	O
Vice	O
President	O
announced	O
this	O
in	O
Accra	B-LOCATION
on	O
Wednesday	B-DATE
when	O
he	O
inaugurated	O
a	O
six	O
-	O
unit	O
classroom	O
block	O
for	O
Tunga	B-ORGANIZATION|B-LOCATION
Islamic	I-ORGANIZATION|B-AFFILIATION
Community	I-ORGANIZATION
School	I-ORGANIZATION
at	O
Dansoman	B-LOCATION
in	O
the	O
Ablekuma	B-LOCATION
West	I-LOCATION
Municipality	I-LOCATION
of	O
the	O
Greater	B-LOCATION
Accra	I-LOCATION
Region	I-LOCATION
.	O

The	O
model	O
SHSs	O
formed	O
part	O
of	O
Government	O
âs	O
efforts	O
to	O
improve	O
education	O
and	O
living	O
standards	O
of	O
the	O
people	O
in	O
Zongp	B-AFFILIATION
Communities	O
.	O

Other	O
facilities	O
attached	O
to	O
the	O
six	O
-	O
unit	O
block	O
include	O
a	O
washroom	O
,	O
staffroom	O
and	O
a	O
room	O
for	O
computer	O
laboratory	O
aimed	O
at	O
improving	O
teaching	O
and	O
learning	O
.	O

The	O
facility	O
was	O
funded	O
by	O
the	O
Zongo	B-ORGANIZATION|B-AFFILIATION
Development	I-ORGANIZATION
Fund	I-ORGANIZATION
,	O
which	O
is	O
a	O
frontline	O
agency	O
for	O
developing	O
the	O
Zongo	B-LOCATION|B-AFFILIATION
and	O
Inner	O
cities	O
.	O

Currently	O
,	O
the	O
Fund	B-ORGANIZATION
is	O
implementing	O
more	O
than	O
300	O
projects	O
across	O
the	O
country	O
to	O
enhance	O
development	O
in	O
Zongo	B-AFFILIATION
communities	O
.	O

Some	O
of	O
the	O
projects	O
and	O
interventions	O
include	O
classroom	O
blocks	O
,	O
roads	O
,	O
astro	O
-	O
turfs	O
,	O
mechanised	O
boreholes	O
,	O
drainage	O
systems	O
,	O
ICT	B-BRANDS
centres	O
and	O
bridges	O
,	O
as	O
well	O
as	O
providing	O
employable	O
skill	O
training	O
for	O
the	O
Zongo	B-AFFILIATION
youth	O
in	O
beads	O
-	O
making	O
,	O
leather	O
works	O
,	O
dressmaking	O
,	O
liquid	O
soap	O
preparation	O
among	O
others	O
,	O
to	O
empower	O
them	O
to	O
be	O
financially	O
self	O
-	O
reliant	O
.	O

The	O
commissioning	O
of	O
the	O
six	O
-	O
unit	O
classroom	O
block	O
attracted	O
pupils	O
,	O
parents	O
and	O
guardians	O
,	O
Member	O
of	O
Parliament	O
for	O
the	O
area	O
,	O
Madam	O
Ursula	B-GIVEN_NAME
Owusu	B-FAMILY_NAME
-	I-FAMILY_NAME
Ekuful	I-FAMILY_NAME
,	O
Zongo	B-AFFILIATION
chiefs	O
,	O
Imams	O
and	O
the	O
Clergy	O
.	O

Vice	O
President	O
Bawumia	B-GIVEN_NAME
noted	O
that	O
since	O
Ghana	B-LOCATION
attained	O
independence	O
in	O
1957	B-DATE
,	O
no	O
government	O
has	O
ever	O
allocated	O
a	O
budget	O
deliberately	O
for	O
the	O
development	O
of	O
Zongo	B-AFFILIATION
communities	O
.	O

Therefore	O
,	O
he	O
said	O
,	O
the	O
establishment	O
of	O
the	O
Fund	B-ORGANIZATION
dedicated	O
to	O
Zongo	B-AFFILIATION
communities	O
by	O
the	O
Akufo	B-GIVEN_NAME
-	B-FAMILY_NAME
Addo	I-FAMILY_NAME
âs	O
Government	O
was	O
indisputably	O
unprecedented	O
.	O

â	O
In	O
the	O
Greater	B-LOCATION
Accra	I-LOCATION
Region	I-LOCATION
for	O
instance	O
,	O
we	O
have	O
undertaken	O
a	O
massive	O
renovation	O
and	O
upgrading	O
of	O
the	O
popular	O
Institute	B-ORGANIZATION
of	I-ORGANIZATION
Islamic	I-ORGANIZATION|B-AFFILIATION
Studies	I-ORGANIZATION
(	O
Research	O
)	O
at	O
Nima	B-LOCATION
,	O
work	O
is	O
also	O
currently	O
on	O
-	O
going	O
for	O
the	O
comprehensive	O
rehabilitation	O
of	O
Ansarudeen	B-ORGANIZATION|B-AFFILIATION
Islamic	B-ORGANIZATION|B-AFFILIATION
School	I-ORGANIZATION
founded	O
by	O
His	O
Eminence	O
the	O
National	O
Chief	O
Imam	O
,	O
Sheikh	O
Osman	B-GIVEN_NAME
Nuhu	B-FAMILY_NAME
Sharubutu	I-FAMILY_NAME
,	O
at	O
New	B-LOCATION
Fadama	I-LOCATION
,	O
â	O
the	O
Vice	O
President	O
said	O
.	O

â	O
Additionally	O
,	O
government	O
,	O
through	O
the	O
Zongo	B-ORGANIZATION|B-AFFILIATION
Development	I-ORGANIZATION
Fund	I-ORGANIZATION
has	O
provided	O
teaching	O
and	O
learning	O
materials	O
to	O
the	O
Islamic	B-ORGANIZATION|B-AFFILIATION
Education	I-ORGANIZATION
Unit	I-ORGANIZATION
of	O
the	O
Ghana	B-ORGANIZATION
Education	I-ORGANIZATION
Service	I-ORGANIZATION
for	O
distribution	O
to	O
schools	O
in	O
several	O
Zongo	B-AFFILIATION
Communities	O
in	O
the	O
Greater	B-LOCATION
Accra	I-LOCATION
Region	I-LOCATION
,	O
â	O
he	O
added	O
.	O

Dr	O
Bawumia	B-GIVEN_NAME
noted	O
that	O
the	O
interventions	O
by	O
the	O
Fund	B-ORGANIZATION
were	O
commendable	O
efforts	O
aimed	O
at	O
bridging	O
the	O
yawning	O
gap	O
in	O
the	O
educational	O
fortunes	O
of	O
Zongo	B-AFFILIATION
communities	O
vis	O
-	O
a	O
vis	O
other	O
communities	O
.	O

He	O
said	O
the	O
Government	O
had	O
implemented	O
a	O
comprehensive	O
development	O
of	O
educational	O
infrastructure	O
in	O
Zongo	B-AFFILIATION
communities	O
to	O
improve	O
the	O
health	O
facilities	O
,	O
sanitation	O
,	O
human	O
resource	O
development	O
through	O
skills	O
training	O
and	O
educational	O
grants	O
as	O
well	O
as	O
improving	O
the	O
ambience	O
,	O
visibility	O
and	O
security	O
in	O
Zongo	B-AFFILIATION
communities	O
.	O

He	O
said	O
communities	O
such	O
as	O
New	B-LOCATION
Fadama	I-LOCATION
and	O
Madina	B-LOCATION
had	O
witnessed	O
remarkable	O
transformation	O
in	O
social	O
,	O
recreational	O
and	O
sporting	O
activities	O
through	O
the	O
construction	O
of	O
community	O
Sports	O
and	O
social	O
centres	O
and	O
urged	O
the	O
people	O
to	O
take	O
good	O
care	O
of	O
the	O
facilities	O
.	O

Mr	O
Christian	B-GIVEN_NAME
Julius	B-FAMILY_NAME
Aforlah	I-FAMILY_NAME
,	O
the	O
Ablekuma	B-BRANDS|B-LOCATION
West	B-MISC|I-LOCATION
Municipal	I-MISC
Director	O
of	O
Education	O
,	O
thanked	O
the	O
government	O
for	O
making	O
massive	O
investment	O
in	O
education	O
,	O
which	O
had	O
increased	O
school	O
enrolment	O
.	O

He	O
said	O
,	O
currently	O
there	O
are	O
more	O
than	O
11,000	O
pupils	O
enrolled	O
at	O
the	O
basic	O
level	O
in	O
the	O
municipality	O
,	O
made	O
up	O
of	O
5,346	O
boys	O
and	O
5,686	O
girls	O
.	O

Dr	O
Arafat	B-GIVEN_NAME
Sulemana	B-FAMILY_NAME
Abdulai	I-FAMILY_NAME
,	O
the	O
Chief	O
Executive	O
Officer	O
of	O
the	O
Zongo	B-ORGANIZATION|B-AFFILIATION
Development	I-ORGANIZATION
Fund	I-ORGANIZATION
,	O
expressed	O
the	O
government	O
âs	O
commitment	O
to	O
improving	O
the	O
living	O
conditions	O
of	O
people	O
in	O
the	O
Zongo	B-LOCATION
Communities	O
.	O

Madam	O
Ursula	B-GIVEN_NAME
Owusu	B-FAMILY_NAME
-	I-FAMILY_NAME
Ekuful	I-FAMILY_NAME
,	O
the	O
Member	O
of	O
Parliament	O
for	O
the	O
area	O
,	O
said	O
the	O
Akufo	B-GIVEN_NAME
-	B-FAMILY_NAME
Addo	I-FAMILY_NAME
âs	O
Government	O
did	O
not	O
discriminate	O
in	O
sharing	O
the	O
national	O
cake	O
and	O
believed	O
that	O
maintaining	O
the	O
government	O
in	O
power	O
would	O
bring	O
more	O
infrastructure	O
projects	O
to	O
Zongo	B-AFFILIATION
enclaves	O
.	O

