Nigerian	B-AFFILIATION
authorities	O
have	O
indefinitely	O
suspended	O
the	O
air	O
transport	O
license	O
and	O
air	O
operator	O
certificate	O
of	O
Dana	B-ORGANIZATION
Airlines	I-ORGANIZATION
,	O
one	O
of	O
the	O
local	O
operators	O
in	O
the	O
country	O
,	O
over	O
an	O
allegation	O
of	O
flight	O
inadequacy	O
.	O

The	O
suspension	O
took	O
effect	O
from	O
Wednesday	B-BRANDS
midnight	O
,	O
the	O
Nigerian	B-ORGANIZATION|B-AFFILIATION
Civil	I-ORGANIZATION
Aviation	I-ORGANIZATION
Authority	I-ORGANIZATION
(	O
NCAA	B-ORGANIZATION
)	O
said	O
in	O
a	O
statement	O
,	O
explaining	O
the	O
decision	O
was	O
the	O
outcome	O
of	O
a	O
financial	O
and	O
economic	O
health	O
audit	O
carried	O
out	O
on	O
the	O
airline	O
.	O

The	O
NCAA	B-ORGANIZATION
said	O
the	O
findings	O
of	O
an	O
investigation	O
conducted	O
on	O
the	O
airline	O
âs	O
flight	O
operations	O
recently	O
had	O
further	O
indicated	O
that	O
it	O
was	O
no	O
longer	O
in	O
a	O
position	O
to	O
meet	O
its	O
financial	O
obligations	O
and	O
conduct	O
safe	O
flight	O
operations	O
.	O

â	O
The	O
NCAA	B-ORGANIZATION
acknowledges	O
the	O
negative	O
effect	O
this	O
preemptive	O
decision	O
will	O
have	O
on	O
the	O
airline	O
âs	O
passengers	O
and	O
the	O
traveling	O
public	O
,	O
and	O
seeks	O
their	O
understanding	O
,	O
as	O
the	O
safety	O
of	O
flight	O
operations	O
takes	O
priority	O
over	O
all	O
other	O
considerations	O
,	O
â	O
the	O
regulatory	O
agency	O
said	O
.	O

A	O
Boeing	B-BRANDS
737	I-BRANDS
aircraft	O
operated	O
by	O
Dana	B-ORGANIZATION
Airline	I-ORGANIZATION
made	O
an	O
emergency	O
landing	O
at	O
the	O
Nnamdi	B-LOCATION|B-GIVEN_NAME
Azikiwe	I-LOCATION|B-FAMILY_NAME
International	I-LOCATION
Airport	I-LOCATION
in	O
Abuja	B-LOCATION
,	O
the	O
Nigerian	B-AFFILIATION
capital	O
,	O
Tuesday	B-DATE
.	O

Following	O
that	O
incident	O
,	O
the	O
airline	O
âs	O
management	O
announced	O
it	O
grounded	O
the	O
aircraft	O
for	O
immediate	O
attention	O
by	O
engineers	O
.	O

Kingsley	B-GIVEN_NAME
Ezenwa	B-FAMILY_NAME
,	O
a	O
spokesman	O
for	O
the	O
airline	O
,	O
said	O
in	O
an	O
earlier	O
statement	O
that	O
the	O
incident	O
was	O
due	O
to	O
an	O
indication	O
on	O
one	O
of	O
its	O
engines	O
,	O
noting	O
the	O
pilot	O
-	O
in	O
-	O
command	O
had	O
briefed	O
the	O
passengers	O
on	O
the	O
incident	O
and	O
landed	O
the	O
aircraft	O
safely	O
at	O
the	O
Abuja	B-LOCATION|B-LOCATION
airport	I-LOCATION
.	O

Enditem	O

