Samuel	B-GIVEN_NAME
Antwi	B-FAMILY_NAME
has	O
reasserted	O
his	O
dominance	O
in	O
Ghana	B-LOCATION
tennis	O
,	O
by	O
beating	O
Johnson	B-GIVEN_NAME
Acquah	B-FAMILY_NAME
to	O
his	O
ninth	O
National	B-BRANDS
Ranking	B-MISC
Tour	I-MISC
title	O
.	O

The	O
6-3	O
,	O
6-3	O
victory	O
means	O
the	O
Antwi	B-GIVEN_NAME
becomes	O
the	O
first	O
player	O
to	O
win	O
nine	O
National	O
ranking	O
titles	O
.	O

Antwi	B-GIVEN_NAME
used	O
his	O
superb	O
serving	O
skills	O
and	O
his	O
usual	O
relentless	O
return	O
and	O
baseline	O
excellence	O
to	O
beat	O
frustrated	O
Acquah	B-GIVEN_NAME
.	O

The	O
pair	O
then	O
slugged	O
it	O
out	O
for	O
the	O
remainder	O
of	O
the	O
opening	O
set	O
,	O
Antwi	B-GIVEN_NAME
was	O
keen	O
to	O
draw	O
his	O
opponent	O
to	O
the	O
net	O
,	O
before	O
producing	O
a	O
brilliant	O
break	O
in	O
game	O
7	O
to	O
seize	O
the	O
initiative	O
.	O

â	O
It	O
has	O
been	O
a	O
rollercoaster	O
week	O
for	O
me	O
,	O
â	O
said	O
Antwi	B-GIVEN_NAME
who	O
has	O
been	O
superb	O
this	O
year	O
.	O

Antwi	B-GIVEN_NAME
would	O
not	O
let	O
it	O
go	O
,	O
capitalizing	O
on	O
a	O
couple	O
of	O
ragged	O
service	O
games	O
early	O
in	O
the	O
second	O
set	O
to	O
race	O
to	O
a	O
commanding	O
lead	O
.	O

Acquah	B-GIVEN_NAME
lost	O
the	O
foothold	O
he	O
had	O
in	O
the	O
match	O
,	O
and	O
his	O
frustration	O
became	O
obvious	O
when	O
he	O
smashed	O
his	O
racket	O
at	O
the	O
back	O
of	O
the	O
court	O
after	O
game	O
4	O
.	O

The	O
rest	O
then	O
felt	O
inevitable	O
,	O
Antwi	B-GIVEN_NAME
wrapping	O
up	O
the	O
second	O
set	O
with	O
a	O
booming	O
forehand	O
service	O
return	O
down	O
the	O
middle	O
of	O
the	O
court	O
.	O

Antwi	B-GIVEN_NAME
said	O
,	O
â	O
I	O
want	O
to	O
use	O
this	O
opportunity	O
to	O
thank	O
my	O
Sponsors	O
Mr.	O
Charles	B-GIVEN_NAME
Addo	B-FAMILY_NAME
-	I-FAMILY_NAME
Quaye	I-FAMILY_NAME
of	O
Lone	B-ORGANIZATION
Star	I-ORGANIZATION
,	O
Chairman	O
of	O
Atomic	B-ORGANIZATION
Tennis	I-ORGANIZATION
Club	I-ORGANIZATION
,	O
Mr.	O
Steiner	B-GIVEN_NAME
Wood	B-FAMILY_NAME
,	O
Mr.	O
John	B-GIVEN_NAME
Osei	B-FAMILY_NAME
-	I-FAMILY_NAME
Owusu	I-FAMILY_NAME
of	O
Juwel	B-ORGANIZATION
Energy	I-ORGANIZATION
and	O
two	O
coaches	O
Victor	B-GIVEN_NAME
Akwatey	B-FAMILY_NAME
Anane	I-FAMILY_NAME
and	O
Andrews	B-GIVEN_NAME
Adu	B-FAMILY_NAME
Appiah	I-FAMILY_NAME
,	O
and	O
also	O
the	O
members	O
of	O
Atomic	B-ORGANIZATION
Tennis	I-ORGANIZATION
Club	I-ORGANIZATION
,	O
Koforidua	B-ORGANIZATION|B-LOCATION
Tennis	I-ORGANIZATION
Club	I-ORGANIZATION
and	O
KNUST	B-ORGANIZATION
Tennis	I-ORGANIZATION
Club	I-ORGANIZATION
.	O

