The	O
2022	B-DATE
Yam	B-BRANDS
Festival	B-MISC
of	O
the	O
Chiefs	O
and	O
People	O
of	O
Asogli	B-LOCATION
State	I-LOCATION
in	O
the	O
Volta	B-LOCATION
Region	I-LOCATION
have	O
been	O
launched	O
in	O
Ho	B-LOCATION
.	O

The	O
festival	O
on	O
the	O
theme	O
â	O
Let	O
âs	O
Eschew	O
Greed	O
,	O
Unite	O
for	O
Peace	O
,	O
Development	O
and	O
Prosperity	O
â	O
promises	O
to	O
be	O
unique	O
with	O
lots	O
of	O
activities	O
.	O

The	O
festival	O
will	O
start	O
on	O
August	B-DATE
6	I-DATE
,	O
with	O
hiking	O
on	O
Adaklu	B-LOCATION
Mountain	I-LOCATION
and	O
clean	O
-	O
up	O
exercise	O
in	O
all	O
Asogli	B-BRANDS
Divisions	B-MISC
.	O

There	O
will	O
be	O
hailing	O
of	O
the	O
new	O
yam	O
(	O
Teyuyru	O
)	O
on	O
September	B-DATE
1	I-DATE
,	I-DATE
2022	I-DATE
,	O
to	O
welcome	O
the	O
arrival	O
of	O
the	O
yam	O
and	O
purification	O
rites	O
at	O
Akoefe	B-LOCATION
Avenui	I-LOCATION
.	O

Togbe	O
Ayim	B-GIVEN_NAME
Adzokoto	B-FAMILY_NAME
II	O
,	O
Paramount	O
Chief	O
of	O
Takla	B-BRANDS|B-LOCATION
Traditional	B-MISC
Area	I-MISC
and	O
Chairman	O
of	O
the	O
Planning	O
Committee	O
at	O
the	O
media	O
launch	O
of	O
the	O
festival	O
said	O
there	O
would	O
be	O
a	O
summit	O
of	O
Ewe	B-AFFILIATION
Chiefs	O
from	O
Ghana	B-LOCATION
,	O
Togo	B-LOCATION
and	O
Benin	B-LOCATION
on	O
September	B-DATE
8	I-DATE
.	O

He	O
said	O
there	O
would	O
also	O
be	O
education	O
on	O
acquisitions	O
of	O
land	O
and	O
property	O
rights	O
,	O
youth	O
empowerment	O
forum	O
and	O
anti	O
-	O
corruption	O
day	O
celebration	O
.	O

The	O
chairman	O
said	O
corruption	O
was	O
everywhere	O
and	O
that	O
the	O
anti	O
-	O
corruption	O
day	O
included	O
in	O
the	O
celebration	O
was	O
essential	O
to	O
educate	O
the	O
people	O
on	O
the	O
effects	O
of	O
corruption	O
on	O
the	O
socio	O
-	O
economic	O
development	O
of	O
the	O
country	O
and	O
the	O
need	O
to	O
avoid	O
it	O
.	O

He	O
said	O
corruption	O
has	O
eaten	O
into	O
the	O
fabrics	O
of	O
the	O
society	O
and	O
retarded	O
the	O
country	O
âs	O
quest	O
for	O
accelerated	O
advancement	O
,	O
hence	O
the	O
need	O
to	O
sensitise	O
the	O
people	O
,	O
especially	O
the	O
youth	O
who	O
were	O
the	O
future	O
leaders	O
of	O
the	O
country	O
to	O
avoid	O
corruption	O
.	O

The	O
Chairman	O
said	O
the	O
Agbogbomefia	O
of	O
Asogli	B-LOCATION
State	I-LOCATION
,	O
Togbe	O
Afede	B-GIVEN_NAME
XIV	O
will	O
sit	O
in	O
State	O
at	O
the	O
forecourt	O
of	O
the	O
Asogli	B-LOCATION|B-LOCATION
State	I-LOCATION|I-LOCATION
Palace	I-LOCATION
to	O
receive	O
special	O
greetings	O
from	O
distinguished	O
guests	O
and	O
homage	O
from	O
other	O
chiefs	O
on	O
September	B-DATE
9	I-DATE
.	O

Togbe	O
Ayim	O
Adzokoto	O
urged	O
all	O
natives	O
of	O
Asogli	B-LOCATION
State	I-LOCATION
both	O
home	O
and	O
abroad	O
to	O
endeavour	O
to	O
participate	O
in	O
the	O
event	O
so	O
they	O
could	O
collectively	O
promote	O
the	O
development	O
of	O
the	O
area	O
.	O

He	O
urged	O
the	O
youth	O
to	O
celebrate	O
the	O
event	O
in	O
modesty	O
and	O
avoid	O
vices	O
that	O
could	O
mar	O
the	O
beauty	O
of	O
the	O
celebration	O
including	O
alcoholism	O
and	O
drug	O
abuse	O
.	O

The	O
month	O
-	O
long	O
event	O
is	O
packed	O
with	O
other	O
activities	O
including	O
,	O
health	O
walk	O
,	O
health	O
screening	O
,	O
football	O
gala	O
,	O
inter	O
schools	O
quiz	O
competition	O
between	O
Senior	O
High	O
Schools	O
in	O
the	O
Asogli	B-BRANDS
Divisions	B-MISC
,	O
street	O
jams	O
with	O
a	O
grand	O
durbar	O
to	O
climax	O
the	O
event	O
on	O
September	B-DATE
10	I-DATE
,	O
at	O
the	O
Jubilee	B-LOCATION
Park	I-LOCATION
.	O

