Honduras	B-LOCATION
will	O
continue	O
it	O
âs	O
quest	O
to	O
qualify	O
for	O
the	O
2018	B-DATE
World	B-BRANDS
Cup	B-MISC
in	O
Russia	B-LOCATION
by	O
facing	O
off	O
against	O
Costa	B-LOCATION
Rica	I-LOCATION
on	O
Tuesday	B-DATE
March	B-DATE
28	I-DATE
,	I-DATE
2017	I-DATE
at	O
3	B-TIME
:	I-TIME
00	B-TIME
PM	I-TIME
and	O
then	O
again	O
on	O
October	B-DATE
6	I-DATE
,	I-DATE
2017	I-DATE
.	O

Honduras	B-LOCATION
has	O
two	O
choices	O
,	O
the	O
team	O
will	O
either	O
show	O
up	O
deflated	O
after	O
such	O
a	O
bad	O
loss	O
or	O
just	O
the	O
opposite	O
,	O
and	O
take	O
this	O
match	O
against	O
Costa	B-LOCATION
Rica	I-LOCATION
as	O
the	O
perfect	O
opportunity	O
to	O
get	O
back	O
in	O
track	O
,	O
after	O
all	O
,	O
they	O
will	O
be	O
playing	O
at	O
home	O
,	O
the	O
match	O
takes	O
place	O
at	O
the	O
Francisco	B-LOCATION|B-GIVEN_NAME
Morazan	I-LOCATION|B-FAMILY_NAME
Stadium	I-LOCATION
in	O
Honduras	B-LOCATION
.	O

Costa	B-LOCATION
Rica	I-LOCATION
âs	O
defensive	O
game	O
felt	O
the	O
absence	O
of	O
Oscar	B-GIVEN_NAME
Duarte	B-FAMILY_NAME
(	O
injured	O
)	O
,	O
and	O
now	O
lost	O
another	O
defender	O
Johnny	B-GIVEN_NAME
Acosta	B-FAMILY_NAME
who	O
was	O
injured	O
during	O
the	O
game	O
against	O
Mexico	B-LOCATION
.	O

La	B-GIVEN_NAME
Sele	B-FAMILY_NAME
does	O
nât	O
have	O
a	O
lot	O
of	O
time	O
for	O
experiments	O
,	O
and	O
Oscar	B-GIVEN_NAME
RamÃ­rez	B-FAMILY_NAME
and	O
his	O
team	O
need	O
to	O
make	O
up	O
their	O
minds	O
about	O
the	O
game	O
strategy	O
and	O
the	O
lineup	O
they	O
will	O
use	O
to	O
face	O
Honduras	B-LOCATION
.	O

Meanwhile	O
,	O
Pinto	B-GIVEN_NAME
,	O
has	O
decided	O
to	O
train	O
at	O
closed	O
doors	O
to	O
prepare	O
for	O
this	O
match	O
,	O
they	O
have	O
also	O
lost	O
some	O
of	O
their	O
key	O
players	O
;	O
attacker	O
Michael	B-GIVEN_NAME
Chirinos	B-FAMILY_NAME
,	O
FÃ©lix	B-GIVEN_NAME
Crisanto	B-FAMILY_NAME
and	O
Allans	B-GIVEN_NAME
Vargas	B-FAMILY_NAME
.	O

Pinto	B-GIVEN_NAME
is	O
known	O
for	O
his	O
defensive	O
style	O
of	O
play	O
which	O
might	O
benefit	O
Costa	B-LOCATION
Rica	I-LOCATION
âs	O
current	O
situation	O
.	O

Ramirez	B-GIVEN_NAME
will	O
have	O
to	O
rely	O
a	O
lot	O
on	O
midfielder	O
David	B-GIVEN_NAME
Guzman	B-FAMILY_NAME
and	O
find	O
the	O
best	O
way	O
to	O
use	O
his	O
talents	O
,	O
forward	O
Jose	B-GIVEN_NAME
Guillermo	B-FAMILY_NAME
Ortiz	I-FAMILY_NAME
is	O
one	O
of	O
the	O
players	O
he	O
could	O
be	O
using	O
to	O
challenge	O
Honduras	B-LOCATION
â	O
defense	O
and	O
Kendall	B-GIVEN_NAME
Waston	B-FAMILY_NAME
will	O
be	O
necessary	O
in	O
the	O
defense	O
.	O

Honduras	B-LOCATION
bounced	O
back	O
from	O
a	O
lopsided	O
loss	O
against	O
the	O
United	B-LOCATION
States	I-LOCATION
last	O
Friday	B-DATE
to	O
draw	O
1-1	O
with	O
Costa	B-LOCATION
Rica	I-LOCATION
in	O
San	B-LOCATION
Pedro	I-LOCATION
Sula	I-LOCATION
.	O

Anthony	B-GIVEN_NAME
Lozano	B-FAMILY_NAME
put	O
back	O
his	O
own	O
rebound	O
in	O
the	O
35th	O
minute	O
after	O
his	O
first	O
attempt	O
was	O
denied	O
by	O
Keylor	B-GIVEN_NAME
Navas	B-FAMILY_NAME
to	O
give	O
the	O
hosts	O
a	O
first	O
-	O
half	O
lead	O
.	O

But	O
Costa	B-LOCATION
Rica	I-LOCATION
pulled	O
level	O
in	O
the	O
second	O
half	O
,	O
when	O
Kendall	B-GIVEN_NAME
Waston	B-FAMILY_NAME
headed	O
home	O
a	O
Christian	B-GIVEN_NAME
Bolanos	B-FAMILY_NAME
cross	O
following	O
a	O
corner	O
.	O

Next	O
World	B-BRANDS
Cup	B-MISC
Qualifier	O
â	O
Honduras	B-LOCATION
vs	O
Mexico	B-LOCATION
June	B-DATE
8	I-DATE
,	I-DATE
2017	I-DATE

Honduras	B-LOCATION
Roster	O
â	O
Preliminary	O

GOALKEEPERS	O
:	O
Donis	B-GIVEN_NAME
Escober	B-FAMILY_NAME
(	O
Olimpia	B-ORGANIZATION
)	O
,	O
Luis	O
Lopez	B-GIVEN_NAME
(	O
Real	B-ORGANIZATION
Espana	I-ORGANIZATION
)	O
,	O
Ricardo	B-GIVEN_NAME
Canales	B-FAMILY_NAME
(	O
Vida	B-ORGANIZATION
)	O

DEFENDERS	O
:	O
Brayan	B-GIVEN_NAME
Beckeles	B-FAMILY_NAME
(	O
Necaxa	B-ORGANIZATION
)	O
,	O
Henry	B-GIVEN_NAME
Figueroa	B-FAMILY_NAME
(	O
Motagua	B-ORGANIZATION
)	O
,	O
Maynor	B-GIVEN_NAME
Figueroa	B-FAMILY_NAME
(	O
FC	B-GIVEN_NAME
Dallas	B-FAMILY_NAME
)	O
,	O
Felix	B-GIVEN_NAME
Crisianto	B-FAMILY_NAME
(	O
Motagua	B-ORGANIZATION
)	O
,	O
Allans	B-GIVEN_NAME
Vargas	B-FAMILY_NAME
(	O
Real	B-ORGANIZATION
Espana	I-ORGANIZATION
)	O

,	O
Emilio	B-GIVEN_NAME
Izaguirre	B-FAMILY_NAME
(	O
Celtic	B-ORGANIZATION
)	O
,	O
Ever	B-GIVEN_NAME
Alvarado	B-FAMILY_NAME
(	O
Olimpia	B-ORGANIZATION
)	O
,	O
Cesar	B-GIVEN_NAME
Oseguera	B-FAMILY_NAME
(	O
Real	B-ORGANIZATION
Espana	I-ORGANIZATION
)	O

MIDFIELDERS	O
:	O
Jorge	B-GIVEN_NAME
Claros	B-FAMILY_NAME
(	O
Real	B-ORGANIZATION
Espana	I-ORGANIZATION
)	O
,	O
Oliver	B-GIVEN_NAME
Morazan	B-FAMILY_NAME
(	O
Juticalpa	B-ORGANIZATION
FC	I-ORGANIZATION
)	O
,	O
Brayan	B-GIVEN_NAME
Acosta	B-FAMILY_NAME
(	O
Real	B-ORGANIZATION
Espana	I-ORGANIZATION
)	O
,	O
Roger	B-GIVEN_NAME
Espinoza	B-FAMILY_NAME
(	O
Sporting	B-ORGANIZATION
Kansas	I-ORGANIZATION
City	I-ORGANIZATION
)	O
,	O
Erick	B-GIVEN_NAME
Andino	B-FAMILY_NAME
(	O
Motagua	B-ORGANIZATION
)	O
,	O
Mario	B-GIVEN_NAME
Martinez	B-FAMILY_NAME
(	O
Enppi	B-ORGANIZATION
)	O
,	O
Carlos	B-GIVEN_NAME
Disuca	B-FAMILY_NAME
(	O
Motagua	B-ORGANIZATION
)	O
,	O
Andy	B-GIVEN_NAME
Najar	B-FAMILY_NAME
(	O
Anderlecht	B-ORGANIZATION
)	O
,	O
Boniek	B-GIVEN_NAME
Garcia	B-FAMILY_NAME
(	O
Houston	B-ORGANIZATION
Dynamo	I-ORGANIZATION
)	O

,	O
Romell	B-GIVEN_NAME
Quioto	B-FAMILY_NAME
(	O
Houston	B-ORGANIZATION
Dynamo	I-ORGANIZATION
)	O

FORWARDS	O
:	O
Alberth	B-GIVEN_NAME
Elis	B-FAMILY_NAME
(	O
Houston	B-ORGANIZATION
Dynamo	I-ORGANIZATION
)	O
,	O
Anthony	B-GIVEN_NAME
Lozano	B-FAMILY_NAME
(	O
Tenerife	B-ORGANIZATION
)	O
,	O
Eddie	B-GIVEN_NAME
Hernandez	B-FAMILY_NAME
(	O
Tolima	B-ORGANIZATION
)	O
,	O
Rubilio	B-GIVEN_NAME
Castillo	B-FAMILY_NAME
(	O
Motagua	B-ORGANIZATION
)	O
,	O
Michael	B-GIVEN_NAME
Chirinos	B-FAMILY_NAME
(	O
Olimpia	B-ORGANIZATION
)	O

