The	O
Opposition	O
revels	O
in	O
ridiculing	O
the	O
ruling	O
BJP	B-ORGANIZATION
over	O
its	O
description	O
of	O
the	O
Narendra	B-GIVEN_NAME
Modi	B-FAMILY_NAME
government	O
âs	O
every	O
move	O
as	O
a	O
â	O
masterstroke	O
â	O
.	O

It	O
also	O
rakes	O
up	O
the	O
â	O
politics	O
of	O
fear	O
â	O
as	O
part	O
of	O
its	O
ammunition	O
to	O
fire	O
salvos	O
at	O
the	O
saffron	O
party	O
.	O

The	O
Modi	B-GIVEN_NAME
dispensation	O
âs	O
choice	O
of	O
candidates	O
in	O
the	O
Presidential	O
and	O
the	O
Vice	O
Presidential	O
elections	O
,	O
however	O
,	O
shows	O
that	O
it	O
is	O
the	O
BJP	B-ORGANIZATION
âs	O
politics	O
of	O
imagination	O
that	O
the	O
Opposition	O
needs	O
to	O
master	O
lest	O
it	O
would	O
be	O
outwitted	O
time	O
and	O
again	O
by	O
the	O
ruling	O
party	O
through	O
the	O
art	O
of	O
political	O
symbolism	O
backed	O
by	O
a	O
seemingly	O
compelling	O
narrative	O
.	O

The	O
BJP	B-ORGANIZATION
âs	O
opponents	O
cannot	O
hope	O
to	O
outdo	O
the	O
formidable	O
Narendra	B-GIVEN_NAME
Modi	B-FAMILY_NAME
-	O
led	O
political	O
machine	O
by	O
simply	O
harping	O
on	O
the	O
politics	O
of	O
fear	O
or	O
its	O
doomsday	O
predictions	O
â	O
that	O
the	O
government	O
is	O
weakening	O
democracy	O
,	O
stifling	O
free	O
speech	O
,	O
corroding	O
institutions	O
etc	O
.	O
â	O
or	O
by	O
constantly	O
mocking	O
Prime	O
Minister	O
Modi	B-GIVEN_NAME
.	O

While	O
there	O
may	O
be	O
genuine	O
worries	O
and	O
apprehensions	O
,	O
the	O
parties	O
would	O
need	O
much	O
more	O
political	O
imagination	O
than	O
betraying	O
a	O
sense	O
of	O
despair	O
to	O
counter	O
the	O
Modi	B-GIVEN_NAME
juggernaut	O
.	O

Much	O
like	O
the	O
term	O
â	O
masterstroke	O
â	O
,	O
the	O
â	O
Opposition	O
unity	O
â	O
has	O
become	O
a	O
cliched	O
phrase	O
in	O
the	O
country	O
âs	O
political	O
lexicon	O
.	O

The	O
Opposition	O
has	O
never	O
been	O
a	O
united	O
camp	O
.	O

And	O
it	O
takes	O
just	O
a	O
little	O
effort	O
by	O
the	O
BJP	B-ORGANIZATION
to	O
splinter	O
its	O
ranks	O
â	O
and	O
that	O
of	O
the	O
Congress	B-ORGANIZATION
-	O
led	O
UPA	B-ORGANIZATION
âs	O
or	O
whatever	O
is	O
left	O
of	O
it	O
.	O

Although	O
the	O
outcomes	O
of	O
the	O
Presidential	O
and	O
Vice	O
Presidential	O
contests	O
are	O
foregone	O
conclusions	O
,	O
there	O
are	O
some	O
key	O
takeaways	O
.	O

The	O
Congress	B-ORGANIZATION
,	O
the	O
principal	O
Opposition	O
party	O
,	O
has	O
shown	O
some	O
willingness	O
to	O
accommodate	O
others	O
.	O

It	O
consciously	O
took	O
a	O
backseat	O
and	O
let	O
other	O
Opposition	O
parties	O
,	O
the	O
Trinamool	B-ORGANIZATION
Congress	I-ORGANIZATION
(	O
TMC	B-ORGANIZATION
)	O
in	O
the	O
case	O
of	O
Presidential	O
candidate	O
Yashwant	B-GIVEN_NAME
Sinha	B-FAMILY_NAME
,	O
take	O
the	O
lead	O
.	O

And	O
in	O
the	O
case	O
of	O
the	O
Vice	O
Presidential	O
nominee	O
,	O
it	O
let	O
NCP	B-ORGANIZATION
chief	O
Sharad	B-GIVEN_NAME
Pawar	B-FAMILY_NAME
and	O
CPI	B-ORGANIZATION
(	O
M	O
)	O
general	O
secretary	O
Sitaram	B-GIVEN_NAME
Yechury	B-FAMILY_NAME
drive	O
the	O
deliberations	O
after	O
the	O
TMC	B-ORGANIZATION
did	O
not	O
evince	O
much	O
interest	O
,	O
perhaps	O
because	O
of	O
the	O
Sinha	B-GIVEN_NAME
fiasco	O
.	O

Even	O
in	O
the	O
run	O
-	O
up	O
to	O
the	O
2017	B-DATE
Presidential	O
election	O
,	O
the	O
Congress	B-ORGANIZATION
had	O
let	O
other	O
Opposition	O
parties	O
to	O
come	O
up	O
with	O
the	O
names	O
of	O
possible	O
candidates	O
.	O

Gopal	B-GIVEN_NAME
Krishna	B-FAMILY_NAME
Gandhi	I-FAMILY_NAME
had	O
then	O
emerged	O
as	O
the	O
frontrunner	O
but	O
the	O
parties	O
played	O
the	O
waiting	O
game	O
and	O
let	O
the	O
BJP	B-ORGANIZATION
-	O
led	O
NDA	B-ORGANIZATION
announce	O
its	O
nominee	O
first	O
.	O

With	O
the	O
NDA	B-ORGANIZATION
picking	O
Ram	B-GIVEN_NAME
Nath	B-FAMILY_NAME
Kovind	I-FAMILY_NAME
as	O
their	O
candidate	O
,	O
Congress	B-ORGANIZATION
president	O
Sonia	B-GIVEN_NAME
Gandhi	B-FAMILY_NAME
mooted	O
the	O
name	O
of	O
Meira	B-GIVEN_NAME
Kumar	B-FAMILY_NAME
,	O
making	O
it	O
a	O
Dalit	B-AFFILIATION
versus	O
Dalit	B-AFFILIATION
contest	O
.	O

The	O
parties	O
thus	O
did	O
not	O
allow	O
the	O
BJP	B-ORGANIZATION
to	O
walk	O
away	O
with	O
its	O
narrative	O
entirely	O
.	O

But	O
this	O
time	O
,	O
the	O
Congress	B-ORGANIZATION
âs	O
withdrawal	O
from	O
the	O
Opposition	O
âs	O
decision	O
-	O
taking	O
stage	O
did	O
not	O
help	O
much	O
.	O

The	O
BJP	B-ORGANIZATION
could	O
easily	O
outsmart	O
them	O
by	O
fielding	O
Droupadi	B-GIVEN_NAME
Murmu	B-FAMILY_NAME
,	O
a	O
tribal	O
leader	O
from	O
Odisha	B-LOCATION
and	O
ex	O
-	O
Jharkhand	B-LOCATION
governor	O
.	O
The	O
Opposition	O
and	O
even	O
the	O
UPA	B-ORGANIZATION
(	O
with	O
the	O
JMM	B-ORGANIZATION
and	O
the	O
Shiv	B-ORGANIZATION
Sena	I-ORGANIZATION
extending	O
support	O
to	O
Murmu	B-GIVEN_NAME
)	O
stood	O
divided	O
.	O
There	O
was	O
evidently	O
a	O
lack	O
of	O
political	O
imagination	O
on	O
their	O
part	O
.	O
There	O
are	O
perhaps	O
no	O
right	O
or	O
wrong	O
candidates	O
at	O
the	O
Presidential	O
level	O
,	O
where	O
it	O
may	O
be	O
,	O
politically	O
,	O
the	O
context	O
,	O
circumstances	O
and	O
narrative	O
that	O
matters	O
in	O
the	O
final	O
analysis	O
.	O

In	O
picking	O
Margaret	B-GIVEN_NAME
Alva	B-FAMILY_NAME
as	O
its	O
Vice	O
Presidential	O
candidate	O
,	O
the	O
Opposition	O
has	O
managed	O
to	O
weave	O
a	O
story	O
â	O
a	O
woman	O
,	O
South	B-AFFILIATION
Indian	I-AFFILIATION
and	O
minority	O
â	O
but	O
the	O
TMC	B-ORGANIZATION
âs	O
absence	O
at	O
the	O
key	O
Opposition	O
meeting	O
proved	O
to	O
be	O
a	O
dampener	O
.	O
The	O
Opposition	O
cannot	O
afford	O
to	O
miss	O
the	O
point	O
that	O
the	O
narrative	O
management	O
is	O
as	O
important	O
as	O
the	O
political	O
strategy	O
and	O
tactics	O
.	O
But	O
perhaps	O
taking	O
a	O
leaf	O
out	O
of	O
the	O
BJP	B-ORGANIZATION
âs	O
book	O
,	O
it	O
seem	O
to	O
be	O
more	O
interested	O
in	O
indulging	O
in	O
apparently	O
manufactured	O
outrages	O
with	O
an	O
eye	O
on	O
social	O
media	O
.	O

For	O
instance	O
,	O
the	O
recent	O
outrage	O
whipped	O
up	O
by	O
several	O
leading	O
lights	O
of	O
the	O
Opposition	O
over	O
a	O
routine	O
advisory	O
issued	O
by	O
the	O
Rajya	B-ORGANIZATION
Sabha	I-ORGANIZATION
Secretariat	B-ORGANIZATION
banning	O
demonstrations	O
,	O
dharnas	O
,	O
strikes	O
and	O
fasts	O
in	O
the	O
precincts	O
of	O
the	O
Parliament	B-ORGANIZATION
House	I-ORGANIZATION
backfired	O
when	O
it	O
was	O
pointed	O
out	O
that	O
the	O
Secretariat	O
had	O
been	O
issuing	O
the	O
same	O
advisory	O
even	O
when	O
the	O
UPA	B-ORGANIZATION
was	O
in	O
power	O
.	O

It	O
is	O
not	O
that	O
the	O
likes	O
of	O
Jairam	B-GIVEN_NAME
Ramesh	B-FAMILY_NAME
,	O
Yechury	B-GIVEN_NAME
,	O
Derek	B-GIVEN_NAME
O	B-FAMILY_NAME
â	I-FAMILY_NAME
Brien	I-FAMILY_NAME
or	O
Manoj	B-GIVEN_NAME
Jha	B-FAMILY_NAME
would	O
not	O
know	O
that	O
.	O
They	O
were	O
all	O
in	O
Parliament	B-ORGANIZATION
before	O
the	O
Modi	B-GIVEN_NAME
era	O
.	O

Another	O
political	O
controversy	O
that	O
recently	O
erupted	O
was	O
over	O
the	O
national	O
emblem	O
.	O
The	O
CPI	B-ORGANIZATION
(	O
M	O
)	O
and	O
the	O
AIMIM	B-ORGANIZATION
were	O
perhaps	O
the	O
only	O
Opposition	O
parties	O
which	O
questioned	O
the	O
constitutional	O
propriety	O
of	O
the	O
Prime	O
Minister	O
unveiling	O
the	O
emblem	O
atop	O
the	O
new	O
Parliament	B-ORGANIZATION
building	O
.	O
The	O
rest	O
of	O
the	O
parties	O
focused	O
on	O
the	O
differences	O
between	O
the	O
new	O
emblem	O
and	O
the	O
original	O
Lion	B-LOCATION
Capital	I-LOCATION
of	I-LOCATION
Ashoka	I-LOCATION
at	O
Sarnath	B-LOCATION
.	O

But	O
the	O
Opposition	O
will	O
be	O
doing	O
itself	O
a	O
disservice	O
by	O
this	O
constant	O
sniping	O
at	O
the	O
government	O
over	O
such	O
matters	O
.	O
It	O
has	O
to	O
focus	O
on	O
the	O
vital	O
bread	O
-	O
and	O
-	O
butter	O
issues	O
which	O
strike	O
a	O
chord	O
with	O
the	O
masses	O
.	O
And	O
be	O
imaginative	O
in	O
its	O
politics	O
.	O

