The	O
Indian	B-ORGANIZATION|B-AFFILIATION
Navy	I-ORGANIZATION
âs	O
dwindling	O
submarine	O
fleet	O
got	O
further	O
depleted	O
on	O
Sunday	B-DATE
with	O
the	O
decommissioning	O
of	O
INS	B-LOCATION
Sindhudhwaj	I-LOCATION
,	O
a	O
Kilo	B-BRANDS
Class	B-MISC
diesel	O
electric	O
submarine	O
.	O

What	O
is	O
the	O
current	O
status	O
of	O
the	O
Indian	B-AFFILIATION
submarine	O
fleet	O
and	O
how	O
it	O
compares	O
with	O
neighbouring	O
navies	O
?	O

What	O
is	O
the	O
life	O
of	O
a	O
Kilo	B-BRANDS
Class	B-MISC
submarine	O
?	O

INS	B-LOCATION
Sindhudhwaj	I-LOCATION
was	O
in	O
service	O
of	O
the	O
Indian	B-ORGANIZATION|B-AFFILIATION
Navy	I-ORGANIZATION
for	O
35	B-DURATION
years	I-DURATION
.	O

It	O
was	O
commissioned	O
upon	O
acquisition	O
from	O
the	O
Soviet	B-LOCATION
Union	I-LOCATION
in	O
1987	B-DATE
under	O
a	O
deal	O
wherein	O
ten	O
Kilo	O
Class	O
diesel	O
-	O
electric	O
submarines	O
were	O
purchased	O
by	O
the	O
Indian	B-ORGANIZATION|B-AFFILIATION
Navy	I-ORGANIZATION
.	O

Kilo	B-BRANDS
Class	B-MISC
submarines	O
have	O
a	O
life	O
of	O
30	B-DURATION
years	I-DURATION
though	O
after	O
refit	O
they	O
can	O
remain	O
in	O
service	O
for	O
ten	O
more	O
years	O
.	O

At	O
least	O
three	O
Indian	B-ORGANIZATION|B-AFFILIATION
Navy	I-ORGANIZATION
Kilo	B-BRANDS
Class	B-MISC
submarines	O
got	O
a	O
second	O
medium	O
refit	O
in	O
a	O
Naval	O
shipyard	O
in	O
Russia	B-LOCATION
a	O
few	O
years	O
back	O
.	O

The	O
strength	O
of	O
the	O
hull	O
and	O
the	O
state	O
of	O
repair	O
of	O
the	O
propulsion	O
system	O
are	O
some	O
of	O
the	O
elements	O
which	O
decide	O
whether	O
a	O
submarine	O
is	O
still	O
fit	O
to	O
be	O
put	O
out	O
at	O
sea	O
after	O
completion	O
of	O
its	O
shelf	O
life	O
and	O
refits	O
.	O

How	O
many	O
submarines	O
are	O
now	O
in	O
the	O
Indian	B-AFFILIATION
fleet	O
?	O

There	O
are	O
now	O
a	O
total	O
of	O
16	O
submarines	O
in	O
service	O
in	O
the	O
Indian	B-ORGANIZATION|B-AFFILIATION
Navy	I-ORGANIZATION
,	O
including	O
one	O
nuclear	O
powered	O
ballistic	O
missile	O
submarine	O
and	O
seven	O
Kilo	B-BRANDS
Class	B-MISC
submarines	O
.	O

All	O
Kilo	B-BRANDS
Class	B-MISC
submarines	O
will	O
be	O
decommissioned	O
in	O
the	O
next	O
few	O
years	O
as	O
they	O
come	O
to	O
an	O
end	O
of	O
their	O
service	O
life	O
.	O

Apart	O
from	O
the	O
seven	O
Kilo	B-BRANDS
Class	B-MISC
submarines	O
,	O
four	O
are	O
Shishumar	B-BRANDS
Class	B-MISC
submarines	O
of	O
German	B-AFFILIATION
origin	O
named	O
INS	B-LOCATION
Shishumar	I-LOCATION
,	O
Shankush	B-LOCATION
,	O
Shalki	B-LOCATION
and	O
Shankul	B-LOCATION
and	O
four	O
Scorpene	B-BRANDS
or	O
Kalvari	B-BRANDS
Class	B-MISC
submarines	O
of	O
French	B-AFFILIATION
origin	O
named	O
INS	B-LOCATION
Kalvari	I-LOCATION
,	O
Khanderi	B-LOCATION
,	O
Karanj	B-LOCATION
and	O
Vela	B-LOCATION
.	O

Two	O
more	O
Scorpene	B-BRANDS
class	O
submarines	O
are	O
expected	O
to	O
be	O
commissioned	O
into	O
service	O
by	O
2023	B-DATE
.	O

The	O
Navy	B-ORGANIZATION
has	O
one	O
Arihant	B-BRANDS
Class	B-MISC
ballistic	O
missile	O
submarine	O
and	O
another	O
one	O
,	O
INS	B-LOCATION
Arighat	I-LOCATION
,	O
under	O
production	O
but	O
its	O
date	O
of	O
completion	O
is	O
not	O
known	O
.	O

What	O
new	O
submarine	O
acquisitions	O
are	O
planned	O
?	O

Six	O
attack	O
submarines	O
were	O
supposed	O
to	O
be	O
built	O
in	O
India	B-LOCATION
under	O
Project	B-BRANDS
75	B-MISC
I	O
for	O
which	O
sanction	O
had	O
been	O
accorded	O
by	O
the	O
government	O
in	O
2020	B-DATE
but	O
nothing	O
has	O
come	O
off	O
the	O
project	O
due	O
to	O
issues	O
of	O
vendors	O
with	O
the	O
qualitative	O
requirements	O
.	O

As	O
per	O
latest	O
reports	O
,	O
the	O
government	O
has	O
extended	O
the	O
date	O
for	O
response	O
to	O
Request	O
for	O
Proposal	O
till	O
the	O
end	O
of	O
this	O
year	O
in	O
the	O
Rs	B-MONEY
40,000	I-MONEY
crore	O
project	O
.	O

How	O
many	O
submarines	O
do	O
China	B-LOCATION
and	O
Pakistan	B-LOCATION
navies	O
possess	O
in	O
their	O
fleets	O
?	O

As	O
per	O
an	O
estimate	O
by	O
the	O
US	B-ORGANIZATION|B-LOCATION|B-LOCATION
Department	I-ORGANIZATION
of	I-ORGANIZATION
Defense	I-ORGANIZATION
,	O
China	B-LOCATION
operates	O
six	O
nuclear	O
-	O
powered	O
ballistic	O
missile	O
submarines	O
,	O
six	O
nuclear	O
-	O
powered	O
attack	O
submarines	O
and	O
46	O
diesel	O
-	O
powered	O
attack	O
submarines	O
.	O

It	O
is	O
expected	O
that	O
People	B-ORGANIZATION
âs	I-ORGANIZATION
Liberation	I-ORGANIZATION
Army	I-ORGANIZATION
Navy	I-ORGANIZATION
(	O
PLAN	B-ORGANIZATION
)	O
will	O
keep	O
an	O
operational	O
strength	O
of	O
60-70	O
submarines	O
through	O
this	O
decade	O
.	O

Pakistan	B-ORGANIZATION|B-LOCATION
Navy	I-ORGANIZATION
operates	O
three	O
Agosta	B-BRANDS
90	O
B	O
Air	O
Independent	O
Propulsion	O
submarines	O
and	O
two	O
diesel	O
-	O
electric	O
Agosta	B-BRANDS
70	B-MISC
class	O
submarines	O
,	O
all	O
of	O
French	B-AFFILIATION
origin	O
.	O
It	O
also	O
has	O
three	O
midget	O
-	O
class	O
submarines	O
of	O
Italian	B-AFFILIATION
origin	O
.	O

Pakistan	B-LOCATION
has	O
signed	O
an	O
agreement	O
with	O
China	B-LOCATION
to	O
supply	O
eight	O
Hangor	B-BRANDS
Class	B-MISC
submarines	O
with	O
four	O
being	O
built	O
in	O
China	B-LOCATION
and	O
four	O
being	O
built	O
at	O
Karachi	B-LOCATION
Shipyard	I-LOCATION
and	I-LOCATION
Engineering	I-LOCATION
Works	I-LOCATION
.	O
The	O
first	O
of	O
these	O
submarines	O
will	O
be	O
delivered	O
in	O
2023	B-DATE
and	O
the	O
last	O
in	O
2028	B-DATE
.	O

