With	O
the	O
demise	O
of	O
Mohammed	B-GIVEN_NAME
Hashir	B-FAMILY_NAME
Faruqi	I-FAMILY_NAME
,	O
the	O
world	O
not	O
only	O
lost	O
an	O
eminent	O
journalist	O
but	O
a	O
thinker	O
,	O
humanist	O
,	O
and	O
a	O
voice	O
of	O
reason	O
.	O

The	O
92	O
-	O
year	O
-	O
old	O
frail	O
-	O
looking	O
but	O
giant	O
of	O
a	O
truthful	O
writer	O
left	O
this	O
world	O
from	O
his	O
temporary	O
residence	O
in	O
London	B-LOCATION
on	O
January	B-DATE
11	I-DATE
after	O
paving	O
the	O
way	O
for	O
robust	O
Muslim	B-AFFILIATION
journalism	O
with	O
his	O
sacrifices	O
and	O
backbreaking	O
work	O
.	O

A	O
legend	O
in	O
his	O
own	O
right	O
,	O
Faruqi	B-GIVEN_NAME
founded	O
in	O
1970	B-DATE
the	O
Impact	B-ORGANIZATION
International	I-ORGANIZATION
in	O
London	B-LOCATION
,	O
as	O
"	O
a	O
newspaper	O
to	O
promote	O
a	O
genuine	O
understanding	O
of	O
Islam	B-AFFILIATION
and	O
Muslims	B-AFFILIATION
to	O
the	O
English	B-AFFILIATION
reading	O
audience	O
worldwide	O
.	O
â	O

Against	O
all	O
odds	O
,	O
he	O
worked	O
tirelessly	O
to	O
raise	O
human	O
rights	O
issues	O
,	O
writing	O
against	O
injustices	O
and	O
violations	O
of	O
human	O
dignity	O
,	O
urging	O
Muslims	B-AFFILIATION
to	O
stand	O
peacefully	O
for	O
the	O
weak	O
and	O
the	O
marginalised	O
people	O
.	O

With	O
almost	O
no	O
resources	O
,	O
sitting	O
in	O
a	O
dilapidated	O
two	O
-	O
room	O
London	B-LOCATION
office	O
,	O
Faruqi	B-GIVEN_NAME
,	O
trained	O
initially	O
as	O
a	O
scientist	O
,	O
worked	O
hours	O
and	O
hours	O
to	O
give	O
voice	O
to	O
a	O
community	O
that	O
was	O
baffled	O
by	O
the	O
negative	O
stereotyped	O
image	O
in	O
the	O
West	O
.	O

Born	O
in	O
Eastern	B-LOCATION
Uttar	I-LOCATION
Pradesh	I-LOCATION
in	O
January	B-DATE
1930	I-DATE
,	O
Faruqi	B-GIVEN_NAME
formed	O
a	O
Muslim	B-AFFILIATION
students	O
union	O
at	O
Kanpur	B-LOCATION
Agricultural	I-LOCATION
College	I-LOCATION
to	O
mobilize	O
the	O
youth	O
to	O
ensure	O
equality	O
and	O
justice	O
for	O
all	O
.	O

He	O
was	O
an	O
entomologist	O
.	O

In	O
the	O
1960s	B-DATE
,	O
he	O
moved	O
to	O
London	B-LOCATION
and	O
decided	O
to	O
become	O
the	O
voice	O
of	O
the	O
newly	O
arriving	O
Muslim	B-AFFILIATION
immigrants	O
,	O
starting	O
an	O
English	B-AFFILIATION
language	O
newspaper	O
,	O
a	O
project	O
many	O
contemporary	O
Muslims	B-AFFILIATION
thought	O
was	O
impossible	O
to	O
accomplish	O
in	O
a	O
highly	O
competitive	O
world	O
.	O

It	O
took	O
him	O
ten	B-DURATION
years	I-DURATION
to	O
achieve	O
his	O
dream	O
.	O

He	O
was	O
a	O
regular	O
contributor	O
to	O
the	O
weekly	O
meetings	O
of	O
the	O
London	B-LOCATION|B-LOCATION
Islamic	B-AFFILIATION|B-AFFILIATION
Centre	B-LOCATION
.	O

He	O
also	O
contributed	O
a	O
column	O
in	O
the	B-BRANDS
Muslim	B-MISC|B-AFFILIATION
,	O
the	O
monthly	O
magazine	O
of	O
the	O
Federation	B-ORGANIZATION
of	I-ORGANIZATION
Student	I-ORGANIZATION
Islamic	I-ORGANIZATION|B-AFFILIATION
Societies	I-ORGANIZATION
in	O
the	O
UK	B-LOCATION
and	O
Eire	B-LOCATION
.	O

During	O
the	O
Iranian	B-AFFILIATION|B-AFFILIATION
Revolution	B-MISC
,	O
he	O
was	O
in	O
the	O
news	O
as	O
he	O
was	O
a	O
hostage	O
in	O
the	O
Iranian	B-AFFILIATION
embassy	O
siege	O
in	O
1980	B-DATE
.	O

People	O
remember	O
his	O
efforts	O
to	O
end	O
the	O
siege	O
peacefully	O
.	O

In	O
2003	B-DATE
,	O
he	O
was	O
among	O
the	O
Muslims	B-AFFILIATION
who	O
organized	O
the	O
Prince	O
of	O
Wales	B-LOCATION
visit	O
to	O
the	O
Islamic	B-ORGANIZATION|B-AFFILIATION
Foundation	I-ORGANIZATION
at	O
Markfield	B-LOCATION
,	I-LOCATION
Leicester	I-LOCATION
,	O
and	O
presented	O
a	O
token	O
of	O
appreciation	O
to	O
the	O
royal	O
visitor	O
on	O
behalf	O
of	O
the	O
community	O
.	O

The	O
Muslim	B-AFFILIATION|B-AFFILIATION
News	B-ORGANIZATION
awarded	O
him	O
the	O
Editor	O
's	O
lifetime	O
achievement	O
award	O
in	O
2013	B-DATE
.	O

Describing	O
his	O
work	O
,	O
Ahmed	B-GIVEN_NAME
Versi	B-FAMILY_NAME
,	O
editor	O
of	O
the	B-ORGANIZATION
Muslim	B-AFFILIATION|B-AFFILIATION
News	B-ORGANIZATION
,	O
said	O
:	O
"	O
He	O
is	O
our	O
connection	O
from	O
the	O
world	O
we	O
inhabit	O
now	O
to	O
a	O
Muslim	B-AFFILIATION
world	O
that	O
began	O
its	O
uncertain	O
journey	O
in	O
the	O
midst	O
of	O
decolonization	O
,	O
war	O
,	O
and	O
new	O
modern	O
identities	O
.	O
"	O

Once	O
launched	O
,	O
Impact	B-ORGANIZATION
became	O
a	O
voice	O
of	O
honest	O
journalism	O
,	O
truth	O
,	O
and	O
fair	O
and	O
balanced	O
reporting	O
.	O

With	O
meager	O
resources	O
and	O
the	O
help	O
of	O
a	O
few	O
dedicated	O
supporters	O
such	O
as	O
Saleem	B-GIVEN_NAME
Siddiqi	B-FAMILY_NAME
,	O
he	O
proved	O
that	O
dreams	O
could	O
come	O
true	O
on	O
the	O
wings	O
of	O
sincerity	O
and	O
humility	O
.	O

The	O
wages	O
were	O
minimum	O
,	O
the	O
task	O
was	O
huge	O
,	O
but	O
the	O
team	O
under	O
Faruqi	B-GIVEN_NAME
burned	O
the	O
midnight	O
oil	O
and	O
worked	O
for	O
late	O
hours	O
,	O
often	O
neglecting	O
their	O
families	O
to	O
publish	O
the	O
magazine	O
regularly	O
.	O

Impact	B-ORGANIZATION
became	O
a	O
source	O
of	O
honest	O
writing	O
in	O
the	O
Muslim	B-AFFILIATION
world	O
.	O

Newspapers	O
published	O
in	O
India	B-LOCATION
,	O
Pakistan	B-LOCATION
,	O
Turkey	B-LOCATION
,	O
the	O
Middle	B-LOCATION
East	I-LOCATION
,	O
and	O
Africa	B-LOCATION
began	O
borrowing	O
its	O
articles	O
,	O
inspiring	O
younger	O
people	O
to	O
start	O
their	O
English	B-AFFILIATION
-	O
language	O
publications	O
in	O
their	O
region	O
.	O

Moreover	O
,	O
his	O
writings	O
proved	O
that	O
Muslims	B-AFFILIATION
could	O
write	O
their	O
own	O
stories	O
and	O
discern	O
between	O
facts	O
and	O
fiction	O
.	O

During	O
his	O
long	O
tenure	O
as	O
Editor	O
-	O
in	O
-	O
chief	O
of	O
the	O
magazine	O
,	O
he	O
trained	O
several	O
Muslim	B-AFFILIATION
youths	O
in	O
Muslim	B-AFFILIATION
journalism	O
.	O

Be	O
fair	O
,	O
bold	O
,	O
and	O
balanced	O
in	O
your	O
writing	O
.	O

Never	O
compromise	O
on	O
facts	O
.	O

Always	O
stand	O
for	O
human	O
dignity	O
.	O

Do	O
n't	O
ever	O
yield	O
to	O
propaganda	O
,	O
and	O
serve	O
your	O
God	O
through	O
serving	O
humanity	O
.	O

These	O
were	O
the	O
principles	O
he	O
always	O
advocated	O
to	O
those	O
who	O
sought	O
his	O
advice	O
.	O

Commenting	O
on	O
his	O
demise	O
,	O
the	O
world	O
-	O
renowned	O
expert	O
on	O
Muslim	B-AFFILIATION
media	O
,	O
Dr	O
.	O
Ahmadullah	B-GIVEN_NAME
Siddiqi	B-FAMILY_NAME
,	O
Professor	O
emeritus	O
of	O
Media	O
Studies	O
at	O
Western	B-ORGANIZATION|B-LOCATION
Illinois	I-ORGANIZATION|I-LOCATION
University	I-ORGANIZATION
,	O
Macomb	B-LOCATION
,	I-LOCATION
Illinois	I-LOCATION
,	O
wrote	O
the	O
following	O
:	O
"	O
A	O
person	O
who	O
always	O
inspired	O
me	O
and	O
countless	O
others	O
by	O
his	O
sincerity	O
,	O
hard	O
work	O
,	O
and	O
high	O
-	O
quality	O
journalism	O
.	O
"	O

Syed	B-GIVEN_NAME
Ubaidur	B-FAMILY_NAME
Rehman	I-FAMILY_NAME
,	O
a	O
prominent	O
Indian	B-AFFILIATION
author	O
who	O
recently	O
compiled	O
a	O
biography	O
of	O
India	B-LOCATION
's	O
Muslim	B-AFFILIATION|B-AFFILIATION
Freedom	B-ORGANIZATION
Fighters	I-ORGANIZATION
,	O
wrote	O
:	O
"	O
He	O
was	O
such	O
a	O
selfless	O
person	O
.	O

His	O
death	O
is	O
a	O
massive	O
loss	O
for	O
the	O
Muslim	B-AFFILIATION
ummah	O
.	O

Once	O
I	O
walked	O
into	O
his	O
office	O
near	O
Finsbury	B-LOCATION
Street	I-LOCATION
uninvited	O
.	O

He	O
welcomed	O
a	O
youth	O
like	O
me	O
with	O
open	O
arms	O
,	O
showering	O
his	O
blessing	O
like	O
an	O
elder	O
who	O
knew	O
me	O
for	O
ages	O
and	O
did	O
n't	O
allow	O
me	O
to	O
leave	O
without	O
sharing	O
sumptuous	O
lunch	O
with	O
him	O
.	O

He	O
continued	O
to	O
write	O
to	O
me	O
without	O
me	O
regularly	O
responding	O
to	O
his	O
emails	O
.	O

His	O
death	O
will	O
be	O
unforgettable	O
,	O
especially	O
for	O
those	O
who	O
yearned	O
to	O
see	O
credible	O
Muslim	B-AFFILIATION
media	O
.	O

Before	O
Aljazeera	B-ORGANIZATION
and	O
other	O
new	O
-	O
age	O
media	O
,	O
Impact	B-ORGANIZATION
was	O
a	O
torchbearer	O
for	O
enthusiasts	O
of	O
the	O
Muslim	B-AFFILIATION
press	O
.	O
"	O

Mohammad	B-GIVEN_NAME
Ghazali	B-FAMILY_NAME
Khan	I-FAMILY_NAME
,	O
one	O
of	O
the	O
British	B-AFFILIATION
journalists	O
trained	O
by	O
Faruqi	B-GIVEN_NAME
,	O
said	O
in	O
his	O
post	O
on	O
Facebook	B-ORGANIZATION
:	O
"	O
One	O
of	O
the	O
pillars	O
of	O
Muslim	B-AFFILIATION
journalism	O
in	O
Britain	B-LOCATION
,	O
Muhammad	B-GIVEN_NAME
Hashir	B-FAMILY_NAME
Faruqi	I-FAMILY_NAME
,	O
died	O
in	O
London	B-LOCATION
today	O
.	O

I	O
worked	O
with	O
him	O
for	O
more	O
than	O
eight	B-DURATION
years	I-DURATION
.	O

Not	O
only	O
was	O
he	O
my	O
teacher	O
in	O
practical	O
journalism	O
,	O
but	O
he	O
also	O
did	O
many	O
personal	O
favors	O
to	O
me	O
.	O

May	O
Allah	B-GIVEN_NAME
SWT	B-FAMILY_NAME
grant	O
him	O
maghfirat	O
.	O
"	O

Dr	O
.	O
Syed	B-GIVEN_NAME
Saeed	B-FAMILY_NAME
,	O
the	O
former	O
president	O
of	O
the	O
Islamic	B-ORGANIZATION|B-AFFILIATION
Society	I-ORGANIZATION
of	I-ORGANIZATION
North	I-ORGANIZATION|B-LOCATION
America	I-ORGANIZATION|I-LOCATION
and	O
a	O
well	O
-	O
recognized	O
Muslim	B-AFFILIATION
American	I-AFFILIATION
leader	O
,	O
wrote	O
:	O
"	O
We	O
worked	O
together	O
on	O
many	O
issues	O
,	O
and	O
I	O
invited	O
him	O
multiple	O
times	O
to	O
our	O
conventions	O
.	O
"	O

Faruqi	B-GIVEN_NAME
left	O
behind	O
him	O
three	O
sons	O
,	O
Ausaf	B-GIVEN_NAME
,	O
Rafay	B-GIVEN_NAME
,	O
and	O
Irfan	B-GIVEN_NAME
,	O
and	O
a	O
daughter	O
,	O
Sadia	B-GIVEN_NAME
,	O
and	O
all	O
the	O
editions	O
of	O
the	O
Impact	B-ORGANIZATION
.	O

His	O
wife	O
,	O
Fakhira	B-GIVEN_NAME
Begum	B-FAMILY_NAME
,	O
passed	O
away	O
a	O
few	O
years	O
ago	O
.	O

The	O
following	O
website	O
has	O
his	O
writings	O
.	O

http://www.salaam.co.uk/impact-internation/	O

