The	O
Union	B-ORGANIZATION
Ministry	I-ORGANIZATION
of	I-ORGANIZATION
Culture	I-ORGANIZATION
recently	O
declared	O
a	O
new	O
museum	O
would	O
be	O
built	O
at	O
Pusad	B-LOCATION
,	O
in	O
the	O
Yavatmal	B-LOCATION
district	O
of	O
Maharashtra	B-LOCATION
,	O
in	O
memory	O
of	O
the	O
1930	B-DATE
Jungle	B-BRANDS
Satyagraha	B-MISC
.	O

Reportedly	O
,	O
it	O
will	O
be	O
dedicated	O
to	O
Dr	O
KB	B-GIVEN_NAME
Hedgewar	B-FAMILY_NAME
,	O
â	O
who	O
led	O
the	O
agitation	O
at	O
Pusad	B-LOCATION
as	O
part	O
of	O
the	O
civil	O
disobedience	O
movement	O
â	O
.	O

Hedgewar	B-GIVEN_NAME
,	O
the	O
first	O
RSS	B-ORGANIZATION
supremo	O
,	O
and	O
some	O
founding	O
members	O
did	O
participate	O
in	O
the	O
Satyagraha	B-BRANDS
.	O

Hedgewar	B-GIVEN_NAME
was	O
jailed	O
for	O
nine	O
months	O
,	O
which	O
the	O
British	B-AFFILIATION
government	O
later	O
commuted	O
.	O

However	O
,	O
this	O
memorial	O
is	O
being	O
justified	O
with	O
the	O
familiar	O
narrative	O
that	O
when	O
the	O
Congress	B-ORGANIZATION
party	O
was	O
in	O
power	O
,	O
it	O
neglected	O
the	O
real	O
heroes	O
of	O
the	O
independence	O
struggle	O
,	O
which	O
the	O
Modi	B-GIVEN_NAME
-	O
led	O
BJP	B-ORGANIZATION
government	O
is	O
out	O
to	O
correct	O
with	O
its	O
Azadi	B-BRANDS
Ka	B-MISC
Amrit	I-MISC
Mahotsava	I-MISC
.	O

But	O
facts	O
speak	O
to	O
the	O
contrary	O
.	O

The	O
Jungle	B-BRANDS
Satyagraha	B-MISC
was	O
led	O
by	O
regional	O
leaders	O
such	O
as	O
lawyer	O
,	O
freedom	O
-	O
fighter	O
and	O
Congress	O
member	O
from	O
Nagpur	B-BRANDS
MV	B-MISC
Abhyankar	I-MISC
,	O
Wamanrao	B-GIVEN_NAME
Joshi	B-FAMILY_NAME
,	O
a	O
Marathi	B-AFFILIATION
journalist	O
,	O
playwright	O
,	O
and	O
freedom	O
fighter	O
from	O
Amravati	B-LOCATION
and	O
MS	B-GIVEN_NAME
â	B-FAMILY_NAME
Bapuji	I-FAMILY_NAME
â	I-FAMILY_NAME
Aney	I-FAMILY_NAME
,	O
an	O
educationist	O
,	O
freedom	O
fighter	O
and	O
founder	O
of	O
the	O
Congress	B-ORGANIZATION
Nationalist	I-ORGANIZATION
Party	I-ORGANIZATION
.	O

Aney	B-GIVEN_NAME
also	O
wrote	O
the	O
introduction	O
to	O
Golwalkar	B-GIVEN_NAME
âs	O
highly	O
controversial	O
book	O
,	O
â	O
We	B-BRANDS
or	B-MISC
Our	I-MISC
Nationhood	I-MISC
Defined	I-MISC
â	O
,	O
which	O
the	O
RSS	B-ORGANIZATION
would	O
like	O
to	O
forget	O
.	O

The	O
rationale	O
to	O
organise	O
this	O
Satyagraha	B-BRANDS
was	O
simple	O
.	O

It	O
was	O
a	O
solidarity	O
action	O
with	O
the	O
historic	O
Dandi	B-BRANDS
Yatra	B-MISC
against	O
the	O
draconian	O
British	B-AFFILIATION
laws	O
that	O
limited	O
people	O
âs	O
access	O
to	O
forests	O
and	O
forest	O
produce	O
.	O

The	O
Maharashtra	B-ORGANIZATION
State	I-ORGANIZATION
Gazetteers	I-ORGANIZATION
(	O
Yeotmal	B-ORGANIZATION
)	O
provides	O
details	O
of	O
the	O
movement	O
:	O
â	O
The	O
forest	O
law	O
was	O
defied	O
in	O
Berar	O
as	O
in	O
other	O
parts	O
of	O
the	O
country	O
.	O

MV	B-GIVEN_NAME
Abhyankar	B-FAMILY_NAME
and	O
Wamanrao	B-GIVEN_NAME
Joshi	B-FAMILY_NAME
were	O
arrested	O
for	O
their	O
protests	O
.	O

On	O
10	B-DATE
July	I-DATE
1930	I-DATE
,	O
Bapuji	B-GIVEN_NAME
Aney	B-FAMILY_NAME
took	O
over	O
the	O
leadership	O
to	O
inaugurate	O
the	O
â	O
Forest	B-LOCATION
Satyagraha	I-LOCATION
â	O
.	O

With	O
the	O
party	O
of	O
volunteers	O
,	O
he	O
cut	O
grass	O
from	O
the	O
reserved	O
forests	O
at	O
Pusad	B-LOCATION
at	O
Yavatmal	B-LOCATION
and	O
was	O
arrested	O
.	O

He	O
was	O
charged	O
with	O
the	O
offence	O
of	O
â	O
Theft	O
â	O
under	O
Section	O
379	O
and	O
convicted	O
...	O
The	O
Satyagraha	B-BRANDS
started	O
spreading	O
in	O
Central	B-LOCATION
Provinces	I-LOCATION
and	O
Berar	B-LOCATION
.	O

The	O
Gond	B-AFFILIATION
and	O
other	O
Adivasi	B-AFFILIATION
tribals	O
,	O
too	O
,	O
participated	O
in	O
thousands	O
.	O
â	O

Considering	O
this	O
history	O
,	O
is	O
it	O
not	O
appropriate	O
to	O
dedicate	O
the	O
museum	O
to	O
Abhaynkar	B-GIVEN_NAME
,	B-FAMILY_NAME
Joshi	I-FAMILY_NAME
,	O
the	O
thousands	O
of	O
tribals	O
who	O
participated	O
in	O
the	O
Satyagraha	B-BRANDS
and	O
Aney	B-GIVEN_NAME
,	O
who	O
resigned	O
from	O
the	O
Legislative	B-ORGANIZATION
Assembly	I-ORGANIZATION
in	O
solidarity	O
with	O
Gandhi	B-GIVEN_NAME
âs	O
Salt	B-BRANDS
Satyagraha	B-MISC
?	O

Why	O
hand	O
it	O
to	O
the	O
memory	O
of	O
Hedgewar	B-GIVEN_NAME
,	O
who	O
desisted	O
from	O
calling	O
his	O
own	O
organisation	O
to	O
join	O
the	O
movement	O
despite	O
prodding	O
by	O
swayamsevaks	B-AFFILIATION
,	O
whom	O
he	O
actively	O
discouraged	O
from	O
joining	O
?	O

Biographies	O
of	O
Hedgewar	B-GIVEN_NAME
written	O
by	O
votaries	O
of	O
exclusivist	O
Hindutva	B-BRANDS
corroborate	O
his	O
position	O
,	O
recording	O
that	O
he	O
â	O
sent	O
information	O
that	O
the	O
Sangh	B-ORGANIZATION
will	O
not	O
participate	O
in	O
the	O
Satyagraha	B-BRANDS
â	O
.	O

â	B-BRANDS
Sangh	B-MISC
Vriksh	I-MISC
ke	I-MISC
Beej	I-MISC
:	I-MISC
Dr	I-MISC
Keshav	I-MISC|B-GIVEN_NAME
Baliram	I-MISC|B-FAMILY_NAME
Hedgewar	I-MISC|I-FAMILY_NAME
â	O
by	O
CP	B-GIVEN_NAME
Bhishikar	B-FAMILY_NAME
,	O
published	O
by	O
Suruchi	B-ORGANIZATION
Prakashan	I-ORGANIZATION
in	O
1994	O
,	O
is	O
considered	O
the	O
official	O
biography	O
of	O
Hedgewar	B-GIVEN_NAME
.	O

It	O
has	O
details	O
of	O
what	O
the	O
organisation	O
then	O
thought	O
.	O

He	O
writes	O
,	O
â	O
Mahatma	B-GIVEN_NAME
Gandhi	B-FAMILY_NAME
had	O
called	O
upon	O
the	O
people	O
to	O
break	O
different	O
laws	O
of	O
the	O
government	O
.	O

Gandhi	B-GIVEN_NAME
himself	O
launched	O
Salt	B-BRANDS
Satyagraha	B-MISC
undertaking	O
Dandi	B-BRANDS
Yatra	B-MISC
.	O

Dr	O
Saheb	B-GIVEN_NAME
[	B-FAMILY_NAME
Hedgewar	I-FAMILY_NAME
]	I-FAMILY_NAME
sent	O
information	O
everywhere	O
that	O
the	O
Sangh	B-ORGANIZATION
will	O
not	O
participate	O
in	O
the	O
Satyagraha	B-BRANDS
.	O

However	O
,	O
those	O
wishing	O
to	O
participate	O
individually	O
in	O
it	O
were	O
not	O
prohibited	O
.	O

This	O
meant	O
that	O
any	O
responsible	O
worker	O
of	O
the	O
Sangh	B-ORGANIZATION
could	O
not	O
participate	O
in	O
the	O
Satyagraha	B-BRANDS
.	O
â	O

Hedgewar	B-GIVEN_NAME
joined	O
the	O
Satyagraha	B-BRANDS
not	O
as	O
an	O
RSS	B-ORGANIZATION
man	O
but	O
in	O
his	O
personal	O
capacity	O
.	O

The	O
idea	O
was	O
not	O
that	O
it	O
â	O
could	O
give	O
him	O
an	O
opportunity	O
to	O
get	O
acquainted	O
with	O
patriotic	O
youth	O
from	O
many	O
places	O
...	O
that	O
would	O
greatly	O
help	O
to	O
expand	O
Sangh	B-ORGANIZATION
activities	O
in	O
the	O
future	O
.	O
â	O

These	O
sentences	O
are	O
recorded	O
on	O
page	O
111	O
of	O
â	O
Hedgewar	B-BRANDS|B-GIVEN_NAME
:	B-MISC
The	I-MISC
Epoch	I-MISC
Maker	I-MISC
â	O
,	O
published	O
in	O
2021	B-DATE
,	O
edited	O
by	O
HV	B-GIVEN_NAME
Seshadri	B-FAMILY_NAME
and	O
published	O
by	O
the	O
Sahitya	B-ORGANIZATION
Sindhu	I-ORGANIZATION
Prakashan	I-ORGANIZATION
.	O

NH	B-GIVEN_NAME
Palkar	B-FAMILY_NAME
,	O
who	O
wrote	O
Hedgewar	B-GIVEN_NAME
âs	O
biography	O
in	O
Marathi	B-LOCATION
and	O
carries	O
an	O
introduction	O
by	O
MS	B-GIVEN_NAME
Golwalkar	B-FAMILY_NAME
,	O
the	O
Sangh	B-ORGANIZATION
âs	O
second	O
supremo	O
,	O
throws	O
more	O
light	O
on	O
what	O
Hedgewar	B-GIVEN_NAME
told	O
aspiring	O
swayamsevaks	B-AFFILIATION
keen	O
to	O
join	O
the	O
movement	O
.	O

â	O
â	O
If	O
you	O
receive	O
punishment	O
for	O
two	B-DURATION
years	I-DURATION
,	O
then	O
are	O
you	O
ready	O
for	O
it	O
?	O
â	O

When	O
these	O
youth	O
showed	O
readiness	O
to	O
undergo	O
this	O
punishment	O
,	O
then	O
doctor	O
[	O
Hedgewar	B-GIVEN_NAME
]	O
used	O
to	O
say	O
,	O
â	O
Then	O
why	O
not	O
give	O
this	O
much	O
time	O
for	O
Sangh	B-ORGANIZATION
âs	O
work	O
considering	O
that	O
you	O
have	O
been	O
punished	O
by	O
the	O
Britishers	B-AFFILIATION
?	O
â	O
â	O

On	O
pages	O
39	O
and	O
40	O
of	O
the	O
fourth	O
volume	O
of	O
â	O
Shriguruji	B-BRANDS|B-GIVEN_NAME
Samagra	B-MISC|B-FAMILY_NAME
Darshan	I-MISC|I-FAMILY_NAME
â	I-MISC
Collected	I-MISC
Works	I-MISC
of	I-MISC
MS	I-MISC|B-GIVEN_NAME
Golwalkar	I-MISC|B-FAMILY_NAME
in	I-MISC
Hindi	I-MISC|B-AFFILIATION
â	O
published	O
by	O
Bharatiya	B-ORGANIZATION
Vichar	I-ORGANIZATION
Sadhana	I-ORGANIZATION
,	O
Nagpur	B-LOCATION
,	O
in	O
1974	B-DATE
,	O
is	O
described	O
a	O
similar	O
incident	O
of	O
the	O
RSS	B-ORGANIZATION
under	O
Hedgewar	B-GIVEN_NAME
consciously	O
staying	O
away	O
from	O
the	O
freedom	O
struggle	O
.	O

All	O
of	O
these	O
demonstrate	O
the	O
compromising	O
attitude	O
of	O
the	O
Sangh	B-ORGANIZATION
leadership	O
not	O
only	O
during	O
the	O
Jungle	B-BRANDS
Satyagraha	B-MISC
but	O
even	O
later	O
.	O

Hedgewar	B-GIVEN_NAME
lived	O
in	O
a	O
unique	O
phase	O
of	O
world	O
history	O
,	O
when	O
old	O
feudal	O
colonialism	O
was	O
crumbling	O
,	O
and	O
a	O
new	O
world	O
was	O
emerging	O
.	O

Yet	O
he	O
yearned	O
for	O
a	O
Hindu	B-AFFILIATION
rashtra	O
based	O
on	O
the	O
â	O
glorious	O
traditions	O
of	O
Hinduism	B-AFFILIATION
â	O
,	O
which	O
saw	O
Muslims	B-AFFILIATION
as	O
bigger	O
adversaries	O
than	O
British	B-AFFILIATION
colonialists	O
.	O

He	O
failed	O
to	O
sense	O
the	O
pulse	O
of	O
history	O
.	O

Stubbornness	O
kept	O
him	O
aloof	O
from	O
the	O
surging	O
anti	O
-	O
colonial	O
struggle	O
.	O
Nor	O
did	O
he	O
chalk	O
out	O
a	O
positive	O
programme	O
for	O
his	O
organisation	O
.	O
Instead	O
,	O
he	O
engaged	O
himself	O
all	O
his	O
life	O
to	O
break	O
emergent	O
Hindu	B-AFFILIATION
-	O
Muslim	B-AFFILIATION
unity	O
.	O

Hedgewar	B-GIVEN_NAME
âs	O
involvement	O
in	O
the	O
Jungle	B-BRANDS
Satyagraha	B-MISC
was	O
not	O
for	O
the	O
noble	O
aim	O
of	O
opposing	O
the	O
British	B-AFFILIATION
,	O
nor	O
meant	O
to	O
express	O
his	O
anger	O
against	O
colonial	O
rule	O
.	O
It	O
was	O
to	O
establish	O
contact	O
with	O
youth	O
from	O
the	O
region	O
and	O
â	O
bring	O
them	O
in	O
the	O
RSS	B-ORGANIZATION
fold	O
â	O
.	O

Whatever	O
the	O
votaries	O
of	O
the	O
Sangh	B-ORGANIZATION
Parivar	I-ORGANIZATION
may	O
claim	O
,	O
a	O
new	O
-	O
look	O
Hedgewar	B-GIVEN_NAME
refuses	O
to	O
emerge	O
.	O
It	O
would	O
be	O
a	O
travesty	O
of	O
justice	O
to	O
declare	O
him	O
leader	O
of	O
the	O
Jungle	B-BRANDS
Satyagraha	B-MISC
who	O
had	O
no	O
qualms	O
poking	O
fun	O
at	O
the	O
patriots	O
jailed	O
for	O
fighting	O
for	O
the	O
country	O
âs	O
freedom	O
.	O
â	O
Going	O
to	O
jail	O
is	O
today	O
considered	O
a	O
sign	O
of	O
patriotism	O
...	O
There	O
can	O
be	O
no	O
salvation	O
for	O
the	O
country	O
until	O
this	O
type	O
of	O
fleeting	O
emotion	O
gives	O
place	O
to	O
positive	O
and	O
lasting	O
feelings	O
of	O
devotion	O
and	O
sustained	O
efforts	O
,	O
â	O
he	O
said	O
,	O
according	O
to	O
â	O
Hedgewar	B-BRANDS|B-GIVEN_NAME
:	B-MISC
The	I-MISC
Epoch	I-MISC
Maker	I-MISC
â	O
.	O

We	O
must	O
put	O
all	O
these	O
facts	O
before	O
the	O
public	O
;	O
they	O
are	O
readily	O
available	O
in	O
the	O
public	O
domain	O
and	O
make	O
it	O
clear	O
that	O
the	O
proposed	O
museum	O
is	O
dedicated	O
to	O
a	O
fictional	O
idea	O
.	O
Such	O
a	O
made	O
-	O
up	O
past	O
would	O
not	O
relive	O
history	O
but	O
silence	O
the	O
real	O
leaders	O
of	O
the	O
movement	O
and	O
effectively	O
make	O
them	O
disappear	O
.	O
Citizens	O
should	O
tell	O
the	O
government	O
that	O
if	O
the	O
museum	O
on	O
Hedgewar	B-GIVEN_NAME
is	O
to	O
come	O
up	O
,	O
it	O
should	O
not	O
come	O
at	O
the	O
expense	O
of	O
the	O
public	O
exchequer	O
.	O

People	O
who	O
yearn	O
to	O
turn	O
India	B-LOCATION
into	O
a	O
Hindu	B-AFFILIATION
rashtra	O
want	O
to	O
sanitise	O
their	O
founders	O
as	O
great	O
heroes	O
.	O
Their	O
attempts	O
remind	O
of	O
what	O
the	O
third	O
RSS	B-ORGANIZATION
supremo	O
Balasaheb	B-GIVEN_NAME
Deoras	B-FAMILY_NAME
reportedly	O
said	O
:	O
â	O
We	O
missed	O
the	O
bus	O
[	O
of	O
approaching	O
Freedom	O
]	O
â	O
,	O
as	O
cited	O
by	O
a	O
well	O
-	O
known	O
author	O
-	O
journalist	O
in	O
Jansatta	B-LOCATION
newspaper	O
on	O
28	B-DATE
June	I-DATE
2003	I-DATE
.	O
According	O
to	O
the	O
newspaper	O
,	O
Deoras	B-GIVEN_NAME
was	O
candid	O
enough	O
to	O
admit	O
that	O
the	O
RSS	B-ORGANIZATION
,	O
though	O
established	O
during	O
the	O
anti	O
-	O
colonial	O
struggle	O
,	O
could	O
not	O
see	O
independence	O
around	O
the	O
corner	O
and	O
was	O
â	O
overwhelmed	O
by	O
events	O
â	O
.	O

Perhaps	O
Hindutva	B-BRANDS
votaries	O
need	O
to	O
admit	O
that	O
they	O
missed	O
one	O
bus	O
,	O
which	O
left	O
them	O
on	O
the	O
wrong	O
side	O
of	O
history	O
.	O
Now	O
again	O
,	O
their	O
feverish	O
attempts	O
to	O
appropriate	O
icons	O
of	O
the	O
freedom	O
struggle	O
,	O
sanitise	O
some	O
leaders	O
and	O
fabricate	O
others	O
,	O
would	O
also	O
come	O
a	O
cropper	O
.	O
(	O
newsclick	O
.	O
in	O
)	O

