The	O
latest	O
â	O
love	B-BRANDS
jihad	B-MISC
â	O
controversy	O
involving	O
a	O
Muslim	B-AFFILIATION
man	O
and	O
a	O
Christian	B-AFFILIATION
woman	O
in	O
Kerala	B-LOCATION
has	O
exposed	O
the	O
dark	O
underbelly	O
of	O
vote	O
bank	O
politics	O
in	O
the	O
the	O
country	O
âs	O
highly	O
literate	O
and	O
politically	O
conscious	O
state	O
.	O

The	O
incident	O
happened	O
in	O
Kodenchery	B-LOCATION
in	O
Kozhikode	B-LOCATION
district	O
which	O
is	O
considered	O
the	O
literary	O
capital	O
of	O
Kerala	B-LOCATION
.	O

Shejin	B-GIVEN_NAME
,	O
a	O
local	O
functionary	O
of	O
Democratic	B-ORGANIZATION
Youth	I-ORGANIZATION
Federation	I-ORGANIZATION
of	I-ORGANIZATION
India	I-ORGANIZATION|B-LOCATION
affiliated	O
to	O
CPM	B-ORGANIZATION
,	O
and	O
Joisna	B-GIVEN_NAME
Mary	B-FAMILY_NAME
Joseph	I-FAMILY_NAME
,	O
who	O
works	O
as	O
a	O
nurse	O
in	O
Saudi	B-LOCATION
Arabia	I-LOCATION
,	O
got	O
married	O
last	O
week	O
.	O

Shejin	B-GIVEN_NAME
and	O
Joisna	B-GIVEN_NAME
claim	O
they	O
were	O
in	O
a	O
relationship	O
for	O
months	O
.	O

Joisna	B-GIVEN_NAME
had	O
arrived	O
from	O
Saudi	B-LOCATION
Arabia	I-LOCATION
a	O
few	O
weeks	O
back	O
to	O
attend	O
her	O
engagement	O
with	O
another	O
man	O
.	O

However	O
,	O
she	O
left	O
her	O
home	O
and	O
got	O
married	O
to	O
Shejin	B-GIVEN_NAME
.	O

Joisna	B-GIVEN_NAME
âs	O
parents	O
had	O
filed	O
a	O
missing	O
person	O
âs	O
complaint	O
with	O
the	O
police	O
alleging	O
that	O
it	O
was	O
a	O
case	O
of	O
â	O
love	B-BRANDS
jihad	B-MISC
â	O
.	O

Joisna	B-GIVEN_NAME
,	O
while	O
refusing	O
to	O
meet	O
her	O
parents	O
,	O
claimed	O
that	O
she	O
had	O
married	O
Shejin	B-GIVEN_NAME
of	O
her	O
own	O
free	O
will	O
.	O

As	O
the	O
family	O
insisted	O
that	O
Joisna	B-GIVEN_NAME
was	O
saying	O
that	O
since	O
she	O
was	O
under	O
pressure	O
,	O
the	O
couple	O
appeared	O
in	O
the	O
local	O
Thamarassery	B-LOCATION
court	O
which	O
allowed	O
them	O
to	O
live	O
together	O
.	O

A	O
matter	O
which	O
would	O
have	O
ended	O
there	O
in	O
normal	O
circumstances	O
was	O
given	O
a	O
political	O
twist	O
when	O
a	O
member	O
of	O
the	O
CPM	B-ORGANIZATION
âs	O
Kozhikode	B-LOCATION
district	O
secretariat	O
and	O
a	O
former	O
MLA	O
,	O
George	B-GIVEN_NAME
M	B-FAMILY_NAME
Thomas	I-FAMILY_NAME
,	O
commented	O
that	O
the	O
marriage	O
might	O
disrupt	O
communal	O
harmony	O
between	O
Muslims	B-AFFILIATION
and	O
Christians	B-AFFILIATION
in	O
the	O
area	O
.	O

â	O
If	O
they	O
were	O
in	O
love	O
,	O
Shejin	B-GIVEN_NAME
should	O
have	O
informed	O
the	O
party	O
,	O
but	O
he	O
did	O
not	O
do	O
so	O
and	O
eloped	O
with	O
her	O
,	O
which	O
might	O
disturb	O
the	O
communal	O
harmony	O
,	O
â	O
he	O
was	O
quoted	O
as	O
saying	O
.	O

But	O
his	O
later	O
comments	O
were	O
more	O
damaging	O
.	O

Thomas	B-GIVEN_NAME
said	O
that	O
a	O
party	O
man	O
like	O
Shejin	B-GIVEN_NAME
should	O
not	O
have	O
hurt	O
Christian	B-AFFILIATION
sentiments	O
â	O
at	O
a	O
time	O
when	O
the	O
party	O
(	O
CPM	B-ORGANIZATION
)	O
was	O
on	O
good	O
terms	O
with	O
the	O
Church	O
â	O
.	O

What	O
he	O
meant	O
was	O
that	O
the	O
local	O
Syro	B-ORGANIZATION
-	I-ORGANIZATION
Malabar	I-ORGANIZATION
Church	I-ORGANIZATION
,	O
which	O
has	O
predominance	O
in	O
the	O
area	O
,	O
has	O
thrown	O
its	O
weight	O
behind	O
the	O
CPM	B-ORGANIZATION
in	O
the	O
last	O
Assembly	B-ORGANIZATION
elections	O
.	O

So	O
also	O
did	O
the	O
majority	O
of	O
the	O
Christian	B-AFFILIATION
community	O
in	O
central	O
Kerala	B-LOCATION
,	O
whose	O
vote	O
,	O
in	O
particular	O
,	O
helped	O
Chief	O
Minister	O
Pinarayi	B-GIVEN_NAME
Vijayan	B-FAMILY_NAME
get	O
a	O
historic	O
second	O
term	O
in	O
office	O
.	O

In	O
2020	B-DATE
,	O
the	O
Syro	B-ORGANIZATION
-	I-ORGANIZATION
Malabar	I-ORGANIZATION
Church	I-ORGANIZATION
had	O
raked	O
up	O
the	O
issue	O
of	O
â	O
love	B-BRANDS
jihad	B-MISC
â	O
,	O
saying	O
the	O
police	O
are	O
not	O
doing	O
enough	O
to	O
prevent	O
inter	O
-	O
faith	O
marriages	O
which	O
are	O
â	O
posing	O
a	O
danger	O
to	O
the	O
secular	O
harmony	O
and	O
social	O
peace	O
of	O
the	O
state	O
â	O
.	O

A	O
meeting	O
of	O
the	O
bishops	O
of	O
the	O
Church	O
,	O
known	O
as	O
Synod	O
,	O
had	O
then	O
said	O
,	O
â	O
It	O
is	O
a	O
matter	O
of	O
fact	O
that	O
â	O
love	B-BRANDS
jihad	B-MISC
â	O
is	O
happening	O
,	O
targeting	O
Christian	B-AFFILIATION
girls	O
...	O
Instead	O
of	O
seeing	O
this	O
as	O
a	O
religious	O
issue	O
,	O
police	O
should	O
act	O
looking	O
at	O
this	O
as	O
a	O
law	O
and	O
order	O
issue	O
that	O
affects	O
society	O
negatively	O
.	O
â	O

Interestingly	O
,	O
this	O
was	O
not	O
the	O
first	O
time	O
the	O
Catholic	B-ORGANIZATION|B-AFFILIATION
Church	I-ORGANIZATION
in	O
Kerala	B-LOCATION
had	O
got	O
involved	O
in	O
the	O
â	O
love	B-BRANDS
jihad	B-MISC
â	O
controversy	O
.	O

In	O
2015	B-DATE
,	O
the	O
then	O
Bishop	O
of	O
Idukki	B-LOCATION
,	O
Mathew	B-GIVEN_NAME
Anikuzhikattil	B-FAMILY_NAME
had	O
claimed	O
that	O
incidents	O
of	O
Christian	B-AFFILIATION
girls	O
falling	O
victims	O
to	O
â	O
love	B-BRANDS
jihad	B-MISC
â	O
were	O
on	O
the	O
rise	O
.	O

Then	O
as	O
late	O
as	O
last	O
year	O
,	O
the	O
bishop	O
of	O
the	O
Pala	B-LOCATION
diocese	O
made	O
the	O
accusation	O
that	O
Muslim	B-AFFILIATION
youth	O
are	O
luring	O
Christian	B-AFFILIATION
girls	O
by	O
means	O
of	O
narcotics	O
,	O
which	O
he	O
termed	O
as	O
â	O
narcotics	O
jihad	B-BRANDS
â	O
.	O

The	O
ruling	O
CPM	B-ORGANIZATION
did	O
not	O
counter	O
the	O
bishop	O
and	O
in	O
a	O
bid	O
to	O
placate	O
the	O
bishop	O
toed	O
the	O
line	O
that	O
it	O
was	O
unfortunate	O
that	O
such	O
statements	O
are	O
made	O
by	O
persons	O
in	O
authority	O
.	O

The	O
BJP	B-ORGANIZATION
,	O
on	O
the	O
other	O
hand	O
,	O
had	O
on	O
each	O
occasion	O
come	O
out	O
in	O
full	O
support	O
of	O
the	O
Church	O
in	O
all	O
its	O
unsubstantiated	O
allegations	O
.	O

Hence	O
it	O
was	O
not	O
surprising	O
that	O
a	O
prominent	O
leader	O
of	O
the	O
CPM	B-ORGANIZATION
has	O
termed	O
the	O
latest	O
incident	O
a	O
case	O
of	O
â	O
love	B-BRANDS
jihad	B-MISC
â	O
.	O

Though	O
senior	O
leaders	O
of	O
the	O
party	O
tried	O
to	O
paper	O
over	O
the	O
remark	O
as	O
a	O
case	O
of	O
a	O
â	O
slip	O
of	O
the	O
tongue	O
â	O
,	O
they	O
too	O
contended	O
that	O
Shejin	B-GIVEN_NAME
should	O
have	O
consulted	O
the	O
party	O
before	O
marrying	O
a	O
Christian	B-AFFILIATION
girl	O
.	O

The	O
CPM	B-ORGANIZATION
has	O
a	O
history	O
of	O
rubbing	O
the	O
Syro	B-ORGANIZATION
-	I-ORGANIZATION
Malabar	I-ORGANIZATION
Church	I-ORGANIZATION
the	O
wrong	O
way	O
.	O

It	O
dates	O
back	O
to	O
2006	B-DATE
when	O
CPM	B-ORGANIZATION
âs	O
MLA	O
from	O
Thiruvambadi	B-LOCATION
constituency	O
Mathai	B-GIVEN_NAME
Chacko	B-FAMILY_NAME
died	O
on	O
October	B-DATE
13	I-DATE
,	I-DATE
2006	I-DATE
.	O

He	O
was	O
an	O
atheist	O
.	O

But	O
after	O
his	O
death	O
,	O
the	O
then	O
bishop	O
of	O
Thamarassery	B-LOCATION
diocese	O
Paul	B-GIVEN_NAME
Chittilappilly	B-FAMILY_NAME
claimed	O
that	O
Mathai	B-GIVEN_NAME
Chacko	B-FAMILY_NAME
,	O
before	O
his	O
death	O
,	O
had	O
taken	O
the	O
last	O
sacraments	O
from	O
him	O
.	O

As	O
CPM	B-ORGANIZATION
cried	O
foul	O
,	O
the	O
then	O
state	O
secretary	O
of	O
the	O
party	O
and	O
present	O
Chief	O
Minister	O
Pinarayi	B-GIVEN_NAME
Vijayan	B-FAMILY_NAME
in	O
a	O
scathing	O
attack	O
on	O
the	O
Church	O
called	O
the	O
bishop	O
a	O
â	O
wretched	O
creature	O
â	O
,	O
triggering	O
a	O
politico	O
-	O
religious	O
controversy	O
.	O

Despite	O
this	O
,	O
the	O
CPM	B-ORGANIZATION
won	O
the	O
Thiruvambadi	B-LOCATION
by	O
-	O
election	O
by	O
a	O
margin	O
of	O
merely	O
200	O
votes	O
and	O
the	O
winning	O
candidate	O
was	O
none	O
other	O
than	O
George	B-GIVEN_NAME
M	B-FAMILY_NAME
Thomas	I-FAMILY_NAME
who	O
has	O
made	O
the	O
controversial	O
statement	O
now	O
.	O

But	O
in	O
subsequent	O
elections	O
,	O
the	O
CPM	B-ORGANIZATION
was	O
routed	O
in	O
the	O
constituency	O
which	O
went	O
to	O
the	O
Indian	B-ORGANIZATION|B-AFFILIATION
Union	I-ORGANIZATION
Muslim	B-AFFILIATION|B-AFFILIATION
League	B-ORGANIZATION
,	O
a	O
partner	O
in	O
the	O
Congress	B-ORGANIZATION
-	O
led	O
opposition	O
United	B-ORGANIZATION
Democratic	I-ORGANIZATION
Front	I-ORGANIZATION
.	O

By	O
2016	B-DATE
,	O
Pinarayi	B-GIVEN_NAME
Vijayan	B-FAMILY_NAME
went	O
to	O
the	O
Thamarassery	B-LOCATION|B-LOCATION
Bishop	I-LOCATION
House	I-LOCATION
and	O
apparently	O
regretted	O
his	O
remark	O
,	O
after	O
which	O
the	O
CPM	B-ORGANIZATION
regained	O
the	O
constituency	O
.	O

For	O
the	O
past	O
couple	O
of	O
years	O
,	O
CPM	B-ORGANIZATION
has	O
been	O
careful	O
not	O
to	O
hurt	O
Christian	B-AFFILIATION
sentiments	O
even	O
at	O
the	O
cost	O
of	O
annoying	O
Muslims	B-AFFILIATION
,	O
the	O
other	O
prominent	O
minority	O
community	O
in	O
the	O
state	O
.	O

The	O
reason	O
given	O
being	O
that	O
the	O
BJP	B-ORGANIZATION
is	O
constantly	O
trying	O
to	O
lure	O
the	O
Christian	B-AFFILIATION
community	O
in	O
the	O
state	O
while	O
the	O
Muslim	B-AFFILIATION|B-AFFILIATION
League	B-ORGANIZATION
is	O
part	O
of	O
the	O
opposition	O
UDF	B-ORGANIZATION
.	O

Even	O
before	O
the	O
last	O
Assembly	B-ORGANIZATION
elections	O
in	O
2019	B-DATE
,	O
Pinarayi	B-GIVEN_NAME
Vijayan	B-FAMILY_NAME
had	O
raised	O
political	O
hackles	O
by	O
suggesting	O
that	O
the	O
Muslim	B-AFFILIATION|B-AFFILIATION
League	B-ORGANIZATION
was	O
on	O
the	O
verge	O
of	O
replacing	O
Congress	B-ORGANIZATION
as	O
the	O
leader	O
of	O
the	O
UDF	B-ORGANIZATION
.	O

That	O
means	O
in	O
the	O
event	O
of	O
UDF	B-ORGANIZATION
winning	O
the	O
election	O
,	O
Kerala	B-LOCATION
will	O
have	O
a	O
Muslim	B-AFFILIATION
Chief	O
Minister	O
.	O

This	O
had	O
cost	O
the	O
UDF	B-ORGANIZATION
a	O
majority	O
of	O
the	O
Christian	B-AFFILIATION
votes	O
,	O
traditional	O
supporters	O
of	O
the	O
Congress	B-ORGANIZATION
,	O
in	O
central	O
Kerala	B-LOCATION
.	O

Votes	O
in	O
central	O
Kerala	B-LOCATION
proved	O
decisive	O
in	O
the	O
victory	O
of	O
CPM	B-ORGANIZATION
-	O
led	O
Left	B-ORGANIZATION
Democratic	I-ORGANIZATION
Front	I-ORGANIZATION
.	O

In	O
a	O
late	O
realised	O
,	O
face	O
-	O
saving	O
measure	O
,	O
the	O
CPM	B-ORGANIZATION
state	O
leadership	O
has	O
asked	O
its	O
Kozhikode	B-LOCATION
district	O
unit	O
to	O
take	O
disciplinary	O
action	O
against	O
George	B-GIVEN_NAME
M	B-FAMILY_NAME
Thomas	I-FAMILY_NAME
.	O

But	O
the	O
people	O
of	O
Kerala	B-LOCATION
know	O
it	O
is	O
just	O
another	O
eyewash	O
.	O

For	O
,	O
George	B-GIVEN_NAME
M	B-FAMILY_NAME
Thomas	I-FAMILY_NAME
belongs	O
to	O
the	O
Syro	B-ORGANIZATION
-	I-ORGANIZATION
Malabar	I-ORGANIZATION
Church	I-ORGANIZATION
!	O

The	O
party	O
dare	O
not	O
touch	O
him	O
.	O

It	O
is	O
a	O
sad	O
predicament	O
that	O
in	O
a	O
state	O
like	O
Kerala	B-LOCATION
,	O
last	O
bastion	O
of	O
the	O
Left	O
in	O
the	O
country	O
,	O
CPM	B-ORGANIZATION
has	O
to	O
play	O
with	O
religious	O
sentiments	O
to	O
safeguard	O
its	O
vote	O
bank	O
.	O

Any	O
amount	O
of	O
backtracking	O
would	O
not	O
cover	O
-	O
up	O
the	O
real	O
intentions	O
of	O
the	O
party	O
in	O
power	O
.	O

Hold	O
on	O
to	O
power	O
by	O
any	O
means	O
appears	O
to	O
be	O
its	O
motto	O
.	O

