After	O
his	O
'	O
Muslims	B-AFFILIATION
outnumber	O
Vokkaligas	B-AFFILIATION
in	O
state'	O
remark	O
stirred	O
controversy	O
,	O
Congress	B-ORGANIZATION
MLA	O
B	B-GIVEN_NAME
Z	B-FAMILY_NAME
Zameer	I-FAMILY_NAME
Ahmed	I-FAMILY_NAME
Khan	I-FAMILY_NAME
on	O
Monday	B-DATE
got	O
into	O
damage	O
control	O
mode	O
saying	O
he	O
is	O
in	O
politics	O
because	O
of	O
Adichunchanagiri	B-LOCATION
seer	O
and	O
enjoys	O
a	O
cordial	O
relationship	O
with	O
the	O
mutt	O
.	O

"	O
I	O
joined	O
politics	O
following	O
the	O
instructions	O
of	O
Adichunchanagiri	B-LOCATION
seer	O
.	O

His	O
instruction	O
led	O
me	O
to	O
have	O
won	O
Assembly	B-ORGANIZATION
elections	O
four	O
times	O
and	O
had	O
two	O
stints	O
as	O
minister	O
.	O

I	O
have	O
grown	O
up	O
in	O
the	O
Vokkaligas	B-AFFILIATION
'	O
mutt	O
,	O
"	O
Zameer	B-GIVEN_NAME
told	O
reporters	O
here	O
.	O

"	O
Now	O
,	O
for	O
some	O
reason	O
I	O
am	O
in	O
Congress	B-ORGANIZATION
.	O

But	O
my	O
political	O
guru	O
is	O
H	B-GIVEN_NAME
D	B-FAMILY_NAME
Deve	I-FAMILY_NAME
Gowda	I-FAMILY_NAME
.	O

I	O
have	O
come	O
this	O
far	O
because	O
of	O
the	O
blessings	O
of	O
Gowda	B-GIVEN_NAME
.	O

Only	O
BJP	B-ORGANIZATION
uses	O
caste	O
to	O
further	O
their	O
political	O
interests	O
,	O
"	O
Zameer	B-GIVEN_NAME
said	O
taking	O
an	O
indirect	O
swipe	O
at	O
Revenue	O
Minster	O
R	B-GIVEN_NAME
Ashoka	B-FAMILY_NAME
.	O

'	O
Muslims	B-AFFILIATION
owe	O
debt	O
to	O
Siddu'	B-GIVEN_NAME

Replying	O
to	O
a	O
query	O
on	O
Siddaramotsava	B-BRANDS
,	O
Zameer	B-GIVEN_NAME
said	O
,	O
"	O
Muslims	B-AFFILIATION
owe	O
a	O
debt	O
to	O
Siddaramaiah	B-GIVEN_NAME
,	O
who	O
released	O
a	O
grant	O
of	O
Rs	B-MONEY
3,150	I-MONEY
crore	I-MONEY
for	O
the	O
welfare	O
of	O
minorities	O
when	O
he	O
was	O
the	O
chief	O
minister	O
.	O
Muslims	B-AFFILIATION
should	O
take	O
part	O
in	O
Siddaramaiah	B-GIVEN_NAME
's	O
birthday	O
event	O
in	O
large	O
numbers	O
,	O
"	O
Chamarajpet	B-LOCATION
MLA	O
said	O
.	O

When	O
asked	O
whether	O
he	O
would	O
celebrate	O
KPCC	B-ORGANIZATION
president	O
D	B-GIVEN_NAME
K	B-FAMILY_NAME
Shivakumar	I-FAMILY_NAME
's	O
birthday	O
with	O
the	O
same	O
enthusiasm	O
,	O
Zameer	B-GIVEN_NAME
said	O
,	O
"	O
He	O
is	O
our	O
(	O
state	O
Congress	B-ORGANIZATION
)	O
president	O
.	O
We	O
will	O
definitely	O
celebrate	O
it	O
...	O
"	O

