RAIPUR	B-LOCATION
:	O
A	O
Maoist	B-AFFILIATION
leader	O
was	O
killed	O
in	O
an	O
encounter	O
with	O
Chhattisgarh	B-LOCATION
police	O
forces	O
in	O
Bastar	B-LOCATION
âs	I-LOCATION
Dantewada	I-LOCATION
district	O
,	O
police	O
said	O
on	O
Tuesday	B-DATE
.	O

Dantewada	B-LOCATION
superintendent	O
of	O
police	O
(	O
SP	O
)	O
Siddharth	B-GIVEN_NAME
Tiwari	B-FAMILY_NAME
said	O
the	O
dead	O
man	O
was	O
identified	O
as	O
Budh	B-GIVEN_NAME
Ram	B-FAMILY_NAME
Madkam	I-FAMILY_NAME
alias	O
Mahangu	B-GIVEN_NAME
Deva	B-FAMILY_NAME
,	O
a	O
member	O
of	O
Katekalyan	B-ORGANIZATION|B-LOCATION
Area	I-ORGANIZATION
Committee	I-ORGANIZATION
of	O
CPI	B-ORGANIZATION
(	O
Maoist	B-AFFILIATION
)	O
.	O

The	O
encounter	O
took	O
place	O
in	O
the	O
forest	O
near	O
Jabrameta	B-LOCATION
village	O
of	O
the	O
district	O
at	O
around	O
12.30	O
am	O
when	O
Maoists	B-AFFILIATION
opened	O
fire	O
at	O
a	O
team	O
of	O
the	O
district	O
reserve	O
guard	O
(	O
DRG	B-ORGANIZATION
)	O
,	O
which	O
was	O
out	O
on	O
an	O
anti	O
-	O
naxal	O
operations	O
.	O

â	O
The	O
police	O
retaliated	O
and	O
when	O
the	O
encounter	O
ended	O
,	O
a	O
body	O
of	O
Maoist	B-AFFILIATION
was	O
recovered	O
from	O
the	O
encounter	O
spot	O
,	O
â	O
said	O
the	O
SP	O
.	O

â	O
Prima	O
facie	O
the	O
deceased	O
has	O
been	O
identified	O
as	O
Budh	B-GIVEN_NAME
Ram	B-FAMILY_NAME
Madkam	I-FAMILY_NAME
,	O
who	O
is	O
an	O
area	O
committee	O
member	O
of	O
CPI	B-ORGANIZATION
(	O
Maoist	B-AFFILIATION
)	O
.	O
He	O
was	O
carrying	O
a	O
reward	O
of	O
â¹	B-MONEY
5	I-MONEY
lakh	I-MONEY
on	O
his	O
head	O
,	O
â	O
the	O
SP	O
added	O
.	O

More	O
than	O
a	O
dozen	O
cases	O
of	O
violence	O
were	O
registered	O
against	O
Budh	B-GIVEN_NAME
Ram	B-FAMILY_NAME
Madkam	I-FAMILY_NAME
,	O
police	O
said	O
.	O

This	O
is	O
the	O
second	O
instance	O
of	O
the	O
police	O
killing	O
a	O
member	O
of	O
the	O
CPI	B-ORGANIZATION
(	O
Maoist	B-AFFILIATION
)	O
Katekalyan	B-ORGANIZATION|B-LOCATION
Area	I-ORGANIZATION
Committee	I-ORGANIZATION
in	O
an	O
encounter	O
in	O
recent	O
weeks	O
.	O

