www	O
.	O
deccanherald	O
.	O
com	O
%	O
2	O
Fnational	O
%	O
2	O
Fsouth	O
%	O
2	O
Findian	O
-	O
institute	O
-	O
of	O
-	O
science	O
-	O
establishes	O
-	O
viral	O
-	O
genome	O
-	O
sequencing	O
-	O
lab	O
-	O
in	O
-	O
bengaluru	O
-	O
1127706	O
.	O
html	O

The	O
Indian	B-ORGANIZATION|B-AFFILIATION
Institute	I-ORGANIZATION
of	I-ORGANIZATION
Science	I-ORGANIZATION
has	O
established	O
a	O
Viral	B-LOCATION
Genome	I-LOCATION
Sequencing	I-LOCATION
Lab	I-LOCATION
at	O
its	O
Centre	B-ORGANIZATION
for	I-ORGANIZATION
Infectious	I-ORGANIZATION
Disease	I-ORGANIZATION
Research	I-ORGANIZATION
(	O
CIDR	B-ORGANIZATION
)	O
here	O
.	O
The	O
lab	O
will	O
focus	O
on	O
studies	O
related	O
to	O
the	O
SARS	B-BRANDS
-	B-MISC
CoV	I-MISC
-	I-MISC
2	I-MISC
virus	O
,	O
including	O
continuous	O
surveillance	O
and	O
tracking	O
of	O
virus	O
mutations	O
and	O
variants	O
,	O
the	O
Bengaluru	B-LOCATION
-	O
based	O
IISc	B-ORGANIZATION
said	O
.	O
For	O
more	O
than	O
a	O
year	O
,	O
IISc	B-ORGANIZATION
's	I-ORGANIZATION
CIDR	I-ORGANIZATION
has	O
been	O
actively	O
working	O
with	O
the	O
state	O
and	O
central	O
government	O
to	O
provide	O
Covid	B-BRANDS
-	B-MISC
19	I-MISC
RT	B-BRANDS
-	B-MISC
PCR	I-MISC
diagnostic	O
services	O
and	O
conducting	O
research	O
involving	O
SARS	B-BRANDS
-	B-MISC
COV	I-MISC
-	I-MISC
2	I-MISC
virus	O
,	O
it	O
said	O
.	O

The	O
new	O
viral	O
genome	O
sequencing	O
facility	O
will	O
be	O
an	O
important	O
addition	O
to	O
the	O
CIDR	B-ORGANIZATION
and	O
will	O
enhance	O
the	O
ongoing	O
efforts	O
to	O
better	O
understand	O
SARS	B-BRANDS
-	B-MISC
CoV	I-MISC
-	I-MISC
2	I-MISC
virus	O
evolution	O
and	O
its	O
impact	O
on	O
our	O
health	O
,	O
an	O
IISc	B-ORGANIZATION
statement	O
said	O
.	O
The	O
lab	O
was	O
established	O
with	O
a	O
grant	O
from	O
CryptoRelief	B-ORGANIZATION
,	O
which	O
supported	O
the	O
expansion	O
of	O
the	O
existing	O
Viral	B-BRANDS
BSL	B-MISC
3	I-MISC
facility	O
at	O
IISc	B-ORGANIZATION
.	O

The	O
expanded	O
lab	O
was	O
inaugurated	O
by	O
a	O
team	O
of	O
CryptoRelief	B-ORGANIZATION
core	O
volunteers	O
in	O
the	O
presence	O
of	O
Deans	O
and	O
faculty	O
members	O
of	O
IISc	B-ORGANIZATION
on	O
Sunday	B-DATE
.	O
"	O
The	O
expanded	O
Viral	B-BRANDS
BSL	B-MISC
3	I-MISC
facility	O
will	O
support	O
research	O
on	O
assessment	O
of	O
virulence	O
and	O
cross	O
-	O
reactive	O
immunity	O
of	O
SARS	B-BRANDS
-	B-MISC
CoV	I-MISC
-	I-MISC
2	I-MISC
mutants	O
and	O
variants	O
of	O
concern	O
in	O
cell	O
culture	O
and	O
animal	O
models	O
"	O
,	O
IISc	B-ORGANIZATION
said	O
.	O

IISc	B-ORGANIZATION
Director	O
Professor	O
Govindan	B-GIVEN_NAME
Rangarajan	B-FAMILY_NAME
,	O
said	O
:	O
â	O
The	O
Viral	B-ORGANIZATION
Genome	I-ORGANIZATION
Sequencing	I-ORGANIZATION
Lab	I-ORGANIZATION
will	O
contribute	O
not	O
only	O
towards	O
tackling	O
the	O
threat	O
that	O
Covid	B-BRANDS
-	B-MISC
19	I-MISC
poses	O
,	O
but	O
will	O
also	O
ensure	O
that	O
we	O
are	O
ready	O
to	O
handle	O
future	O
health	O
emergencies	O
as	O
well	O
.	O
â	O
A	O
member	O
of	O
the	O
CryptoRelief	B-ORGANIZATION
core	O
volunteer	O
team	O
said	O
:	O
â	O
The	O
SARS	B-BRANDS
-	B-MISC
CoV	I-MISC
-	I-MISC
2	I-MISC
virus	O
has	O
been	O
evolving	O
over	O
time	O
.	O
Understanding	O
the	O
new	O
variants	O
that	O
are	O
coming	O
up	O
and	O
whether	O
existing	O
vaccines	O
can	O
combat	O
these	O
variants	O
is	O
important	O
.	O
Through	O
this	O
support	O
,	O
we	O
intend	O
to	O
take	O
a	O
step	O
towards	O
that	O
.	O
â	O
CryptoRelief	B-ORGANIZATION
is	O
a	O
community	O
-	O
run	O
fund	O
mobilising	O
to	O
help	O
India	O
combat	O
the	O
Covid	B-BRANDS
-	B-MISC
19	I-MISC
crisis	O
,	O
and	O
to	O
help	O
it	O
prepare	O
for	O
future	O
outbreaks	O
.	O

The	O
fund	O
was	O
started	O
by	O
Sandeep	B-GIVEN_NAME
Nailwal	B-FAMILY_NAME
(	O
co	O
-	O
founder	O
,	O
Polygon	B-ORGANIZATION
)	O
and	O
has	O
since	O
been	O
supported	O
by	O
Vitalik	B-GIVEN_NAME
Buterin	B-FAMILY_NAME
(	O
co	O
-	O
founder	O
,	O
Ethereum	B-ORGANIZATION
)	O
and	O
Balaji	B-GIVEN_NAME
S.	B-FAMILY_NAME
Srinivasan	I-FAMILY_NAME
(	O
former	O
CTO	O
at	O
Coinbase	B-ORGANIZATION
)	O
,	O
it	O
was	O
stated	O
.	O

