The	O
Karnataka	B-ORGANIZATION|B-LOCATION
High	I-ORGANIZATION
Court	I-ORGANIZATION
on	O
Tuesday	B-DATE
allowed	O
social	O
media	O
giant	O
Twitter	B-ORGANIZATION
Inc	I-ORGANIZATION
to	O
place	O
the	O
various	O
â	O
blocking	O
orders	O
â	O
issued	O
by	O
the	O
Union	B-ORGANIZATION
government	O
before	O
it	O
in	O
sealed	O
envelopes	O

The	O
Karnataka	B-ORGANIZATION|B-LOCATION
High	I-ORGANIZATION
Court	I-ORGANIZATION
on	O
Tuesday	B-DATE
allowed	O
social	O
media	O
giant	O
Twitter	B-ORGANIZATION
Inc	I-ORGANIZATION
to	O
place	O
the	O
various	O
â	O
blocking	O
orders	O
â	O
issued	O
by	O
the	O
Union	B-ORGANIZATION
government	O
before	O
it	O
in	O
sealed	O
envelopes	O
.	O

Justice	O
Krishna	B-GIVEN_NAME
S	B-FAMILY_NAME
Dixit	I-FAMILY_NAME
,	O
who	O
is	O
hearing	O
the	O
case	O
,	O
also	O
directed	O
the	O
microblogging	O
company	O
that	O
the	O
same	O
has	O
to	O
be	O
shared	O
with	O
the	O
advocate	O
for	O
the	O
Union	B-ORGANIZATION
government	O
.	O

The	O
Centre	B-ORGANIZATION
âs	O
advocate	O
has	O
requested	O
the	O
court	O
that	O
the	O
proceedings	O
of	O
this	O
case	O
be	O
held	O
in	O
-	O
camera	O
.	O

This	O
will	O
mean	O
a	O
private	O
hearing	O
in	O
which	O
parties	O
not	O
part	O
of	O
the	O
proceedings	O
will	O
not	O
be	O
allowed	O
.	O

The	O
court	O
said	O
the	O
request	O
will	O
be	O
considered	O
.	O

Twitter	B-ORGANIZATION
Inc	I-ORGANIZATION
has	O
approached	O
the	O
High	B-ORGANIZATION
Court	I-ORGANIZATION
against	O
10	O
different	O
â	O
blocking	O
orders	O
â	O
,	O
issued	O
by	O
the	O
Union	B-ORGANIZATION
Ministry	I-ORGANIZATION
of	I-ORGANIZATION
Electronics	I-ORGANIZATION
and	I-ORGANIZATION
Information	I-ORGANIZATION
Technology	I-ORGANIZATION
(	O
MeitY	B-ORGANIZATION
)	O
.	O

These	O
orders	O
are	O
variously	O
dated	O
between	O
February	B-DATE
2	I-DATE
,	I-DATE
2021	I-DATE
and	O
February	B-DATE
28	I-DATE
,	I-DATE
2022	I-DATE
.	O

They	O
include	O
orders	O
to	O
block	O
accounts	O
,	O
tweets	O
,	O
URLs	O
and	O
hashtags	O
.	O

On	O
Tuesday	B-DATE
,	O
the	O
single	O
judge	O
bench	O
was	O
informed	O
by	O
Twitter	B-ORGANIZATION
âs	O
counsel	O
Mukul	B-GIVEN_NAME
Rohatgi	B-FAMILY_NAME
that	O
MeitY	B-ORGANIZATION
has	O
failed	O
to	O
record	O
reasons	O
for	O
ordering	O
the	O
closure	O
of	O
accounts	O
.	O

The	O
procedures	O
and	O
safeguards	O
of	O
the	O
IT	B-BRANDS
Rules	B-MISC
2009	B-BRANDS
require	O
the	O
reasons	O
to	O
be	O
recorded	O
and	O
since	O
Twitter	B-ORGANIZATION
will	O
be	O
answerable	O
to	O
the	O
account	O
holders	O
,	O
â	O
if	O
this	O
continues	O
,	O
my	O
whole	O
business	O
will	O
close	O
â	O
,	O
Rohatgi	B-GIVEN_NAME
submitted	O
.	O

After	O
issuing	O
notice	O
to	O
the	O
Centre	O
in	O
the	O
petition	O
,	O
the	O
hearing	O
of	O
the	O
case	O
was	O
adjourned	O
to	O
August	B-DATE
12	I-DATE
.	O

