Twenty	O
-	O
three	B-DURATION
years	I-DURATION
ago	O
,	O
this	O
day	O
,	O
the	O
Indian	B-ORGANIZATION|B-AFFILIATION
Armed	I-ORGANIZATION
Forces	I-ORGANIZATION
declared	O
victory	O
after	O
driving	O
out	O
the	O
intruding	O
Pakistan	B-LOCATION
regular	O
army	O
along	O
with	O
jihadist	B-AFFILIATION
mercenaries	O
from	O
the	O
heights	O
in	O
Kargil	B-LOCATION
.	O

Much	O
has	O
been	O
said	O
about	O
the	O
perfidy	O
of	O
Pakistan	B-LOCATION
,	O
who	O
threw	O
February	B-DATE
1999	I-DATE
Lahore	B-LOCATION|B-LOCATION
Declaration	B-MISC
into	O
dustbin	O
and	O
allowed	O
its	O
army	O
to	O
cross	O
the	O
Line	B-LOCATION
of	I-LOCATION
Control	I-LOCATION
(	O
LoC	B-LOCATION
)	O
in	O
Mushkoh	B-LOCATION
-	O
Drass	B-LOCATION
-	O
Kargil	B-LOCATION
-	O
Batalik	B-LOCATION
sectors	O
with	O
the	O
objective	O
to	O
severe	O
the	O
logistics	O
line	O
to	O
southern	B-LOCATION
Siachen	I-LOCATION
Glacier	I-LOCATION
and	O
occupy	O
Indian	B-AFFILIATION
territory	O
in	O
Ladakh	B-LOCATION
sector	O
.	O

The	O
military	O
plan	O
of	O
then	O
Pakistan	B-ORGANIZATION|B-LOCATION
Army	I-ORGANIZATION
General	O
Pervez	B-GIVEN_NAME
Musharraf	B-FAMILY_NAME
,	O
who	O
currently	O
is	O
hospitalized	O
in	O
Dubai	B-LOCATION
,	O
and	O
his	O
chief	O
of	O
General	O
Staff	O
Mohammed	B-GIVEN_NAME
Aziz	B-FAMILY_NAME
was	O
audacious	O
and	O
premised	O
on	O
the	O
notion	O
that	O
the	O
Indian	B-ORGANIZATION|B-AFFILIATION
Army	I-ORGANIZATION
under	O
the	O
leadership	O
of	O
then	O
Prime	O
Minister	O
Atal	B-GIVEN_NAME
Behari	B-FAMILY_NAME
Vajpayee	I-FAMILY_NAME
would	O
not	O
retaliate	O
as	O
this	O
could	O
lead	O
to	O
full	O
-	O
fledged	O
nuclear	O
confrontation	O
between	O
two	O
newly	O
declared	O
nuclear	O
weapon	O
states	O
.	O

And	O
this	O
the	O
international	O
community	O
led	O
by	O
the	O
then	O
friend	O
of	O
Islamabad	B-LOCATION
,	O
the	O
US	B-LOCATION
,	O
would	O
not	O
allow	O
.	O

Pakistan	B-LOCATION
lost	O
the	O
war	O
the	O
day	O
the	O
Indian	B-ORGANIZATION|B-AFFILIATION
Cabinet	I-ORGANIZATION
Committee	I-ORGANIZATION
on	I-ORGANIZATION
Security	I-ORGANIZATION
(	O
CCS	B-ORGANIZATION
)	O
headed	O
by	O
then	O
PM	O
Vajpayee	B-GIVEN_NAME
ordered	O
the	O
Indian	B-ORGANIZATION|B-AFFILIATION
Armed	I-ORGANIZATION
Forces	I-ORGANIZATION
to	O
throw	O
out	O
the	O
Pakistani	B-AFFILIATION
intruders	O
in	O
May	B-DATE
1999	I-DATE
.	O

While	O
the	O
brave	O
Indian	B-AFFILIATION
officers	O
and	O
men	O
of	O
the	O
Indian	B-ORGANIZATION|B-AFFILIATION
Army	I-ORGANIZATION
with	O
force	O
multipliers	O
of	O
the	O
Indian	B-ORGANIZATION|B-AFFILIATION
Air	I-ORGANIZATION
force	I-ORGANIZATION
and	O
the	O
Indian	B-ORGANIZATION|B-AFFILIATION
Navy	I-ORGANIZATION
wrested	O
every	O
inch	O
of	O
territory	O
on	O
the	O
glaciated	O
heights	O
of	O
Kargil	B-LOCATION
from	O
the	O
Pakistani	B-AFFILIATION
intruders	O
with	O
their	O
blood	O
,	O
the	O
then	O
PM	O
Vajpayee	B-GIVEN_NAME
invited	O
the	O
then	O
Pakistani	B-AFFILIATION
dictator	O
Gen	O
Pervez	B-GIVEN_NAME
Musharraf	B-FAMILY_NAME
(	O
who	O
overthrew	O
PM	O
Nawaz	B-GIVEN_NAME
Sharif	B-FAMILY_NAME
in	O
a	O
military	O
coup	O
in	O
October	B-DATE
1999	I-DATE
)	O
for	O
a	O
bilateral	O
dialogue	O
at	O
Agra	B-LOCATION
in	O
July	B-DATE
2001	I-DATE
.	O

The	O
talks	O
ended	O
in	O
a	O
abject	O
failure	O
as	O
the	O
NDA	B-ORGANIZATION
leadership	O
,	O
much	O
to	O
the	O
chagrin	O
of	O
Left	B-AFFILIATION
-	I-AFFILIATION
Liberal	I-AFFILIATION
media	O
,	O
wanted	O
only	O
to	O
discuss	O
cross	O
-	O
border	O
terrorism	O
emanating	O
from	O
Pakistan	B-LOCATION
and	O
refused	O
to	O
cede	O
an	O
inch	O
on	O
Jammu	B-LOCATION
and	O
Kashmir	B-LOCATION
.	O

All	O
the	O
Jhelum	B-LOCATION
,	O
Chenab	B-LOCATION
and	O
soft	O
LoC	B-BRANDS
plans	O
touted	O
by	O
the	O
pro	O
-	O
Pakistan	B-LOCATION
media	O
at	O
that	O
time	O
were	O
consigned	O
to	O
flames	O
.	O

That	O
Pakistan	B-LOCATION
considers	O
India	B-LOCATION
its	O
eternal	O
enemy	O
was	O
the	O
key	O
external	O
lesson	O
from	O
Kargil	B-LOCATION
,	O
which	O
has	O
often	O
been	O
learnt	O
and	O
unlearnt	O
by	O
the	O
Indian	B-AFFILIATION
leadership	O
in	O
the	O
past	O
two	O
decades	O
.	O

The	O
key	O
internal	O
lesson	O
was	O
the	O
urgent	O
need	O
for	O
structures	O
to	O
inculcate	O
synergy	O
and	O
jointmanship	O
between	O
the	O
three	O
arms	O
of	O
the	O
Indian	B-ORGANIZATION|B-AFFILIATION
Armed	I-ORGANIZATION
Forces	I-ORGANIZATION
.	O

One	O
must	O
not	O
forget	O
that	O
the	O
IAF	B-ORGANIZATION
joined	O
the	O
Kargil	B-LOCATION
war	O
a	O
week	O
later	O
after	O
the	O
Indian	B-ORGANIZATION|B-AFFILIATION
Army	I-ORGANIZATION
as	O
it	O
wanted	O
specific	O
cabinet	O
approval	O
.	O

The	O
Indian	B-ORGANIZATION|B-AFFILIATION
Navy	I-ORGANIZATION
âs	O
principal	O
weapon	O
,	O
the	O
aircraft	O
carrier	O
,	O
was	O
under	O
maintenance	O
at	O
the	O
time	O
of	O
Kargil	B-LOCATION
war	O
as	O
it	O
coincidentally	O
is	O
under	O
repairs	O
even	O
today	O
.	O

Despite	O
discussing	O
the	O
issue	O
threadbare	O
,	O
the	O
armed	O
forces	O
are	O
still	O
to	O
come	O
to	O
terms	O
with	O
jointmanship	O
and	O
continue	O
to	O
raise	O
questions	O
and	O
offer	O
opinions	O
publicly	O
on	O
the	O
compact	O
joint	O
military	O
theatre	O
commands	O
.	O

Even	O
though	O
cold	O
start	O
war	O
and	O
integrated	O
battlegroups	O
have	O
been	O
internally	O
discussed	O
by	O
the	O
national	O
security	O
planners	O
,	O
the	O
theatrization	O
of	O
commands	O
is	O
hanging	O
fire	O
as	O
a	O
section	O
of	O
the	O
top	O
brass	O
believes	O
that	O
India	B-LOCATION
is	O
one	O
theatre	O
and	O
hence	O
there	O
should	O
be	O
one	O
command	O
.	O

In	O
this	O
context	O
,	O
Defence	O
Minister	O
Rajnath	B-GIVEN_NAME
Singh	B-FAMILY_NAME
âs	O
statement	O
last	O
Sunday	B-DATE
in	O
Jammu	B-LOCATION
,	O
at	O
a	O
function	O
to	O
honor	O
Kargil	B-LOCATION
heroes	O
,	O
that	O
India	B-LOCATION
will	O
have	O
joint	O
theatre	O
commands	O
of	O
tri	O
-	O
services	O
is	O
very	O
important	O
and	O
sets	O
the	O
tone	O
for	O
the	O
future	O
military	O
reforms	O
.	O

It	O
would	O
be	O
in	O
fitness	O
of	O
things	O
that	O
the	O
joint	O
theatre	O
commands	O
should	O
be	O
announced	O
in	O
the	O
75th	O
year	O
of	O
Independence	O
.	O

Just	O
like	O
military	O
jointmanship	O
for	O
integrated	O
full	O
spectrum	O
warfare	O
,	O
India	B-LOCATION
needs	O
an	O
integrated	O
intelligence	O
mechanism	O
to	O
counter	O
terror	O
,	O
cyber	O
and	O
espionage	O
threat	O
to	O
the	O
country	O
.	O

India	B-LOCATION
needs	O
to	O
add	O
teeth	O
to	O
its	O
counter	O
-	O
intelligence	O
capabilities	O
as	O
the	O
penetration	O
from	O
northern	O
and	O
western	O
neighbors	O
with	O
pliable	O
proxies	O
within	O
grows	O
by	O
the	O
day	O
.	O

When	O
Prime	O
Minister	O
Narendra	B-GIVEN_NAME
Modi	B-FAMILY_NAME
took	O
over	O
as	O
head	O
of	O
government	O
in	O
2014	B-DATE
,	O
there	O
was	O
a	O
proposal	O
that	O
the	O
two	O
major	O
intelligence	O
services	O
of	O
India	B-LOCATION
should	O
join	O
hands	O
operationally	O
to	O
cut	O
the	O
time	O
lag	O
on	O
actionable	O
intelligence	O
as	O
well	O
as	O
counterintelligence	O
.	O

Time	O
has	O
come	O
to	O
remove	O
the	O
dust	O
from	O
that	O
proposal	O
.	O

