Flush	O
with	O
funds	O
,	O
the	O
Bruhat	B-ORGANIZATION
Bengaluru	I-ORGANIZATION
Mahanagara	I-ORGANIZATION
Palike	I-ORGANIZATION
(	O
BBMP	B-ORGANIZATION
)	O
is	O
working	O
on	O
a	O
proposal	O
to	O
procure	O
as	O
many	O
as	O
75	O
mechanical	O
sweeper	O
machines	O
for	O
the	O
upkeep	O
of	O
arterial	O
and	O
sub	O
-	O
arterial	O
roads	O
.	O

The	O
civic	O
body	O
,	O
which	O
currently	O
maintains	O
26	O
such	O
vehicles	O
,	O
is	O
yet	O
to	O
arrive	O
at	O
a	O
consensus	O
on	O
the	O
modalities	O
of	O
operating	O
and	O
maintaining	O
(	O
O	O
&	O
M	O
)	O
the	O
new	O
machines	O
as	O
it	O
involves	O
very	O
high	O
costs	O
.	O

On	O
Monday	B-DATE
,	O
senior	O
officials	O
of	O
the	O
BBMP	B-ORGANIZATION
âs	O
solid	O
waste	O
management	O
(	O
SWM	B-BRANDS
)	O
cell	O
discussed	O
the	O
proposal	O
with	O
Chief	O
Commissioner	O
Tushar	B-GIVEN_NAME
Girinath	B-FAMILY_NAME
,	O
but	O
no	O
decision	O
was	O
made	O
.	O
It	O
is	O
learnt	O
that	O
the	O
civic	O
body	O
is	O
considering	O
purchasing	O
at	O
least	O
half	O
of	O
the	O
machines	O
and	O
another	O
half	O
through	O
what	O
officials	O
call	O
a	O
â	O
service	O
contract	O
â	O
.	O

Under	O
the	O
service	O
contract	O
,	O
the	O
civic	O
body	O
would	O
pay	O
the	O
supplier	O
monthly	O
,	O
based	O
on	O
the	O
performance	O
of	O
the	O
machines	O
.	O

For	O
the	O
purchase	O
of	O
75	O
machines	O
,	O
the	O
BBMP	B-ORGANIZATION
has	O
received	O
a	O
grant	O
of	O
Rs	B-MONEY
50	I-MONEY
crore	I-MONEY
under	O
the	O
15th	B-ORGANIZATION
Finance	I-ORGANIZATION
Commission	I-ORGANIZATION
,	O
another	O
Rs	B-MONEY
15	I-MONEY
crore	I-MONEY
in	O
the	O
Shubra	B-BRANDS
Bengaluru	B-MISC
programme	O
and	O
an	O
additional	O
Rs	B-MONEY
25	I-MONEY
crore	I-MONEY
under	O
the	O
Chief	O
Minister	O
âs	O
Nava	B-BRANDS
Bengaluru	B-MISC
scheme	O
.	O
The	O
grant	O
amounts	O
to	O
Rs	B-MONEY
90	I-MONEY
crore	I-MONEY
.	O
The	O
BBMP	B-ORGANIZATION
may	O
have	O
to	O
use	O
its	O
own	O
resources	O
to	O
meet	O
the	O
cost	O
of	O
maintaining	O
these	O
machines	O
.	O

â	O
We	O
will	O
be	O
using	O
self	O
-	O
propelled	O
machines	O
for	O
sweeping	O
the	O
roads	O
in	O
the	O
Central	B-LOCATION
Business	I-LOCATION
District	I-LOCATION
(	O
CBD	B-LOCATION
)	O
areas	O
and	O
the	O
inner	O
road	O
.	O
Around	O
35	O
machines	O
will	O
be	O
truck	O
-	O
mounted	O
,	O
and	O
they	O
will	O
be	O
deployed	O
in	O
the	O
outer	O
areas	O
,	O
â	O
a	O
BBMP	B-ORGANIZATION
official	O
said	O
.	O

Shrouded	O
in	O
secrecy	O

The	O
BBMP	B-ORGANIZATION
currently	O
operates	O
26	O
mechanised	O
sweeping	O
machines	O
,	O
but	O
the	O
operations	O
of	O
these	O
vehicles	O
are	O
shrouded	O
in	O
secrecy	O
.	O

Of	O
the	O
26	O
vehicles	O
,	O
17	O
are	O
self	O
-	O
propelled	O
and	O
eight	O
are	O
truck	O
-	O
mounted	O
vehicles	O
.	O
It	O
also	O
owns	O
another	O
machine	O
called	O
ride	O
-	O
on	O
sweeper	O
,	O
which	O
can	O
cover	O
smaller	O
lanes	O
.	O
These	O
machines	O
,	O
officials	O
said	O
,	O
have	O
been	O
handed	O
over	O
to	O
all	O
the	O
eight	O
zones	O
.	O

While	O
each	O
machine	O
costs	O
around	O
Rs	B-MONEY
1	I-MONEY
crore	I-MONEY
to	O
Rs	B-MONEY
3	I-MONEY
crore	I-MONEY
,	O
depending	O
on	O
the	O
make	O
,	O
operating	O
these	O
vehicles	O
are	O
equally	O
costly	O
.	O
Each	O
machine	O
is	O
expected	O
to	O
sweep	O
a	O
40	O
-	O
km	O
stretch	O
in	O
an	O
eight	O
-	O
hour	O
shift	O
.	O
As	O
a	O
majority	O
of	O
the	O
roads	O
are	O
filled	O
with	O
dust	O
and	O
sand	O
,	O
there	O
have	O
been	O
concerns	O
over	O
the	O
effective	O
functioning	O
of	O
these	O
machines	O
.	O

When	O
Tushar	B-GIVEN_NAME
Girinath	B-FAMILY_NAME
took	O
charge	O
as	O
BBMP	B-ORGANIZATION
Chief	O
Commissioner	O
,	O
he	O
promised	O
to	O
publish	O
the	O
routes	O
of	O
these	O
machines	O
on	O
the	O
official	O
website	O
.	O
The	O
civic	O
body	O
is	O
yet	O
to	O
make	O
it	O
public	O
.	O

