Srinagar	B-LOCATION
-	O
Article	B-BRANDS
370	B-MISC
was	O
not	O
only	O
a	O
constitutional	O
barrier	O
in	O
the	O
way	O
of	O
Jammu	B-LOCATION
and	O
Kashmir	B-LOCATION
âs	O
full	O
integration	O
with	O
India	B-LOCATION
,	O
but	O
also	O
posed	O
as	O
a	O
cultural	O
and	O
psychological	O
hurdle	O
,	O
BJP	B-ORGANIZATION
âs	O
Tejasvi	B-GIVEN_NAME
Surya	B-FAMILY_NAME
said	O
here	O
on	O
Monday	B-DATE
.	O

Article	O
370	O
,	O
that	O
granted	O
the	O
erstwhile	O
state	O
of	O
J	B-LOCATION
&	I-LOCATION
K	I-LOCATION
special	O
status	O
,	O
was	O
abrogated	O
by	O
the	O
Centre	O
in	O
August	B-DATE
2019	I-DATE
.	O

Surya	B-GIVEN_NAME
,	O
the	O
president	O
of	O
the	O
party	O
âs	O
youth	O
wing	O
,	O
was	O
here	O
to	O
flag	O
off	O
the	O
first	O
-	O
ever	O
Tiranga	B-BRANDS
bikers	O
rally	O
from	O
Lal	B-LOCATION
Chowk	I-LOCATION
to	O
Kargil	B-LOCATION|B-BRANDS
War	I-LOCATION|B-MISC
Memorial	I-LOCATION
.	O

Speaking	O
at	O
the	O
historic	O
Ghanta	B-LOCATION|B-LOCATION
Ghar	I-LOCATION|I-LOCATION
â	I-LOCATION
(	O
clock	O
tower	O
)	O
,	O
Surya	B-GIVEN_NAME
said	O
after	O
the	O
abrogation	O
of	O
Article	O
370	O
,	O
development	O
came	O
to	O
Kashmir	B-LOCATION
and	O
the	O
valley	O
is	O
now	O
done	O
with	O
â	O
terror	O
â	O
.	O

â	O
Kashmir	B-LOCATION
is	O
done	O
with	O
â	O
ism	O
and	O
is	O
on	O
the	O
path	O
of	O
development	O
.	O

We	O
used	O
to	O
hear	O
and	O
read	O
every	O
day	O
about	O
terrorist	O
attacks	O
,	O
stone	O
-	O
pelting	O
,	O
Hurriyat	B-ORGANIZATION
-	O
issued	O
calendars	O
,	O
but	O
today	O
,	O
the	O
same	O
Kashmir	B-LOCATION
is	O
known	O
for	O
its	O
hydro	O
-	O
electric	O
power	O
projects	O
,	O
new	O
expressway	O
,	O
IITs	B-ORGANIZATION
,	O
AIIMS	B-ORGANIZATION
,	O
IIMs	B-ORGANIZATION
,	O
new	O
central	O
universities	O
and	O
new	O
initiatives	O
of	O
development	O
,	O
â	O
he	O
said	O
,	O
adding	O
â	O
This	O
is	O
happening	O
because	O
Prime	O
Minister	O
Narendra	B-GIVEN_NAME
Modi	B-FAMILY_NAME
abrogated	O
370	O
,	O
â	O

The	O
BJP	B-ORGANIZATION
leader	O
said	O
Article	O
370	O
was	O
a	O
cultural	O
and	O
psychological	O
barrier	O
which	O
did	O
not	O
allow	O
us	O
to	O
complete	O
the	O
constitutional	O
vision	O
of	O
Ek	B-BRANDS
Bharat	B-MISC
,	O
Shresth	B-BRANDS
Bharat	B-MISC
â	O
.	O

When	O
Article	O
370	O
was	O
there	O
,	O
the	O
youths	O
of	O
Kashmir	B-LOCATION
were	O
bereft	O
of	O
any	O
opportunities	O
.	O

For	O
education	O
opportunities	O
they	O
were	O
compelled	O
to	O
go	O
to	O
Delhi	B-LOCATION
,	O
Pune	B-LOCATION
,	O
Bengaluru	B-LOCATION
.	O

But	O
a	O
world	O
class	O
education	O
is	O
now	O
available	O
in	O
Kashmir	B-LOCATION
only	O
and	O
there	O
is	O
no	O
need	O
to	O
go	O
outside	O
,	O
â	O
he	O
said	O
.	O

This	O
is	O
the	O
transformation	O
that	O
Modi	B-GIVEN_NAME
has	O
brought	O
.	O

The	O
Bengaluru	B-LOCATION
South	I-LOCATION
MP	O
also	O
claimed	O
that	O
the	O
revocation	O
of	O
Article	O
370	O
empowered	O
women	O
and	O
reserved	O
category	O
people	O
in	O
the	O
Union	B-LOCATION
Territory	I-LOCATION
.	O

We	O
are	O
at	O
an	O
opportune	O
time	O
in	O
history	O
where	O
the	O
next	O
25	B-DURATION
years	I-DURATION
will	O
determine	O
the	O
peaceful	O
,	O
prosperous	O
future	O
of	O
J	B-LOCATION
&	I-LOCATION
K	I-LOCATION
and	O
the	O
rest	O
of	O
Bharat	B-LOCATION
,	O
he	O
said	O
.	O

After	O
the	O
independence	O
,	O
Shyama	B-GIVEN_NAME
Prasad	B-FAMILY_NAME
Mukherjee	I-FAMILY_NAME
called	O
for	O
Kashmir	B-LOCATION
âs	O
complete	O
constitutional	O
integration	O
with	O
India	B-LOCATION
,	O
and	O
it	O
was	O
Modi	B-GIVEN_NAME
who	O
fulfilled	O
that	O
job	O
,	O
he	O
said	O
.	O

Now	O
,	O
it	O
is	O
our	O
responsibility	O
to	O
take	O
forward	O
this	O
work	O
of	O
constitutional	O
integration	O
and	O
do	O
J	B-LOCATION
&	I-LOCATION
K	I-LOCATION
âs	O
complete	O
cultural	O
,	O
social	O
and	O
economic	O
de	O
-	O
integration	O
.	O

This	O
is	O
an	O
important	O
civilisational	O
task	O
that	O
the	O
young	O
of	O
India	B-LOCATION
and	O
young	O
of	O
Kashmir	B-LOCATION
must	O
take	O
,	O
he	O
said	O
.	O

Surya	B-GIVEN_NAME
said	O
â	O
tourism	O
and	O
terrorism	O
â	O
cannot	O
co	O
-	O
exist	O
in	O
Kashmir	B-LOCATION
.	O

â	O
Kashmir	B-LOCATION
saw	O
the	O
highest	O
tourist	O
footfall	O
in	O
its	O
history	O
this	O
year	O
only	O
.	O
Lakhs	O
of	O
youth	O
got	O
employment	O
opportunities	O
because	O
of	O
tourism	O
.	O
This	O
has	O
proved	O
one	O
thing	O
â	O
tourism	O
and	O
terrorism	O
cannot	O
co	O
-	O
exist	O
,	O
â	O
he	O
said	O
.	O

â	O
The	O
youth	O
of	O
Kashmir	B-LOCATION
today	O
has	O
proved	O
that	O
they	O
are	O
against	O
â	O
ism	O
,	O
want	O
to	O
end	O
it	O
,	O
and	O
avail	O
new	O
opportunities	O
in	O
tourism	O
.	O
This	O
is	O
the	O
new	O
path	O
of	O
development	O
that	O
young	O
people	O
of	O
Kashmir	B-LOCATION
have	O
started	O
,	O
â	O
he	O
said	O
.	O

Surya	B-GIVEN_NAME
also	O
appealed	O
to	O
young	O
industrialists	O
,	O
entrepreneurs	O
,	O
investors	O
,	O
and	O
visionaries	O
from	O
across	O
the	O
country	O
to	O
invest	O
in	O
Kashmir	B-LOCATION
.	O

New	O
industries	O
should	O
be	O
started	O
in	O
Kashmir	B-LOCATION
,	O
new	O
colleges	O
,	O
medical	O
schools	O
,	O
start	O
-	O
ups	O
be	O
set	O
up	O
in	O
Kashmir	B-LOCATION
.	O

The	O
youth	O
of	O
Kashmir	B-LOCATION
are	O
hard	O
working	O
,	O
intelligent	O
and	O
because	O
of	O
the	O
lack	O
of	O
opportunities	O
,	O
they	O
have	O
not	O
progressed	O
.	O
The	O
unicorns	O
of	O
India	B-LOCATION
âs	O
tomorrow	O
must	O
come	O
from	O
Kashmir	B-LOCATION
.	O
Leaders	O
who	O
can	O
lead	O
the	O
country	O
should	O
come	O
from	O
Kashmir	B-LOCATION
,	O
he	O
said	O
.	O

Surya	B-GIVEN_NAME
said	O
the	O
rule	O
of	O
two	O
families	O
has	O
come	O
to	O
a	O
full	O
stop	O
after	O
the	O
abrogation	O
of	O
Article	O
370	O
apparently	O
referring	O
to	O
Abdullahs	B-AFFILIATION
and	O
Muftis	B-AFFILIATION
,	O
members	O
of	O
which	O
families	O
ruled	O
the	O
state	O
at	O
different	O
times	O
.	O

Mehbooba	B-GIVEN_NAME
Mufti	B-FAMILY_NAME
or	O
Omar	B-GIVEN_NAME
Abdullah	B-FAMILY_NAME
âs	O
shops	O
have	O
shut	O
.	O
Democracy	O
is	O
flourishing	O
at	O
the	O
panchayat	O
level	O
,	O
grassroots	O
level	O
today	O
in	O
a	O
spirited	O
manner	O
.	O
I	O
have	O
met	O
many	O
young	O
leaders	O
.	O
New	O
parties	O
are	O
coming	O
up	O
here	O
which	O
are	O
working	O
on	O
the	O
nationalistic	O
agenda	O
rather	O
than	O
the	O
separatist	B-AFFILIATION
agenda	O
,	O
he	O
said	O
.	O

Pakistani	B-AFFILIATION
-	O
sponsored	O
elements	O
continue	O
to	O
attack	O
young	O
activists	O
from	O
BJP	B-ORGANIZATION
to	O
destroy	O
the	O
democracy	O
in	O
Kashmir	B-LOCATION
,	O
he	O
said	O
,	O
as	O
he	O
paid	O
tributes	O
to	O
the	O
BJP	B-ORGANIZATION
workers	O
killed	O
by	O
militants	O
in	O
the	O
valley	O
.	O

Towards	O
the	O
end	O
,	O
the	O
BJP	B-ORGANIZATION
leader	O
read	O
out	O
a	O
few	O
verses	O
from	O
an	O
anti	O
-	O
war	O
poem	O
by	O
Pandit	B-GIVEN_NAME
Deenanath	B-FAMILY_NAME
Kaul	I-FAMILY_NAME
Nadim	I-FAMILY_NAME
â	O
which	O
talks	O
about	O
a	O
new	O
dawn	O
and	O
a	O
better	O
future	O
.	O

