TEHRAN	B-LOCATION
â	O
A	O
British	B-AFFILIATION
political	O
expert	O
says	O
Arab	B-AFFILIATION
states	O
,	O
specifically	O
those	O
on	O
the	O
southern	O
shores	O
of	O
the	O
Persian	B-LOCATION
Gulf	I-LOCATION
,	O
â	O
understand	O
that	O
their	O
inclusion	O
in	O
a	O
U.	B-LOCATION
S.	I-LOCATION
-	O
Israeli	B-AFFILIATION
military	O
confrontation	O
with	O
Iran	B-LOCATION
is	O
a	O
horrible	O
idea	O
.	O
â	O

Robert	B-GIVEN_NAME
Inlakesh	B-FAMILY_NAME
also	O
says	O
Saudi	B-LOCATION
Arabia	I-LOCATION
has	O
never	O
supported	O
the	O
Palestinian	B-AFFILIATION
resistance	O
against	O
the	O
Israeli	B-AFFILIATION
occupation	O
.	O

â	O
Saudi	B-LOCATION
Arabia	I-LOCATION
has	O
never	O
been	O
a	O
friend	O
to	O
the	O
Palestinian	B-AFFILIATION
resistance	O
,	O
nor	O
any	O
camp	O
of	O
resistance	O
in	O
the	O
region	O
,	O
â	O
Inlakesh	B-GIVEN_NAME
tells	O
the	O
Tehran	B-ORGANIZATION|B-LOCATION
Times	I-ORGANIZATION
.	O

The	O
British	B-AFFILIATION
expert	O
also	O
says	O
,	O
â	O
Saudi	B-LOCATION
Arabia	I-LOCATION
,	O
like	O
the	O
UAE	B-LOCATION
,	O
has	O
long	O
maintained	O
secretive	O
ties	O
with	O
Israel	B-LOCATION
and	O
now	O
openly	O
admits	O
that	O
it	O
views	O
a	O
normalization	O
deal	O
as	O
being	O
â	O
strategic	O
â	O
in	O
nature	O
.	O
â	O

Following	O
is	O
the	O
text	O
of	O
the	O
interview	O
:	O

Q	O
:	O
How	O
do	O
you	O
see	O
Biden	B-GIVEN_NAME
's	O
trip	O
to	O
Israel	B-LOCATION
and	O
Palestine	B-LOCATION
?	O

Is	O
there	O
any	O
meaningful	O
change	O
in	O
U.	B-LOCATION
S.	I-LOCATION
attitudes	O
and	O
behavior	O
when	O
it	O
comes	O
to	O
Palestine	B-LOCATION
?	O

A	O
:	O
Joe	B-GIVEN_NAME
Biden	B-FAMILY_NAME
's	O
trip	O
could	O
have	O
had	O
the	O
potential	O
for	O
advancing	O
U.	B-LOCATION
S.	I-LOCATION
and	O
Israeli	B-AFFILIATION
interests	O
in	O
the	O
region	O
,	O
instead	O
,	O
his	O
visit	O
amounted	O
to	O
meaningless	O
platitudes	O
and	O
the	O
assertion	O
of	O
outdated	O
Democratic	B-ORGANIZATION
Party	I-ORGANIZATION
policy	O
positions	O
.	O

What	O
has	O
become	O
clear	O
is	O
that	O
the	O
U.	B-LOCATION
S.	I-LOCATION
has	O
no	O
clear	O
solutions	O
,	O
not	O
only	O
when	O
it	O
comes	O
to	O
its	O
Palestine	B-LOCATION
-	O
Israel	B-LOCATION
policy	O
positions	O
but	O
also	O
in	O
the	O
wider	O
region	O
.	O

The	O
difference	O
here	O
is	O
that	O
whilst	O
the	O
Trump	B-GIVEN_NAME
administration	O
took	O
an	O
aggressively	O
pro	O
-	O
Israel	B-LOCATION
stance	O
,	O
completely	O
undermining	O
all	O
those	O
in	O
opposition	O
to	O
Tel	B-LOCATION
Aviv	I-LOCATION
's	O
interests	O
,	O
the	O
Biden	B-GIVEN_NAME
administration	O
has	O
attempted	O
to	O
pretend	O
as	O
if	O
they	O
can	O
simply	O
go	O
back	O
to	O
the	O
old	O
policy	O
positions	O
traditionally	O
held	O
by	O
the	O
United	B-LOCATION
States	I-LOCATION
;	O
lightly	O
condemning	O
some	O
of	O
the	O
more	O
outrageous	O
Israeli	B-AFFILIATION
actions	O
,	O
without	O
actually	O
holding	O
them	O
accountable	O
and	O
giving	O
lip	O
-	O
service	O
to	O
reviving	O
a	O
non	O
-	O
existent	O
"	O
peace	O
process	O
"	O
.	O

The	O
trip	O
seemed	O
to	O
be	O
more	O
focused	O
on	O
assuring	O
the	O
support	O
of	O
different	O
Israeli	B-AFFILIATION
political	O
forces	O
,	O
as	O
the	O
Zionist	B-AFFILIATION
regime	O
prepares	O
itself	O
for	O
another	O
round	O
of	O
elections	O
in	O
a	O
few	O
months	O
,	O
rather	O
than	O
focusing	O
on	O
wider	O
issues	O
.	O

Q	O
:	O
Is	O
there	O
any	O
hope	O
that	O
the	O
Biden	B-GIVEN_NAME
administration	O
will	O
advance	O
peace	O
talks	O
between	O
Palestinians	B-AFFILIATION
and	O
Israel	B-LOCATION
?	O

A	O
:	O
No	O
.	O

It	O
's	O
not	O
even	O
on	O
the	O
U.	B-LOCATION
S.	I-LOCATION
agenda	O
and	O
does	O
n't	O
seem	O
to	O
be	O
of	O
interest	O
to	O
the	O
Biden	B-GIVEN_NAME
administration	O
.	O

The	O
Oslo	B-LOCATION
Accords	B-MISC
are	O
only	O
alive	O
in	O
the	O
rotting	O
minds	O
of	O
the	O
Palestinian	B-ORGANIZATION|B-AFFILIATION
Authority	I-ORGANIZATION
(	O
PA	B-ORGANIZATION
)	O
elite	O
-	O
who	O
have	O
no	O
popular	O
support	O
from	O
the	O
Palestinian	B-AFFILIATION
people	O
-	O
and	O
the	O
US	B-LOCATION
politicians	O
who	O
refuse	O
to	O
accept	O
that	O
Israel	B-LOCATION
is	O
becoming	O
more	O
extreme	O
by	O
the	O
day	O
and	O
has	O
resorted	O
to	O
its	O
rhetoric	O
,	O
on	O
the	O
Palestinians	B-AFFILIATION
,	O
that	O
it	O
formerly	O
held	O
to	O
during	O
the	O
1970s	B-DATE
and	O
early	O
'	B-DATE
80s	I-DATE
.	O
The	O
joke	O
of	O
the	O
so	O
-	O
called	O
"	O
Two	O
-	O
State	O
Solution	O
"	O
can	O
be	O
seen	O
clearly	O
through	O
Joe	B-GIVEN_NAME
Biden	B-FAMILY_NAME
's	O
entertainment	O
of	O
PA	B-ORGANIZATION
President	O
Mahmoud	B-GIVEN_NAME
Abbas	B-FAMILY_NAME
's	O
,	O
"	O
Arab	B-AFFILIATION
Peace	B-MISC
Initiative	I-MISC
"	O
talk	O
,	O
an	O
initiative	O
that	O
died	O
in	O
the	O
late	O
2000s	B-DATE
and	O
the	O
final	O
nails	O
in	O
its	O
coffin	O
came	O
with	O
the	O
recent	O
wave	O
of	O
Arab	B-AFFILIATION
normalization	O
.	O
In	O
reality	O
,	O
the	O
US	B-LOCATION
official	O
position	O
,	O
of	O
fostering	O
further	O
Arab	B-AFFILIATION
normalization	O
deals	O
,	O
contradicts	O
its	O
alleged	O
support	O
for	O
a	O
peace	O
settlement	O
based	O
on	O
the	O
1967	B-DATE
borders	O
.	O
The	O
only	O
way	O
that	O
there	O
could	O
ever	O
be	O
a	O
revival	O
of	O
"	O
peace	O
talks	O
"	O
and	O
a	O
return	O
to	O
the	O
Oslo	B-LOCATION
Accords	B-MISC
,	O
is	O
if	O
the	O
Palestinian	B-ORGANIZATION|B-AFFILIATION
Authority	I-ORGANIZATION
has	O
political	O
leverage	O
and	O
it	O
only	O
has	O
two	O
means	O
of	O
achieving	O
that	O
leverage	O
;	O
number	O
one	O
is	O
through	O
the	O
backing	O
of	O
the	O
Arab	B-AFFILIATION
world	O
and	O
number	O
two	O
is	O
through	O
armed	O
struggle	O
.	O
The	O
PA	B-ORGANIZATION
is	O
viewed	O
as	O
something	O
of	O
a	O
joke	O
in	O
the	O
Arab	B-AFFILIATION
world	O
,	O
it	O
has	O
no	O
power	O
,	O
not	O
even	O
symbolically	O
anymore	O
.	O
The	O
PA	B-ORGANIZATION
also	O
serves	O
as	O
a	O
South	B-LOCATION
Lebanon	I-LOCATION
army	O
-	O
type	O
force	O
that	O
not	O
only	O
refuses	O
to	O
resist	O
Israel	B-LOCATION
but	O
instead	O
serves	O
the	O
sole	O
function	O
of	O
combating	O
Palestinian	B-AFFILIATION
resistance	O
and	O
aiding	O
the	O
Israeli	B-AFFILIATION
occupation	O
in	O
being	O
the	O
domestic	O
police	O
force	O
of	O
the	O
West	B-ORGANIZATION
Bank	I-ORGANIZATION
,	O
this	O
is	O
the	O
only	O
reason	O
that	O
the	O
U.	B-LOCATION
S.	I-LOCATION
has	O
not	O
sanctioned	O
it	O
yet	O
,	O
because	O
the	O
PA	B-ORGANIZATION
is	O
in	O
the	O
way	O
of	O
Palestinian	B-AFFILIATION
liberation	O
and	O
is	O
Israel	B-LOCATION
's	O
only	O
hope	O
in	O
controlling	O
the	O
West	B-ORGANIZATION
Bank	I-ORGANIZATION
.	O

Q	O
:	O
How	O
do	O
you	O
see	O
the	O
position	O
of	O
Arab	B-AFFILIATION
states	O
,	O
especially	O
Saudi	B-LOCATION
Arabia	I-LOCATION
,	O
toward	O
Palestine	B-LOCATION
?	O
There	O
are	O
reports	O
that	O
claim	O
Riyadh	B-LOCATION
has	O
established	O
secret	O
ties	O
with	O
Israel	B-LOCATION
but	O
is	O
reluctant	O
to	O
reveal	O
it	O
.	O

A	O
:	O
Saudi	B-LOCATION
Arabia	I-LOCATION
,	O
like	O
the	O
UAE	B-LOCATION
,	O
has	O
long	O
maintained	O
secretive	O
ties	O
with	O
Israel	B-LOCATION
and	O
now	O
openly	O
admits	O
that	O
it	O
views	O
a	O
normalization	O
deal	O
as	O
being	O
"	O
strategic	O
"	O
in	O
nature	O
.	O
Like	O
Abu	B-LOCATION
Dhabi	I-LOCATION
,	O
Riyadh	B-LOCATION
is	O
attempting	O
to	O
diversify	O
its	O
economy	O
and	O
may	O
be	O
looking	O
at	O
opening	O
up	O
its	O
ties	O
with	O
Israel	B-LOCATION
further	O
in	O
the	O
future	O
,	O
unlike	O
the	O
UAE	B-LOCATION
;	O
Riyadh	B-LOCATION
has	O
many	O
other	O
factors	O
to	O
consider	O
for	O
the	O
longevity	O
of	O
its	O
own	O
leadership	O
if	O
they	O
seek	O
normalization	O
with	O
Israel	B-LOCATION
.	O
In	O
my	O
opinion	O
,	O
opening	O
up	O
their	O
airspace	O
to	O
the	O
Israelis	B-AFFILIATION
is	O
a	O
form	O
of	O
normalization	O
and	O
their	O
continual	O
"	O
secret	O
"	O
meetings	O
with	O
members	O
of	O
Israel	B-LOCATION
's	O
military	O
,	O
political	O
,	O
and	O
intelligence	O
leaderships	O
suggests	O
that	O
they	O
have	O
already	O
normalized	O
ties	O
;	O
it	O
's	O
just	O
lacking	O
an	O
open	O
economic	O
and	O
symbolic	O
relationship	O
at	O
this	O
point	O
that	O
is	O
left	O
.	O
Saudi	B-LOCATION
Arabia	I-LOCATION
has	O
never	O
been	O
a	O
friend	O
to	O
the	O
Palestinian	B-AFFILIATION
resistance	O
,	O
nor	O
any	O
camp	O
of	O
resistance	O
in	O
the	O
region	O
and	O
is	O
a	O
reactionary	O
regime	O
that	O
seeks	O
to	O
follow	O
along	O
with	O
whatever	O
policy	O
their	O
ruling	O
elite	O
suggest	O
is	O
best	O
for	O
them	O
.	O
Now	O
,	O
however	O
,	O
the	O
U.	B-LOCATION
S.	I-LOCATION
is	O
not	O
the	O
only	O
foreign	O
power	O
that	O
they	O
have	O
to	O
consider	O
,	O
so	O
it	O
is	O
notable	O
that	O
no	O
such	O
Arab	B-AFFILIATION
-	O
Israeli	B-AFFILIATION
air	O
defense	O
alliance	O
has	O
been	O
formed	O
-	O
as	O
many	O
suggested	O
would	O
be	O
an	O
outcome	O
of	O
Biden	B-GIVEN_NAME
's	O
visit	O
to	O
the	O
region	O
-	O
instead	O
,	O
opting	O
to	O
stay	O
out	O
of	O
any	O
Israeli	B-AFFILIATION
-	O
U.	B-LOCATION
S.	I-LOCATION
plot	O
to	O
put	O
them	O
in	O
the	O
firing	O
line	O
for	O
now	O
.	O

Q	O
:	O
Do	O
you	O
think	O
Biden	B-GIVEN_NAME
can	O
unite	O
the	O
Arab	B-AFFILIATION
world	O
against	O
Iran	B-LOCATION
?	O

A	O
:	O
Unlike	O
was	O
the	O
case	O
in	O
the	O
past	O
,	O
the	O
U.	B-LOCATION
S.	I-LOCATION
no	O
longer	O
possesses	O
the	O
power	O
that	O
its	O
rhetoric	O
suggests	O
.	O
Prior	O
to	O
Biden	B-GIVEN_NAME
's	O
visit	O
,	O
the	O
Hashemite	B-AFFILIATION
ruler	O
of	O
Jordan	B-LOCATION
,	O
King	O
Abdullah	B-GIVEN_NAME
II	B-FAMILY_NAME
,	O
had	O
suggested	O
the	O
idea	O
of	O
an	O
"	O
Arab	B-AFFILIATION
NATO	B-ORGANIZATION
"	O
,	O
yet	O
this	O
was	O
not	O
even	O
discussed	O
with	O
Riyadh	B-LOCATION
,	O
according	O
to	O
official	O
accounts	O
.	O
The	O
Arab	B-AFFILIATION|B-AFFILIATION
Summit	B-MISC
did	O
not	O
conclude	O
a	O
GCC	B-ORGANIZATION
air	O
-	O
defense	O
alliance	O
with	O
Israel	B-LOCATION
,	O
something	O
that	O
many	O
saw	O
as	O
the	O
worst	O
-	O
case	O
scenario	O
-	O
from	O
a	O
U.	B-LOCATION
S.	I-LOCATION
point	O
of	O
view	O
-	O
of	O
Biden	B-GIVEN_NAME
's	O
visit	O
,	O
in	O
the	O
event	O
that	O
nothing	O
else	O
significant	O
could	O
be	O
achieved	O
.	O
From	O
the	O
get	O
-	O
go	O
,	O
the	O
UAE	B-LOCATION
opted	O
out	O
of	O
any	O
Arab	B-AFFILIATION
-	O
Israel	B-LOCATION
alliance	O
,	O
voicing	O
its	O
intent	O
to	O
form	O
closer	O
ties	O
with	O
Tehran	B-LOCATION
,	O
what	O
this	O
demonstrates	O
is	O
that	O
the	O
Arab	B-AFFILIATION
regimes	O
,	O
specifically	O
the	O
GCC	B-ORGANIZATION
countries	O
,	O
understand	O
that	O
their	O
inclusion	O
in	O
a	O
U.	B-LOCATION
S.	I-LOCATION
-	O
Israeli	B-AFFILIATION
military	O
confrontation	O
with	O
Iran	B-LOCATION
is	O
a	O
horrible	O
idea	O
.	O
The	O
GCC	B-ORGANIZATION
nations	O
are	O
focused	O
on	O
maintaining	O
their	O
wealth	O
,	O
opening	O
themselves	O
up	O
to	O
tourism	O
,	O
and	O
getting	O
caught	O
in	O
the	O
middle	O
of	O
war	O
is	O
counterproductive	O
to	O
their	O
goals	O
,	O
something	O
which	O
the	O
UAE	B-LOCATION
quickly	O
got	O
a	O
grasp	O
of	O
earlier	O
this	O
year	O
when	O
the	O
Yemeni	B-AFFILIATION
resistance	O
targeted	O
Dubai	B-LOCATION
and	O
Abu	B-LOCATION
Dhabi	I-LOCATION
.	O

As	O
an	O
interesting	O
side	O
note	O
,	O
the	O
so	O
-	O
called	O
"	O
Jerusalem	B-LOCATION|B-LOCATION
Declaration''	B-MISC
,	O
signed	O
between	O
Washington	B-LOCATION
and	O
Tel	B-LOCATION
Aviv	I-LOCATION
,	O
included	O
"	O
maintaining	O
Israel	B-LOCATION
's	O
qualitative	O
military	O
edge	O
over	O
the	O
region	O
"	O
,	O
something	O
which	O
helps	O
with	O
what	O
Israel	B-LOCATION
calls	O
its	O
"	O
deterrence	O
capacity	O
"	O
.	O
No	O
such	O
thing	O
exists	O
anymore	O
,	O
the	O
only	O
place	O
Israel	O
has	O
superiority	O
is	O
in	O
the	O
air	O
and	O
you	O
cannot	O
win	O
a	O
war	O
purely	O
through	O
F	B-BRANDS
-	I-BRANDS
16	I-BRANDS
s	I-BRANDS
and	O
F	B-BRANDS
-	I-BRANDS
35	I-BRANDS
s	I-BRANDS
.	O

The	O
air	O
defense	O
systems	O
of	O
the	O
U.	B-LOCATION
S.	I-LOCATION
and	O
Israel	B-LOCATION
are	O
extremely	O
limited	O
in	O
what	O
they	O
can	O
do	O
against	O
the	O
more	O
sophisticated	O
weapons	O
produced	O
by	O
Iran	B-LOCATION
and	O
its	O
allies	O
,	O
this	O
is	O
something	O
that	O
I	O
'm	O
sure	O
the	O
GCC	B-ORGANIZATION
nations	O
have	O
taken	O
note	O
of	O
.	O
When	O
Ansarallah	B-ORGANIZATION
struck	O
Abu	B-LOCATION
Dhabi	I-LOCATION
during	O
Israeli	B-AFFILIATION
President	O
Isaac	B-GIVEN_NAME
Herzog	B-FAMILY_NAME
's	O
visit	O
,	O
it	O
sent	O
a	O
clear	O
message	O
,	O
your	O
only	O
option	O
is	O
a	O
dialogue	O
with	O
the	O
camp	O
of	O
resistance	O
and	O
there	O
is	O
no	O
military	O
solution	O
.	O
This	O
is	O
a	O
lesson	O
that	O
the	O
GCC	B-ORGANIZATION
appears	O
to	O
be	O
learning	O
,	O
but	O
the	O
arrogance	O
of	O
the	O
U.	B-LOCATION
S.	I-LOCATION
and	O
Israel	B-LOCATION
is	O
preventing	O
them	O
from	O
accepting	O
reality	O
,	O
their	O
understanding	O
of	O
the	O
region	O
seems	O
to	O
exist	O
in	O
the	O
confines	O
of	O
the	O
1990s	B-DATE
and	O
early	O
2000s	B-DATE
.	O

Q	O
:	O
Could	O
you	O
give	O
us	O
a	O
comparison	O
between	O
the	O
Biden	B-GIVEN_NAME
,	O
Trump	B-GIVEN_NAME
,	O
and	O
Obama	B-GIVEN_NAME
administrations	O
when	O
it	O
comes	O
to	O
the	O
Palestine	B-LOCATION
-	O
Israel	B-LOCATION
conflict	O
?	O

A	O
:	O
The	O
Obama	B-GIVEN_NAME
administration	O
did	O
not	O
seem	O
to	O
value	O
a	O
so	O
-	O
called	O
peace	O
solution	O
as	O
an	O
important	O
foreign	O
policy	O
goal	O
,	O
the	O
former	O
U.	B-LOCATION
S.	I-LOCATION
administration	O
seemed	O
to	O
have	O
attempted	O
to	O
maintain	O
the	O
status	O
quo	O
and	O
refused	O
to	O
prioritize	O
the	O
issue	O
.	O
During	O
Barack	B-GIVEN_NAME
Obama	B-FAMILY_NAME
's	O
Presidency	O
,	O
however	O
,	O
an	O
important	O
development	O
was	O
the	O
deterioration	O
of	O
the	O
relationship	O
between	O
former	O
Israeli	B-AFFILIATION
Premier	O
,	O
Benjamin	B-GIVEN_NAME
Netanyahu	B-FAMILY_NAME
,	O
and	O
the	O
Democratic	B-ORGANIZATION|B-AFFILIATION
Party	I-ORGANIZATION
,	O
this	O
occurred	O
during	O
the	O
buildup	O
to	O
the	O
signing	O
of	O
the	O
Iran	B-LOCATION
nuclear	O
deal	O
of	O
2015	B-DATE
.	O
During	O
the	O
Trump	B-DATE
years	O
,	O
the	O
neo	B-AFFILIATION
-	I-AFFILIATION
Conservative	I-AFFILIATION
hardline	O
approach	O
was	O
then	O
taken	O
on	O
the	O
Palestine	B-LOCATION
-	O
Israel	B-LOCATION
conflict	O
,	O
it	O
was	O
a	O
militantly	O
pro	O
-	O
Israel	B-LOCATION
administration	O
that	O
followed	O
the	O
Likud	B-ORGANIZATION
Party	I-ORGANIZATION
's	O
every	O
desire	O
and	O
cared	O
little	O
even	O
for	O
the	O
Palestinian	B-ORGANIZATION|B-AFFILIATION
Authority	I-ORGANIZATION
,	O
even	O
attempting	O
to	O
destroy	O
it	O
.	O
The	O
Biden	B-GIVEN_NAME
administration	O
now	O
pursues	O
an	O
incoherent	O
policy	O
,	O
it	O
pledges	O
support	O
to	O
Israel	B-LOCATION
and	O
is	O
attempting	O
to	O
keep	O
the	O
rapidly	O
declining	O
PA	B-ORGANIZATION
in	O
power	O
;	O
at	O
the	O
same	O
time	O
,	O
however	O
,	O
it	O
chases	O
Arab	B-AFFILIATION
normalization	O
and	O
simultaneously	O
claims	O
to	O
maintain	O
the	O
policy	O
positions	O
that	O
the	O
Obama	B-GIVEN_NAME
administration	O
took	O
,	O
whilst	O
again	O
refusing	O
to	O
undo	O
many	O
of	O
the	O
pro	O
-	O
Israel	B-LOCATION
moves	O
taken	O
by	O
the	O
Trump	B-GIVEN_NAME
administration	O
.	O
Whilst	O
it	O
was	O
clear	O
to	O
read	O
the	O
Obama	B-GIVEN_NAME
and	O
Trump	B-GIVEN_NAME
administrations	O
'	O
positions	O
,	O
Biden	B-GIVEN_NAME
's	O
government	O
seems	O
to	O
be	O
all	O
over	O
the	O
place	O
and	O
asleep	O
at	O
the	O
wheel	O
,	O
whilst	O
maintaining	O
all	O
the	O
arrogance	O
of	O
the	O
governments	O
it	O
follows	O
.	O

