Iran	B-LOCATION
condemns	O
deadly	O
attack	O
on	O
Zakho	B-LOCATION
,	I-LOCATION
Iraq	I-LOCATION

TEHRAN	B-LOCATION
â	O

The	O
spokesperson	O
for	O
the	O
Iranian	B-ORGANIZATION|B-AFFILIATION
Ministry	I-ORGANIZATION
of	I-ORGANIZATION
Foreign	I-ORGANIZATION
Affairs	I-ORGANIZATION
,	O
Nasser	B-GIVEN_NAME
Kanaani	B-FAMILY_NAME
,	O
condemned	O
the	O
Wednesday	B-DATE
shelling	O
of	O
the	O
Iraqi	B-AFFILIATION
city	O
of	O
Zakho	B-LOCATION
in	O
northern	B-LOCATION
Dohuk	I-LOCATION
province	I-LOCATION
,	O
which	O
resulted	O
in	O
the	O
death	O
of	O
10	O
and	O
injury	O
of	O
31	O
civilians	O
.	O

Duhok	B-LOCATION
province	I-LOCATION
is	O
located	O
in	O
the	O
Iraqi	B-AFFILIATION
Kurdistan	B-LOCATION
Region	I-LOCATION
.	O

The	O
spokesperson	O
expressed	O
his	O
sympathy	O
with	O
the	O
families	O
of	O
the	O
victims	O
as	O
well	O
as	O
the	O
Iraqi	B-AFFILIATION
government	O
and	O
nation	O
,	O
stressing	O
Iran	B-LOCATION
âs	O
firm	O
support	O
for	O
the	O
stability	O
and	O
security	O
of	O
Iraq	B-LOCATION
.	O

He	O
added	O
,	O
â	O
The	O
Islamic	B-LOCATION
Republic	I-LOCATION
of	I-LOCATION
Iran	I-LOCATION
considers	O
the	O
secuArity	O
of	O
Iraq	B-LOCATION
as	O
its	O
own	O
security	O
and	O
will	O
not	O
hesitate	O
to	O
provide	O
any	O
assistance	O
in	O
this	O
regard	O
.	O
â	O

After	O
alleging	O
that	O
Turkey	B-LOCATION
carried	O
out	O
a	O
strike	O
on	O
a	O
mountain	O
resort	O
in	O
the	O
northern	O
region	O
of	O
Dohuk	B-LOCATION
,	O
the	O
Iraqi	B-AFFILIATION
government	O
announced	O
it	O
will	O
recall	O
its	O
charge	O
d'affaires	O
in	O
Turkey	B-LOCATION
for	O
dialogue	O
.	O

According	O
to	O
Reuters	B-ORGANIZATION
,	O
Turkey	B-LOCATION
denied	O
carrying	O
out	O
a	O
strike	O
and	O
said	O
the	O
attack	O
was	O
a	O
terror	O
act	O
.	O

On	O
Wednesday	B-DATE
,	O
Iraq	B-LOCATION
's	O
Cabinet	B-ORGANIZATION
also	O
advised	O
the	O
foreign	O
ministry	O
to	O
call	O
Turkey	B-LOCATION
's	O
envoy	O
in	O
Baghdad	B-LOCATION
to	O
denounce	O
the	O
incident	O
.	O

Later	O
,	O
the	O
Iraqi	B-AFFILIATION
foreign	O
ministry	O
on	O
Thursday	B-DATE
handed	O
a	O
strongly	O
-	O
worded	O
note	O
of	O
protest	O
to	O
the	O
Turkish	B-AFFILIATION
ambassador	O
to	O
Baghdad	B-LOCATION
.	O

Children	O
were	O
among	O
the	O
victims	O
,	O
including	O
a	O
one	O
-	O
year	O
-	O
old	O
,	O
according	O
to	O
the	O
Kurdish	B-AFFILIATION
health	O
minister	O
,	O
who	O
added	O
that	O
all	O
of	O
the	O
victims	O
died	O
before	O
reaching	O
a	O
hospital	O
.	O

Turkish	B-AFFILIATION
Foreign	O
Minister	O
Mevlut	B-GIVEN_NAME
Cavusoglu	B-FAMILY_NAME
advised	O
the	O
Iraqi	B-ORGANIZATION|B-AFFILIATION
government	I-ORGANIZATION
on	O
Thursday	B-DATE
â	O
not	O
to	O
fall	O
in	O
this	O
trap	O
.	O
â	O

Turkey	B-LOCATION
has	O
stated	O
that	O
it	O
had	O
no	O
involvement	O
in	O
the	O
massacre	O
of	O
civilians	O
in	O
Zakho	B-LOCATION
and	O
that	O
the	O
PKK	B-ORGANIZATION
was	O
responsible	O
.	O

At	O
the	O
same	O
time	O
,	O
it	O
has	O
stated	O
that	O
it	O
is	O
willing	O
to	O
investigate	O
this	O
matter	O
with	O
Iraq	B-LOCATION
.	O

â	O
Turkey	B-LOCATION
has	O
increased	O
its	O
level	O
of	O
insolence	O
.	O

This	O
is	O
because	O
it	O
thinks	O
that	O
Iraq	B-LOCATION
is	O
incapable	O
of	O
responding	O
and	O
it	O
is	O
enough	O
to	O
issue	O
a	O
statement	O
from	O
the	O
Foreign	B-ORGANIZATION
Ministry	I-ORGANIZATION
,	O
â	O
said	O
Muqtada	B-GIVEN_NAME
Sadr	B-FAMILY_NAME
,	O
the	O
leader	O
of	O
the	O
Sadrist	B-AFFILIATION
movement	O
.	O

Sadr	B-GIVEN_NAME
put	O
forward	O
4	O
proposals	O
to	O
punish	O
Turkey	B-LOCATION
on	O
his	O
Twitter	B-ORGANIZATION
account	O
on	O
Wednesday	B-DATE
.	O

"	O
First	O
:	O
Reducing	O
the	O
level	O
of	O
diplomatic	O
relations	O
with	O
Turkey	B-LOCATION
.	O

Second	O
:	O
Airports	O
and	O
land	O
crossings	O
between	O
Iraq	B-LOCATION
and	O
Turkey	B-LOCATION
should	O
be	O
blocked	O
.	O

Third	O
:	O
An	O
official	O
complaint	O
should	O
be	O
filed	O
to	O
the	O
United	B-ORGANIZATION
Nations	I-ORGANIZATION
.	O

Fourth	O
:	O
Cancel	O
the	O
security	O
agreement	O
with	O
Turkey	B-LOCATION
,	O
â	O
he	O
suggested	O
.	O

According	O
to	O
Sadr	B-GIVEN_NAME
,	O
if	O
Turkey	B-LOCATION
thinks	O
there	O
is	O
a	O
threat	O
near	O
its	O
borders	O
,	O
it	O
must	O
inform	O
the	O
Iraqi	B-AFFILIATION
government	O
and	O
ask	O
for	O
help	O
.	O

â	O
Attack	O
on	O
the	O
northern	O
provinces	O
of	O
the	O
country	O
and	O
the	O
Kurdistan	B-LOCATION
region	O
from	O
inside	O
and	O
outside	O
can	O
no	O
longer	O
be	O
tolerated	O
,	O
â	O
he	O
cautioned	O
.	O

Iraq	B-LOCATION
âs	O
Prime	O
Minister	O
Mustafa	B-GIVEN_NAME
al	B-FAMILY_NAME
-	I-FAMILY_NAME
Kadhimi	I-FAMILY_NAME
,	O
for	O
his	O
part	O
,	O
issued	O
a	O
statement	O
in	O
the	O
early	O
hours	O
after	O
the	O
attack	O
,	O
saying	O
that	O
the	O
Turkish	B-AFFILIATION
troops	O
have	O
violated	O
Iraq	B-LOCATION
âs	O
sovereignty	O
and	O
territorial	O
integrity	O
in	O
broad	O
daylight	O
.	O

