TEHRAN	B-LOCATION
-	O
Turkey	B-LOCATION
plans	O
to	O
purchase	O
more	O
oil	O
and	O
gas	O
from	O
Iran	B-LOCATION
amid	O
greater	O
energy	O
needs	O
and	O
developing	O
ties	O
between	O
the	O
two	O
countries	O
,	O
President	O
Recep	B-GIVEN_NAME
Tayyip	B-FAMILY_NAME
Erdogan	I-FAMILY_NAME
has	O
announced	O
.	O

Making	O
the	O
remarks	O
in	O
an	O
interview	O
with	O
the	O
state	O
-	O
owned	O
broadcaster	O
,	O
TRT	B-ORGANIZATION
Haber	I-ORGANIZATION
,	O
on	O
Monday	B-DATE
,	O
Erdogan	B-GIVEN_NAME
said	O
:	O
"	O
Turkey	B-LOCATION
will	O
increase	O
its	O
purchases	O
of	O
oil	O
and	O
natural	O
gas	O
from	O
Iran	B-LOCATION
"	O
,	O
noting	O
that	O
the	O
trade	O
volume	O
between	O
Ankara	B-LOCATION
and	O
Tehran	B-LOCATION
could	O
reach	O
$	B-MONEY
30	I-MONEY
billion	I-MONEY
.	O

Erdogan	B-GIVEN_NAME
's	O
announcement	O
came	O
a	O
week	O
after	O
his	O
meeting	O
with	O
his	O
Iranian	B-AFFILIATION
and	O
Russian	B-AFFILIATION
counterparts	O
,	O
Ebrahim	B-GIVEN_NAME
Raisi	B-FAMILY_NAME
and	O
Vladimir	B-GIVEN_NAME
Putin	B-FAMILY_NAME
,	O
in	O
Tehran	B-LOCATION
,	O
in	O
which	O
Turkey	B-LOCATION
and	O
Iran	B-LOCATION
signed	O
eight	O
memorandums	O
of	O
understanding	O
(	O
MOUs	O
)	O
and	O
agreements	O
in	O
various	O
fields	O
including	O
trade	O
and	O
investment	O
.	O

Erdogan	B-GIVEN_NAME
reiterated	O
the	O
need	O
for	O
the	O
development	O
of	O
ties	O
at	O
a	O
joint	O
conference	O
with	O
Raisi	B-GIVEN_NAME
in	O
Tehran	B-LOCATION
last	O
week	O
,	O
following	O
the	O
signing	O
of	O
the	O
mentioned	O
agreements	O
.	O

Earlier	O
this	O
month	O
,	O
Erdogan	B-GIVEN_NAME
and	O
Raisi	B-GIVEN_NAME
co	O
-	O
chaired	O
a	O
Turkish	B-AFFILIATION
-	O
Iranian	B-AFFILIATION
High	O
-	O
Level	O
Cooperation	O
Council	O
in	O
Tehran	B-LOCATION
in	O
which	O
the	O
two	O
sides	O
discussed	O
ways	O
of	O
expanding	O
economic	O
relations	O
along	O
with	O
political	O
ties	O
.	O

During	O
the	O
meeting	O
,	O
the	O
officials	O
negotiated	O
the	O
extension	O
of	O
the	O
gas	O
export	O
contract	O
between	O
the	O
two	O
sides	O
for	O
the	O
next	O
25	B-DURATION
years	I-DURATION
.	O

On	O
the	O
sidelines	O
of	O
the	O
mentioned	O
gathering	O
,	O
Iranian	B-AFFILIATION
Energy	O
Minister	O
Ali	B-GIVEN_NAME
-	B-FAMILY_NAME
Akbar	I-FAMILY_NAME
Mehrabian	I-FAMILY_NAME
also	O
held	O
talks	O
with	O
Turkish	B-AFFILIATION
Minister	O
of	O
Energy	O
and	O
Natural	O
Resources	O
Fatih	B-GIVEN_NAME
DÃ¶nmez	B-FAMILY_NAME
in	O
which	O
the	O
two	O
sides	O
exchanged	O
views	O
on	O
cooperation	O
in	O
energy	O
fields	O
.	O

Later	O
on	O
,	O
Head	O
of	O
Turkey	B-LOCATION
âs	O
Small	B-ORGANIZATION
and	I-ORGANIZATION
Medium	I-ORGANIZATION
Enterprises	I-ORGANIZATION
Development	I-ORGANIZATION
Organization	I-ORGANIZATION
(	O
KOSGEB	B-ORGANIZATION
)	O
Hasan	B-GIVEN_NAME
Basri	B-FAMILY_NAME
Kurt	I-FAMILY_NAME
met	O
with	O
Head	O
of	O
Iran	B-LOCATION
Small	B-ORGANIZATION
Industries	I-ORGANIZATION
and	I-ORGANIZATION
Industrial	I-ORGANIZATION
Parks	I-ORGANIZATION
Organization	I-ORGANIZATION
(	O
ISIPO	B-ORGANIZATION
)	O
Ali	B-GIVEN_NAME
Rasoulian	B-FAMILY_NAME
to	O
discuss	O
ways	O
of	O
expanding	O
cooperation	O
between	O
the	O
small	O
and	O
medium	O
-	O
sized	O
enterprises	O
(	O
SMEs	O
)	O
of	O
the	O
two	O
countries	O
.	O

In	O
this	O
meeting	O
Rasoulian	B-GIVEN_NAME
referred	O
to	O
the	O
signing	O
of	O
an	O
MOU	O
between	O
the	O
two	O
countries	O
on	O
cooperation	O
between	O
SMEs	O
,	O
saying	O
:	O
â	O
President	O
Raisi	B-GIVEN_NAME
has	O
emphasized	O
on	O
setting	O
up	O
joint	O
industrial	O
parks	O
in	O
the	O
country	O
âs	O
special	O
economic	O
zones	O
,	O
considering	O
the	O
good	O
infrastructure	O
for	O
setting	O
up	O
such	O
parks	O
in	O
the	O
free	O
and	O
special	O
economic	O
zones	O
and	O
the	O
active	O
presence	O
of	O
economic	O
enterprises	O
in	O
these	O
areas	O
.	O
â	O

