Saudi	B-AFFILIATION
,	I-AFFILIATION
Iranian	I-AFFILIATION
foreign	O
ministers	O
to	O
meet	O
in	O
Baghdad	B-LOCATION
:	O
Iraqi	B-AFFILIATION
FM	O

Saudi	B-LOCATION
Arabia	I-LOCATION
and	O
Iran	B-LOCATION
have	O
agreed	O
to	O
hold	O
the	O
first	O
public	O
meeting	O
at	O
the	O
level	O
of	O
foreign	O
ministers	O
in	O
Baghdad	B-LOCATION
in	O
years	O
after	O
five	O
rounds	O
of	O
closed	O
reconciliation	O
meetings	O
facilitated	O
by	O
the	O
Iraqi	B-AFFILIATION
government	O
,	O
Iraq	B-LOCATION
âs	O
foreign	O
minister	O
told	O
Rudaw	B-ORGANIZATION
on	O
Saturday	B-DATE
without	O
elaborating	O
when	O
the	O
meeting	O
will	O
take	O
place	O
.	O

Both	O
rival	O
countries	O
have	O
had	O
thorny	O
relations	O
for	O
years	O
.	O

Saudi	B-LOCATION
Arabia	I-LOCATION
-	O
Iran	B-LOCATION
diplomatic	O
ties	O
severed	O
in	O
2016	B-DATE
when	O
Iranian	B-AFFILIATION
protesters	O
attacked	O
Saudi	B-LOCATION
Arabia	I-LOCATION
âs	O
diplomatic	O
missions	O
in	O
the	O
country	O
after	O
the	O
kingdom	O
executed	O
Shiite	B-AFFILIATION
cleric	O
Nimr	B-GIVEN_NAME
al	B-FAMILY_NAME
-	I-FAMILY_NAME
Nimr	I-FAMILY_NAME
.	O

Iraq	B-LOCATION
has	O
hosted	O
five	O
closed	O
rounds	O
of	O
talks	O
between	O
both	O
rival	O
countries	O
at	O
the	O
level	O
of	O
intelligence	O
and	O
security	O
heads	O
since	O
April	B-DATE
,	O
Iraqi	B-AFFILIATION
Foreign	O
Minister	O
Fuad	B-GIVEN_NAME
Hussein	B-FAMILY_NAME
told	O
Rudaw	B-ORGANIZATION
on	O
Saturday	B-DATE
.	O

He	O
added	O
that	O
Saudi	B-LOCATION
Arabia	I-LOCATION
and	O
Iran	B-LOCATION
have	O
agreed	O
to	O
hold	O
the	O
first	O
meeting	O
at	O
the	O
level	O
of	O
foreign	O
ministers	O
in	O
Baghdad	B-LOCATION
.	O

â	O
The	O
previous	O
meetings	O
between	O
intelligence	O
and	O
security	O
officials	O
but	O
this	O
one	O
will	O
be	O
public	O
,	O
â	O
he	O
said	O
,	O
adding	O
that	O
they	O
have	O
not	O
decided	O
when	O
to	O
invite	O
both	O
foreign	O
ministers	O
to	O
Baghdad	B-LOCATION
as	O
Iraq	B-LOCATION
is	O
â	O
busy	O
,	O
â	O
referring	O
to	O
Iraq	B-LOCATION
âs	O
tensions	O
with	O
neighboring	O
Turkey	B-LOCATION
over	O
a	O
deadly	O
shelling	O
blamed	O
on	O
Turkish	B-AFFILIATION
forces	O
.	O

Iran	B-LOCATION
âs	O
Foreign	O
Minister	O
Hossein	B-GIVEN_NAME
Amir	B-FAMILY_NAME
Abdollahian	I-FAMILY_NAME
told	O
his	O
country	O
's	O
state	O
-	O
owned	O
IRNA	B-ORGANIZATION
on	O
Thursday	B-DATE
night	O
that	O
there	O
has	O
been	O
â	O
progress	O
â	O
in	O
the	O
last	O
five	O
rounds	O
of	O
talks	O
with	O
Saudi	B-LOCATION
Arabia	I-LOCATION
,	O
adding	O
that	O
Tehran	B-LOCATION
told	O
Iraqi	B-AFFILIATION
mediators	O
that	O
it	O
is	O
ready	O
for	O
a	O
new	O
political	O
and	O
security	O
phase	O
with	O
the	O
kingdom	O
,	O
hoping	O
that	O
this	O
will	O
â	O
eventually	O
lead	O
to	O
the	O
return	O
of	O
Saudi	B-LOCATION
Arabia	I-LOCATION
and	O
the	O
Islamic	B-LOCATION
Republic	I-LOCATION
of	I-LOCATION
Iran	I-LOCATION
relations	O
to	O
normal	O
.	O
â	O

