Writing	O
on	O
Twitter	B-BRANDS
,	O
Kanaani	B-GIVEN_NAME
said	O
Iran	B-LOCATION
is	O
still	O
a	O
party	O
to	O
the	O
2015	B-DATE
nuclear	O
deal	O
,	O
officially	O
known	O
as	O
the	O
Joint	B-BRANDS
Comprehensive	B-MISC
Plan	I-MISC
of	I-MISC
Action	I-MISC
(	O
JCPOA	B-BRANDS
)	O
.	O

â	O
Iran	B-LOCATION
has	O
been	O
&	O
still	O
remains	O
a	O
JCPOA	B-BRANDS
member	O
.	O

The	O
party	O
that	O
needs	O
to	O
prove	O
â	O
good	O
faith	O
â	O
&	O
â	O
seriousness	O
â	O
to	O
â	O
re	O
-	O
enter	O
â	O
the	O
deal	O
is	O
the	O
US	B-LOCATION
,	O
â	O
he	O
said	O
,	O
adding	O
,	O
â	O
We	O
remain	O
committed	O
to	O
reaching	O
a	O
good	O
,	O
strong	O
&	O
lasting	O
agreement	O
that	O
guarantees	O
JCPOA	B-BRANDS
-	O
envisioned	O
benefits	O
for	O
Iran	B-LOCATION
.	O

The	O
onus	O
is	O
on	O
the	O
US	B-LOCATION
.	O
â	O

The	O
tweet	O
comes	O
amid	O
rising	O
tensions	O
between	O
Iran	B-LOCATION
and	O
the	O
West	B-AFFILIATION
after	O
the	O
latest	O
round	O
of	O
talks	O
in	O
Doha	B-LOCATION
failed	O
to	O
bridge	O
gaps	O
between	O
the	O
two	O
sides	O
.	O

Iranian	B-AFFILIATION
President	O
Seyyed	B-GIVEN_NAME
Ebrahim	B-FAMILY_NAME
Raisi	I-FAMILY_NAME
and	O
French	B-AFFILIATION
President	O
Emmanuel	B-GIVEN_NAME
Macron	B-FAMILY_NAME
spoke	O
over	O
the	O
phone	O
on	O
Saturday	B-DATE
for	O
two	B-DURATION
hours	I-DURATION
in	O
which	O
the	O
nuclear	O
issue	O
featured	O
high	O
.	O

Raisi	B-GIVEN_NAME
condemned	O
the	O
non	O
-	O
constructive	O
actions	O
and	O
positions	O
of	O
the	O
United	B-LOCATION
States	I-LOCATION
and	O
European	B-AFFILIATION
countries	O
,	O
stating	O
,	O
â	O
Issuing	O
a	O
resolution	O
in	O
the	O
International	B-ORGANIZATION
Atomic	I-ORGANIZATION
Energy	I-ORGANIZATION
Agency	I-ORGANIZATION
was	O
a	O
crisis	O
-	O
making	O
action	O
aimed	O
at	O
creating	O
pressure	O
against	O
the	O
Iranian	B-AFFILIATION
nation	O
,	O
which	O
undermined	O
political	O
trust	O
.	O
â	O

The	O
Iranian	B-AFFILIATION
president	O
,	O
who	O
also	O
is	O
the	O
head	O
of	O
the	O
Supreme	B-ORGANIZATION
National	I-ORGANIZATION
Security	I-ORGANIZATION
Council	I-ORGANIZATION
,	O
emphasized	O
,	O
â	O
The	O
Islamic	B-LOCATION
Republic	I-LOCATION
of	I-LOCATION
Iran	I-LOCATION
considers	O
reaching	O
an	O
agreement	O
dependent	O
on	O
the	O
full	O
resolution	O
of	O
safeguards	O
issues	O
and	O
the	O
provision	O
of	O
necessary	O
guarantees	O
,	O
including	O
the	O
continued	O
valid	O
adherence	O
of	O
the	O
parties	O
to	O
the	O
agreement	O
and	O
the	O
provision	O
of	O
the	O
economic	O
interests	O
of	O
the	O
Iranian	B-AFFILIATION
nation	O
.	O
â	O

President	O
Macron	B-GIVEN_NAME
emphasized	O
the	O
continuation	O
of	O
his	O
country	O
's	O
role	O
in	O
the	O
process	O
of	O
reaching	O
a	O
conclusion	O
in	O
the	O
nuclear	O
negotiations	O
.	O

Iranian	B-AFFILIATION
Deputy	O
Foreign	O
Minister	O
for	O
Political	O
Affairs	O
Ali	B-GIVEN_NAME
Bagheri	B-FAMILY_NAME
Kani	I-FAMILY_NAME
has	O
briefed	O
Iranian	B-AFFILIATION
lawmakers	O
on	O
a	O
range	O
of	O
issues	O
pertaining	O
to	O
Iran	B-LOCATION
âs	O
foreign	O
policy	O
including	O
the	O
nuclear	O
negotiations	O
.	O

On	O
Sunday	B-BRANDS
afternoon	O
,	O
he	O
attended	O
the	O
Parliament	B-ORGANIZATION
's	O
National	B-ORGANIZATION
Security	I-ORGANIZATION
and	I-ORGANIZATION
Foreign	I-ORGANIZATION
Policy	I-ORGANIZATION
Committee	I-ORGANIZATION
where	O
he	O
outlined	O
the	O
Islamic	B-LOCATION
Republic	I-LOCATION
's	O
regional	O
and	O
international	O
policies	O
and	O
answered	O
questions	O
from	O
MPs	O
,	O
according	O
to	O
the	O
foreign	O
ministry	O
.	O

After	O
the	O
meeting	O
,	O
Abolfazl	B-GIVEN_NAME
Amouei	B-FAMILY_NAME
,	O
the	O
spokesman	O
for	O
the	O
parliamentary	O
committee	O
,	O
offered	O
more	O
details	O
of	O
the	O
meeting	O
.	O

He	O
said	O
that	O
the	O
lawmakers	O
sitting	O
on	O
the	O
committee	O
stressed	O
the	O
need	O
for	O
obtaining	O
sufficient	O
guarantees	O
from	O
the	O
U.	B-LOCATION
S.	I-LOCATION
in	O
the	O
event	O
of	O
a	O
return	O
to	O
the	O
nuclear	O
agreement	O
.	O

Amouei	B-GIVEN_NAME
said	O
,	O
â	O
In	O
another	O
part	O
of	O
the	O
meeting	O
,	O
Bagheri	B-GIVEN_NAME
explained	O
the	O
process	O
of	O
nuclear	O
negotiations	O
,	O
and	O
that	O
the	O
relationship	O
between	O
the	O
Islamic	B-LOCATION
Republic	I-LOCATION
of	I-LOCATION
Iran	I-LOCATION
and	O
the	O
4	O
+	O
1	O
group	O
of	O
countries	O
continues	O
through	O
Borrell	B-GIVEN_NAME
and	O
Mora	B-GIVEN_NAME
,	O
the	O
foreign	O
policy	O
coordinators	O
of	O
the	O
European	B-ORGANIZATION
Union	I-ORGANIZATION
,	O
and	O
that	O
the	O
issues	O
are	O
under	O
discussion	O
.	O
â	O

He	O
added	O
,	O
â	O
In	O
this	O
meeting	O
,	O
the	O
representatives	O
emphasized	O
obtaining	O
sufficient	O
guarantees	O
from	O
the	O
American	B-AFFILIATION
side	O
in	O
the	O
event	O
of	O
a	O
return	O
to	O
the	O
Joint	B-BRANDS
Comprehensive	B-MISC
Plan	I-MISC
of	I-MISC
Action	I-MISC
.	O
â	O

The	O
committee	O
spokesman	O
referred	O
to	O
the	O
resolution	O
and	O
settlement	O
of	O
the	O
guarantees	O
issue	O
that	O
was	O
emphasized	O
in	O
the	O
meeting	O
.	O

He	O
said	O
,	O
â	O
The	O
Iranian	B-AFFILIATION
chief	O
negotiator	O
and	O
the	O
deputies	O
present	O
at	O
the	O
meeting	O
stressed	O
the	O
pursuit	O
of	O
achieving	O
the	O
goal	O
of	O
economic	O
benefit	O
for	O
the	O
Iranian	B-AFFILIATION
people	O
from	O
the	O
potential	O
agreement	O
.	O
â	O

The	O
latest	O
round	O
of	O
nuclear	O
talks	O
was	O
held	O
in	O
Doha	B-LOCATION
,	I-LOCATION
Qatar	I-LOCATION
,	O
without	O
any	O
concrete	O
results	O
.	O

Iran	B-LOCATION
said	O
the	O
reason	O
is	O
the	O
U.	B-LOCATION
S.	I-LOCATION
abstention	O
from	O
making	O
the	O
necessary	O
political	O
decisions	O
required	O
to	O
conclude	O
the	O
talks	O
.	O

On	O
the	O
other	O
hand	O
,	O
the	O
U.	B-LOCATION
S.	I-LOCATION
leveled	O
a	O
similar	O
accusation	O
against	O
Iran	B-LOCATION
.	O

