â	O
The	O
strategy	O
of	O
the	O
Islamic	B-LOCATION
Republic	I-LOCATION
after	O
the	O
end	O
of	O
the	O
war	O
was	O
to	O
develop	O
the	O
missile	O
industry	O
and	O
build	O
drones	O
,	O
which	O
achieved	O
significant	O
success	O
in	O
this	O
field	O
.	O

Today	O
,	O
Americans	B-AFFILIATION
and	O
NATO	B-ORGANIZATION
commanders	O
admit	O
the	O
power	O
of	O
Iran	B-LOCATION
's	O
drones	O
,	O
and	O
this	O
power	O
has	O
challenged	O
America	B-LOCATION
's	O
military	O
dominance	O
in	O
the	O
region	O
and	O
the	O
world	O
,	O
â	O
Javad	B-GIVEN_NAME
Karimi	B-FAMILY_NAME
Qodousi	I-FAMILY_NAME
,	O
who	O
is	O
a	O
member	O
of	O
Parliament	B-ORGANIZATION
âs	O
National	B-ORGANIZATION
Security	I-ORGANIZATION
and	I-ORGANIZATION
Foreign	I-ORGANIZATION
Policy	I-ORGANIZATION
Committee	I-ORGANIZATION
,	O
told	O
Iran	B-LOCATION
âs	O
state	O
news	O
agency	O
IRNA	B-ORGANIZATION
.	O

He	O
added	O
,	O
â	O
Iran	B-LOCATION
's	O
strategy	O
in	O
building	O
drones	O
is	O
to	O
maintain	O
the	O
security	O
of	O
the	O
country	O
's	O
surrounding	O
environment	O
up	O
to	O
a	O
depth	O
of	O
2,000	O
kilometers	O
.	O

When	O
this	O
weapon	O
is	O
provided	O
to	O
Lebanon	B-LOCATION
's	O
Hezbollah	B-ORGANIZATION
,	O
it	O
can	O
be	O
effective	O
in	O
dealing	O
with	O
the	O
threat	O
of	O
the	O
enemies	O
of	O
Islam	B-AFFILIATION
.	O
â	O

Referring	O
to	O
displays	O
of	O
the	O
Iranian	B-AFFILIATION
drones	O
in	O
the	O
recent	O
parade	O
of	O
the	O
Venezuelan	B-AFFILIATION
army	O
,	O
the	O
lawmaker	O
said	O
,	O
â	O
The	O
demonstration	O
of	O
part	O
of	O
the	O
missile	O
and	O
drone	O
power	O
of	O
the	O
Islamic	B-LOCATION
Republic	I-LOCATION
through	O
the	O
media	O
has	O
worried	O
the	O
enemies	O
,	O
and	O
this	O
drone	O
power	O
is	O
a	O
deterrent	O
for	O
Iran	B-LOCATION
and	O
a	O
source	O
of	O
hope	O
for	O
its	O
friends	O
.	O
â	O

Karimi	B-GIVEN_NAME
Qodousi	B-FAMILY_NAME
pointed	O
out	O
,	O
â	O
The	O
development	O
and	O
strengthening	O
of	O
Iran	B-LOCATION
's	O
drone	O
power	O
is	O
effective	O
in	O
the	O
integration	O
of	O
Islamic	B-AFFILIATION
countries	O
,	O
and	O
this	O
power	O
can	O
certainly	O
be	O
effective	O
in	O
the	O
peace	O
and	O
stability	O
of	O
the	O
region	O
.	O
â	O

He	O
added	O
,	O
â	O
According	O
to	O
the	O
declared	O
policy	O
of	O
the	O
Leader	O
of	O
the	O
Revolution	O
,	O
any	O
person	O
,	O
group	O
or	O
country	O
who	O
stands	O
up	O
against	O
the	O
Zionist	B-AFFILIATION
regime	O
,	O
the	O
Islamic	B-LOCATION
Republic	I-LOCATION
will	O
support	O
him	O
with	O
all	O
its	O
might	O
,	O
and	O
the	O
Islamic	B-LOCATION
Republic	I-LOCATION
can	O
provide	O
them	O
with	O
knowledge	O
in	O
the	O
field	O
of	O
drones	O
.	O
â	O

The	O
MP	O
considered	O
NATO	B-ORGANIZATION
to	O
be	O
a	O
great	O
danger	O
to	O
the	O
security	O
of	O
the	O
region	O
,	O
saying	O
,	O
â	O
Iran	B-LOCATION
and	O
Russia	B-LOCATION
's	O
concern	O
about	O
the	O
expansion	O
of	O
NATO	B-ORGANIZATION
is	O
(	O
the	O
basis	O
of	O
)	O
cooperation	O
of	O
the	O
two	O
countries	O
in	O
the	O
field	O
of	O
foreign	O
policy	O
.	O
â	O

Qodousi	B-GIVEN_NAME
considered	O
the	O
request	O
of	O
some	O
countries	O
to	O
buy	O
drones	O
from	O
Iran	B-LOCATION
as	O
a	O
sign	O
of	O
power	O
and	O
progress	O
of	O
the	O
country	O
's	O
defense	O
sector	O
.	O

â	O
The	O
general	O
policy	O
of	O
the	O
Islamic	B-LOCATION
Republic	I-LOCATION
is	O
to	O
sell	O
drones	O
.	O

Just	O
as	O
the	O
West	B-AFFILIATION
allows	O
itself	O
to	O
allocate	O
50	B-MONEY
billion	I-MONEY
dollars	I-MONEY
in	O
arms	O
aid	O
in	O
the	O
case	O
of	O
Ukraine	B-LOCATION
,	O
and	O
England	B-LOCATION
,	O
France	B-LOCATION
and	O
Germany	B-LOCATION
also	O
supported	O
this	O
issue	O
,	O
â	O
he	O
said	O
.	O

Iran	B-LOCATION
âs	O
drone	O
capabilities	O
are	O
nothing	O
new	O
.	O

Over	O
the	O
last	O
decade	O
,	O
Iran	B-LOCATION
,	O
thanks	O
to	O
its	O
native	O
scientists	O
,	O
has	O
succeeded	O
in	O
developing	O
a	O
full	O
range	O
of	O
combat	O
,	O
reconnaissance	O
,	O
and	O
surveillance	O
drones	O
.	O

The	O
latest	O
major	O
achievement	O
in	O
this	O
regard	O
was	O
unveiled	O
earlier	O
this	O
month	O
when	O
the	O
Iranian	B-ORGANIZATION|B-AFFILIATION
Army	I-ORGANIZATION
âs	O
navy	O
inaugurated	O
its	O
first	O
drone	O
carrier	O
which	O
included	O
a	O
variety	O
of	O
modern	O
and	O
advanced	O
types	O
of	O
drones	O
all	O
produced	O
and	O
manufactured	O
by	O
Iranian	B-AFFILIATION
experts	O
in	O
the	O
Army	B-ORGANIZATION
and	O
the	O
Ministry	B-ORGANIZATION
of	I-ORGANIZATION
Defense	I-ORGANIZATION
.	O

