TEHRAN	B-LOCATION
â	O
Armed	O
Forces	O
Chief	O
of	O
Staff	O
Major	O
General	O
Mohammad	B-GIVEN_NAME
Bagheri	B-FAMILY_NAME
attended	O
a	O
meeting	O
of	O
the	O
National	B-ORGANIZATION
Security	I-ORGANIZATION
and	I-ORGANIZATION
Foreign	I-ORGANIZATION
Policy	I-ORGANIZATION
Committee	I-ORGANIZATION
of	O
the	O
parliament	O
.	O

Abolfazl	B-GIVEN_NAME
Amouei	B-FAMILY_NAME
,	O
the	O
parliamentary	O
committee	O
spokesman	O
,	O
said	O
on	O
Tuesday	B-DATE
that	O
General	O
Bagheri	B-GIVEN_NAME
elaborated	O
on	O
continuous	O
threats	O
and	O
opportunities	O
created	O
in	O
the	O
rapidly	O
changing	O
world	O
.	O

â	O
We	O
should	O
take	O
advantage	O
of	O
the	O
opportunities	O
and	O
make	O
the	O
upcoming	O
threats	O
less	O
effective	O
,	O
â	O
Amouei	B-GIVEN_NAME
quoted	O
Bagheri	B-GIVEN_NAME
as	O
saying	O
.	O

The	O
legislator	O
told	O
reporters	O
that	O
the	O
top	O
military	O
commander	O
gave	O
an	O
overview	O
of	O
international	O
developments	O
.	O

Amouei	B-GIVEN_NAME
recalled	O
that	O
during	O
the	O
meeting	O
,	O
the	O
deputy	O
commander	O
of	O
the	O
intelligence	O
and	O
operation	O
of	O
the	O
armed	O
forces	O
also	O
presented	O
a	O
detailed	O
report	O
on	O
the	O
plans	O
of	O
the	O
United	B-LOCATION
States	I-LOCATION
and	O
the	O
Israeli	B-AFFILIATION
regime	O
in	O
the	O
region	O
,	O
as	O
well	O
as	O
the	O
capabilities	O
of	O
Iran	B-LOCATION
.	O

He	O
added	O
that	O
according	O
to	O
the	O
briefing	O
given	O
to	O
MPs	O
,	O
Iran	B-LOCATION
âs	O
armed	O
forces	O
have	O
complete	O
control	O
over	O
the	O
activities	O
of	O
the	O
enemy	O
and	O
have	O
the	O
necessary	O
capability	O
to	O
neutralize	O
the	O
foes	O
â	O
threats	O
.	O

The	O
legislator	O
underlined	O
that	O
during	O
the	O
meeting	O
,	O
the	O
National	B-ORGANIZATION
Security	I-ORGANIZATION
and	I-ORGANIZATION
Foreign	I-ORGANIZATION
Policy	I-ORGANIZATION
Committee	I-ORGANIZATION
members	O
presented	O
their	O
opinions	O
and	O
emphasized	O
the	O
necessity	O
of	O
strengthening	O
the	O
defense	O
capabilities	O
of	O
the	O
country	O
and	O
the	O
readiness	O
of	O
the	O
parliament	O
to	O
support	O
the	O
activities	O
of	O
various	O
sections	O
of	O
the	O
armed	O
forces	O
.	O

