Rabbi	B-GIVEN_NAME
Baruch	B-FAMILY_NAME
Lanner	I-FAMILY_NAME
,	O
a	O
convicted	O
child	O
sex	O
abuser	O
,	O
has	O
been	O
denied	O
the	O
right	O
to	O
Israeli	B-AFFILIATION
citizenship	O
,	O
a	O
spokesperson	O
for	O
the	O
Interior	B-ORGANIZATION
Ministry	I-ORGANIZATION
said	O
Tuesday	B-DATE
.	O

Interior	O
Minister	O
Ayelet	B-GIVEN_NAME
Shaked	B-FAMILY_NAME
â	O
clarified	O
this	O
morning	O
,	O
that	O
in	O
light	O
of	O
his	O
offenses	O
,	O
she	O
does	O
not	O
intend	O
to	O
approve	O
his	O
request	O
for	O
citizenship	O
â	O
when	O
his	O
temporary	O
visa	O
to	O
the	O
country	O
expires	O
.	O

Her	O
decision	O
comes	O
a	O
day	O
after	O
the	O
largest	O
Orthodox	B-AFFILIATION
organization	O
in	O
the	O
United	B-LOCATION
States	I-LOCATION
sent	O
her	O
a	O
letter	O
urging	O
her	O
to	O
deny	O
Lanner	B-GIVEN_NAME
âs	O
application	O
.	O

The	O
ministry	O
,	O
however	O
,	O
did	O
not	O
announce	O
the	O
cancellation	O
of	O
Lanner	B-GIVEN_NAME
âs	O
A	O
-	O
5	O
temporary	O
resident	O
visa	O
,	O
a	O
status	O
which	O
is	O
usually	O
granted	O
for	O
a	O
year	O
's	O
time	O
,	O
allowing	O
holders	O
to	O
live	O
and	O
work	O
in	O
the	O
country	O
.	O

â	O
The	O
question	O
is	O
whether	O
it	O
will	O
be	O
extended	O
,	O
â	O
said	O
immigration	O
and	O
human	O
rights	O
attorney	O
Yadin	B-GIVEN_NAME
Elam	B-FAMILY_NAME
,	O
noting	O
that	O
Israel	B-LOCATION
has	O
people	O
who	O
reside	O
in	O
the	O
country	O
with	O
such	O
visas	O
on	O
a	O
long	O
-	O
term	O
basis	O
.	O

â	O
With	O
Lanner	B-GIVEN_NAME
âs	O
wife	O
being	O
an	O
Israeli	B-AFFILIATION
citizen	O
,	O
I	O
doubt	O
they	O
will	O
cancel	O
or	O
refuse	O
to	O
extend	O
his	O
visa	O
and	O
throw	O
him	O
out	O
of	O
the	O
country	O
,	O
â	O
Elam	B-GIVEN_NAME
said	O
.	O
â	O
What	O
is	O
most	O
likely	O
is	O
that	O
he	O
will	O
be	O
able	O
to	O
keep	O
his	O
visa	O
,	O
with	O
the	O
understanding	O
that	O
if	O
he	O
violates	O
the	O
law	O
in	O
any	O
way	O
,	O
they	O
will	O
revoke	O
it	O
,	O
and	O
he	O
would	O
have	O
to	O
leave	O
.	O
â	O

â	O
We	O
're	O
pleased	O
that	O
the	O
Interior	B-ORGANIZATION
Ministry	I-ORGANIZATION
has	O
made	O
the	O
decision	O
to	O
deny	O
citizenship	O
to	O
Lanner	B-GIVEN_NAME
,	O
â	O
said	O
Shana	B-GIVEN_NAME
Aronson	B-FAMILY_NAME
,	O
executive	O
director	O
of	O
Magen	B-ORGANIZATION
,	O
an	O
Israel	B-LOCATION
-	O
based	O
non	O
-	O
profit	O
that	O
advocates	O
and	O
provides	O
services	O
to	O
victims	O
of	O
sexual	O
abuse	O
.	O
"	O
I	O
certainly	O
hope	O
they	O
will	O
not	O
allow	O
them	O
to	O
renew	O
his	O
visa	O
.	O
"	O

"	O
We	O
are	O
relieved	O
for	O
his	O
victims	O
who	O
now	O
live	O
in	O
Israel	B-LOCATION
,	O
who	O
will	O
now	O
be	O
spared	O
the	O
pain	O
of	O
seeing	O
their	O
abuser	O
given	O
refuge	O
in	O
the	O
country	O
they	O
have	O
made	O
their	O
home	O
,	O
"	O
Aronson	B-GIVEN_NAME
added	O
,	O
saying	O
she	O
hopes	O
the	O
ministry	O
"	O
will	O
continue	O
to	O
prioritize	O
the	O
safety	O
and	O
security	O
of	O
its	O
children	O
and	O
most	O
vulnerable	O
citizens	O
when	O
considering	O
the	O
aliyah	O
applications	O
of	O
sex	O
offenders	O
.	O
â	O

On	O
July	B-DATE
7	I-DATE
,	O
Haaretz	B-ORGANIZATION
revealed	O
that	O
Lanner	B-GIVEN_NAME
,	O
72	O
,	O
had	O
been	O
granted	O
temporary	O
residence	O
in	O
Israel	B-LOCATION
,	O
allowing	O
him	O
to	O
stay	O
in	O
the	O
country	O
,	O
while	O
,	O
according	O
to	O
the	O
ministry	O
,	O
â	O
a	O
thorough	O
examination	O
â	O
of	O
his	O
case	O
would	O
be	O
conducted	O
.	O
His	O
wife	O
has	O
already	O
been	O
granted	O
full	O
aliyah	O
and	O
citizenship	O
status	O
.	O
At	O
the	O
time	O
,	O
and	O
again	O
in	O
the	O
current	O
announcement	O
,	O
Shaked	B-GIVEN_NAME
and	O
the	O
ministry	O
stressed	O
that	O
the	O
decision	O
to	O
grant	O
Lanner	B-GIVEN_NAME
a	O
temporary	O
visa	O
was	O
made	O
by	O
the	O
previous	O
interior	O
minister	O
Arye	B-GIVEN_NAME
Dery	B-FAMILY_NAME
.	O

In	O
Tuesday	B-DATE
âs	O
announcement	O
,	O
they	O
noted	O
that	O
Dery	B-GIVEN_NAME
â	O
also	O
had	O
not	O
found	O
it	O
appropriate	O
to	O
grant	O
[	O
Lanner	B-GIVEN_NAME
]	O
full	O
immigrant	O
status	O
in	O
light	O
of	O
his	O
crimes	O
.	O
â	O

On	O
Monday	B-DATE
,	O
leaders	O
of	O
the	O
Rabbinical	B-ORGANIZATION
Council	I-ORGANIZATION
of	I-ORGANIZATION
America	I-ORGANIZATION
sent	O
a	O
letter	O
to	O
Shaked	B-GIVEN_NAME
,	O
urging	O
her	O
to	O
deny	O
him	O
citizenship	O
.	O
Lanner	B-GIVEN_NAME
served	O
three	B-DURATION
years	I-DURATION
in	O
prison	O
after	O
being	O
convicted	O
of	O
sexually	O
assaulting	O
students	O
at	O
a	O
Jewish	B-AFFILIATION
high	O
school	O
in	O
New	B-LOCATION
Jersey	I-LOCATION
while	O
he	O
was	O
principal	O
,	O
and	O
other	O
investigations	O
have	O
found	O
evidence	O
that	O
he	O
committed	O
decades	O
of	O
abuse	O
.	O

"	O
There	O
are	O
reports	O
that	O
he	O
committed	O
an	O
array	O
of	O
sexual	O
,	O
physical	O
and	O
emotional	O
abuse	O
involving	O
dozens	O
of	O
teenagers	O
for	O
whom	O
he	O
was	O
responsible	O
,	O
"	O
reads	O
the	O
letter	O
.	O
"	O
These	O
cases	O
continue	O
to	O
impact	O
his	O
victims	O
as	O
well	O
as	O
the	O
Jewish	B-AFFILIATION
community	O
in	O
North	B-LOCATION
America	I-LOCATION
.	O
â	O

Signed	O
by	O
the	O
rabbinical	O
council	O
's	O
president	O
,	O
Rabbi	B-GIVEN_NAME
Binyamin	B-FAMILY_NAME
Blau	I-FAMILY_NAME
,	O
and	O
Executive	O
President	O
Mark	B-GIVEN_NAME
Dratch	B-FAMILY_NAME
,	O
the	O
letter	O
pointed	O
to	O
a	O
clause	O
in	O
Israel	B-LOCATION
âs	O
Law	B-BRANDS
of	B-MISC
Return	I-MISC
,	O
which	O
gives	O
Israeli	B-AFFILIATION
officials	O
the	O
latitude	O
to	O
deny	O
the	O
right	O
of	O
Israeli	B-AFFILIATION
citizenship	O
to	O
Diaspora	B-AFFILIATION
Jews	I-AFFILIATION
who	O
are	O
likely	O
to	O
â	O
endanger	O
public	O
health	O
.	O
â	O

â	O
Lanner	B-GIVEN_NAME
is	O
on	O
the	O
U.	B-ORGANIZATION|B-LOCATION
S.	I-ORGANIZATION|I-LOCATION
Sex	I-ORGANIZATION
Offender	I-ORGANIZATION
Registry	I-ORGANIZATION
,	O
â	O
the	O
letter	O
continued	O
.	O
â	O
We	O
are	O
very	O
concerned	O
that	O
granting	O
him	O
citizenship	O
would	O
erase	O
the	O
relevance	O
of	O
this	O
listing	O
and	O
enable	O
him	O
to	O
disappear	O
into	O
general	O
society	O
,	O
clearly	O
a	O
threat	O
to	O
public	O
health	O
and	O
safety	O
.	O
â	O
It	O
concludes	O
,	O
â	O
We	O
urge	O
you	O
to	O
deny	O
his	O
application	O
for	O
citizenship	O
.	O
â	O

A	O
probe	O
by	O
the	O
rabbinical	O
council	O
-	O
affiliated	O
Orthodox	B-ORGANIZATION
Union	I-ORGANIZATION
,	O
where	O
Lanner	B-GIVEN_NAME
worked	O
for	O
decades	O
for	O
the	O
movement	O
âs	O
National	B-ORGANIZATION
Conference	I-ORGANIZATION
of	I-ORGANIZATION
Synagogue	I-ORGANIZATION
Youth	I-ORGANIZATION
,	O
found	O
that	O
Lanner	B-GIVEN_NAME
had	O
committed	O
decades	O
of	O
sexual	O
,	O
physical	O
and	O
emotional	O
abuse	O
of	O
teenagers	O
in	O
his	O
charge	O
.	O
In	O
2002	B-DATE
,	O
he	O
was	O
convicted	O
of	O
sexually	O
abusing	O
two	O
teenage	O
girls	O
who	O
were	O
students	O
in	O
the	O
1990s	B-DATE
at	O
the	O
Hillel	B-ORGANIZATION
Yeshiva	I-ORGANIZATION
High	I-ORGANIZATION
School	I-ORGANIZATION
in	O
Ocean	B-LOCATION
Township	I-LOCATION
,	I-LOCATION
New	I-LOCATION
Jersey	I-LOCATION
,	O
where	O
Lanner	B-GIVEN_NAME
was	O
principal	O
.	O

The	O
Orthodox	B-ORGANIZATION
Union	I-ORGANIZATION
investigation	O
was	O
launched	O
following	O
an	O
exposÃ©	O
in	O
New	B-BRANDS|B-LOCATION
York	B-MISC|I-LOCATION
Jewish	I-MISC|B-AFFILIATION
Week	I-MISC
in	I-MISC
2000	B-DATE
.	O
An	O
appeals	O
court	O
later	O
dismissed	O
one	O
of	O
two	O
child	O
endangerment	O
charges	O
against	O
Lanner	B-GIVEN_NAME
.	O

Lanner	B-GIVEN_NAME
is	O
also	O
currently	O
facing	O
a	O
civil	O
lawsuit	O
filed	O
late	O
last	O
year	O
in	O
New	B-LOCATION
Jersey	I-LOCATION
against	O
him	O
,	O
as	O
well	O
as	O
against	O
the	O
Orthodox	B-ORGANIZATION
Union	I-ORGANIZATION
and	O
the	O
National	B-ORGANIZATION
Conference	I-ORGANIZATION
of	I-ORGANIZATION
Synagogue	I-ORGANIZATION
Youth	I-ORGANIZATION
â	O
a	O
result	O
of	O
the	O
state	O
's	O
newly	O
established	O
â	O
lookback	O
â	O
window	O
that	O
allows	O
sexual	O
abuse	O
victims	O
to	O
sue	O
abusers	O
and	O
their	O
enablers	O
many	O
years	O
after	O
the	O
abuse	O
took	O
place	O
.	O
The	O
lawsuit	O
alleges	O
that	O
the	O
organizations	O
allowed	O
Lanner	B-GIVEN_NAME
âs	O
â	O
willful	O
,	O
malicious	O
and	O
wanton	O
â	O
behavior	O
to	O
persist	O
for	O
years	O
despite	O
multiple	O
complaints	O
.	O

