Y	B-GIVEN_NAME
.	O
grew	O
up	O
the	O
13th	O
of	O
14	O
children	O
in	O
a	O
Hasidic	B-AFFILIATION
family	O
where	O
money	O
and	O
parental	O
attention	O
were	O
in	O
short	O
supply	O
.	O

He	O
says	O
that	O
when	O
he	O
was	O
12	O
,	O
a	O
rabbi	O
who	O
taught	O
at	O
his	O
New	B-ORGANIZATION|B-LOCATION
York	I-ORGANIZATION|I-LOCATION
state	I-ORGANIZATION
yeshiva	I-ORGANIZATION|B-ORGANIZATION
sexually	O
abused	O
him	O
.	O

The	O
trauma	O
he	O
still	O
lives	O
with	O
began	O
with	O
the	O
teacher	O
buying	O
him	O
ice	O
cream	O
and	O
later	O
invitations	O
home	O
for	O
lunch	O
â	O
seeming	O
kindnesses	O
that	O
,	O
Y	B-GIVEN_NAME
.	O
alleges	O
,	O
morphed	O
into	O
sexual	O
abuse	O
.	O

Years	O
passed	O
,	O
but	O
when	O
he	O
was	O
27	O
,	O
Y	B-GIVEN_NAME
.	O
(	O
Haaretz	B-ORGANIZATION
is	O
in	O
possession	O
of	O
his	O
real	O
name	O
)	O
says	O
he	O
saw	O
his	O
alleged	O
abuser	O
again	O
when	O
he	O
came	O
to	O
Y	B-GIVEN_NAME
.	O
âs	O
father	O
âs	O
shivah	O
.	O
Something	O
snapped	O
inside	O
.	O
Y	B-GIVEN_NAME
.	O
,	O
now	O
38	O
,	O
recalls	O
feeling	O
a	O
surge	O
of	O
rage	O
and	O
approaching	O
the	O
rabbi	O
.	O
â	O
If	O
I	O
did	O
not	O
forget	O
,	O
you	O
still	O
remember	O
,	O
â	O
he	O
recalls	O
telling	O
him	O
.	O

When	O
Y	B-GIVEN_NAME
.	O
then	O
started	O
making	O
his	O
allegations	O
known	O
within	O
the	O
community	O
,	O
he	O
says	O
the	O
rabbi	B-GIVEN_NAME
moved	O
to	O
Israel	B-LOCATION
.	O
Activists	O
say	O
the	O
man	O
eventually	O
got	O
a	O
job	O
in	O
Jerusalem	B-LOCATION
,	O
again	O
teaching	O
boys	O
,	O
until	O
they	O
made	O
the	O
accusations	O
against	O
him	O
public	O
.	O

Exploiting	O
a	O
law	O

One	O
of	O
Israel	B-LOCATION
âs	O
foundational	O
laws	O
is	O
the	O
Law	B-BRANDS
of	B-MISC
Return	I-MISC
,	O
which	O
gives	O
Jews	B-AFFILIATION
the	O
right	O
to	O
immigrate	O
to	O
Israel	B-LOCATION
and	O
become	O
citizens	O
â	O
unless	O
they	O
are	O
deemed	O
a	O
danger	O
to	O
Israeli	B-AFFILIATION
society	O
,	O
security	O
or	O
the	O
Jewish	B-AFFILIATION
people	O
.	O
Israeli	B-AFFILIATION
law	O
,	O
however	O
,	O
does	O
not	O
define	O
what	O
that	O
means	O
.	O

According	O
to	O
advocates	O
for	O
victims	O
of	O
child	O
sex	O
abuse	O
,	O
it	O
is	O
the	O
exploitation	O
of	O
this	O
law	O
that	O
has	O
potentially	O
made	O
the	O
country	O
an	O
unintentional	O
haven	O
for	O
Jewish	B-AFFILIATION
alleged	O
sex	O
offenders	O
who	O
flee	O
here	O
.	O

This	O
issue	O
of	O
Israel	B-LOCATION
becoming	O
a	O
haven	O
,	O
for	O
those	O
seeking	O
citizenship	O
or	O
those	O
who	O
already	O
have	O
it	O
,	O
has	O
taken	O
center	O
stage	O
with	O
the	O
high	O
-	O
profile	O
case	O
of	O
Malka	B-GIVEN_NAME
Leifer	B-FAMILY_NAME
.	O
The	O
headmistress	O
of	O
an	O
ultra	B-AFFILIATION
-	I-AFFILIATION
Orthodox	I-AFFILIATION
girls	O
â	O
school	O
in	O
Melbourne	B-LOCATION
fled	O
to	O
Israel	B-LOCATION
in	O
2008	B-DATE
after	O
allegations	O
surfaced	O
of	O
her	O
sexually	O
abusing	O
several	O
of	O
her	O
female	O
students	O
.	O
Leifer	B-GIVEN_NAME
is	O
facing	O
possible	O
extradition	O
to	O
Australia	B-LOCATION
on	O
74	O
counts	O
of	O
suspected	O
sexual	O
abuse	O
,	O
including	O
indecent	O
assault	O
of	O
a	O
minor	O
and	O
rape	O
.	O

â	O
The	O
Law	O
of	O
Return	O
is	O
basically	O
why	O
it	O
âs	O
so	O
easy	O
for	O
people	O
to	O
come	O
here	O
,	O
â	O
says	O
Shana	B-GIVEN_NAME
Aaronson	B-FAMILY_NAME
,	O
the	O
chief	O
operating	O
officer	O
of	O
Jewish	B-ORGANIZATION|B-AFFILIATION
Community	I-ORGANIZATION
Watch	I-ORGANIZATION
â	O
an	O
advocacy	O
group	O
for	O
victims	O
of	O
child	O
sexual	O
abuse	O
everywhere	O
in	O
the	O
Jewish	B-AFFILIATION
world	O
,	O
with	O
offices	O
in	O
the	O
United	B-LOCATION
States	I-LOCATION
and	O
Israel	B-LOCATION
.	O

â	O
There	O
is	O
certainly	O
more	O
focus	O
on	O
whether	O
or	O
not	O
the	O
person	O
is	O
Jewish	B-AFFILIATION
than	O
there	O
is	O
on	O
a	O
possible	O
criminal	O
record	O
,	O
â	O
she	O
charges	O
,	O
alleging	O
that	O
criminal	O
background	O
checks	O
run	O
on	O
individuals	O
looking	O
to	O
immigrate	O
are	O
not	O
as	O
thorough	O
as	O
they	O
should	O
be	O
.	O

Interior	B-ORGANIZATION
Ministry	I-ORGANIZATION
spokeswoman	O
Sabine	B-GIVEN_NAME
Haddad	B-FAMILY_NAME
tells	O
Haaretz	B-ORGANIZATION
that	O
,	O
in	O
order	O
to	O
act	O
,	O
Israel	B-LOCATION
is	O
reliant	O
on	O
information	O
tipping	O
it	O
off	O
about	O
a	O
potentially	O
dangerous	O
applicant	O
for	O
immigration	O
,	O
such	O
as	O
an	O
alert	O
by	O
an	O
international	O
crime	O
-	O
fighting	O
organization	O
.	O

And	O
if	O
a	O
convicted	O
sex	O
offender	O
manages	O
to	O
immigrate	O
to	O
Israel	B-LOCATION
,	O
officials	O
say	O
there	O
is	O
no	O
legal	O
way	O
for	O
Israel	B-LOCATION
to	O
impose	O
supervision	O
â	O
which	O
would	O
often	O
be	O
mandatory	O
if	O
they	O
were	O
still	O
living	O
in	O
their	O
home	O
country	O
â	O
unless	O
they	O
are	O
convicted	O
of	O
reoffending	O
in	O
Israel	B-LOCATION
.	O

â	O
A	O
hole	O
in	O
the	O
system	O
â	O

Jewish	B-ORGANIZATION|B-AFFILIATION
Community	I-ORGANIZATION
Watch	I-ORGANIZATION
says	O
Leifer	B-GIVEN_NAME
and	O
Y	B-GIVEN_NAME
.	O
âs	O
alleged	O
abuser	O
are	O
among	O
65	O
people	O
in	O
the	O
last	O
decade	O
,	O
most	O
of	O
them	O
either	O
ultra	B-AFFILIATION
-	I-AFFILIATION
Orthodox	I-AFFILIATION
or	O
Orthodox	B-AFFILIATION
Jews	B-AFFILIATION
,	O
who	O
they	O
know	O
fled	O
to	O
Israel	B-LOCATION
.	O
They	O
were	O
either	O
already	O
Israeli	B-AFFILIATION
citizens	O
,	O
began	O
the	O
immigration	O
process	O
here	O
,	O
or	O
came	O
and	O
stayed	O
here	O
on	O
tourist	O
visas	O
.	O
Though	O
they	O
say	O
it	O
is	O
impossible	O
to	O
be	O
precise	O
about	O
the	O
number	O
of	O
convicted	O
or	O
alleged	O
child	O
sex	O
offenders	O
seeking	O
refuge	O
in	O
Israel	B-LOCATION
,	O
they	O
believe	O
about	O
half	O
of	O
those	O
65	O
faced	O
criminal	O
charges	O
concerning	O
sexual	O
abuse	O
of	O
children	O
or	O
have	O
seen	O
proceedings	O
started	O
against	O
them	O
in	O
their	O
home	O
countries	O
.	O
The	O
other	O
half	O
have	O
been	O
accused	O
by	O
alleged	O
victims	O
but	O
not	O
prosecuted	O
.	O

However	O
,	O
the	O
Jewish	B-ORGANIZATION|B-AFFILIATION
Agency	I-ORGANIZATION
,	O
which	O
helps	O
facilitate	O
the	O
aliyah	O
process	O
for	O
many	O
potential	O
immigrants	O
,	O
counters	O
that	O
its	O
staff	O
conducts	O
what	O
it	O
calls	O
â	O
extensive	O
background	O
research	O
on	O
applicants	O
.	O
â	O
Every	O
year	O
,	O
it	O
says	O
,	O
cases	O
are	O
found	O
where	O
some	O
of	O
the	O
applicants	O
have	O
lied	O
and	O
their	O
applications	O
rejected	O
,	O
although	O
it	O
could	O
not	O
say	O
precisely	O
how	O
many	O
were	O
found	O
to	O
be	O
lying	O
in	O
any	O
specific	O
year	O
.	O

The	O
Israeli	B-AFFILIATION
police	O
do	O
not	O
keep	O
data	O
on	O
such	O
alleged	O
child	O
sex	O
offenders	O
,	O
making	O
it	O
nearly	O
impossible	O
to	O
verify	O
their	O
number	O
.	O

Aaronson	B-GIVEN_NAME
says	O
that	O
of	O
those	O
alleged	O
offenders	O
who	O
have	O
faced	O
criminal	O
proceedings	O
,	O
some	O
have	O
served	O
time	O
and	O
others	O
took	O
plea	O
deals	O
that	O
included	O
parole	O
time	O
in	O
their	O
home	O
country	O
or	O
state	O
â	O
where	O
they	O
were	O
supposed	O
to	O
be	O
monitored	O
by	O
local	O
police	O
under	O
the	O
terms	O
of	O
their	O
probation	O
.	O

It	O
is	O
illegal	O
for	O
those	O
on	O
parole	O
to	O
leave	O
their	O
country	O
of	O
residence	O
.	O
Others	O
,	O
as	O
a	O
condition	O
of	O
their	O
release	O
or	O
plea	O
deal	O
,	O
may	O
have	O
been	O
ordered	O
to	O
be	O
registered	O
on	O
a	O
sex	O
offenders	O
list	O
.	O
However	O
,	O
according	O
to	O
Aaronson	B-GIVEN_NAME
,	O
as	O
long	O
as	O
registered	O
sex	O
offenders	O
provide	O
a	O
forwarding	O
address	O
,	O
they	O
are	O
legally	O
allowed	O
to	O
move	O
.	O

â	O
The	O
problem	O
is	O
the	O
forwarding	O
address	O
given	O
in	O
Israel	B-LOCATION
in	O
such	O
cases	O
is	O
never	O
accurate	O
,	O
in	O
my	O
experience	O
,	O
â	O
she	O
says	O
.	O
â	O
And	O
the	O
U.	B-LOCATION
S.	I-LOCATION
Registry	O
is	O
powerless	O
to	O
enforce	O
that	O
in	O
Israel	B-LOCATION
,	O
because	O
it	O
âs	O
beyond	O
its	O
jurisdiction	O
.	O
â	O

When	O
any	O
such	O
individual	O
is	O
in	O
Israel	B-LOCATION
,	O
the	O
Israel	B-ORGANIZATION|B-LOCATION
Prison	I-ORGANIZATION
Service	I-ORGANIZATION
(	O
which	O
oversees	O
parolees	O
)	O
says	O
there	O
is	O
no	O
monitoring	O
unless	O
the	O
person	O
is	O
convicted	O
of	O
a	O
crime	O
in	O
the	O
Jewish	B-AFFILIATION
state	O
.	O
â	O
If	O
the	O
individual	O
was	O
never	O
a	O
prisoner	O
in	O
our	O
system	O
,	O
there	O
is	O
no	O
supervision	O
,	O
â	O
prison	O
service	O
spokesman	O
Assaf	B-GIVEN_NAME
Librati	B-FAMILY_NAME
tells	O
Haaretz	B-ORGANIZATION
.	O
â	O
It	O
âs	O
a	O
hole	O
in	O
the	O
system	O
â	O
and	O
it	O
âs	O
truly	O
problematic	O
.	O
â	O

New	O
victims	O

One	O
child	O
sex	O
offender	O
who	O
did	O
serve	O
time	O
in	O
Israel	B-LOCATION
,	O
the	O
prison	O
service	O
confirmed	O
,	O
is	O
Jimmy	B-GIVEN_NAME
Julius	B-FAMILY_NAME
(	I-FAMILY_NAME
Yosef	I-FAMILY_NAME
)	I-FAMILY_NAME
Karow	I-FAMILY_NAME
.	O
According	O
to	O
Interpol	B-ORGANIZATION
,	O
he	O
has	O
both	O
U.	B-LOCATION
S.	I-LOCATION
and	O
Israeli	B-AFFILIATION
nationality	O
and	O
is	O
wanted	O
for	O
two	O
counts	O
of	O
sexual	O
abuse	O
in	O
the	O
United	B-LOCATION
States	I-LOCATION
.	O
According	O
to	O
JCW	B-ORGANIZATION
and	O
a	O
February	B-DATE
2018	I-DATE
report	O
by	O
Israel	B-LOCATION
âs	O
Channel	B-ORGANIZATION
Ten	I-ORGANIZATION
News	I-ORGANIZATION
,	O
he	O
immigrated	O
to	O
Israel	B-LOCATION
from	O
the	O
United	B-LOCATION
States	I-LOCATION
between	O
2000	B-DATE
and	O
2001	B-DATE
and	O
eventually	O
moved	O
into	O
an	O
ultra	B-AFFILIATION
-	I-AFFILIATION
Orthodox	I-AFFILIATION
settlement	O
in	O
the	O
West	B-LOCATION
Bank	I-LOCATION
.	O
He	O
was	O
arrested	O
,	O
charged	O
and	O
convicted	O
of	O
assaulting	O
young	O
girls	O
in	O
Jerusalem	B-LOCATION
and	O
served	O
five	B-DURATION
years	I-DURATION
for	O
those	O
crimes	O
.	O

The	O
Karow	B-GIVEN_NAME
case	O
,	O
advocates	O
say	O
,	O
highlights	O
how	O
offenders	O
or	O
even	O
alleged	O
offenders	O
can	O
find	O
new	O
victims	O
in	O
Israel	B-LOCATION
.	O

In	O
recent	O
months	O
,	O
additional	O
allegations	O
against	O
Leifer	B-GIVEN_NAME
have	O
emerged	O
.	O
In	O
February	B-DATE
,	O
Australia	B-LOCATION
âs	O
Seven	B-ORGANIZATION
News	I-ORGANIZATION
aired	O
an	O
interview	O
with	O
a	O
father	O
in	O
Immanuel	B-LOCATION
â	O
the	O
Jewish	B-AFFILIATION
settlement	O
in	O
the	O
West	B-LOCATION
Bank	I-LOCATION
where	O
Leifer	B-GIVEN_NAME
had	O
been	O
living	O
â	O
in	O
which	O
he	O
claimed	O
Leifer	B-GIVEN_NAME
had	O
been	O
abusing	O
his	O
daughter	O
.	O
And	O
Israel	B-LOCATION
âs	O
Channel	B-ORGANIZATION
11	I-ORGANIZATION
reported	O
the	O
same	O
month	O
that	O
a	O
woman	O
has	O
come	O
forward	O
alleging	O
that	O
Leifer	B-GIVEN_NAME
abused	O
her	O
when	O
she	O
was	O
a	O
student	O
at	O
an	O
ultra	B-AFFILIATION
-	I-AFFILIATION
Orthodox	I-AFFILIATION
girls	O
â	O
school	O
in	O
Bnei	B-LOCATION
Brak	I-LOCATION
over	O
20	B-DURATION
years	I-DURATION
ago	B-DATE
.	O

Asked	O
for	O
comment	O
about	O
the	O
new	O
allegations	O
,	O
Leifer	B-GIVEN_NAME
âs	O
lawyer	O
,	O
Yehuda	B-GIVEN_NAME
Fried	B-FAMILY_NAME
,	O
told	O
Haaretz	B-ORGANIZATION
:	O
â	O
We	O
do	O
not	O
intend	O
to	O
relate	O
to	O
rumors	O
and	O
gossip	O
,	O
and	O
certainly	O
to	O
acts	O
that	O
apparently	O
occurred	O
many	O
years	O
ago	O
.	O
â	O

Leifer	B-GIVEN_NAME
âs	O
story	O
became	O
headline	O
news	O
in	O
Israel	B-LOCATION
again	O
when	O
it	O
was	O
reported	O
in	O
February	B-DATE
that	O
Israel	B-LOCATION
âs	O
deputy	O
health	O
minister	O
,	O
Yaakov	B-GIVEN_NAME
Litzman	B-FAMILY_NAME
â	O
who	O
,	O
like	O
Leifer	B-GIVEN_NAME
,	O
is	O
ultra	B-AFFILIATION
-	I-AFFILIATION
Orthodox	I-AFFILIATION
â	O
had	O
been	O
questioned	O
under	O
caution	O
by	O
the	O
Israel	B-ORGANIZATION|B-LOCATION
Police	I-ORGANIZATION
over	O
suspicions	O
that	O
he	O
tried	O
to	O
use	O
his	O
influence	O
,	O
including	O
the	O
use	O
of	O
threats	O
,	O
to	O
get	O
state	O
psychiatrists	O
to	O
have	O
Leifer	O
declared	O
mentally	O
unfit	O
for	O
trial	O
(	O
in	O
order	O
to	O
block	O
her	O
extradition	O
)	O
.	O
Litzman	B-GIVEN_NAME
has	O
denied	O
any	O
wrongdoing	O
.	O

Her	O
lawyer	O
said	O
that	O
Leifer	B-GIVEN_NAME
has	O
not	O
been	O
convicted	O
of	O
any	O
crimes	O
,	O
and	O
that	O
since	O
the	O
Litzman	B-GIVEN_NAME
story	O
broke	O
,	O
â	O
an	O
aggressive	O
campaign	O
has	O
been	O
initiated	O
in	O
the	O
media	O
by	O
interested	O
parties	O
,	O
â	O
which	O
has	O
been	O
â	O
distorting	O
facts	O
.	O
â	O

He	O
added	O
:	O
â	O
All	O
the	O
experts	O
,	O
and	O
especially	O
the	O
psychiatrists	O
in	O
the	O
Israel	B-ORGANIZATION|B-LOCATION
Prison	I-ORGANIZATION
Service	I-ORGANIZATION
in	O
which	O
she	O
was	O
detained	O
for	O
more	O
than	O
a	O
year	O
,	O
determined	O
that	O
Mrs.	O
Leifer	B-GIVEN_NAME
was	O
mentally	O
ill	O
and	O
is	O
in	O
a	O
psychotic	O
state	O
.	O

And	O
someone	O
in	O
this	O
condition	O
cannot	O
stand	O
trial	O
in	O
any	O
case	O
.	O
â	O

However	O
,	O
the	O
new	O
allegations	O
in	O
the	O
Leifer	B-GIVEN_NAME
affair	O
hold	O
promise	O
that	O
change	O
is	O
being	O
felt	O
,	O
says	O
Jewish	B-ORGANIZATION|B-AFFILIATION
Community	I-ORGANIZATION
Watch	I-ORGANIZATION
Executive	O
Director	O
Meyer	B-GIVEN_NAME
Seewald	B-FAMILY_NAME
.	O
â	O
We	O
are	O
inspired	O
that	O
in	O
a	O
community	O
that	O
has	O
historically	O
been	O
so	O
extremely	O
insular	O
,	O
a	O
dialogue	O
about	O
[	O
alleged	O
]	O
sexual	O
abuse	O
and	O
assault	O
is	O
finally	O
taking	O
place	O
,	O
â	O
Seewald	B-GIVEN_NAME
said	O
in	O
a	O
statement	O
.	O

Leifer	B-GIVEN_NAME
âs	O
prime	O
accusers	O
in	O
Australia	B-LOCATION
are	O
the	O
sisters	O
Dassi	B-GIVEN_NAME
Erlich	B-FAMILY_NAME
,	O
Elly	B-GIVEN_NAME
Sapper	B-FAMILY_NAME
and	O
Nicole	B-GIVEN_NAME
Meyer	B-FAMILY_NAME
.	O
They	O
issued	O
a	O
statement	O
on	O
the	O
new	O
allegations	O
:	O
â	O
Each	O
new	O
voice	O
that	O
rises	O
above	O
the	O
fear	O
of	O
remaining	O
silent	O
is	O
so	O
valuable	O
and	O
important	O
in	O
helping	O
to	O
change	O
the	O
world	O
into	O
a	O
better	O
place	O
.	O
The	O
more	O
courage	O
that	O
we	O
can	O
bring	O
out	O
into	O
the	O
world	O
,	O
the	O
more	O
safe	O
and	O
just	O
the	O
world	O
will	O
become	O
.	O
â	O

Closed	O
community	O

The	O
Litzman	B-GIVEN_NAME
development	O
and	O
the	O
fact	O
Leifer	B-GIVEN_NAME
was	O
able	O
to	O
flee	O
Australia	B-LOCATION
so	O
quickly	O
when	O
allegations	O
first	O
surfaced	O
against	O
her	O
â	O
aided	O
by	O
members	O
of	O
her	O
ultra	B-AFFILIATION
-	I-AFFILIATION
Orthodox	I-AFFILIATION
school	O
,	O
according	O
to	O
an	O
Australian	B-AFFILIATION
judge	O
who	O
ruled	O
in	O
a	O
related	O
civil	O
case	O
in	O
2015	B-DATE
â	O
speaks	O
to	O
what	O
advocates	O
describe	O
as	O
a	O
culture	O
of	O
complicity	O
inside	O
the	O
ultra	B-AFFILIATION
-	I-AFFILIATION
Orthodox	I-AFFILIATION
world	O
.	O

Haredi	B-AFFILIATION
society	O
is	O
a	O
highly	O
insular	O
one	O
where	O
ties	O
with	O
the	O
secular	O
authorities	O
,	O
as	O
well	O
as	O
discussions	O
about	O
sexual	O
issues	O
,	O
are	O
almost	O
taboo	O
.	O

â	O
In	O
closed	O
communities	O
like	O
the	O
ultra	B-AFFILIATION
-	I-AFFILIATION
Orthodox	I-AFFILIATION
establishment	O
,	O
protecting	O
the	O
community	O
has	O
been	O
considered	O
[	O
of	O
]	O
higher	O
importance	O
than	O
protecting	O
those	O
harmed	O
by	O
a	O
sex	O
abuser	O
,	O
â	O
says	O
Avigayil	B-GIVEN_NAME
Heilbronn	B-FAMILY_NAME
-	I-FAMILY_NAME
Karlinsky	I-FAMILY_NAME
,	O
founder	O
of	O
Lo	B-ORGANIZATION
Tishtok	I-ORGANIZATION
(	O
Hebrew	B-AFFILIATION
for	O
Thou	B-BRANDS
Shalt	B-MISC
Not	I-MISC
Be	I-MISC
Silent	I-MISC
)	O
,	O
an	O
organization	O
that	O
works	O
to	O
raise	O
awareness	O
in	O
the	O
ultra	B-AFFILIATION
-	I-AFFILIATION
Orthodox	I-AFFILIATION
community	O
about	O
sexual	O
abuse	O
.	O

â	O
That	O
is	O
because	O
,	O
in	O
part	O
,	O
the	O
ultra	B-AFFILIATION
-	I-AFFILIATION
Orthodox	I-AFFILIATION
public	O
did	O
not	O
have	O
an	O
understanding	O
of	O
what	O
sexual	O
offenses	O
even	O
were	O
,	O
â	O
she	O
explains	O
.	O
â	O
It	O
âs	O
not	O
something	O
that	O
was	O
talked	O
about	O
;	O
it	O
all	O
took	O
place	O
under	O
the	O
cover	O
of	O
secrecy	O
and	O
darkness	O
.	O
The	O
victims	O
themselves	O
usually	O
felt	O
they	O
themselves	O
had	O
done	O
something	O
that	O
was	O
immodest	O
,	O
and	O
that	O
if	O
they	O
turned	O
the	O
person	O
over	O
to	O
the	O
secular	O
authorities	O
they	O
would	O
be	O
committing	O
chilul	O
hashem	O
,	O
â	O
she	O
adds	O
,	O
referring	O
to	O
an	O
immoral	O
act	O
committed	O
in	O
the	O
presence	O
of	O
others	O
.	O

In	O
the	O
ultra	B-AFFILIATION
-	I-AFFILIATION
Orthodox	I-AFFILIATION
community	O
,	O
of	O
which	O
Heilbronn	B-GIVEN_NAME
-	B-FAMILY_NAME
Karlinsky	I-FAMILY_NAME
is	O
a	O
member	O
,	O
the	O
law	O
of	O
the	O
land	O
is	O
regarded	O
as	O
secular	O
,	O
she	O
explains	O
,	O
and	O
deemed	O
as	O
â	O
other	O
,	O
â	O
even	O
foreign	O
and	O
hostile	O
.	O
And	O
in	O
some	O
communities	O
,	O
even	O
reporting	O
alleged	O
crimes	O
is	O
seen	O
as	O
unacceptable	O
because	O
of	O
the	O
centuries	O
-	O
old	O
prohibition	O
of	O
mesirah	O
â	O
which	O
prohibits	O
Jews	B-AFFILIATION
from	O
turning	O
in	O
other	O
Jews	B-AFFILIATION
to	O
non	B-AFFILIATION
-	I-AFFILIATION
Jewish	I-AFFILIATION
authorities	O
for	O
fear	O
they	O
would	O
not	O
be	O
treated	O
fairly	O
.	O
However	O
,	O
that	O
said	O
,	O
Jewish	B-AFFILIATION
tradition	O
also	O
maintains	O
that	O
protection	O
should	O
not	O
be	O
given	O
to	O
someone	O
deemed	O
dangerous	O
to	O
the	O
community	O
.	O

A	O
recent	O
fundraising	O
effort	O
to	O
help	O
Leifer	B-GIVEN_NAME
,	O
launched	O
by	O
a	O
Hasidic	B-AFFILIATION
rabbi	O
,	O
speaks	O
to	O
that	O
sentiment	O
of	O
mesirah	O
,	O
with	O
the	O
Haredi	B-AFFILIATION
public	O
being	O
asked	O
to	O
help	O
â	O
redeem	O
a	O
captive	O
.	O
â	O

Protecting	O
the	O
institution	O

Yeshiva	B-ORGANIZATION
University	I-ORGANIZATION
âs	O
Rabbi	O
Yosef	B-GIVEN_NAME
Blau	B-FAMILY_NAME
,	O
an	O
expert	O
on	O
abuse	O
within	O
the	O
ultra	B-AFFILIATION
-	I-AFFILIATION
Orthodox	I-AFFILIATION
world	O
,	O
sees	O
a	O
parallel	O
in	O
how	O
the	O
Catholic	B-ORGANIZATION|B-AFFILIATION
Church	I-ORGANIZATION
handled	O
child	O
abuse	O
cases	O
for	O
decades	O
â	O
including	O
transferring	O
pedophile	O
priests	O
to	O
other	O
parishes	O
.	O
In	O
both	O
settings	O
,	O
protecting	O
the	O
institution	O
was	O
paramount	O
.	O

Blau	B-GIVEN_NAME
says	O
covering	O
up	O
for	O
offenders	O
or	O
alleged	O
offenders	O
is	O
more	O
common	O
if	O
the	O
accused	O
is	O
prominent	O
in	O
the	O
community	O
.	O
Furthermore	O
,	O
he	O
notes	O
,	O
another	O
prohibition	O
exacerbates	O
the	O
problem	O
among	O
the	O
observant	O
community	O
:	O
That	O
of	O
lashon	O
hara	O
(	O
gossiping	O
about	O
others	O
)	O
.	O

â	O
Concern	O
about	O
lashon	O
hara	O
is	O
used	O
to	O
silence	O
the	O
victim	O
and	O
his	O
or	O
her	O
supporters	O
,	O
â	O
Blau	B-GIVEN_NAME
tells	O
Haaretz	B-ORGANIZATION
.	O
â	O
Victims	O
and	O
their	O
families	O
are	O
shunned	O
.	O
There	O
is	O
denial	O
that	O
abusers	O
are	O
usually	O
chronic	O
offenders	O
,	O
and	O
it	O
becomes	O
possible	O
to	O
claim	O
they	O
have	O
repented	O
and	O
wo	O
nât	O
abuse	O
again	O
.	O
â	O

Advocates	O
say	O
ongoing	O
coverage	O
of	O
the	O
Leifer	B-GIVEN_NAME
affair	O
is	O
helping	O
to	O
boost	O
awareness	O
about	O
the	O
matter	O
.	O
â	O
People	O
are	O
fascinated	O
and	O
horrified	O
by	O
the	O
case	O
,	O
and	O
it	O
âs	O
putting	O
a	O
focus	O
on	O
the	O
wider	O
problem	O
of	O
[	O
alleged	O
]	O
molesters	O
using	O
Israel	B-LOCATION
to	O
escape	O
justice	O
,	O
â	O
says	O
Aaronson	B-GIVEN_NAME
.	O

Ultra	B-AFFILIATION
-	I-AFFILIATION
Orthodox	I-AFFILIATION
and	O
Orthodox	B-AFFILIATION
communities	O
today	O
have	O
greater	O
awareness	O
about	O
sexual	O
abuse	O
and	O
the	O
importance	O
of	O
identifying	O
and	O
preventing	O
it	O
,	O
according	O
to	O
advocates	O
who	O
cite	O
new	O
education	O
efforts	O
in	O
the	O
community	O
.	O
These	O
efforts	O
include	O
using	O
teachers	O
and	O
camp	O
counselors	O
,	O
lectures	O
and	O
creating	O
culturally	O
appropriate	O
literature	O
.	O

Manny	B-GIVEN_NAME
Waks	B-FAMILY_NAME
,	O
a	O
victim	O
advocate	O
and	O
CEO	O
of	O
Kol	B-ORGANIZATION
v	I-ORGANIZATION
â	I-ORGANIZATION
Oz	I-ORGANIZATION
â	O
which	O
works	O
to	O
prevent	O
child	O
sexual	O
abuse	O
in	O
the	O
global	O
Jewish	B-AFFILIATION
community	O
â	O
welcomes	O
these	O
efforts	O
.	O
But	O
he	O
cautions	O
that	O
there	O
is	O
still	O
a	O
long	O
way	O
to	O
go	O
,	O
citing	O
the	O
community	O
âs	O
insularity	O
and	O
ignorance	O
about	O
what	O
abuse	O
is	O
and	O
the	O
trauma	O
it	O
inflicts	O
on	O
its	O
victims	O
.	O

â	O
Also	O
,	O
offenders	O
have	O
a	O
much	O
easier	O
time	O
in	O
the	O
ultra	B-AFFILIATION
-	I-AFFILIATION
Orthodox	I-AFFILIATION
world	O
convincing	O
their	O
own	O
communities	O
that	O
what	O
they	O
did	O
in	O
the	O
past	O
was	O
in	O
the	O
past	O
,	O
and	O
now	O
they	O
have	O
done	O
repentance	O
.	O
The	O
community	O
will	O
say	O
things	O
like	O
,	O
â	O
It	O
was	O
an	O
aberration	O
;	O
there	O
was	O
inappropriate	O
touching	O
but	O
not	O
rape	O
.	O
They	O
work	O
to	O
minimize	O
it	O
,	O
â	O
he	O
says	O
.	O
Waks	B-GIVEN_NAME
adds	O
that	O
ultra	B-AFFILIATION
-	I-AFFILIATION
Orthodox	I-AFFILIATION
rabbis	O
often	O
believe	O
it	O
is	O
not	O
actually	O
sexual	O
abuse	O
unless	O
there	O
is	O
penetration	O
.	O

Community	O
leaders	O
will	O
often	O
approach	O
advocates	O
of	O
victims	O
and	O
say	O
an	O
offender	O
has	O
done	O
teshuvah	O
(	O
or	O
teshubah	O
)	O
and	O
deserves	O
a	O
fresh	O
start	O
.	O
â	O
But	O
of	O
course	O
,	O
the	O
irony	O
is	O
that	O
in	O
every	O
one	O
of	O
these	O
scenarios	O
,	O
the	O
offender	O
[	O
or	O
alleged	O
offender	O
]	O
has	O
never	O
once	O
apologized	O
to	O
the	O
victim	O
or	O
victims	O
.	O
So	O
the	O
idea	O
of	O
teshuvah	O
is	O
a	O
joke	O
,	O
â	O
says	O
Aaronson	B-GIVEN_NAME
.	O

