Following	O
a	O
court	O
decision	O
earlier	O
this	O
week	O
that	O
allowed	O
for	O
the	O
publication	O
of	O
a	O
previously	O
gag	O
-	O
ordered	O
sexual	O
assault	O
incident	O
inside	O
the	O
Israeli	B-ORGANIZATION|B-AFFILIATION
Prison	I-ORGANIZATION
Service	I-ORGANIZATION
(	O
IPS	B-ORGANIZATION
)	O
,	O
an	O
additional	O
former	O
prison	O
guard	O
stated	O
on	O
Thursday	B-DATE
that	O
she	O
was	O
raped	O
by	O
a	O
security	O
prisoner	O
at	O
Gilboa	B-LOCATION|B-LOCATION
Prison	I-LOCATION
during	O
her	O
mandatory	O
service	O
.	O

On	O
Thursday	B-BRANDS
afternoon	O
,	O
the	O
former	O
prison	O
guard	O
,	O
who	O
referred	O
to	O
herself	O
by	O
the	O
pseudonym	O
Hila	B-GIVEN_NAME
,	O
launched	O
a	O
crowdfunding	O
campaign	O
in	O
order	O
to	O
raise	O
funds	O
to	O
establish	O
a	O
commission	O
of	O
inquiry	O
against	O
the	O
IPS	B-ORGANIZATION
.	O

"	O
I	O
demand	O
that	O
an	O
independent	O
commission	O
of	O
inquiry	O
be	O
established	O
,	O
"	O
she	O
wrote	O
.	O

"	O
Today	O
,	O
an	O
absurd	O
situation	O
has	O
arisen	O
.	O

The	O
system	O
is	O
investigating	O
itself	O
.	O

What	O
interest	O
does	O
the	O
system	O
have	O
in	O
revealing	O
the	O
truth	O
to	O
you	O
and	O
me	O
?	O
"	O

The	O
Gilboa	B-LOCATION|B-LOCATION
Prison	I-LOCATION
"	O
pimping	O
affair	O
"	O

Thursday	B-DATE
's	O
testimony	O
is	O
focused	O
on	O
the	O
same	O
"	O
pimping	O
affair	O
"	O
case	O
first	O
publicized	O
in	O
2018	B-DATE
by	O
Liran	B-GIVEN_NAME
Levi	B-FAMILY_NAME
but	O
which	O
was	O
then	O
closed	O
in	O
October	B-DATE
2019	I-DATE
due	O
to	O
"	O
lack	O
of	O
evidence	O
.	O
"	O

The	O
case	O
dealt	O
with	O
testimonies	O
of	O
female	O
prison	O
guards	O
accusing	O
then	O
Prison	O
Intelligence	O
Officer	O
Rani	B-GIVEN_NAME
Basha	B-FAMILY_NAME
of	O
allowing	O
Fatah	B-ORGANIZATION
terrorist	O
and	O
high	O
-	O
security	O
prisoner	O
Muhammad	B-GIVEN_NAME
Atallah	B-FAMILY_NAME
to	O
have	O
access	O
to	O
female	O
prison	O
guards	O
in	O
return	O
for	O
providing	O
him	O
with	O
intelligence	O
information	O
.	O

However	O
,	O
in	O
late	O
2021	B-DATE
,	O
the	O
affair	O
was	O
blown	O
open	O
again	O
after	O
Gilboa	B-LOCATION|B-LOCATION
Prison	I-LOCATION
Warden	O
Freddy	B-GIVEN_NAME
Ben	B-FAMILY_NAME
-	I-FAMILY_NAME
Shitreet	I-FAMILY_NAME
referred	O
to	O
it	O
during	O
an	O
inquiry	O
into	O
the	O
escape	O
of	O
six	O
Gilboa	B-LOCATION
prisoners	O
.	O

Following	O
the	O
reopening	O
of	O
the	O
IPS	B-ORGANIZATION
internal	O
investigation	O
into	O
the	O
affair	O
,	O
Rani	B-GIVEN_NAME
Basha	B-FAMILY_NAME
was	O
fired	O
from	O
the	O
IPS	B-ORGANIZATION
earlier	O
this	O
month	O
by	O
Public	O
Security	O
Minister	O
Omer	B-GIVEN_NAME
Bar	B-FAMILY_NAME
Lev	I-FAMILY_NAME
following	O
a	O
recommendation	O
by	O
IPS	B-ORGANIZATION
Commissioner	O
Katy	B-GIVEN_NAME
Perry	B-FAMILY_NAME
,	O
after	O
admitting	O
that	O
he	O
specifically	O
moved	O
female	O
prison	O
guards	O
from	O
the	O
security	O
to	O
the	O
criminal	O
wing	O
of	O
Gilboa	B-LOCATION
prison	O
,	O
per	O
Atallah	B-GIVEN_NAME
's	O
demands	O
.	O

To	O
date	O
,	O
five	O
other	O
victims	O
of	O
Atallah	B-GIVEN_NAME
's	O
actions	O
had	O
come	O
forward	O
,	O
with	O
Hila	B-GIVEN_NAME
being	O
the	O
sixth	O
to	O
do	O
so	O
.	O

Until	O
earlier	O
this	O
week	O
,	O
Hila	B-GIVEN_NAME
's	O
testimony	O
against	O
Atallah	B-GIVEN_NAME
had	O
been	O
placed	O
under	O
a	O
gag	O
order	O
for	O
several	O
years	O
by	O
the	O
Rishon	B-ORGANIZATION|B-LOCATION
Lezion	I-ORGANIZATION|I-LOCATION
Magistrate	I-ORGANIZATION
's	I-ORGANIZATION
Court	I-ORGANIZATION
.	O

"	O
Everyone	O
knew	O
.	O

Everyone	O
was	O
silent	O
.	O

Everyone	O
was	O
afraid	O
.	O
"	O

In	O
her	O
crowdfunding	O
campaign	O
,	O
Hila	B-GIVEN_NAME
writes	O
that	O
she	O
arrived	O
at	O
Gilboa	B-LOCATION|B-LOCATION
Prison	I-LOCATION
after	O
asking	O
to	O
serve	O
in	O
the	O
IPS	B-ORGANIZATION
for	O
the	O
duration	O
of	O
her	O
mandatory	O
service	O
.	O

"	O
I	O
volunteered	O
to	O
serve	O
in	O
the	O
IPS	B-ORGANIZATION
and	O
went	O
through	O
a	O
prison	O
guard	O
course	O
that	O
lasted	O
several	O
months	O
,	O
like	O
all	O
IDF	B-ORGANIZATION
soldiers	O
who	O
are	O
loaned	O
to	O
the	O
IPS	B-ORGANIZATION
as	O
prison	O
guards	O
,	O
"	O
she	O
writes	O
.	O

"	O
I	O
was	O
assigned	O
to	O
watch	O
over	O
and	O
guard	O
enemies	O
of	O
the	O
state	O
-	O
the	O
security	O
prisoners	O
who	O
did	O
everything	O
they	O
could	O
to	O
erase	O
the	O
existence	O
of	O
the	O
State	B-LOCATION
of	I-LOCATION
Israel	I-LOCATION
and	O
to	O
murder	O
Jews	B-AFFILIATION
.	O

"	O
Unfortunately	O
for	O
me	O
,	O
of	O
all	O
the	O
prisons	O
,	O
I	O
was	O
placed	O
in	O
Gilboa	B-LOCATION|B-LOCATION
prison	I-LOCATION
,	O
where	O
the	O
most	O
dangerous	O
terrorists	O
are	O
imprisoned	O
,	O
a	O
prison	O
with	O
maximum	O
security	O
,	O
"	O
she	O
continues	O
.	O

"	O
There	O
I	O
discovered	O
to	O
my	O
astonishment	O
that	O
there	O
was	O
one	O
'	O
commander	O
'	O
who	O
was	O
a	O
Palestinian	B-AFFILIATION
terrorist	O
with	O
blood	O
on	O
his	O
hands	O
who	O
controlled	O
all	O
the	O
officers	O
and	O
staff	O
who	O
obeyed	O
him	O
and	O
carried	O
out	O
his	O
'	O
orders	O
'	O
without	O
any	O
argument	O
.	O
"	O

"	O
He	O
walked	O
freely	O
around	O
the	O
prison	O
when	O
he	O
was	O
not	O
handcuffed	O
,	O
and	O
used	O
his	O
dirty	O
hands	O
to	O
touch	O
the	O
bodies	O
of	O
females	O
without	O
any	O
obstruction	O
.	O

Everyone	O
knew	O
.	O

Everyone	O
was	O
silent	O
.	O

Everyone	O
was	O
afraid	O
.	O
"	O

Continuing	O
her	O
written	O
statement	O
,	O
Hila	B-GIVEN_NAME
turns	O
her	O
attention	O
to	O
the	O
prison	O
staff	O
themselves	O
.	O

"	O
My	O
commanders	O
,	O
my	O
staff	O
members	O
,	O
who	O
I	O
thought	O
were	O
supposed	O
to	O
protect	O
me	O
,	O
handed	O
me	O
over	O
to	O
that	O
terrorist	O
(	O
Atallah	B-GIVEN_NAME
)	O
.	O

They	O
made	O
sure	O
that	O
I	O
was	O
left	O
alone	O
with	O
him	O
,	O
contrary	O
to	O
the	O
clear	O
procedures	O
,	O
so	O
that	O
he	O
could	O
brutally	O
hurt	O
me	O
and	O
abuse	O
me	O
,	O
sexually	O
assault	O
me	O
again	O
and	O
again	O
,	O
and	O
not	O
only	O
me	O
,	O
but	O
also	O
many	O
other	O
female	O
prison	O
guards	O
.	O

"	O
He	O
could	O
have	O
murdered	O
me	O
,	O
or	O
taken	O
me	O
hostage	O
,	O
it	O
was	O
just	O
the	O
two	O
of	O
us	O
alone	O
without	O
handcuffs	O
and	O
without	O
bars	O
,	O
and	O
he	O
is	O
a	O
convicted	O
murderer	O
?	O

What	O
were	O
they	O
thinking	O
?	O

That	O
he	O
would	O
"	O
only	O
"	O
enjoy	O
me	O
?	O

And	O
that	O
's	O
ok	O
?	O

That	O
it	O
's	O
permissible	O
to	O
sacrifice	O
an	O
IDF	B-ORGANIZATION
soldier	O
for	O
information	O
?	O

Peace	O
?	O

Money	O
?	O

"	O
How	O
do	O
you	O
calculate	O
the	O
price	O
for	O
the	O
innocence	O
that	O
was	O
taken	O
from	O
me	O
?	O

For	O
my	O
soul	O
that	O
was	O
murdered	O
in	O
an	O
instant	O
?	O

I	O
still	O
cannot	O
figure	O
out	O
how	O
to	O
solve	O
this	O
equation	O
.	O
"	O

"	O
They	O
hoped	O
I	O
would	O
take	O
this	O
secret	O
with	O
me	O
to	O
the	O
grave	O
"	O

As	O
stated	O
above	O
,	O
Hila	B-GIVEN_NAME
's	O
testimony	O
of	O
her	O
experience	O
with	O
Atallah	B-GIVEN_NAME
was	O
put	O
under	O
a	O
gag	O
order	O
for	O
several	O
years	O
,	O
even	O
as	O
the	O
affair	O
reentered	O
the	O
public	O
eye	O
with	O
testimonies	O
from	O
other	O
prison	O
guards	O
,	O
and	O
even	O
as	O
the	O
internal	O
IPS	B-ORGANIZATION
investigation	O
was	O
reopened	O
.	O

"	O
Maybe	O
they	O
hoped	O
that	O
I	O
would	O
take	O
this	O
secret	O
with	O
me	O
to	O
the	O
grave	O
,	O
"	O
she	O
writes	O
,	O
referring	O
to	O
the	O
gag	O
order	O
.	O

"	O
Maybe	O
they	O
thought	O
I	O
would	O
kill	O
myself	O
or	O
run	O
away	O
to	O
hide	O
in	O
some	O
hole	O
and	O
continue	O
to	O
be	O
ashamed	O
.	O

But	O
not	O
anymore	O
.	O

"	O
I	O
'm	O
done	O
being	O
silent	O
,	O
I	O
'm	O
doing	O
being	O
ashamed	O
,	O
I	O
'm	O
not	O
to	O
blame	O
!	O

The	O
shame	O
belongs	O
to	O
the	O
state	O
.	O

The	O
shame	O
belongs	O
to	O
everyone	O
who	O
has	O
been	O
covering	O
up	O
this	O
affair	O
for	O
years	O
.	O

Enough	O
of	O
the	O
silence	O
.	O

I	O
will	O
not	O
be	O
silenced	O
anymore	O
.	O
"	O

The	O
lawyer	O
representing	O
the	O
former	O
Gilboa	B-LOCATION
prison	O
guards	O
,	O
Keren	B-GIVEN_NAME
Barak	B-FAMILY_NAME
,	O
responded	O
to	O
the	O
publication	O
of	O
Hila	B-GIVEN_NAME
's	O
testimony	O
,	O
saying	O
it	O
was	O
"	O
the	O
most	O
shocking	O
case	O
since	O
the	O
establishment	O
of	O
the	O
state	O
of	O
Israel	B-LOCATION
of	O
sexual	O
assault	O
against	O
an	O
IDF	B-ORGANIZATION
soldier	O
on	O
regular	O
duty	O
by	O
a	O
terrorist	O
who	O
is	O
an	O
enemy	O
of	O
the	O
State	B-LOCATION
of	I-LOCATION
Israel	I-LOCATION
with	O
blood	O
on	O
his	O
hands	O
.	O

"	O
I	O
call	O
on	O
every	O
citizen	O
in	O
the	O
country	O
to	O
help	O
us	O
raise	O
money	O
in	O
order	O
to	O
restore	O
the	O
life	O
of	O
that	O
soldier	O
...	O
this	O
is	O
a	O
woman	O
who	O
enlisted	O
in	O
the	O
IDF	B-ORGANIZATION
and	O
asked	O
to	O
serve	O
in	O
a	O
sensitive	O
security	O
position	O
out	O
of	O
love	O
for	O
her	O
country	O
.	O

We	O
,	O
and	O
the	O
State	B-LOCATION
of	I-LOCATION
Israel	I-LOCATION
,	O
must	O
not	O
abandon	O
her	O
again	O
.	O
"	O

Response	O
from	O
Israeli	B-AFFILIATION
officials	O

In	O
response	O
to	O
the	O
publication	O
of	O
Hila	B-GIVEN_NAME
's	O
testimony	O
,	O
the	O
Knesset	B-ORGANIZATION
Foreign	I-ORGANIZATION
Affairs	I-ORGANIZATION
and	I-ORGANIZATION
Defense	I-ORGANIZATION
Subcommittee	I-ORGANIZATION
headed	O
by	O
MK	O
Ram	B-GIVEN_NAME
Ben	B-FAMILY_NAME
Barak	I-FAMILY_NAME
(	O
Yesh	B-GIVEN_NAME
Atid	B-FAMILY_NAME
)	O
will	O
convene	O
next	O
week	O
,	O
with	O
representatives	O
from	O
the	O
IPS	B-ORGANIZATION
,	O
Shin	B-ORGANIZATION
Bet	I-ORGANIZATION
,	O
and	O
Attorney	B-ORGANIZATION
General	I-ORGANIZATION
's	I-ORGANIZATION
Office	I-ORGANIZATION
also	O
expected	O
to	O
attend	O
.	O

Otzma	B-ORGANIZATION
Yehudit	I-ORGANIZATION
chairman	O
MK	O
Itamar	B-GIVEN_NAME
Ben	B-FAMILY_NAME
-	I-FAMILY_NAME
Gvir	I-FAMILY_NAME
has	O
donated	O
NIS	B-MONEY
500	I-MONEY
to	O
the	O
crowdfunding	O
campaign	O
,	O
stating	O
that	O
"	O
anyone	O
who	O
had	O
a	O
hand	O
in	O
covering	O
up	O
the	O
case	O
and	O
ignoring	O
the	O
soldier	O
's	O
plight	O
must	O
be	O
held	O
accountable	O
and	O
pay	O
a	O
heavy	O
price	O
for	O
it	O
.	O

If	O
the	O
government	O
is	O
unable	O
to	O
take	O
care	O
of	O
the	O
warden	O
,	O
we	O
will	O
take	O
care	O
as	O
much	O
as	O
we	O
can	O
to	O
help	O
her	O
.	O
"	O

Religious	B-ORGANIZATION|B-AFFILIATION
Zionist	I-ORGANIZATION|I-AFFILIATION
Party	I-ORGANIZATION
chair	O
MK	O
Bezalel	B-GIVEN_NAME
Smotrich	B-FAMILY_NAME
also	O
released	O
a	O
statement	O
in	O
support	O
of	O
the	O
former	O
prison	O
guard	O
,	O
saying	O
that	O
"	O
as	O
a	O
person	O
,	O
as	O
a	O
Jew	B-AFFILIATION
,	O
and	O
as	O
an	O
Israeli	B-AFFILIATION
,	O
I	O
feel	O
a	O
deep	O
shock	O
and	O
tremendous	O
rage	O
.	O

I	O
ca	O
n't	O
find	O
the	O
words	O
to	O
express	O
my	O
feelings	O
.	O

This	O
is	O
not	O
a	O
matter	O
of	O
Right	B-ORGANIZATION
or	O
Left	B-ORGANIZATION
.	O

The	O
soul	O
searching	O
belongs	O
to	O
all	O
of	O
us	O
and	O
the	O
State	B-LOCATION
of	I-LOCATION
Israel	I-LOCATION
must	O
face	O
a	O
reckoning	O
.	O
"	O

In	O
December	B-DATE
2021	I-DATE
,	O
a	O
proposal	O
put	O
forward	O
by	O
the	O
Opposition	O
to	O
establish	O
a	O
state	O
commission	O
of	O
inquiry	O
into	O
the	O
affair	O
failed	O
to	O
pass	O
in	O
Knesset	B-ORGANIZATION
with	O
a	O
vote	O
of	O
46	O
-	O
41	O
.	O

The	O
vote	O
fell	O
due	O
to	O
the	O
refusal	O
of	O
coalition	O
MKs	O
to	O
vote	O
in	O
its	O
favor	O
due	O
to	O
Bar	B-GIVEN_NAME
Lev	B-FAMILY_NAME
's	O
position	O
as	O
Public	O
Security	O
Minister	O
.	O

In	O
response	O
to	O
a	O
request	O
for	O
comment	O
on	O
Hila	B-GIVEN_NAME
's	O
testimony	O
from	O
The	B-ORGANIZATION
Jerusalem	I-ORGANIZATION
Post	I-ORGANIZATION
,	O
Bar	B-GIVEN_NAME
Lev	B-FAMILY_NAME
's	O
sspokesperson	O
stated	O
that	O
"	O
we	O
have	O
made	O
several	O
comments	O
about	O
[	O
the	O
Gilboa	B-LOCATION
affair	O
]	O
in	O
the	O
past	O
,	O
including	O
earlier	O
this	O
week	O
.	O
"	O

However	O
,	O
later	O
on	O
Thursday	B-BRANDS
evening	O
,	O
Bar	B-GIVEN_NAME
Lev	B-FAMILY_NAME
released	O
a	O
statement	O
saying	O
that	O
"	O
the	O
publications	O
on	O
the	O
subject	O
,	O
which	O
continue	O
to	O
flood	O
the	O
media	O
,	O
are	O
horrifying	O
-	O
and	O
even	O
the	O
long	O
time	O
that	O
has	O
passed	O
since	O
then	O
does	O
not	O
dull	O
the	O
hard	O
feeling	O
.	O

"	O
Every	O
incident	O
of	O
violence	O
against	O
women	O
in	O
the	O
organizations	O
subordinate	O
to	O
me	O
will	O
be	O
treated	O
with	O
the	O
utmost	O
severity	O
,	O
and	O
as	O
I	O
received	O
the	O
recommendation	O
of	O
the	O
Sheriff	O
's	O
Commissioner	O
to	O
fire	O
the	O
Gilboa	B-LOCATION|B-LOCATION
prison	I-LOCATION
's	O
intelligence	O
officer	O
-	O
I	O
will	O
not	O
hesitate	O
to	O
act	O
harshly	O
in	O
the	O
future	O
as	O
well	O
.	O
"	O

