Tel	B-LOCATION|B-LOCATION
Aviv	I-LOCATION|I-LOCATION
âs	I-LOCATION
Ichilov	I-LOCATION
Hospital	I-LOCATION
inaugurated	O
the	O
Sylvan	B-LOCATION|B-GIVEN_NAME
Adams	I-LOCATION|B-FAMILY_NAME
Emergency	I-LOCATION
Hospital	I-LOCATION
on	O
Thursday	B-DATE
with	O
the	O
participation	O
of	O
President	O
Isaac	B-GIVEN_NAME
Herzog	B-FAMILY_NAME
and	O
Prime	O
Minister	O
Yair	B-GIVEN_NAME
Lapid	B-FAMILY_NAME
.	O

The	O
three	O
-	O
story	O
,	O
8,000	O
square	O
-	O
meter	O
facility	O
is	O
the	O
largest	O
ER	O
in	O
the	O
world	O
and	O
bears	O
the	O
name	O
of	O
philanthropist	O
Sylvan	B-GIVEN_NAME
Adams	B-FAMILY_NAME
,	O
who	O
donated	O
$	B-MONEY
28	I-MONEY
million	I-MONEY
for	O
its	O
establishment	O
.	O

A	O
number	O
of	O
new	O
technologies	O
are	O
implemented	O
in	O
the	O
new	O
ER	O
,	O
including	O
a	O
facial	O
recognition	O
station	O
and	O
digital	O
self	O
-	O
registration	O
,	O
allowing	O
allow	O
people	O
to	O
self	O
-	O
register	O
using	O
facial	O
recognition	O
;	O
â	O
self	O
-	O
triage	O
,	O
â	O
which	O
enables	O
patients	O
to	O
check	O
their	O
own	O
temperature	O
,	O
blood	O
pressure	O
,	O
pulse	O
,	O
and	O
blood	O
oxygen	O
saturation	O
before	O
being	O
assigned	O
a	O
medical	O
professional	O
for	O
treatment	O
;	O
mobile	O
robots	O
,	O
which	O
assist	O
patients	O
in	O
navigating	O
the	O
emergency	O
hospital	O
as	O
well	O
as	O
departments	O
outside	O
the	O
facility	O
;	O
and	O
an	O
app	O
that	O
will	O
provide	O
real	O
-	O
time	O
reports	O
to	O
the	O
patient	O
about	O
their	O
status	O
.	O

In	O
addition	O
,	O
the	O
hospital	O
has	O
dedicated	O
sections	O
for	O
care	O
to	O
be	O
provided	O
determined	O
by	O
the	O
patient	O
âs	O
condition	O
and	O
psychiatric	O
classification	O
,	O
a	O
short	O
-	O
term	O
hospitalization	O
department	O
,	O
and	O
the	O
Maor	B-LOCATION
Center	I-LOCATION
â	O
a	O
room	O
for	O
the	O
acute	O
care	O
of	O
victims	O
of	O
sexual	O
assault	O
.	O

The	O
technologies	O
will	O
enable	O
greater	O
streamlining	O
of	O
triage	O
patient	O
assessment	O
,	O
lower	O
waiting	O
times	O
,	O
and	O
more	O
efficient	O
and	O
effective	O
medical	O
care	O
provision	O
.	O

The	O
inpatient	O
hall	O
includes	O
100	O
monitored	O
beds	O
â	O
the	O
largest	O
number	O
of	O
beds	O
in	O
emergency	O
care	O
departments	O
in	O
Israel	B-LOCATION
.	O

Professor	O
Ronni	B-GIVEN_NAME
Gamzu	B-FAMILY_NAME
,	O
Ichilov	B-ORGANIZATION
CEO	O
,	O
said	O
:	O
â	O
Our	O
emergency	O
room	O
treats	O
complicated	O
cases	O
on	O
a	O
large	O
scale	O
,	O
and	O
therefore	O
the	O
challenge	O
of	O
providing	O
outstanding	O
service	O
is	O
significant	O
.	O

We	O
are	O
determined	O
to	O
change	O
this	O
and	O
to	O
prove	O
that	O
it	O
is	O
possible	O
to	O
demand	O
and	O
receive	O
quick	O
,	O
outstanding	O
treatment	O
even	O
during	O
busy	O
periods	O
.	O

After	O
over	O
five	B-DURATION
years	I-DURATION
of	O
strenuous	O
work	O
,	O
I	O
am	O
proud	O
to	O
lead	O
the	O
medical	O
and	O
technological	O
revolution	O
in	O
guaranteeing	O
the	O
best	O
and	O
quickest	O
possible	O
treatment	O
in	O
Israel	B-LOCATION
.	O

I	O
am	O
grateful	O
to	O
Mr.	O
Sylvan	B-GIVEN_NAME
Adams	B-FAMILY_NAME
,	O
whose	O
generosity	O
has	O
fulfilled	O
Ichilov	B-ORGANIZATION
âs	O
dream	O
on	O
behalf	O
of	O
more	O
than	O
250,000	O
million	O
Israelis	B-AFFILIATION
who	O
visit	O
Ichilov	B-LOCATION
âs	O
emergency	O
care	O
wing	O
annually	O
.	O
â	O

Sylvan	B-GIVEN_NAME
Adams	B-FAMILY_NAME
,	O
businessman	O
and	O
philanthropist	O
,	O
added	O
:	O
â	O
At	O
Ichilov	B-LOCATION
,	O
I	O
am	O
happy	O
to	O
provide	O
the	O
residents	O
of	O
the	O
State	B-LOCATION
of	I-LOCATION
Israel	I-LOCATION
with	O
the	O
largest	O
and	O
most	O
advanced	O
emergency	O
room	O
of	O
its	O
kind	O
.	O

The	O
innovative	O
technology	O
,	O
the	O
worldview	O
that	O
places	O
the	O
patient	O
at	O
the	O
center	O
,	O
and	O
the	O
high	O
level	O
of	O
infrastructure	O
creates	O
an	O
advanced	O
level	O
of	O
service	O
and	O
treatment	O
for	O
the	O
benefit	O
of	O
the	O
State	B-LOCATION
of	I-LOCATION
Israel	I-LOCATION
.	O
â	O

