When	O
Interior	O
Minister	O
Ayelet	B-GIVEN_NAME
Shaked	B-FAMILY_NAME
announced	O
that	O
she	O
would	O
not	O
grant	O
Israeli	B-AFFILIATION
citizenship	O
to	O
convicted	O
sex	O
offender	O
Rabbi	B-GIVEN_NAME
Baruch	B-FAMILY_NAME
Lanner	I-FAMILY_NAME
two	O
weeks	O
ago	O
,	O
there	O
was	O
celebration	O
and	O
relief	O
among	O
the	O
women	O
living	O
in	O
Israel	B-LOCATION
who	O
say	O
they	O
were	O
victims	O
of	O
his	O
harassment	O
in	O
the	O
United	B-LOCATION
States	I-LOCATION
.	O

Yet	O
the	O
cheering	O
was	O
tempered	O
by	O
a	O
sobering	O
reality	O
.	O

While	O
Shaked	B-GIVEN_NAME
âs	O
statement	O
that	O
she	O
had	O
â	O
no	O
intention	O
â	O
of	O
allowing	O
Lanner	B-GIVEN_NAME
â	O
a	O
former	O
educator	O
and	O
leader	O
in	O
the	O
National	B-ORGANIZATION
Conference	I-ORGANIZATION
of	I-ORGANIZATION
Synagogue	I-ORGANIZATION
Youth	I-ORGANIZATION
(	O
NCSY	B-ORGANIZATION
)	O
â	O
to	O
immigrate	O
was	O
an	O
important	O
statement	O
,	O
on	O
a	O
practical	O
level	O
it	O
changed	O
nothing	O
.	O

Lanner	B-GIVEN_NAME
,	O
who	O
was	O
convicted	O
in	O
2002	B-DATE
of	O
abusing	O
a	O
student	O
as	O
principal	O
of	O
a	O
yeshiva	B-AFFILIATION
high	O
school	O
in	O
the	O
1990s	B-DATE
,	O
still	O
holds	O
a	O
residency	O
visa	O
that	O
allows	O
him	O
to	O
remain	O
in	O
Israel	B-LOCATION
for	O
a	O
year	O
.	O

A	O
new	O
interior	O
minister	O
â	O
and	O
with	O
the	O
November	B-DATE
election	O
looming	O
,	O
change	O
is	O
a	O
near	O
-	O
certainty	O
â	O
could	O
extend	O
that	O
visa	O
repeatedly	O
,	O
or	O
even	O
reverse	O
Shaked	B-GIVEN_NAME
âs	O
decision	O
and	O
grant	O
Lanner	B-GIVEN_NAME
citizenship	O
.	O

â	O
Withholding	O
citizenship	O
is	O
an	O
important	O
statement	O
but	O
it	O
is	O
mostly	O
symbolic	O
,	O
since	O
Lanner	B-GIVEN_NAME
will	O
still	O
be	O
able	O
to	O
live	O
and	O
work	O
here	O
.	O

Without	O
a	O
registry	O
of	O
sexual	O
predators	O
in	O
Israel	B-LOCATION
,	O
how	O
will	O
people	O
know	O
to	O
be	O
careful	O
around	O
him	O
?	O
â	O
asks	O
Marcie	B-GIVEN_NAME
Lenk	B-FAMILY_NAME
,	O
who	O
lives	O
in	O
Israel	B-LOCATION
.	O

Her	O
history	O
with	O
Lanner	B-GIVEN_NAME
dates	O
back	O
to	O
her	O
teenage	O
years	O
,	O
when	O
she	O
was	O
a	O
leader	O
in	O
the	O
National	B-ORGANIZATION
Conference	I-ORGANIZATION
of	I-ORGANIZATION
Synagogue	I-ORGANIZATION
Youth	I-ORGANIZATION
.	O

She	O
complained	O
about	O
him	O
to	O
senior	O
rabbis	O
in	O
the	O
Orthodox	B-AFFILIATION
movement	O
,	O
but	O
was	O
ignored	O
.	O

She	O
went	O
on	O
to	O
testify	O
against	O
Lanner	B-GIVEN_NAME
in	O
a	O
1989	B-DATE
religious	O
court	O
proceeding	O
,	O
and	O
was	O
a	O
source	O
in	O
the	O
breakthrough	O
New	B-ORGANIZATION|B-LOCATION
York	I-ORGANIZATION|I-LOCATION
Jewish	I-ORGANIZATION|B-AFFILIATION
Week	I-ORGANIZATION
exposÃ©	O
about	O
him	O
11	B-DURATION
years	I-DURATION
later	O
.	O

Also	O
,	O
Lenk	B-GIVEN_NAME
notes	O
,	O
in	O
Israel	B-LOCATION
,	O
Lanner	B-GIVEN_NAME
is	O
â	O
safely	O
out	O
of	O
the	O
jurisdiction	O
of	O
the	O
class	O
action	O
suit	O
that	O
has	O
been	O
filed	O
against	O
him	O
and	O
the	O
Orthodox	B-ORGANIZATION
Union	I-ORGANIZATION
.	O

He	O
has	O
never	O
admitted	O
any	O
wrongdoing	O
at	O
all	O
,	O
â	O
she	O
charges	O
.	O

Even	O
more	O
significantly	O
,	O
according	O
to	O
Shana	B-GIVEN_NAME
Aaronson	B-FAMILY_NAME
,	O
who	O
was	O
involved	O
in	O
trying	O
to	O
prevent	O
Lanner	B-GIVEN_NAME
âs	O
immigration	O
since	O
2019	B-DATE
in	O
her	O
role	O
as	O
executive	O
director	O
at	O
Magen	B-ORGANIZATION
for	I-ORGANIZATION
Jewish	I-ORGANIZATION
Communities	I-ORGANIZATION
,	O
he	O
â	O
is	O
only	O
the	O
tip	O
of	O
the	O
iceberg	O
.	O
â	O

Aaronson	B-GIVEN_NAME
believes	O
there	O
are	O
about	O
100	O
rabbis	O
,	O
teachers	O
and	O
other	O
figures	O
who	O
have	O
been	O
accused	O
,	O
charged	O
or	O
convicted	O
of	O
sexual	O
abuse	O
overseas	O
and	O
subsequently	O
found	O
refuge	O
in	O
Israel	B-LOCATION
.	O

When	O
she	O
began	O
her	O
advocacy	O
work	O
in	O
this	O
area	O
and	O
first	O
compiled	O
a	O
list	O
of	O
such	O
offenders	O
in	O
2015	B-DATE
,	O
there	O
were	O
30	O
â	O
â	O
and	O
I	O
thought	O
that	O
was	O
an	O
astronomical	O
number	O
,	O
â	O
she	O
says	O
.	O

The	O
stories	O
behind	O
the	O
individuals	O
currently	O
on	O
her	O
list	O
vary	O
.	O

Some	O
left	O
a	O
country	O
as	O
accusations	O
piled	O
up	O
in	O
one	O
or	O
more	O
Jewish	B-AFFILIATION
communities	O
;	O
some	O
were	O
charged	O
with	O
crimes	O
;	O
and	O
others	O
,	O
like	O
Lanner	B-GIVEN_NAME
,	O
were	O
convicted	O
of	O
sex	O
crimes	O
abroad	O
and	O
even	O
served	O
time	O
in	O
prison	O
.	O

Even	O
if	O
they	O
are	O
convicted	O
offenders	O
,	O
there	O
is	O
no	O
mechanism	O
in	O
place	O
in	O
Israel	B-LOCATION
to	O
monitor	O
their	O
movements	O
or	O
alert	O
the	O
public	O
.	O

Lanner	B-GIVEN_NAME
âs	O
high	O
profile	O
and	O
long	O
history	O
made	O
it	O
relatively	O
easier	O
to	O
quickly	O
galvanize	O
support	O
in	O
comparison	O
to	O
other	O
cases	O
,	O
Aaronson	B-GIVEN_NAME
says	O
.	O

There	O
are	O
numerous	O
immigrants	O
to	O
Israel	B-LOCATION
who	O
were	O
affected	O
by	O
his	O
behavior	O
.	O

This	O
group	O
helped	O
pressure	O
Shaked	B-GIVEN_NAME
to	O
take	O
action	O
.	O

There	O
are	O
also	O
Israelis	B-AFFILIATION
among	O
those	O
party	O
to	O
the	O
current	O
civil	O
court	O
actions	O
against	O
Lanner	B-GIVEN_NAME
(	O
and	O
the	O
organizations	O
who	O
employed	O
him	O
)	O
that	O
are	O
pending	O
in	O
New	B-LOCATION
Jersey	I-LOCATION
.	O

However	O
,	O
she	O
says	O
,	O
addressing	O
less	O
public	O
cases	O
with	O
fewer	O
interested	O
parties	O
in	O
Israel	B-LOCATION
can	O
be	O
more	O
challenging	O
.	O

Awareness	O
of	O
this	O
issue	O
received	O
a	O
boost	O
over	O
recent	O
years	O
due	O
to	O
the	O
case	O
of	O
Israeli	B-AFFILIATION
-	O
Australian	B-AFFILIATION
citizen	O
Malka	B-GIVEN_NAME
Leifer	B-FAMILY_NAME
â	O
the	O
headmistress	O
of	O
an	O
ultra	O
-	O
Orthodox	B-AFFILIATION
girls	O
â	O
school	O
in	O
Melbourne	B-LOCATION
who	O
fled	O
to	O
Israel	B-LOCATION
in	O
2008	B-DATE
after	O
allegations	O
surfaced	O
of	O
her	O
sexually	O
abusing	O
female	O
students	O
.	O

She	O
was	O
ultimately	O
extradited	O
in	O
January	B-DATE
2021	I-DATE
,	O
after	O
an	O
extended	O
legal	O
battle	O
,	O
and	O
faces	O
trial	O
in	O
Victoria	B-LOCATION
on	O
70	O
charges	O
of	O
child	O
sex	O
abuse	O
.	O

There	O
is	O
more	O
room	O
for	O
maneuver	O
when	O
,	O
as	O
in	O
Lanner	B-GIVEN_NAME
âs	O
case	O
,	O
an	O
offender	O
does	O
not	O
have	O
Israeli	B-AFFILIATION
citizenship	O
and	O
attempts	O
to	O
make	O
aliyah	O
.	O

Under	O
the	O
Law	B-BRANDS
of	B-MISC
Return	I-MISC
,	O
potential	O
olim	O
deemed	O
a	O
danger	O
to	O
Israeli	B-AFFILIATION
society	O
,	O
security	O
or	O
the	O
Jewish	B-AFFILIATION
people	O
can	O
be	O
denied	O
the	O
right	O
to	O
immigrate	O
.	O

Problematically	O
,	O
however	O
,	O
Israeli	B-AFFILIATION
law	O
does	O
not	O
specifically	O
define	O
what	O
â	O
danger	O
â	O
means	O
.	O

Magen	B-GIVEN_NAME
,	O
which	O
began	O
as	O
a	O
local	O
organization	O
founded	O
by	O
U.	B-LOCATION
S.	I-LOCATION
immigrants	O
to	O
identify	O
and	O
fight	O
child	O
abuse	O
in	O
the	O
Israeli	B-AFFILIATION
community	O
of	O
Beit	B-GIVEN_NAME
Shemesh	B-FAMILY_NAME
,	O
has	O
grown	O
and	O
expanded	O
its	O
mission	O
since	O
its	O
launch	O
a	O
decade	O
ago	O
.	O

It	O
maintains	O
a	O
database	O
of	O
over	O
1,500	O
alleged	O
and	O
convicted	O
abusers	O
,	O
and	O
works	O
with	O
in	O
-	O
house	O
and	O
private	O
investigators	O
,	O
Israeli	B-AFFILIATION
police	O
units	O
,	O
law	O
enforcement	O
in	O
North	B-LOCATION
America	I-LOCATION
,	O
South	B-LOCATION
America	I-LOCATION
and	O
Europe	B-LOCATION
,	O
in	O
order	O
to	O
prevent	O
fugitives	O
fleeing	O
other	O
jurisdictions	O
from	O
entering	O
Israel	B-LOCATION
and	O
,	O
when	O
applicable	O
,	O
encouraging	O
their	O
extradition	O
.	O

It	O
is	O
invariably	O
a	O
difficult	O
task	O
.	O

â	O
There	O
are	O
some	O
prosecutors	O
in	O
the	O
United	B-LOCATION
States	I-LOCATION
who	O
do	O
nât	O
even	O
bother	O
requesting	O
extradition	O
from	O
Israel	B-LOCATION
for	O
sex	O
abuse	O
offenders	O
because	O
,	O
in	O
their	O
experience	O
,	O
Israel	B-LOCATION
wo	O
nât	O
do	O
it	O
,	O
â	O
Aaronson	B-GIVEN_NAME
says	O
.	O

Where	O
removing	O
the	O
offender	O
from	O
Israel	B-LOCATION
is	O
impossible	O
,	O
Aaronson	B-GIVEN_NAME
says	O
they	O
do	O
as	O
much	O
as	O
possible	O
to	O
raise	O
awareness	O
â	O
alerting	O
the	O
communities	O
where	O
the	O
alleged	O
offenders	O
are	O
living	O
and	O
working	O
in	O
Israel	B-LOCATION
.	O

A	O
recent	O
case	O
,	O
she	O
says	O
,	O
involved	O
an	O
educator	O
in	O
the	O
United	B-LOCATION
States	I-LOCATION
who	O
had	O
left	O
behind	O
a	O
trail	O
of	O
victims	O
.	O

â	O
Horrifyingly	O
,	O
â	O
she	O
recounts	O
,	O
he	O
managed	O
to	O
find	O
a	O
job	O
as	O
the	O
principal	O
of	O
an	O
elementary	O
Jewish	B-AFFILIATION
school	O
in	O
the	O
ultra	O
-	O
Orthodox	B-AFFILIATION
community	O
.	O
Ultimately	O
,	O
she	O
says	O
,	O
â	O
We	O
put	O
out	O
the	O
word	O
about	O
him	O
and	O
enough	O
people	O
called	O
the	O
school	O
so	O
they	O
ended	O
up	O
letting	O
him	O
go	O
.	O
â	O

In	O
order	O
to	O
do	O
so	O
,	O
however	O
,	O
organizations	O
such	O
as	O
Magen	B-GIVEN_NAME
rely	O
on	O
sources	O
tipping	O
them	O
off	O
about	O
where	O
an	O
offender	O
is	O
living	O
.	O

â	O
A	O
year	O
is	O
a	O
very	O
long	O
time	O
â	O

Haaretz	B-ORGANIZATION
spoke	O
with	O
several	O
women	O
living	O
in	O
Israel	B-LOCATION
who	O
say	O
they	O
were	O
abused	O
by	O
Lanner	B-ORGANIZATION
to	O
varying	O
degrees	O
.	O
Apart	O
from	O
Lenk	B-GIVEN_NAME
,	O
the	O
women	O
asked	O
not	O
to	O
be	O
identified	O
by	O
name	O
.	O

Over	O
the	O
years	O
,	O
the	O
women	O
,	O
who	O
knew	O
each	O
other	O
from	O
schools	O
and	O
youth	O
movements	O
in	O
the	O
United	B-LOCATION
States	I-LOCATION
,	O
had	O
spoken	O
of	O
their	O
experiences	O
with	O
Lanner	B-GIVEN_NAME
to	O
each	O
other	O
and	O
followed	O
his	O
case	O
.	O
Some	O
were	O
sources	O
in	O
the	O
2000	B-DATE
Jewish	B-ORGANIZATION
Week	I-ORGANIZATION
article	O
.	O
Before	O
he	O
was	O
exposed	O
,	O
when	O
he	O
was	O
still	O
a	O
high	O
-	O
ranking	O
educator	O
in	O
the	O
Orthodox	B-ORGANIZATION
Union	I-ORGANIZATION
and	O
at	O
NCSY	B-ORGANIZATION
,	O
some	O
attempted	O
to	O
keep	O
him	O
out	O
of	O
their	O
communities	O
in	O
Israel	B-LOCATION
after	O
it	O
was	O
announced	O
he	O
would	O
be	O
running	O
summer	O
programs	O
for	O
American	B-AFFILIATION
youth	O
there	O
.	O

Following	O
his	O
2002	B-DATE
conviction	O
and	O
subsequent	O
jail	O
sentence	O
,	O
they	O
viewed	O
him	O
as	O
a	O
closed	O
chapter	O
in	O
their	O
lives	O
.	O
Yet	O
the	O
revelation	O
in	O
Haaretz	B-ORGANIZATION
on	O
July	B-DATE
7	I-DATE
that	O
he	O
was	O
living	O
in	O
Israel	B-LOCATION
,	O
had	O
been	O
granted	O
temporary	O
residency	O
status	O
and	O
intended	O
to	O
remain	O
permanently	O
took	O
them	O
by	O
surprise	O
.	O

One	O
of	O
them	O
told	O
Haaretz	B-ORGANIZATION
following	O
Shaked	B-GIVEN_NAME
's	O
decision	O
that	O
Lanner	B-GIVEN_NAME
's	O
continued	O
residency	O
will	O
require	O
constant	O
vigilance	O
on	O
the	O
part	O
of	O
the	O
public	O
.	O
"	O
The	O
problem	O
is	O
not	O
solved	O
,	O
â	O
she	O
warned	O
.	O
â	O
Over	O
the	O
past	O
four	O
decades	O
,	O
Lanner	B-GIVEN_NAME
has	O
proven	O
himself	O
to	O
be	O
resourceful	O
and	O
relentless	O
in	O
matters	O
of	O
self	O
-	O
preservation	O
.	O
I	O
âm	O
certain	O
he	O
will	O
spend	O
much	O
time	O
,	O
energy	O
and	O
resources	O
in	O
finding	O
ways	O
to	O
stay	O
here	O
longer	O
.	O
â	O

She	O
adds	O
:	O
â	O
Even	O
if	O
Lanner	B-GIVEN_NAME
were	O
to	O
be	O
successfully	O
evicted	O
,	O
the	O
problem	O
of	O
the	O
lacuna	O
in	O
aliyah	O
policies	O
remains	O
.	O
This	O
lacuna	O
has	O
been	O
used	O
by	O
many	O
offenders	O
before	O
him	O
and	O
needs	O
urgently	O
to	O
be	O
closed	O
up	O
,	O
lest	O
we	O
become	O
even	O
more	O
of	O
a	O
haven	O
for	O
sexual	O
offenders	O
.	O
We	O
desperately	O
need	O
a	O
sex	O
registry	O
,	O
comparable	O
to	O
the	O
U.	B-LOCATION
S.	I-LOCATION
â	O
Megan	B-GIVEN_NAME
âs	O
law	O
.	O
It	O
is	O
untenable	O
to	O
allow	O
sexual	O
criminals	O
â	O
especially	O
those	O
who	O
,	O
like	O
Lanner	B-GIVEN_NAME
,	O
have	O
expressed	O
no	O
remorse	O
â	O
to	O
settle	O
in	O
freely	O
to	O
unsuspecting	O
communities	O
.	O
â	O

P.	B-GIVEN_NAME
,	O
another	O
woman	O
involved	O
in	O
the	O
group	O
,	O
is	O
â	O
relieved	O
and	O
thankful	O
â	O
that	O
Lanner	B-GIVEN_NAME
was	O
denied	O
citizenship	O
,	O
and	O
gratified	O
by	O
the	O
support	O
shown	O
by	O
organizations	O
and	O
individuals	O
who	O
petitioned	O
Israeli	B-AFFILIATION
leaders	O
to	O
act	O
.	O

At	O
the	O
same	O
time	O
,	O
P.	B-GIVEN_NAME
says	O
,	O
â	O
I	O
âm	O
not	O
comfortable	O
with	O
Lanner	B-GIVEN_NAME
living	O
in	O
Israel	B-LOCATION
and	O
that	O
we	O
wo	O
nât	O
be	O
notified	O
where	O
he	O
lives	O
,	O
with	O
the	O
possibility	O
that	O
he	O
could	O
move	O
into	O
my	O
neighborhood	O
.	O
â	O

She	O
is	O
also	O
â	O
very	O
concerned	O
that	O
the	O
next	O
government	O
will	O
grant	O
him	O
citizenship	O
or	O
extend	O
his	O
visa	O
â	O
that	O
could	O
too	O
easily	O
happen	O
.	O
It	O
is	O
unsettling	O
,	O
â	O
she	O
says	O
.	O

Aaronson	B-GIVEN_NAME
sees	O
a	O
major	O
flaw	O
in	O
the	O
Interior	B-ORGANIZATION
Ministry	I-ORGANIZATION
âs	O
thinking	O
on	O
Lanner	B-GIVEN_NAME
,	O
who	O
is	O
able	O
to	O
retain	O
his	O
residency	O
status	O
despite	O
being	O
unable	O
to	O
become	O
an	O
Israeli	B-AFFILIATION
citizen	O
.	O

The	O
right	O
of	O
return	O
that	O
offers	O
Israeli	B-AFFILIATION
citizenship	O
to	O
Jews	B-AFFILIATION
,	O
she	O
says	O
,	O
â	O
is	O
a	O
very	O
basic	O
right	O
.	O
If	O
you	O
âre	O
not	O
going	O
to	O
give	O
somebody	O
aliyah	O
status	O
,	O
then	O
it	O
really	O
needs	O
to	O
be	O
for	O
a	O
good	O
reason	O
.	O
The	O
Israeli	B-AFFILIATION
government	O
only	O
decides	O
someone	O
should	O
be	O
denied	O
this	O
right	O
because	O
they	O
âve	O
been	O
convicted	O
of	O
a	O
crime	O
that	O
could	O
deem	O
them	O
a	O
danger	O
to	O
the	O
Israeli	B-AFFILIATION
public	O
.	O
Clearly	O
,	O
they	O
have	O
now	O
determined	O
[	O
that	O
Lanner	B-GIVEN_NAME
]	O
is	O
a	O
danger	O
.	O
So	O
if	O
he	O
âs	O
so	O
dangerous	O
,	O
why	O
the	O
hell	O
are	O
they	O
giving	O
him	O
a	O
residency	O
visa	O
?	O
If	O
he	O
âs	O
dangerous	O
,	O
he	O
should	O
nât	O
be	O
allowed	O
to	O
live	O
here	O
;	O
you	O
do	O
nât	O
let	O
dangerous	O
people	O
live	O
in	O
your	O
country	O
.	O
If	O
he	O
âs	O
not	O
,	O
you	O
should	O
nât	O
deprive	O
him	O
of	O
his	O
right	O
â	O
let	O
him	O
make	O
aliyah	O
.	O
You	O
ca	O
nât	O
have	O
it	O
both	O
ways	O
.	O
â	O

The	O
Interior	B-ORGANIZATION
Ministry	I-ORGANIZATION
had	O
not	O
responded	O
to	O
a	O
request	O
for	O
comment	O
by	O
press	O
time	O
.	O

