With	O
a	O
week	O
to	O
go	O
before	O
the	O
Upper	B-ORGANIZATION
House	I-ORGANIZATION
election	O
,	O
political	O
party	O
leaders	O
engaged	O
in	O
heated	O
debate	O
over	O
the	O
continuing	O
rise	O
in	O
consumer	O
prices	O
,	O
but	O
many	O
agreed	O
on	O
the	O
need	O
to	O
raise	O
minimum	O
wages	O
.	O

The	O
heads	O
of	O
the	O
nine	O
ruling	O
and	O
opposition	O
parties	O
appeared	O
in	O
a	O
debate	O
program	O
aired	O
by	O
Japan	B-ORGANIZATION|B-LOCATION
Broadcasting	I-ORGANIZATION
Corp	I-ORGANIZATION
.	O
(	O
NHK	B-ORGANIZATION
)	O
on	O
July	B-DATE
3	I-DATE
,	O
the	O
last	O
Sunday	B-DATE
before	O
voting	O
day	O
.	O

A	O
number	O
of	O
issues	O
face	O
the	O
nation	O
,	O
including	O
the	O
COVID	B-BRANDS
-	B-MISC
19	I-MISC
pandemic	O
,	O
Russia	B-LOCATION
âs	O
invasion	O
of	O
Ukraine	B-LOCATION
,	O
and	O
security	O
concerns	O
in	O
waters	O
around	O
Japan	B-LOCATION
.	O

But	O
the	O
political	O
debate	O
focused	O
primarily	O
on	O
rising	O
prices	O
that	O
show	O
no	O
signs	O
of	O
relenting	O
.	O

â	O
The	O
biggest	O
point	O
of	O
contention	O
is	O
the	O
high	O
cost	O
of	O
living	O
,	O
â	O
said	O
Kenta	B-GIVEN_NAME
Izumi	B-FAMILY_NAME
,	O
head	O
of	O
the	O
main	O
opposition	O
Constitutional	B-ORGANIZATION
Democratic	I-ORGANIZATION
Party	I-ORGANIZATION
of	I-ORGANIZATION
Japan	I-ORGANIZATION|B-LOCATION
.	O

Izumi	B-GIVEN_NAME
and	O
others	O
in	O
the	O
opposition	O
camp	O
said	O
the	O
government	O
led	O
by	O
Prime	O
Minister	O
Fumio	B-GIVEN_NAME
Kishida	B-FAMILY_NAME
has	O
failed	O
to	O
rein	O
in	O
the	O
price	O
increases	O
.	O

The	O
CDP	B-ORGANIZATION
president	O
said	O
the	O
nation	O
âs	O
needs	O
include	O
a	O
lowering	O
of	O
wheat	O
prices	O
.	O

He	O
also	O
said	O
his	O
party	O
will	O
focus	O
on	O
policies	O
to	O
raise	O
minimum	O
wages	O
and	O
to	O
enable	O
â	O
irregular	O
â	O
workers	O
,	O
such	O
as	O
those	O
on	O
part	O
-	O
time	O
or	O
temporary	O
contracts	O
,	O
to	O
shift	O
to	O
regular	O
employee	O
status	O
.	O

Kishida	B-GIVEN_NAME
,	O
who	O
is	O
also	O
president	O
of	O
the	O
Liberal	B-ORGANIZATION
Democratic	I-ORGANIZATION|B-AFFILIATION
Party	I-ORGANIZATION
,	O
said	O
all	O
possible	O
measures	O
are	O
being	O
taken	O
to	O
help	O
the	O
public	O
deal	O
with	O
rising	O
prices	O
.	O

He	O
also	O
urged	O
voters	O
to	O
support	O
the	O
course	O
taken	O
by	O
the	O
ruling	O
coalition	O
parties	O
.	O

â	O
We	O
have	O
been	O
promoting	O
preferential	O
treatment	O
for	O
companies	O
that	O
are	O
proactively	O
working	O
on	O
raising	O
wages	O
,	O
â	O
Kishida	B-GIVEN_NAME
said	O
.	O

â	O
We	O
also	O
aim	O
to	O
raise	O
minimum	O
wages	O
to	O
1,000	B-MONEY
yen	I-MONEY
(	O
$	B-MONEY
7.40	I-MONEY
)	O
or	O
more	O
.	O
â	O

The	O
government	O
set	O
up	O
a	O
task	O
force	O
on	O
prices	O
,	O
wages	O
and	O
livelihood	O
in	O
late	O
June	B-DATE
.	O

The	O
task	O
force	O
is	O
considering	O
measures	O
to	O
reduce	O
the	O
burden	O
on	O
the	O
public	O
from	O
higher	O
prices	O
for	O
electricity	O
,	O
fuel	O
and	O
food	O
.	O

Increasing	O
minimum	O
wage	O
levels	O
,	O
which	O
differ	O
from	O
prefecture	O
to	O
prefecture	O
,	O
was	O
a	O
common	O
theme	O
among	O
the	O
parties	O
â	O
promises	O
.	O

Ichiro	B-GIVEN_NAME
Matsui	B-FAMILY_NAME
,	O
head	O
of	O
Nippon	B-ORGANIZATION
Ishin	I-ORGANIZATION
(	O
Japan	B-ORGANIZATION|B-LOCATION
Innovation	I-ORGANIZATION
Party	I-ORGANIZATION
)	O
,	O
said	O
,	O
â	O
We	O
will	O
create	O
business	O
opportunities	O
in	O
new	O
fields	O
by	O
conducting	O
regulatory	O
reforms	O
and	O
raise	O
wages	O
.	O
â	O

Kazuo	B-GIVEN_NAME
Shii	B-FAMILY_NAME
,	O
leader	O
of	O
the	O
Japanese	B-ORGANIZATION|B-AFFILIATION
Communist	I-ORGANIZATION
Party	I-ORGANIZATION
,	O
and	O
Mizuho	B-GIVEN_NAME
Fukushima	B-FAMILY_NAME
,	O
chief	O
of	O
the	O
Social	B-ORGANIZATION
Democratic	I-ORGANIZATION|B-AFFILIATION
Party	I-ORGANIZATION
,	O
both	O
called	O
for	O
raising	O
minimum	O
wages	O
to	O
at	O
least	O
1,500	B-BRANDS
yen	B-MISC
per	O
hour	O
.	O

Yuichiro	B-GIVEN_NAME
Tamaki	B-FAMILY_NAME
,	O
leader	O
of	O
the	O
Democratic	B-ORGANIZATION|B-AFFILIATION
Party	I-ORGANIZATION
for	I-ORGANIZATION
the	I-ORGANIZATION
People	I-ORGANIZATION
,	O
said	O
active	O
investment	O
in	O
education	O
would	O
improve	O
labor	O
productivity	O
.	O

The	O
nine	O
party	O
leaders	O
also	O
discussed	O
energy	O
issues	O
,	O
which	O
have	O
been	O
aggravated	O
by	O
Russia	B-LOCATION
âs	O
invasion	O
of	O
Ukraine	B-LOCATION
.	O

Japan	B-LOCATION
just	O
experienced	O
a	O
record	O
-	O
setting	O
heatwave	O
that	O
prompted	O
the	O
government	O
to	O
call	O
on	O
the	O
public	O
to	O
conserve	O
energy	O
to	O
prevent	O
blackouts	O
.	O

Izumi	B-GIVEN_NAME
of	O
the	O
CDP	B-ORGANIZATION
again	O
criticized	O
the	O
government	O
.	O

â	O
The	O
sudden	O
power	O
crunch	O
was	O
caused	O
by	O
the	O
government	O
âs	O
delay	O
in	O
taking	O
action	O
,	O
â	O
he	O
said	O
.	O

Tamaki	B-GIVEN_NAME
from	O
the	O
DPP	B-ORGANIZATION
insisted	O
the	O
government	O
should	O
scrap	O
the	O
levy	O
that	O
is	O
added	O
to	O
electricity	O
bills	O
to	O
promote	O
renewable	O
energy	O
generation	O
.	O

Natsuo	B-GIVEN_NAME
Yamaguchi	B-FAMILY_NAME
,	O
leader	O
of	O
junior	O
coalition	O
partner	O
Komeito	B-GIVEN_NAME
,	O
said	O
,	O
â	O
We	O
should	O
promote	O
the	O
use	O
of	O
hydrogen	O
,	O
ammonia	O
and	O
storage	O
batteries	O
because	O
the	O
current	O
power	O
-	O
supply	O
situation	O
is	O
insufficient	O
.	O
â	O

Kishida	B-GIVEN_NAME
said	O
his	O
government	O
has	O
a	O
plan	O
in	O
place	O
to	O
ensure	O
a	O
stable	O
electricity	O
supply	O
.	O

â	O
We	O
will	O
promote	O
the	O
resumption	O
of	O
nuclear	O
power	O
plant	O
operations	O
with	O
safety	O
being	O
a	O
prerequisite	O
,	O
â	O
he	O
said	O
.	O

â	O
We	O
will	O
combine	O
various	O
energy	O
resources	O
to	O
stabilize	O
prices	O
.	O
â	O

Matsui	B-GIVEN_NAME
from	O
Nippon	B-ORGANIZATION
Ishin	I-ORGANIZATION
also	O
showed	O
a	O
pro	O
-	O
nuclear	O
power	O
stance	O
,	O
saying	O
:	O
â	O
The	O
situation	O
will	O
be	O
the	O
same	O
in	O
winter	O
.	O

We	O
should	O
resume	O
nuclear	O
power	O
generation	O
.	O
â	O

The	O
Japanese	B-ORGANIZATION|B-AFFILIATION
Communist	I-ORGANIZATION
Party	I-ORGANIZATION
,	O
Reiwa	B-ORGANIZATION
Shinsengumi	I-ORGANIZATION
and	O
the	O
Social	B-ORGANIZATION
Democratic	I-ORGANIZATION|B-AFFILIATION
Party	I-ORGANIZATION
all	O
opposed	O
bringing	O
idle	O
nuclear	O
reactors	O
back	O
online	O
.	O

â	O
Only	O
through	O
a	O
political	O
decision	O
to	O
immediately	O
eliminate	O
all	O
nuclear	O
power	O
plants	O
can	O
we	O
advance	O
energy	O
conservation	O
,	O
promote	O
renewable	O
energy	O
and	O
take	O
a	O
step	O
forward	O
to	O
resolve	O
the	O
climate	O
crisis	O
,	O
â	O
Shii	B-GIVEN_NAME
said	O
.	O

A	O
total	O
of	O
125	O
Upper	B-ORGANIZATION
House	I-ORGANIZATION
seats	O
are	O
up	O
for	O
grabs	O
on	O
July	B-DATE
10	I-DATE
,	O
including	O
one	O
that	O
will	O
be	O
determined	O
in	O
a	O
by	O
-	O
election	O
in	O
Kanagawa	B-LOCATION
Prefecture	I-LOCATION
.	O

