A	O
day	O
after	O
his	O
ruling	O
Liberal	B-ORGANIZATION
Democratic	I-ORGANIZATION|B-AFFILIATION
Party	I-ORGANIZATION
triumphed	O
in	O
the	O
Upper	B-ORGANIZATION
House	I-ORGANIZATION
election	O
,	O
a	O
subdued	O
Prime	O
Minister	O
Fumio	B-GIVEN_NAME
Kishida	B-FAMILY_NAME
vowed	O
to	O
carry	O
on	O
the	O
political	O
work	O
of	O
assassinated	O
former	O
Prime	O
Minister	O
Shinzo	B-GIVEN_NAME
Abe	B-FAMILY_NAME
.	O

Kishida	B-GIVEN_NAME
held	O
a	O
news	O
conference	O
on	O
July	B-DATE
11	I-DATE
,	O
after	O
the	O
LDP	B-ORGANIZATION
alone	O
won	O
a	O
majority	O
of	O
the	O
125	O
seats	O
contested	O
.	O

Kishida	B-GIVEN_NAME
began	O
his	O
news	O
conference	O
by	O
referring	O
to	O
Abe	B-GIVEN_NAME
,	O
who	O
was	O
shot	O
to	O
death	O
while	O
giving	O
a	O
campaign	O
speech	O
on	O
July	B-DATE
8	I-DATE
in	O
Nara	B-LOCATION
,	O
only	O
days	O
before	O
the	O
voters	O
went	O
to	O
the	O
polls	O
.	O

â	O
We	O
will	O
carry	O
on	O
the	O
beliefs	O
of	O
former	O
Prime	O
Minister	O
Abe	B-GIVEN_NAME
and	O
tackle	O
issues	O
that	O
he	O
was	O
so	O
earnestly	O
concerned	O
about	O
,	O
such	O
as	O
returning	O
the	O
Japanese	B-AFFILIATION
nationals	O
abducted	O
by	O
North	B-LOCATION
Korea	I-LOCATION
and	O
constitutional	O
revision	O
,	O
but	O
could	O
not	O
resolve	O
when	O
he	O
served	O
as	O
prime	O
minister	O
,	O
â	O
Kishida	B-GIVEN_NAME
said	O
.	O

Kishida	B-GIVEN_NAME
said	O
the	O
election	O
results	O
clearly	O
showed	O
voters	O
wanted	O
the	O
Constitution	O
to	O
be	O
amended	O
,	O
but	O
he	O
also	O
said	O
there	O
were	O
differences	O
about	O
constitutional	O
revision	O
among	O
the	O
four	O
parties	O
pushing	O
for	O
such	O
a	O
change	O
.	O

â	O
I	O
want	O
to	O
initiate	O
an	O
amendment	O
as	O
soon	O
as	O
possible	O
by	O
first	O
seeking	O
agreement	O
by	O
two	O
-	O
thirds	O
of	O
chamber	O
members	O
around	O
a	O
specific	O
proposal	O
,	O
â	O
Kishida	B-GIVEN_NAME
said	O
.	O

He	O
also	O
said	O
the	O
nation	O
faced	O
one	O
of	O
the	O
most	O
difficult	O
times	O
since	O
the	O
end	O
of	O
World	B-BRANDS
War	B-MISC
II	I-MISC
,	O
citing	O
the	O
ongoing	O
novel	O
coronavirus	B-BRANDS
pandemic	O
,	O
now	O
in	O
its	O
seventh	O
wave	O
in	O
Japan	B-LOCATION
,	O
as	O
well	O
as	O
the	O
economic	O
effects	O
of	O
the	O
Russian	B-AFFILIATION
invasion	O
of	O
Ukraine	B-LOCATION
.	O

Kishida	B-GIVEN_NAME
said	O
a	O
government	O
task	O
force	O
would	O
be	O
formed	O
this	O
week	O
to	O
look	O
into	O
dealing	O
with	O
the	O
recent	O
surge	O
in	O
consumer	O
prices	O
.	O

When	O
asked	O
about	O
reshuffling	O
his	O
Cabinet	B-ORGANIZATION
and	O
the	O
LDP	B-ORGANIZATION
executive	O
lineup	O
,	O
Kishida	B-GIVEN_NAME
said	O
he	O
had	O
no	O
specific	O
plan	O
in	O
mind	O
.	O

But	O
some	O
changes	O
will	O
be	O
needed	O
since	O
two	O
of	O
his	O
ministers	O
did	O
not	O
seek	O
re	O
-	O
election	O
in	O
the	O
Upper	B-ORGANIZATION
House	I-ORGANIZATION
election	O
and	O
the	O
term	O
of	O
LDP	B-ORGANIZATION
executives	O
expires	O
in	O
October	B-DATE
.	O

Government	O
sources	O
said	O
the	O
two	O
ministers	O
would	O
be	O
kept	O
on	O
until	O
between	O
late	O
August	B-DATE
and	O
early	O
September	B-DATE
when	O
personnel	O
changes	O
will	O
likely	O
be	O
made	O
.	O

Kishida	B-GIVEN_NAME
plans	O
to	O
attend	O
the	O
review	O
conference	O
of	O
the	O
Nuclear	B-BRANDS
Nonproliferation	B-MISC
Treaty	I-MISC
on	O
Aug	B-DATE
.	I-DATE
1	I-DATE
to	O
be	O
held	O
at	O
U.	B-ORGANIZATION
N.	I-ORGANIZATION
headquarters	O
in	O
New	B-LOCATION
York	I-LOCATION
.	O

An	O
extraordinary	O
Diet	B-ORGANIZATION
session	O
is	O
being	O
mulled	O
for	O
Aug	B-DATE
.	I-DATE
3	I-DATE
to	I-DATE
5	I-DATE
.	O

The	O
annual	O
memorial	O
ceremonies	O
to	O
mark	O
the	O
dropping	O
of	O
the	O
atomic	O
bombs	O
on	O
Hiroshima	B-LOCATION
and	O
Nagasaki	B-LOCATION
as	O
well	O
as	O
the	O
end	O
of	O
World	B-BRANDS
War	B-MISC
II	I-MISC
,	O
traditionally	O
attended	O
by	O
the	O
prime	O
minister	O
,	O
will	O
continue	O
until	O
Aug	B-DATE
.	I-DATE
15	I-DATE
.	O

(	O
This	O
article	O
was	O
written	O
by	O
Ayako	B-GIVEN_NAME
Nakada	B-FAMILY_NAME
and	O
Ryutaro	B-GIVEN_NAME
Abe	B-FAMILY_NAME
.	O
)	O

