SEOUL	B-LOCATION
â	O
Foreign	O
Minister	O
Yoshimasa	B-GIVEN_NAME
Hayashi	B-FAMILY_NAME
attended	O
the	O
inauguration	O
ceremony	O
of	O
South	B-AFFILIATION
Korean	I-AFFILIATION
President	O
-	O
elect	O
Yoon	B-GIVEN_NAME
Suk	B-FAMILY_NAME
-	I-FAMILY_NAME
yeol	I-FAMILY_NAME
on	O
May	B-DATE
10	I-DATE
as	O
part	O
of	O
efforts	O
to	O
improve	O
bilateral	O
ties	O
that	O
have	O
worsened	O
over	O
the	O
past	O
five	B-DURATION
years	I-DURATION
.	O

Hayashi	B-GIVEN_NAME
,	O
who	O
attended	O
the	O
ceremony	O
as	O
Prime	O
Minister	O
Fumio	B-GIVEN_NAME
Kishida	B-FAMILY_NAME
âs	O
special	O
envoy	O
,	O
met	O
with	O
Park	B-GIVEN_NAME
Jin	B-FAMILY_NAME
,	O
who	O
is	O
expected	O
to	O
become	O
the	O
next	O
South	B-AFFILIATION
Korean	I-AFFILIATION
foreign	O
minister	O
,	O
the	O
previous	O
day	O
.	O

According	O
to	O
Foreign	B-ORGANIZATION
Ministry	I-ORGANIZATION
officials	O
,	O
Hayashi	B-GIVEN_NAME
and	O
Park	B-GIVEN_NAME
agreed	O
that	O
no	O
time	O
should	O
be	O
wasted	O
in	O
improving	O
Japan	B-LOCATION
-	O
South	B-LOCATION
Korea	I-LOCATION
ties	O
given	O
the	O
various	O
threats	O
that	O
have	O
arisen	O
against	O
the	O
current	O
international	O
order	O
.	O

Regarding	O
the	O
recent	O
series	O
of	O
missile	O
launches	O
by	O
North	B-LOCATION
Korea	I-LOCATION
,	O
Hayashi	B-GIVEN_NAME
and	O
Park	B-GIVEN_NAME
agreed	O
to	O
strengthen	O
cooperation	O
between	O
their	O
two	O
nations	O
as	O
well	O
as	O
with	O
the	O
United	B-LOCATION
States	I-LOCATION
.	O

Foreign	B-ORGANIZATION
Ministry	I-ORGANIZATION
sources	O
also	O
said	O
the	O
two	O
talked	O
about	O
the	O
situation	O
in	O
Ukraine	B-LOCATION
as	O
well	O
as	O
China	B-LOCATION
.	O

Both	O
Hayashi	B-GIVEN_NAME
and	O
Park	B-GIVEN_NAME
,	O
who	O
speaks	O
Japanese	B-AFFILIATION
,	O
attended	O
Harvard	B-ORGANIZATION
University	I-ORGANIZATION
âs	I-ORGANIZATION
Kennedy	I-ORGANIZATION|B-ORGANIZATION
School	I-ORGANIZATION
of	I-ORGANIZATION
Government	I-ORGANIZATION
.	O

The	O
meeting	O
on	O
May	B-DATE
9	I-DATE
,	O
which	O
included	O
dinner	O
,	O
lasted	O
for	O
two	B-DURATION
hours	I-DURATION
,	O
about	O
30	B-DURATION
minutes	I-DURATION
longer	O
than	O
initially	O
planned	O
.	O

â	O
The	O
overall	O
atmosphere	O
of	O
the	O
meeting	O
was	O
good	O
,	O
â	O
a	O
Foreign	B-ORGANIZATION
Ministry	I-ORGANIZATION
source	O
said	O
.	O

â	O
While	O
the	O
bilateral	O
relationship	O
did	O
not	O
suddenly	O
improve	O
,	O
a	O
good	O
start	O
was	O
made	O
in	O
line	O
with	O
the	O
inauguration	O
of	O
a	O
new	O
South	B-AFFILIATION
Korean	I-AFFILIATION
administration	O
.	O
â	O

In	O
the	O
meeting	O
,	O
Hayashi	B-GIVEN_NAME
said	O
there	O
was	O
a	O
need	O
to	O
develop	O
bilateral	O
ties	O
based	O
on	O
the	O
foundation	O
of	O
the	O
friendly	O
relationship	O
that	O
has	O
been	O
built	O
up	O
since	O
diplomatic	O
ties	O
were	O
normalized	O
in	O
1965	B-DATE
.	O

He	O
again	O
touched	O
on	O
the	O
various	O
lawsuits	O
brought	O
by	O
former	O
Korean	B-AFFILIATION
laborers	O
and	O
comfort	O
women	O
seeking	O
compensation	O
from	O
Japanese	B-AFFILIATION
companies	O
and	O
the	O
government	O
.	O

Hayashi	B-GIVEN_NAME
said	O
there	O
was	O
a	O
need	O
to	O
first	O
resolve	O
such	O
issues	O
.	O

The	O
Japanese	B-AFFILIATION
foreign	O
minister	O
said	O
he	O
hoped	O
to	O
meet	O
with	O
Park	B-GIVEN_NAME
again	O
soon	O
in	O
Japan	B-LOCATION
to	O
continue	O
their	O
discussions	O
.	O

On	O
May	B-DATE
9	I-DATE
,	O
Kishida	B-GIVEN_NAME
told	O
reporters	O
in	O
Tokyo	B-LOCATION
that	O
the	O
difficult	O
issues	O
remaining	O
between	O
Japan	B-LOCATION
and	O
South	B-LOCATION
Korea	I-LOCATION
cannot	O
be	O
ignored	O
.	O

Taro	B-GIVEN_NAME
Kono	B-FAMILY_NAME
âs	O
visit	O
to	O
South	B-LOCATION
Korea	I-LOCATION
in	O
2018	B-DATE
was	O
the	O
last	O
time	O
a	O
Japanese	B-AFFILIATION
foreign	O
minister	O
visited	O
that	O
nation	O
.	O

(	O
This	O
article	O
was	O
written	O
by	O
Ryo	B-GIVEN_NAME
Aibara	B-FAMILY_NAME
and	O
Takuya	B-GIVEN_NAME
Suzuki	B-FAMILY_NAME
.	O
)	O

