Tetsuya	B-GIVEN_NAME
Yamagami	B-FAMILY_NAME
indicated	O
he	O
planned	O
to	O
kill	O
former	O
Prime	O
Minister	O
Shinzo	B-GIVEN_NAME
Abe	B-FAMILY_NAME
in	O
an	O
anonymous	O
letter	O
sent	O
to	O
a	O
freelance	O
writer	O
who	O
has	O
also	O
criticized	O
the	O
Unification	B-ORGANIZATION
Church	I-ORGANIZATION
,	O
investigative	O
sources	O
said	O
.	O

Nara	B-LOCATION
prefectural	O
police	O
seized	O
the	O
letter	O
on	O
July	B-DATE
17	I-DATE
despite	O
the	O
objections	O
of	O
the	O
writer	O
,	O
who	O
is	O
based	O
in	O
Matsue	B-LOCATION
,	O
the	O
capital	O
of	O
Shimane	B-LOCATION
Prefecture	I-LOCATION
,	O
sources	O
said	O
.	O

The	O
writer	O
told	O
investigators	O
he	O
has	O
never	O
met	O
Yamagami	B-GIVEN_NAME
,	O
and	O
that	O
he	O
noticed	O
the	O
letter	O
had	O
been	O
sent	O
to	O
his	O
home	O
on	O
July	B-DATE
13	I-DATE
.	O

Abe	B-GIVEN_NAME
was	O
shot	O
and	O
killed	O
in	O
Nara	B-LOCATION
on	O
July	B-DATE
8	I-DATE
.	O

Police	O
suspect	O
Yamagami	B-GIVEN_NAME
,	O
41	O
,	O
mailed	O
the	O
letter	O
from	O
Okayama	B-LOCATION
the	O
day	O
before	O
the	O
shooting	O
.	O

The	O
murder	O
suspect	O
is	O
believed	O
to	O
be	O
an	O
avid	O
reader	O
of	O
the	O
writer	O
âs	O
blog	O
,	O
which	O
contained	O
posts	O
critical	O
of	O
the	O
Unification	B-ORGANIZATION
Church	I-ORGANIZATION
,	O
known	O
formally	O
as	O
the	O
Family	B-ORGANIZATION
Federation	I-ORGANIZATION
for	I-ORGANIZATION
World	I-ORGANIZATION
Peace	I-ORGANIZATION
and	I-ORGANIZATION
Unification	I-ORGANIZATION
.	O

â	O
I	O
have	O
spent	O
(	O
time	O
)	O
trying	O
to	O
obtain	O
guns	O
,	O
â	O
the	O
first	O
part	O
of	O
the	O
letter	O
says	O
,	O
according	O
to	O
the	O
sources	O
.	O

â	O
My	O
connection	O
with	O
the	O
Unification	B-ORGANIZATION
Church	I-ORGANIZATION
dates	O
back	O
about	O
30	B-DURATION
years	I-DURATION
.	O
â	O

He	O
also	O
wrote	O
that	O
his	O
mother	O
had	O
given	O
more	O
than	O
100	B-MONEY
million	I-MONEY
yen	I-MONEY
(	O
$	B-MONEY
719,000	I-MONEY
)	O
to	O
the	O
religious	O
group	O
after	O
she	O
joined	O
it	O
,	O
and	O
those	O
donations	O
led	O
to	O
the	O
destruction	O
and	O
bankruptcy	O
of	O
his	O
family	O
,	O
the	O
sources	O
said	O
.	O

â	O
My	O
teen	O
years	O
passed	O
with	O
these	O
developments	O
,	O
â	O
the	O
letter	O
says	O
.	O

â	O
It	O
is	O
not	O
an	O
exaggeration	O
to	O
say	O
that	O
what	O
I	O
experienced	O
in	O
those	O
years	O
distorted	O
my	O
entire	O
life	O
.	O
â	O

The	O
letter	O
âs	O
envelope	O
also	O
contained	O
a	O
â	O
statement	O
of	O
mutual	O
agreement	O
â	O
between	O
the	O
Unification	B-ORGANIZATION
Church	I-ORGANIZATION
and	O
his	O
family	O
over	O
donations	O
,	O
the	O
sources	O
said	O
.	O

The	O
statement	O
showed	O
his	O
handwritten	O
name	O
and	O
address	O
.	O

According	O
to	O
the	O
sources	O
,	O
Yamagami	B-GIVEN_NAME
referred	O
to	O
Abe	B-GIVEN_NAME
,	O
67	O
,	O
in	O
the	O
latter	O
part	O
of	O
the	O
letter	O
,	O
saying	O
he	O
â	O
is	O
not	O
my	O
enemy	O
,	O
originally	O
.	O
â	O

The	O
letter	O
describes	O
Abe	B-GIVEN_NAME
as	O
â	O
just	O
one	O
of	O
the	O
Unification	B-ORGANIZATION
Church	I-ORGANIZATION
âs	O
sympathizers	O
who	O
wields	O
the	O
most	O
influence	O
in	O
the	O
real	O
world	O
.	O
â	O

Yamagami	B-GIVEN_NAME
contemplated	O
killing	O
the	O
Unification	B-ORGANIZATION
Church	I-ORGANIZATION
âs	O
founding	O
family	O
for	O
some	O
time	O
but	O
realized	O
that	O
it	O
would	O
be	O
impossible	O
,	O
according	O
to	O
the	O
letter	O
.	O

The	O
letter	O
concludes	O
,	O
â	O
I	O
can	O
no	O
longer	O
afford	O
to	O
think	O
about	O
the	O
political	O
implications	O
and	O
consequences	O
that	O
Abe	B-GIVEN_NAME
âs	O
death	O
would	O
bring	O
.	O
â	O

The	O
A	O
-	O
4	O
size	O
printed	O
letter	O
did	O
not	O
mention	O
who	O
was	O
the	O
sender	O
.	O

Yamagami	B-GIVEN_NAME
told	O
investigators	O
that	O
he	O
brought	O
a	O
concealed	O
gun	O
to	O
a	O
venue	O
in	O
Okayama	B-LOCATION
where	O
Abe	B-GIVEN_NAME
gave	O
a	O
speech	O
for	O
a	O
candidate	O
running	O
in	O
the	O
Upper	B-ORGANIZATION
House	I-ORGANIZATION
election	O
on	O
the	O
night	O
of	O
July	B-DATE
7	I-DATE
,	O
according	O
to	O
the	O
sources	O
.	O

But	O
he	O
did	O
not	O
attack	O
the	O
veteran	O
politician	O
that	O
day	O
.	O

Instead	O
,	O
he	O
waited	O
for	O
Abe	B-GIVEN_NAME
âs	O
appearance	O
in	O
Nara	B-LOCATION
the	O
following	O
day	O
,	O
the	O
sources	O
said	O
.	O

Police	O
believe	O
the	O
letter	O
was	O
mailed	O
before	O
Abe	B-GIVEN_NAME
gave	O
the	O
speech	O
at	O
the	O
Okayama	B-LOCATION
venue	O
.	O

The	O
writer	O
in	O
Matsue	B-LOCATION
told	O
The	B-ORGANIZATION
Asahi	I-ORGANIZATION
Shimbun	I-ORGANIZATION
that	O
he	O
had	O
â	O
declined	O
â	O
police	O
âs	O
request	O
to	O
hand	O
over	O
the	O
letter	O
.	O

But	O
police	O
seized	O
it	O
on	O
the	O
evening	O
of	O
July	B-DATE
17	I-DATE
.	O

