As	O
many	O
as	O
22.91	O
million	O
people	O
from	O
all	O
over	O
the	O
globe	O
registered	O
their	O
interest	O
in	O
getting	O
Dubai	B-ORGANIZATION|B-LOCATION
Police	I-ORGANIZATION
's	O
first	O
collection	O
of	O
non	O
-	O
fungible	O
tokens	O
,	O
"	O
NFT	B-BRANDS
"	O
,	O
which	O
was	O
released	O
by	O
the	O
Dubai	B-ORGANIZATION|B-LOCATION
Police	I-ORGANIZATION
General	I-ORGANIZATION
Command	I-ORGANIZATION
during	O
the	O
second	O
quarter	O
of	O
this	O
year	O
.	O

Brigadier	O
Khalid	B-GIVEN_NAME
Nasser	B-FAMILY_NAME
Al	I-FAMILY_NAME
Razooqi	I-FAMILY_NAME
,	O
Director	O
of	O
the	O
General	B-ORGANIZATION
Department	I-ORGANIZATION
of	I-ORGANIZATION
Artificial	I-ORGANIZATION
Intelligence	I-ORGANIZATION
at	O
Dubai	B-ORGANIZATION|B-LOCATION
Police	I-ORGANIZATION
,	O
said	O
that	O
the	O
Dubai	B-ORGANIZATION|B-LOCATION
Police	I-ORGANIZATION
received	O
more	O
than	O
7,000	O
direct	O
messages	O
from	O
participants	O
through	O
its	O
social	O
media	O
platforms	O
.	O

"	O
All	O
participants	O
were	O
contacted	O
to	O
confirm	O
digital	O
wallet	O
addresses	O
,	O
and	O
those	O
who	O
met	O
the	O
requirements	O
were	O
shortlisted	O
in	O
a	O
raffle	O
draw	O
,	O
of	O
which	O
150	O
individuals	O
won	O
and	O
received	O
Dubai	B-ORGANIZATION|B-LOCATION
Police	I-ORGANIZATION
digital	O
assets	O
for	O
free	O
,	O
"	O
he	O
added	O
.	O

Brig	O
.	O

Al	B-GIVEN_NAME
Razooqi	B-FAMILY_NAME
further	O
revealed	O
that	O
those	O
interested	O
in	O
owning	O
the	O
second	O
edition	O
of	O
Dubai	B-ORGANIZATION|B-LOCATION
Police	I-ORGANIZATION
digital	O
assets	O
should	O
stay	O
tuned	O
as	O
the	O
second	O
edition	O
will	O
be	O
launched	O
during	O
GITEX	B-BRANDS
2022	B-MISC
.	O

He	O
confirmed	O
that	O
Dubai	B-ORGANIZATION|B-LOCATION
Police	I-ORGANIZATION
is	O
the	O
first	O
government	O
entity	O
in	O
the	O
UAE	B-LOCATION
to	O
create	O
its	O
digital	O
assets	O
and	O
the	O
first	O
police	O
organisation	O
in	O
the	O
world	O
to	O
do	O
so	O
.	O

He	O
also	O
explained	O
that	O
the	O
collection	O
features	O
150	O
free	O
digital	O
assets	O
that	O
symbolise	O
the	O
Force	O
's	O
innovation	O
,	O
security	O
and	O
communication	O
values	O
.	O

"	O
The	O
five	O
most	O
interactive	O
countries	O
with	O
the	O
Dubai	B-ORGANIZATION|B-LOCATION
Police	I-ORGANIZATION
announcement	O
in	O
local	O
and	O
international	O
news	O
were	O
:	O
the	O
UAE	B-LOCATION
,	O
Nigeria	B-LOCATION
,	O
India	B-LOCATION
,	O
United	B-LOCATION
States	I-LOCATION
of	I-LOCATION
America	I-LOCATION
,	O
and	O
Saudi	B-LOCATION
Arabia	I-LOCATION
.	O

The	O
total	O
views	O
of	O
Dubai	B-ORGANIZATION|B-LOCATION
Police	I-ORGANIZATION
NFT	O
-	O
related	O
news	O
reached	O
589,173	O
views	O
,	O
of	O
which	O
418,693	O
were	O
on	O
Twitter	B-ORGANIZATION
,	O
24,282	O
on	O
Facebook	B-ORGANIZATION
,	O
and	O
146,198	O
on	O
Instagram	B-ORGANIZATION
,	O
"	O
he	O
added	O
.	O

"	O
NFT	O
is	O
a	O
unit	O
of	O
data	O
stored	O
on	O
a	O
type	O
of	O
digital	O
ledger	O
called	O
a	O
blockchain	O
,	O
and	O
every	O
NFT	O
is	O
a	O
unique	O
copy	O
in	O
itself	O
,	O
containing	O
complete	O
information	O
about	O
the	O
date	O
of	O
creation	O
and	O
owner	O
.	O

NFT	O
-	O
related	O
Information	O
documented	O
on	O
a	O
blockchain	O
cannot	O
be	O
falsified	O
or	O
copied	O
at	O
all	O
,	O
"	O
he	O
concluded	O
.	O

The	O
total	O
number	O
of	O
comments	O
on	O
the	O
Dubai	B-ORGANIZATION|B-LOCATION
Police	I-ORGANIZATION
announcement	O
of	O
launching	O
the	O
first	O
set	O
of	O
digital	O
assets	O
reached	O
4,017	O
comments	O
(	O
1,674	O
on	O
Twitter	B-ORGANIZATION
,	O
59	O
on	O
Facebook	B-ORGANIZATION
,	O
and	O
2284	O
on	O
Instagram	B-ORGANIZATION
.	O

The	O
announcement	O
hit	O
around	O
10,399	O
likes	O
,	O
3,311	O
retweets	O
,	O
and	O
was	O
shared	O
237	O
times	O
and	O
was	O
liked	O
by	O
6,281	O
users	O
on	O
Instagram	B-ORGANIZATION
)	O
.	O

