AMMAN	B-LOCATION
â	O
Prime	O
Minister	O
Bisher	B-GIVEN_NAME
Al	B-FAMILY_NAME
Khasawneh	I-FAMILY_NAME
on	O
Monday	B-DATE
received	O
Lebanese	B-AFFILIATION
Minister	O
of	O
Interior	O
and	O
Municipalities	O
Bassam	B-GIVEN_NAME
Mawlawi	B-FAMILY_NAME
,	O
who	O
is	O
on	O
an	O
official	O
visit	O
to	O
the	O
Kingdom	O
to	O
exchange	O
expertise	O
in	O
municipal	O
development	O
.	O

During	O
the	O
meeting	O
,	O
Khasawneh	B-GIVEN_NAME
referred	O
to	O
the	O
"	O
brotherly	O
and	O
historical	O
"	O
relations	O
between	O
Jordan	B-LOCATION
and	O
Lebanon	B-LOCATION
,	O
pointing	O
out	O
that	O
the	O
government	O
,	O
under	O
His	O
Majesty	O
King	O
Abdullah	B-GIVEN_NAME
's	O
directives	O
,	O
is	O
working	O
to	O
support	O
Lebanon	B-LOCATION
,	O
the	O
Jordan	B-ORGANIZATION|B-LOCATION
News	I-ORGANIZATION
Agency	I-ORGANIZATION
,	O
Petra	B-ORGANIZATION
,	O
reported	O
.	O

The	O
prime	O
minister	O
also	O
went	O
over	O
His	O
Majesty	O
's	O
efforts	O
,	O
in	O
coordination	O
with	O
the	O
international	O
community	O
,	O
to	O
help	O
Lebanon	B-LOCATION
overcome	O
its	O
challenges	O
.	O

Mawlawi	B-GIVEN_NAME
voiced	O
appreciation	O
for	O
Jordan	B-LOCATION
's	O
efforts	O
,	O
under	O
the	O
leadership	O
of	O
King	O
Abdullah	B-GIVEN_NAME
,	O
to	O
support	O
Lebanon	B-LOCATION
at	O
all	O
regional	O
and	O
international	O
levels	O
.	O

He	O
also	O
referred	O
to	O
the	O
economic	O
challenges	O
facing	O
Lebanon	B-LOCATION
,	O
including	O
the	O
financial	O
crisis	O
and	O
electricity	O
and	O
gas	O
shortages	O
.	O

The	O
meeting	O
also	O
addressed	O
the	O
repercussions	O
of	O
the	O
Syrian	B-AFFILIATION
refugee	O
crisis	O
on	O
the	O
two	O
countries	O
,	O
which	O
are	O
among	O
the	O
largest	O
Syrian	B-AFFILIATION
refugee	O
-	O
host	O
countries	O
.	O

Also	O
on	O
Monday	B-DATE
,	O
Deputy	O
Prime	O
Minister	O
and	O
Local	O
Administration	O
Minister	O
Tawfiq	B-GIVEN_NAME
Kreishan	B-FAMILY_NAME
met	O
with	O
Mawlawi	B-GIVEN_NAME
and	O
voiced	O
the	O
ministry	O
's	O
keenness	O
to	O
cooperate	O
with	O
the	O
Lebanese	B-AFFILIATION
ministry	O
of	O
interior	O
and	O
municipalities	O
to	O
expand	O
cooperation	O
in	O
municipal	O
work	O
,	O
Petra	B-LOCATION
added	O
.	O

Kreishan	B-GIVEN_NAME
expressed	O
the	O
ministry	O
's	O
readiness	O
to	O
share	O
its	O
expertise	O
with	O
the	O
Lebanese	B-AFFILIATION
ministry	O
in	O
the	O
local	O
development	O
and	O
the	O
municipal	O
services	O
fields	O
,	O
referring	O
to	O
the	O
importance	O
of	O
benefiting	O
from	O
Lebanese	B-AFFILIATION
expertise	O
in	O
these	O
fields	O
as	O
well	O
.	O

Mawlawi	B-GIVEN_NAME
welcomed	O
expanding	O
cooperation	O
between	O
the	O
ministries	O
and	O
Lebanese	B-AFFILIATION
and	O
Jordanian	B-AFFILIATION
municipalities	O
,	O
as	O
well	O
as	O
benefiting	O
from	O
the	O
Kingdom	O
's	O
expertise	O
,	O
mainly	O
in	O
helping	O
municipalities	O
to	O
contribute	O
to	O
local	O
development	O
,	O
hold	O
investment	O
projects	O
in	O
cooperation	O
with	O
the	O
private	O
sector	O
,	O
as	O
well	O
to	O
use	O
alternative	O
energy	O
sources	O
.	O

Meanwhile	O
,	O
discussions	O
during	O
a	O
meeting	O
between	O
Interior	O
Minister	O
Mazen	B-GIVEN_NAME
Faraya	B-FAMILY_NAME
and	O
Mawlawi	B-GIVEN_NAME
covered	O
Jordanian	B-AFFILIATION
-	O
Lebanese	B-AFFILIATION
ties	O
and	O
means	O
to	O
boost	O
them	O
,	O
particularly	O
in	O
the	O
exchange	O
of	O
expertise	O
in	O
the	O
field	O
of	O
security	O
,	O
including	O
the	O
Kingdom	O
âs	O
experience	O
in	O
technical	O
and	O
operational	O
know	O
-	O
how	O
to	O
combat	O
drug	O
smuggling	O
.	O

Faraya	B-GIVEN_NAME
reviewed	O
Jordan	B-LOCATION
âs	O
experience	O
of	O
logistical	O
preparations	O
and	O
"	O
advanced	O
"	O
equipment	O
that	O
the	O
Kingdom	O
uses	O
at	O
its	O
air	O
,	O
land	O
and	O
marine	O
borders	O
,	O
particularly	O
the	O
northern	O
border	O
that	O
sees	O
daily	O
drug	O
smuggling	O
attempts	O
.	O

In	O
this	O
regard	O
,	O
the	O
minister	O
said	O
that	O
the	O
Jordan	B-ORGANIZATION|B-LOCATION
Armed	I-ORGANIZATION
Forces	I-ORGANIZATION
-	O
Arab	B-ORGANIZATION|B-AFFILIATION
Army	I-ORGANIZATION
and	O
security	O
and	O
customs	O
apparatuses	O
deal	O
with	O
such	O
attempts	O
with	O
"	O
high	O
levels	O
"	O
of	O
professionalism	O
to	O
combat	O
drug	O
smuggling	O
.	O

The	O
Lebanese	B-AFFILIATION
minister	O
referred	O
to	O
the	O
stable	O
security	O
condition	O
in	O
his	O
country	O
,	O
noting	O
that	O
the	O
Lebanese	B-AFFILIATION
government	O
is	O
planning	O
to	O
implement	O
a	O
plan	O
to	O
support	O
all	O
sectors	O
in	O
a	O
way	O
that	O
contributes	O
to	O
overcoming	O
Lebanon	B-LOCATION
âs	O
economic	O
problems	O
,	O
Petra	B-ORGANIZATION
reported	O
.	O

He	O
noted	O
that	O
this	O
plan	O
cannot	O
be	O
achieved	O
without	O
the	O
support	O
and	O
cooperation	O
of	O
Arab	B-AFFILIATION
countries	O
,	O
including	O
Jordan	B-LOCATION
.	O

