%	O
E	O
2	O
%	O
80	O
%	O
94	O
-	O
jci	O

AMMAN	B-LOCATION
Ã¢	O
â¬	O
â	O
The	O
industry	O
sector	O
accounted	O
for	O
60	O
per	O
cent	O
of	O
the	O
total	O
investment	O
flows	O
that	O
are	O
benefitting	O
from	O
the	O
Investment	B-BRANDS
Law	B-MISC
during	O
the	O
first	O
half	O
of	O
2022	B-DATE
,	O
according	O
to	O
the	O
Jordan	B-ORGANIZATION|B-LOCATION
Chamber	I-ORGANIZATION
of	I-ORGANIZATION
Industry	I-ORGANIZATION
(	O
JCI	B-ORGANIZATION
)	O
.	O

The	O
JCI	B-ORGANIZATION
,	O
in	O
a	O
statement	O
cited	O
by	O
the	O
Jordan	B-ORGANIZATION|B-LOCATION
News	I-ORGANIZATION
Agency	I-ORGANIZATION
,	O
Petra	B-LOCATION
,	O
on	O
Saturday	B-DATE
,	O
said	O
the	O
investments	O
in	O
the	O
industry	O
sector	O
during	O
the	O
first	O
half	O
of	O
the	O
year	O
totalled	O
JD	B-MONEY
243	I-MONEY
million	I-MONEY
,	O
including	O
122	O
ventures	O
.	O

Chairman	O
of	O
the	O
JCI	B-ORGANIZATION
Fathi	B-GIVEN_NAME
Jaghbir	B-FAMILY_NAME
said	O
that	O
these	O
figures	O
show	O
that	O
the	O
industry	O
sector	O
is	O
capable	O
of	O
leading	O
economic	O
growth	O
,	O
attracting	O
investments	O
and	O
generating	O
jobs	O
.	O

Jaghbir	B-GIVEN_NAME
called	O
for	O
supporting	O
the	O
sector	O
through	O
injecting	O
incentives	O
,	O
notably	O
those	O
related	O
to	O
the	O
production	O
of	O
raw	O
materials	O
to	O
enhance	O
food	O
and	O
economic	O
security	O
and	O
maintain	O
the	O
stability	O
of	O
the	O
legislative	O
environment	O
.	O

The	O
industry	O
sector	O
accounted	O
for	O
94	O
per	O
cent	O
of	O
the	O
JD	B-MONEY
105	I-MONEY
-	I-MONEY
million	I-MONEY
foreign	O
investment	O
flows	O
during	O
the	O
first	O
half	O
of	O
this	O
year	O
,	O
while	O
the	O
sector	O
accounted	O
for	O
nearly	O
50	O
per	O
cent	O
of	O
all	O
domestic	O
investments	O
,	O
he	O
said	O
.	O

He	O
added	O
that	O
the	O
new	O
industrial	O
ventures	O
have	O
created	O
more	O
than	O
7,000	O
jobs	O
,	O
accounting	O
for	O
72	O
per	O
cent	O
of	O
the	O
total	O
jobs	O
created	O
through	O
the	O
KingdomÃ¢	B-ORGANIZATION
â¬	O
â¢	O
s	O
investments	O
,	O
highlighting	O
that	O
the	O
manufacturing	O
industry	O
ranks	O
first	O
when	O
it	O
comes	O
to	O
job	O
creation	O
.	O

On	O
average	O
,	O
around	O
55	O
jobs	O
have	O
been	O
created	O
per	O
a	O
single	O
manufacturing	O
project	O
,	O
while	O
other	O
sectorsÃ¢	O
â¬	O
â¢	O
projects	O
generated	O
some	O
32	O
jobs	O
.	O

