AMMAN	B-LOCATION
â	O
The	O
Aqaba	B-ORGANIZATION|B-LOCATION
Development	I-ORGANIZATION
Corporation	I-ORGANIZATION
(	O
ADC	B-ORGANIZATION
)	O
and	O
Orbit	B-ORGANIZATION
Aluminum	I-ORGANIZATION
Industries	I-ORGANIZATION
on	O
Wednesday	B-DATE
signed	O
a	O
$	B-MONEY
175	I-MONEY
-	I-MONEY
million	I-MONEY
agreement	O
,	O
to	O
establish	O
an	O
aluminum	O
rolling	O
mill	O
in	O
the	O
Aqaba	B-ORGANIZATION|B-LOCATION
Special	I-ORGANIZATION
Economic	I-ORGANIZATION
Zone	I-ORGANIZATION
Authority	I-ORGANIZATION
(	O
ASEZA	B-ORGANIZATION
)	O
.	O

The	O
aluminum	O
rolling	O
mill	O
will	O
be	O
â	O
the	O
first	O
of	O
its	O
kind	O
â	O
in	O
the	O
region	O
,	O
according	O
to	O
the	O
Jordan	B-ORGANIZATION|B-LOCATION
News	I-ORGANIZATION
Agency	I-ORGANIZATION
,	I-ORGANIZATION
Petra	I-ORGANIZATION
.	O

The	O
ADC	B-ORGANIZATION
,	O
the	O
investment	O
arm	O
of	O
ASEZA	B-ORGANIZATION
,	O
aims	O
to	O
create	O
a	O
â	O
dynamic	O
and	O
comprehensive	O
investment	O
environment	O
â	O
,	O
CEO	O
of	O
ADC	B-ORGANIZATION
Hussein	B-GIVEN_NAME
Safadi	B-FAMILY_NAME
said	O
during	O
the	O
ceremony	O
.	O

The	O
project	O
's	O
exports	O
are	O
expected	O
to	O
reach	O
$	B-MONEY
400	I-MONEY
million	I-MONEY
a	O
year	O
,	O
Safadi	B-GIVEN_NAME
said	O
.	O

The	O
new	O
Orbit	B-ORGANIZATION
factory	O
,	O
to	O
be	O
established	O
on	O
a	O
150	O
-	O
dunum	O
plot	O
in	O
the	O
South	B-LOCATION
Industrial	I-LOCATION
Complex	I-LOCATION
area	O
of	O
ASEZA	B-ORGANIZATION
,	O
will	O
employ	O
240	O
people	O
in	O
its	O
first	O
phase	O
,	O
while	O
another	O
400	O
local	O
jobs	O
will	O
be	O
generated	O
in	O
the	O
second	O
phase	O
,	O
he	O
noted	O
.	O

CEO	O
of	O
Orbit	B-ORGANIZATION
Mummtaz	B-GIVEN_NAME
Daboul	B-FAMILY_NAME
said	O
that	O
the	O
company	O
has	O
decided	O
to	O
expand	O
its	O
operations	O
in	O
the	O
ASEZA	B-ORGANIZATION
through	O
introducing	O
a	O
new	O
factory	O
,	O
noting	O
that	O
the	O
move	O
was	O
driven	O
by	O
â	O
the	O
Kingdom	O
's	O
attractive	O
investment	O
environment	O
â	O
,	O
notably	O
following	O
the	O
decisions	O
related	O
to	O
supplying	O
factories	O
with	O
natural	O
gas	O
and	O
allowing	O
export	O
industries	O
to	O
generate	O
their	O
electricity	O
needs	O
from	O
renewable	O
energy	O
sources	O
.	O

Established	O
in	O
2016	B-DATE
in	O
Aqaba	B-LOCATION
,	O
Orbit	B-ORGANIZATION
Aluminum	I-ORGANIZATION
Industries	I-ORGANIZATION
,	O
an	O
$	B-MONEY
82	I-MONEY
-	I-MONEY
million	I-MONEY
Canadian	B-AFFILIATION
-	O
Singaporean	B-AFFILIATION
investment	O
,	O
is	O
regarded	O
as	O
one	O
of	O
the	O
region	O
âs	O
leading	O
companies	O
as	O
it	O
offers	O
premium	O
quality	O
painted	O
aluminum	O
coils	O
used	O
in	O
a	O
wide	O
range	O
of	O
products	O
for	O
architectural	O
,	O
corporate	O
ID	O
and	O
signage	O
,	O
transportation	O
,	O
and	O
industrial	O
applications	O
,	O
with	O
a	O
production	O
capacity	O
of	O
30,000	O
tonnes	O
annually	O
,	O
Petra	B-ORGANIZATION
reported	O
.	O

Orbit	B-ORGANIZATION
,	O
which	O
is	O
currently	O
home	O
to	O
160	O
employees	O
,	O
70	O
per	O
cent	O
out	O
of	O
which	O
are	O
local	O
workforce	O
,	O
exports	O
some	O
98	O
per	O
cent	O
of	O
its	O
production	O
.	O

