President	O
Uhuru	B-GIVEN_NAME
Kenyatta	B-FAMILY_NAME
âs	O
former	O
aide	B-BRANDS
-	B-MISC
de	I-MISC
-	I-MISC
camp	I-MISC
(	O
ADC	B-BRANDS
)	O
Lieutenant	O
General	O
Peter	B-GIVEN_NAME
Mbogo	B-FAMILY_NAME
Njiru	I-FAMILY_NAME
,	O
has	O
been	O
sworn	O
in	O
as	O
the	O
new	O
Kenya	B-ORGANIZATION|B-LOCATION
Army	I-ORGANIZATION
commander	O
,	O
following	O
his	O
promotion	O
on	O
July	B-DATE
20	I-DATE
,	I-DATE
2022	I-DATE
.	O

Lt	O
Gen	O
Njiru	B-GIVEN_NAME
becomes	O
the	O
23rd	O
commander	O
of	O
the	O
army	O
since	O
independence	O
.	O

He	O
takes	O
over	O
from	O
Lt	O
Gen	O
Walter	B-GIVEN_NAME
Koipaton	B-FAMILY_NAME
who	O
retired	O
after	O
serving	O
for	O
four	B-DURATION
years	I-DURATION
.	O

The	O
swearing	O
-	O
in	O
ceremony	O
,	O
attended	O
by	O
the	O
Kenya	B-ORGANIZATION|B-LOCATION
Defence	I-ORGANIZATION
Forces	I-ORGANIZATION
(	O
KDF	B-ORGANIZATION
)	O
top	O
brass	O
led	O
by	O
Chief	O
of	O
Defence	O
Forces	O
Gen	O
.	O
Robert	B-GIVEN_NAME
Kibochi	B-FAMILY_NAME
,	O
was	O
conducted	O
by	O
the	O
Head	O
of	O
Public	O
Service	O
Dr	O
Joseph	B-GIVEN_NAME
Kinyua	B-FAMILY_NAME
at	O
State	B-LOCATION
House	I-LOCATION
,	O
Nakuru	B-LOCATION
.	O

Also	O
present	O
were	O
Kenya	B-ORGANIZATION|B-LOCATION
Air	I-ORGANIZATION
Force	I-ORGANIZATION
Commander	O
Major	O
General	O
John	B-GIVEN_NAME
Omenda	B-FAMILY_NAME
and	O
Kenya	B-ORGANIZATION|B-LOCATION
Navy	I-ORGANIZATION
Commander	O
Major	O
General	O
Jimson	B-GIVEN_NAME
Mutai	B-FAMILY_NAME
as	O
well	O
as	O
Cabinet	B-ORGANIZATION
Secretaries	O
Eugene	B-GIVEN_NAME
Wamalwa	B-FAMILY_NAME
(	O
Defence	O
)	O
and	O
Ukur	B-GIVEN_NAME
Yatani	B-FAMILY_NAME
(	O
National	B-ORGANIZATION
Treasury	I-ORGANIZATION
)	O
.	O

The	O
event	O
also	O
doubled	O
up	O
as	O
the	O
investiture	O
ceremony	O
for	O
the	O
recently	O
promoted	O
Brigadier	B-GIVEN_NAME
Zipporah	B-FAMILY_NAME
Kalondu	B-GIVEN_NAME
Kioko	B-FAMILY_NAME
and	O
Brigadier	O
Alice	B-GIVEN_NAME
Muringo	B-FAMILY_NAME
Mate	I-FAMILY_NAME
.	O

Also	O
read	O
:	O
Uhuru	B-GIVEN_NAME
launches	O
86	O
MW	O
geothermal	O
plant	O

President	O
Kenyatta	B-GIVEN_NAME
commended	O
the	O
newly	O
promoted	O
KDF	B-ORGANIZATION
senior	O
officers	O
and	O
wished	O
them	O
success	O
in	O
their	O
new	O
positions	O
.	O

Following	O
her	O
promotion	O
,	O
Brigadier	O
Kioko	B-GIVEN_NAME
,	O
the	O
former	O
Kenya	B-ORGANIZATION|B-LOCATION
Defence	I-ORGANIZATION
Forces	I-ORGANIZATION
Spokesperson	O
was	O
appointed	O
Chief	O
of	O
Strategic	O
Communications	O
at	O
the	O
Defence	B-LOCATION
Headquarters	I-LOCATION
,	O
Nairobi	B-LOCATION
.	O

In	O
2020	B-DATE
,	O
Brigadier	O
Kioko	B-GIVEN_NAME
made	O
history	O
when	O
she	O
became	O
the	O
first	O
woman	O
officer	O
to	O
hold	O
the	O
KDF	B-ORGANIZATION
Spokesperson	O
title	O
;	O
a	O
position	O
she	O
held	O
until	O
July	B-DATE
last	O
year	O
when	O
she	O
joined	O
the	O
Royal	B-ORGANIZATION
College	I-ORGANIZATION
of	I-ORGANIZATION
Defence	I-ORGANIZATION
Studies	I-ORGANIZATION
in	O
the	O
United	B-LOCATION
Kingdom	I-LOCATION
.	O

Elevation	O
of	O
women	O

She	O
was	O
replaced	O
by	O
Colonel	O
Esther	B-GIVEN_NAME
Wanjiku	B-FAMILY_NAME
.	O

Brigadier	O
Carolyne	B-GIVEN_NAME
Mutisya	B-FAMILY_NAME
,	O
the	O
General	O
Manager	O
of	O
the	O
Joint	B-ORGANIZATION
National	I-ORGANIZATION
Mapping	I-ORGANIZATION
Project	I-ORGANIZATION
,	O
was	O
on	O
this	O
year	O
âs	O
Madaraka	B-DATE
Day	I-DATE
celebrations	O
honoured	O
with	O
the	O
Elder	B-BRANDS
of	O
the	O
Order	B-BRANDS
of	B-MISC
the	I-MISC
Burning	I-MISC
Spear	I-MISC
for	O
successfully	O
supervising	O
over	O
10	O
development	O
projects	O
across	O
various	O
ministries	O
and	O
departments	O
.	O

The	O
elevation	O
of	O
women	O
officers	O
to	O
senior	O
military	O
ranks	O
is	O
part	O
of	O
gender	O
mainstreaming	O
efforts	O
by	O
KDF	B-ORGANIZATION
in	O
line	O
with	O
the	O
United	B-ORGANIZATION|B-ORGANIZATION
Nations	B-MISC|I-ORGANIZATION
Security	I-MISC
Council	I-MISC
Resolution	I-MISC
1325	I-MISC
on	O
women	O
peace	O
and	O
security	O
.	O

The	O
current	O
senior	O
-	O
most	O
female	O
military	O
officer	O
is	O
Major	O
General	O
Fatuma	B-GIVEN_NAME
Ahmed	B-FAMILY_NAME
;	O
who	O
in	O
a	O
span	O
of	O
three	B-DURATION
years	I-DURATION
made	O
history	O
twice	O
following	O
her	O
promotion	O
to	O
the	O
rank	O
of	O
a	O
Brigadier	O
in	O
2015	B-DATE
and	O
in	O
2020	B-DATE
when	O
she	O
was	O
promoted	O
to	O
the	O
rank	O
of	O
a	O
Major	O
General	O
.	O

In	O
2015	B-DATE
,	O
President	O
Kenyatta	B-GIVEN_NAME
recognised	O
her	O
promotion	O
as	O
an	O
honour	O
to	O
the	O
country	O
.	O

â	O
I	O
am	O
counting	O
on	O
you	O
to	O
be	O
a	O
positive	O
role	O
model	O
to	O
women	O
across	O
the	O
country	O
.	O
Let	O
other	O
women	O
see	O
that	O
there	O
are	O
no	O
limits	O
,	O
â	O
President	O
Kenyatta	B-GIVEN_NAME
said	O
as	O
he	O
congratulated	O
her	O
on	O
her	O
promotion	O
at	O
the	O
time	O
.	O

Other	O
female	O
officers	O
holding	O
senior	O
positions	O
include	O
;	O
Brigadiers	O
Joyce	B-GIVEN_NAME
Sitienei	B-FAMILY_NAME
(	O
Director	O
International	B-ORGANIZATION
Peace	I-ORGANIZATION
Support	I-ORGANIZATION
Training	I-ORGANIZATION
Centre	I-ORGANIZATION
)	O
,	O
Elizabeth	B-GIVEN_NAME
Omollo	B-FAMILY_NAME
(	O
Director	O
of	O
Exams	O
at	O
the	O
National	B-ORGANIZATION
Defence	I-ORGANIZATION
University	I-ORGANIZATION
)	O
and	O
Yvonne	B-GIVEN_NAME
Kirui	B-FAMILY_NAME
(	O
Chief	O
of	O
Legal	O
Services	O
at	O
the	O
Defence	B-LOCATION
Headquarters	I-LOCATION
)	O
.	O

