Interior	O
Minister	O
Lee	B-GIVEN_NAME
Sang	B-FAMILY_NAME
-	I-FAMILY_NAME
min	I-FAMILY_NAME
on	O
Monday	B-DATE
blasted	O
top	O
police	O
officers	O
for	O
gathering	O
over	O
the	O
weekend	O
to	O
oppose	O
his	O
ministry	O
's	O
plan	O
to	O
create	O
a	O
police	O
oversight	O
bureau	O
,	O
comparing	O
their	O
actions	O
to	O
a	O
coup	O
.	O

Speaking	O
to	O
reporters	O
on	O
his	O
way	O
to	O
work	O
at	O
the	O
Central	B-LOCATION
Government	I-LOCATION
Complex	I-LOCATION
in	O
Jongno	B-LOCATION
District	I-LOCATION
,	I-LOCATION
central	I-LOCATION
Seoul	I-LOCATION
,	O
Lee	B-GIVEN_NAME
criticized	O
police	O
precinct	O
chiefs	O
for	O
violating	O
an	O
order	O
from	O
the	O
police	O
agency	O
to	O
disband	O
a	O
conference	O
at	O
the	O
Police	B-ORGANIZATION
Human	I-ORGANIZATION
Resources	I-ORGANIZATION
Training	I-ORGANIZATION
Institute	I-ORGANIZATION
in	O
Asan	B-LOCATION
,	I-LOCATION
South	I-LOCATION
Chungcheong	I-LOCATION
on	O
Saturday	B-DATE
.	O

â	O
By	O
meeting	O
,	O
[	O
the	O
precinct	O
chiefs	O
]	O
flagrantly	O
defied	O
the	O
order	O
of	O
the	O
acting	O
commissioner	O
general	O
of	O
the	O
National	B-ORGANIZATION
Police	I-ORGANIZATION
Agency	I-ORGANIZATION
(	O
NPA	B-ORGANIZATION
)	O
,	O
â	O
Lee	B-GIVEN_NAME
said	O
of	O
the	O
conference	O
participants	O
.	O

â	O
This	O
is	O
basically	O
akin	O
to	O
the	O
gathering	O
of	O
Hanahoe	B-ORGANIZATION
members	O
who	O
plotted	O
the	O
military	O
coup	O
d	O
â	O
etat	O
of	O
Dec	B-DATE
.	I-DATE
12	I-DATE
,	I-DATE
1979	I-DATE
,	O
â	O
he	O
added	O
.	O

The	O
Hanahoe	B-ORGANIZATION
was	O
an	O
unofficial	O
group	O
of	O
military	O
officers	O
headed	O
by	O
Chun	B-GIVEN_NAME
Doo	B-FAMILY_NAME
Hwan	I-FAMILY_NAME
,	O
who	O
seized	O
power	O
through	O
the	O
coup	O
and	O
later	O
became	O
president	O
.	O

One	O
hundred	O
and	O
ninety	O
police	O
precinct	O
chiefs	O
attended	O
the	O
four	O
-	O
hour	O
weekend	O
conference	O
,	O
some	O
in	O
person	O
and	O
some	O
virtually	O
,	O
and	O
issued	O
a	O
statement	O
afterwards	O
calling	O
on	O
the	O
Interior	B-ORGANIZATION
Ministry	I-ORGANIZATION
to	O
shelve	O
its	O
plan	O
to	O
establish	O
a	O
bureau	O
by	O
Aug	B-DATE
.	I-DATE
2	I-DATE
to	O
oversee	O
the	O
police	O
agency	O
until	O
more	O
public	O
and	O
legislative	O
consultations	O
take	O
place	O
.	O

In	O
the	O
statement	O
,	O
the	O
conference	O
âs	O
participants	O
cited	O
the	O
risk	O
that	O
the	O
ministry	O
âs	O
bureau	O
could	O
undermine	O
the	O
police	O
agency	O
âs	O
political	O
neutrality	O
and	O
independence	O
.	O

The	O
interior	O
minister	O
âs	O
comparison	O
between	O
the	O
meeting	O
and	O
the	O
1979	B-DATE
coup	O
sparked	O
outrage	O
from	O
Ryu	B-GIVEN_NAME
Sam	B-FAMILY_NAME
-	I-FAMILY_NAME
yeong	I-FAMILY_NAME
,	O
a	O
police	O
official	O
who	O
was	O
discharged	O
from	O
his	O
post	O
as	O
chief	O
of	O
the	O
Ulsan	B-LOCATION|B-LOCATION
Jungbu	I-LOCATION|I-LOCATION
Police	I-LOCATION
Precinct	I-LOCATION
as	O
a	O
result	O
of	O
his	O
participation	O
in	O
the	O
weekend	O
gathering	O
.	O

He	O
is	O
currently	O
awaiting	O
reassignment	O
to	O
a	O
lower	O
position	O
.	O

â	O
The	O
[	O
real	O
]	O
coup	O
is	O
the	O
Interior	B-ORGANIZATION
Ministry	I-ORGANIZATION
âs	O
plan	O
to	O
establish	O
a	O
police	O
bureau	O
that	O
would	O
undermine	O
the	O
political	O
neutrality	O
of	O
the	O
police	O
,	O
â	O
Ryu	B-GIVEN_NAME
said	O
in	O
a	O
phone	O
interview	O
Monday	B-DATE
with	O
the	O
JoongAng	B-ORGANIZATION
Ilbo	I-ORGANIZATION
.	O

â	O
The	O
gathering	O
of	O
police	O
officials	O
this	O
weekend	O
is	O
aimed	O
at	O
stopping	O
this	O
kind	O
of	O
action	O
.	O
â	O

Ryu	B-GIVEN_NAME
added	O
that	O
the	O
punitive	O
measure	O
taken	O
against	O
him	O
by	O
police	O
headquarters	O
showed	O
how	O
the	O
Interior	B-ORGANIZATION
Ministry	I-ORGANIZATION
plans	O
to	O
subjugate	O
police	O
officers	O
once	O
the	O
so	O
-	O
called	O
â	O
police	O
bureau	O
â	O
is	O
established	O
.	O

â	O
In	O
a	O
way	O
,	O
I	O
am	O
grateful	O
that	O
[	O
the	O
authorities	O
]	O
have	O
shown	O
their	O
true	O
colors	O
and	O
demonstrated	O
how	O
they	O
would	O
abuse	O
their	O
control	O
over	O
police	O
appointments	O
to	O
silence	O
us	O
,	O
â	O
Ryu	B-GIVEN_NAME
said	O
.	O

The	O
Interior	B-ORGANIZATION
Ministry	I-ORGANIZATION
has	O
argued	O
that	O
greater	O
oversight	O
of	O
the	O
NPA	B-ORGANIZATION
is	O
necessary	O
once	O
the	O
agency	O
takes	O
over	O
most	O
of	O
the	O
state	O
prosecution	O
service	O
âs	O
investigative	O
powers	O
in	O
September	B-DATE
.	O

Through	O
a	O
police	O
bureau	O
,	O
the	O
Interior	B-ORGANIZATION
Ministry	I-ORGANIZATION
will	O
be	O
able	O
to	O
take	O
on	O
a	O
wide	O
range	O
of	O
functions	O
such	O
as	O
recommending	O
candidates	O
for	O
high	O
-	O
ranking	O
police	O
positions	O
and	O
demanding	O
disciplinary	O
measures	O
for	O
senior	O
police	O
officials	O
,	O
including	O
the	O
commissioner	O
general	O
.	O

Police	O
at	O
Saturday	B-DATE
âs	O
conference	O
called	O
it	O
a	O
reversal	O
of	O
1991	B-DATE
reforms	O
that	O
made	O
the	O
police	O
agency	O
independent	O
of	O
the	O
Ministry	B-ORGANIZATION
of	I-ORGANIZATION
Home	I-ORGANIZATION
Affairs	I-ORGANIZATION
,	O
the	O
precursor	O
of	O
the	O
Interior	B-ORGANIZATION
Ministry	I-ORGANIZATION
.	O

Those	O
reforms	O
were	O
enacted	O
to	O
end	O
human	O
rights	O
abuses	O
and	O
political	O
repression	O
carried	O
out	O
by	O
public	O
security	O
forces	O
under	O
the	O
military	O
dictatorship	O
,	O
which	O
ended	O
in	O
1987	B-DATE
.	O

Speaking	O
to	O
reporters	O
on	O
his	O
way	O
to	O
work	O
at	O
the	O
presidential	O
office	O
in	O
Yongsan	B-LOCATION
District	I-LOCATION
,	I-LOCATION
central	I-LOCATION
Seoul	I-LOCATION
on	O
Monday	B-DATE
,	O
President	O
Yoon	B-GIVEN_NAME
Suk	B-FAMILY_NAME
-	I-FAMILY_NAME
yeol	I-FAMILY_NAME
briefly	O
addressed	O
concerns	O
that	O
the	O
police	O
bureau	O
plan	O
could	O
result	O
in	O
serious	O
blowback	O
from	O
rank	O
-	O
and	O
-	O
file	O
police	O
officers	O
.	O

â	O
I	O
believe	O
that	O
the	O
Interior	B-ORGANIZATION
Ministry	I-ORGANIZATION
and	O
the	O
NPA	B-ORGANIZATION
will	O
take	O
all	O
necessary	O
measures	O
to	O
handle	O
the	O
matter	O
,	O
â	O
Yoon	B-GIVEN_NAME
said	O
.	O

Presidential	O
chief	O
of	O
staff	O
Kim	B-GIVEN_NAME
Dae	B-FAMILY_NAME
-	I-FAMILY_NAME
ki	I-FAMILY_NAME
also	O
downplayed	O
the	O
controversy	O
at	O
a	O
Sunday	B-DATE
press	O
briefing	O
,	O
where	O
he	O
said	O
the	O
establishment	O
of	O
a	O
police	O
bureau	O
â	O
is	O
not	O
a	O
matter	O
for	O
the	O
president	O
to	O
engage	O
in	O
.	O
â	O

â	O
The	O
problem	O
of	O
discipline	O
and	O
order	O
[	O
within	O
the	O
police	O
force	O
]	O
is	O
an	O
issue	O
for	O
the	O
NPA	B-ORGANIZATION
and	O
the	O
Interior	B-ORGANIZATION
Ministry	I-ORGANIZATION
,	O
â	O
Kim	B-GIVEN_NAME
said	O
,	O
while	O
also	O
arguing	O
that	O
â	O
checks	O
on	O
the	O
police	O
are	O
needed	O
now	O
that	O
that	O
their	O
powers	O
will	O
expand	O
.	O
â	O

