The	O
Seoul	B-ORGANIZATION|B-LOCATION
Metropolitan	I-ORGANIZATION
Government	I-ORGANIZATION
announced	O
Thursday	B-BRANDS
morning	O
that	O
the	O
Jamsu	B-LOCATION
Bridge	I-LOCATION
,	O
which	O
connects	O
the	O
Yongsan	B-LOCATION
and	O
Seocho	B-LOCATION
Districts	I-LOCATION
,	O
will	O
be	O
closed	O
from	O
9	B-TIME
a.m.	I-TIME
due	O
to	O
the	O
high	O
water	O
level	O
of	O
the	O
Han	B-LOCATION
River	I-LOCATION
following	O
heavy	O
rainfall	O
yesterday	O
.	O

The	O
city	O
first	O
considered	O
restricting	O
pedestrian	O
access	O
as	O
the	O
water	O
level	O
of	O
the	O
Han	B-LOCATION
River	I-LOCATION
reached	O
5.5	O
meters	O
(	O
18	O
feet	O
)	O
at	O
7	B-TIME
:	I-TIME
35	B-TIME
a.m.	I-TIME
,	O
the	O
limit	O
for	O
pedestrian	O
use	O
of	O
the	O
bridge	O
.	O

As	O
the	O
water	O
level	O
continued	O
to	O
rise	O
and	O
reached	O
6.2	O
meters	O
,	O
the	O
metropolitan	O
government	O
decided	O
to	O
stop	O
traffic	O
from	O
9	B-TIME
a.m.	I-TIME

