&	O
np	O
=	O
2	O
&	O
mp	O
=	O
1	O

Prosecutors	O
have	O
raided	O
the	O
parent	O
company	O
of	O
Terraform	B-ORGANIZATION
Labs	I-ORGANIZATION
as	O
part	O
of	O
a	O
broadening	O
investigation	O
into	O
the	O
massive	O
collapse	O
of	O
the	O
firm	O
's	O
Luna	B-MONEY
and	O
TerraUSD	B-MONEY
cryptocurrencies	O
,	O
sources	O
said	O
Sunday	B-DATE
.	O

Last	O
week	O
,	O
an	O
investigation	O
team	O
of	O
the	O
Seoul	B-ORGANIZATION|B-LOCATION
Southern	I-ORGANIZATION|I-LOCATION
District	I-ORGANIZATION|I-LOCATION
Prosecutors	I-ORGANIZATION
Office	I-ORGANIZATION
conducted	O
the	O
search	O
and	O
seizure	O
at	O
the	O
parent	O
company	O
currently	O
headed	O
by	O
Terraform	B-ORGANIZATION
co	O
-	O
founder	O
Daniel	B-GIVEN_NAME
Shin	B-FAMILY_NAME
,	O
according	O
to	O
the	O
legal	O
sources	O
.	O

As	O
part	O
of	O
the	O
raid	O
,	O
prosecutors	O
also	O
searched	O
the	O
home	O
of	O
the	O
chief	O
of	O
another	O
Terraform	B-ORGANIZATION
-	O
related	O
company	O
suspected	O
to	O
be	O
serving	O
as	O
its	O
Korean	B-AFFILIATION
branch	O
as	O
well	O
as	O
a	O
Terraform	B-ORGANIZATION
subsidiary	O
,	O
the	O
sources	O
said	O
.	O

Terraform	B-ORGANIZATION
is	O
under	O
an	O
investigation	O
for	O
alleged	O
fraud	O
and	O
tax	O
evasion	O
after	O
investors	O
in	O
TerraUSD	B-MONEY
and	O
Luna	B-MONEY
filed	O
complaints	O
against	O
Terraform	B-ORGANIZATION
Labs	I-ORGANIZATION
'	O
CEO	O
Do	B-GIVEN_NAME
Kwon	B-FAMILY_NAME
and	O
co	O
-	O
founder	O
Shin	B-GIVEN_NAME
in	B-FAMILY_NAME
May	I-FAMILY_NAME
,	O
accusing	O
them	O
of	O
fraud	O
over	O
the	O
loss	O
of	O
billions	O
of	O
won	O
following	O
the	O
crash	O
of	O
both	O
coins	O
earlier	O
that	O
month	O
.	O

Last	O
week	O
,	O
the	O
investigation	O
team	O
raided	O
seven	O
local	O
cryptocurrency	O
exchanges	O
,	O
including	O
Upbit	B-ORGANIZATION
,	O
Bithumb	B-ORGANIZATION
and	O
Coinone	B-ORGANIZATION
,	O
and	O
eight	O
other	O
places	O
,	O
including	O
the	O
homes	O
and	O
offices	O
of	O
people	O
involved	O
in	O
the	O
case	O
.	O

The	O
investigation	O
team	O
also	O
secured	O
Kwon	B-GIVEN_NAME
's	O
records	O
from	O
the	O
tax	O
authorities	O
last	O
month	O
to	O
look	O
into	O
suspicions	O
he	O
evaded	O
taxes	O
.	O

The	O
latest	O
search	O
is	O
widely	O
seen	O
as	O
focusing	O
on	O
money	O
flows	O
between	O
Terraform	B-ORGANIZATION
-	O
affiliated	O
firms	O
and	O
the	O
development	O
process	O
of	O
the	O
cryptocurrencies	O
.	O
(	O
Yonhap	B-ORGANIZATION
)	O

