&	O
np	O
=	O
3	O
&	O
mp	O
=	O
1	O

The	O
office	O
of	O
Prime	O
Minister	O
Han	B-GIVEN_NAME
Duck	B-FAMILY_NAME
-	I-FAMILY_NAME
soo	I-FAMILY_NAME
said	O
Friday	B-DATE
the	O
government	O
approved	O
a	O
plan	O
for	O
the	O
creation	O
of	O
a	O
new	O
military	O
unit	O
to	O
bolster	O
its	O
defenses	O
against	O
chemical	O
,	O
nuclear	O
and	O
biological	O
incidents	O
.	O

The	O
approval	O
was	O
made	O
at	O
a	O
regular	O
interagency	O
anti	O
-	O
terrorism	O
meeting	O
presided	O
over	O
by	O
Han	B-GIVEN_NAME
earlier	O
in	O
the	O
day	O
,	O
the	O
office	O
said	O
in	O
a	O
statement	O
.	O

Under	O
the	O
approval	O
,	O
two	O
battalions	O
of	O
the	O
Chemical	B-ORGANIZATION
,	I-ORGANIZATION
Biological	I-ORGANIZATION
and	I-ORGANIZATION
Radiological	I-ORGANIZATION
Defense	I-ORGANIZATION
Command	I-ORGANIZATION
will	O
be	O
merged	O
to	O
become	O
a	O
new	O
military	O
unit	O
in	O
November	B-DATE
,	O
it	O
said	O
.	O

The	O
new	O
unit	O
will	O
be	O
tasked	O
with	O
boosting	O
preparedness	O
and	O
responses	O
to	O
chemical	O
,	O
biological	O
and	O
radiological	O
threats	O
to	O
key	O
state	O
facilities	O
nationwide	O
,	O
it	O
said	O
.	O

Han	B-GIVEN_NAME
told	O
the	O
meeting	O
that	O
relevant	O
agencies	O
should	O
"	O
maintain	O
and	O
develop	O
a	O
thorough	O
anti	O
-	O
terrorism	O
and	O
rapid	O
response	O
system	O
,	O
"	O
the	O
statement	O
said	O
.	O
(	O
Yonhap	B-ORGANIZATION
)	O

