%	O
3	O
fidx	O
=	O
14304	O
&	O
PHPSESSID	O
=	O
70517884182	O
aa	O
0	O
d	O
94	O
ef	O
4	O
c	O
4556720	O
d	O
85	O
d	O

SINGAPORE	B-LOCATION
(	O
May	B-DATE
6	I-DATE
,	I-DATE
2021	I-DATE
)	O
â	O
While	O
the	O
pandemic	O
disrupted	O
lives	O
and	O
economies	O
around	O
the	O
world	O
,	O
Taiwan	B-LOCATION
remained	O
largely	O
unscathed	O
.	O
Thanks	O
to	O
booming	O
tech	O
exports	O
and	O
increased	O
domestic	O
demand	O
,	O
Taiwan	B-LOCATION
had	O
one	O
of	O
Asia	B-LOCATION
âs	O
top	O
-	O
performing	O
economies	O
,	O
growing	O
3	O
%	O
in	O
2020	B-DATE
.	O
The	O
benchmark	O
Taiex	B-BRANDS
index	O
rose	O
45	O
%	O
since	O
fortunes	O
were	O
last	O
measured	O
15	O
months	O
ago	O
,	O
lifting	O
the	O
collective	O
net	O
worth	O
of	O
Taiwan	B-LOCATION
âs	O
50	O
richest	O
by	O
a	O
third	O
to	O
US	B-LOCATION
$	B-MONEY
149	I-MONEY
billion	I-MONEY
.	O
Overall	O
,	O
36	O
listees	O
added	O
to	O
their	O
wealth	O
.	O
The	O
complete	O
2021	B-DATE
Forbes	B-BRANDS|B-ORGANIZATION
Taiwan	B-MISC|B-LOCATION
Rich	I-MISC
List	I-MISC
can	O
be	O
found	O
at	O
www	O
.	O
forbes	B-ORGANIZATION
.	O
com	O
/	O
taiwan	B-LOCATION
.	O

On	O
the	O
back	O
of	O
a	O
successful	O
IPO	O
in	O
April	B-DATE
,	O
Zhang	B-GIVEN_NAME
Congyuan	B-FAMILY_NAME
,	O
founder	O
of	O
shoe	O
manufacturer	O
Huali	B-ORGANIZATION
Industrial	I-ORGANIZATION
Group	I-ORGANIZATION
,	O
who	O
shares	O
the	O
fortune	O
with	O
his	O
family	O
,	O
made	O
an	O
impressive	O
debut	O
at	O
No	O
.	O
1	O
with	O
a	O
net	O
worth	O
of	O
$	B-MONEY
13.8	I-MONEY
billion	I-MONEY
.	O
Zhang	B-GIVEN_NAME
built	O
Huali	B-ORGANIZATION
into	O
a	O
key	O
supplier	O
for	O
global	O
brands	O
,	O
including	O
Nike	B-ORGANIZATION
,	O
Puma	B-ORGANIZATION
,	O
UGG	B-ORGANIZATION
and	O
Vans	B-ORGANIZATION
.	O

Brothers	O
Tsai	B-GIVEN_NAME
Hong	B-FAMILY_NAME
-	I-FAMILY_NAME
tu	I-FAMILY_NAME
and	O
Cheng	B-GIVEN_NAME
-	B-FAMILY_NAME
ta	I-FAMILY_NAME
of	O
Cathay	B-ORGANIZATION
Financial	I-ORGANIZATION
Holding	I-ORGANIZATION
retained	O
their	O
No	O
.	O
2	O
position	O
with	O
a	O
net	O
worth	O
of	O
$	B-MONEY
9.2	I-MONEY
billion	I-MONEY
.	O
Daniel	B-GIVEN_NAME
and	O
Richard	B-GIVEN_NAME
Tsai	B-FAMILY_NAME
of	O
Fubon	B-ORGANIZATION
Financial	I-ORGANIZATION
,	O
another	O
sibling	O
pair	O
,	O
moved	O
up	O
two	O
spots	O
to	O
the	O
third	O
place	O
with	O
$	B-MONEY
7.9	I-MONEY
billion	I-MONEY
.	O

Some	O
of	O
the	O
biggest	O
gainers	O
on	O
this	O
year	O
âs	O
list	O
are	O
tied	O
to	O
semiconductors	O
.	O
Tsai	B-GIVEN_NAME
Ming	B-FAMILY_NAME
-	I-FAMILY_NAME
kai	I-FAMILY_NAME
(	O
No	O
.	O
13	O
,	O
$	B-MONEY
3.3	I-MONEY
billion	I-MONEY
)	O
,	O
chairman	O
of	O
chipmaker	O
MediaTek	B-ORGANIZATION
and	O
the	O
company	O
âs	O
former	O
vice	O
chairman	O
,	O
Cho	B-GIVEN_NAME
Jyh	B-FAMILY_NAME
-	I-FAMILY_NAME
jer	I-FAMILY_NAME
(	O
No	O
.	O
35	O
,	O
$	B-MONEY
1.56	I-MONEY
billion	I-MONEY
)	O
both	O
saw	O
their	O
net	O
worth	O
rise	O
by	O
more	O
than	O
150	O
%	O
,	O
thanks	O
to	O
a	O
surge	O
in	O
global	O
demand	O
for	O
smartphone	O
chips	O
.	O
Brothers	O
Jason	B-GIVEN_NAME
and	O
Richard	B-GIVEN_NAME
Chang	B-FAMILY_NAME
(	O
No	O
.	O
5	O
,	O
$	B-MONEY
7.2	I-MONEY
billion	I-MONEY
)	O
of	O
ASE	B-ORGANIZATION
Technology	I-ORGANIZATION
,	O
a	O
provider	O
of	O
semiconductor	O
testing	O
and	O
packaging	O
services	O
,	O
were	O
the	O
biggest	O
dollar	B-MONEY
gainers	O
with	O
a	O
$	B-MONEY
2.6	I-MONEY
billion	I-MONEY
boost	O
that	O
propelled	O
their	O
net	O
worth	O
to	O
$	B-MONEY
7.2	I-MONEY
billion	I-MONEY
.	O

Morris	B-GIVEN_NAME
Chang	B-FAMILY_NAME
(	O
No	O
.	O
15	O
)	O
saw	O
his	O
wealth	O
jump	O
87	O
%	O
to	O
$	B-MONEY
2.8	I-MONEY
billion	I-MONEY
,	O
as	O
his	O
Taiwan	B-ORGANIZATION|B-LOCATION
Semiconductor	I-ORGANIZATION
Manufacturing	I-ORGANIZATION
Company	I-ORGANIZATION
,	O
Apple	B-ORGANIZATION
âs	O
main	O
chipmaker	O
,	O
benefited	O
from	O
the	O
much	O
-	O
anticipated	O
launch	O
of	O
iPhone	B-BRANDS
12	I-BRANDS
.	O
Bruce	B-GIVEN_NAME
Cheng	B-FAMILY_NAME
(	O
No	O
.	O
20	O
,	O
$	B-MONEY
2.42	I-MONEY
billion	I-MONEY
)	O
of	O
Delta	B-ORGANIZATION
Electronics	I-ORGANIZATION
more	O
than	O
doubled	O
his	O
net	O
worth	O
as	O
shares	O
in	O
his	O
company	O
,	O
a	O
maker	O
of	O
power	O
components	O
for	O
Tesla	B-ORGANIZATION
,	O
jumped	O
amid	O
the	O
booming	O
electric	O
vehicle	O
market	O
.	O

A	O
spurt	O
in	O
demand	O
from	O
makers	O
of	O
e	O
-	O
vehicles	O
was	O
a	O
boon	O
for	O
tycoons	O
with	O
interests	O
in	O
plastics	O
.	O
Siblings	O
Tseng	B-GIVEN_NAME
Cheng	B-FAMILY_NAME
and	O
Tseng	B-GIVEN_NAME
Sing	B-FAMILY_NAME
-	O
ai	O
of	O
petrochemicals	O
-	O
and	O
-	O
plastics	O
giant	O
Chang	B-ORGANIZATION
Chun	I-ORGANIZATION
group	I-ORGANIZATION
,	O
who	O
are	O
listed	O
jointly	O
for	O
the	O
first	O
time	O
,	O
came	O
in	O
at	O
No	O
.	O
17	O
with	O
a	O
combined	O
fortune	O
of	O
$	B-MONEY
2.65	I-MONEY
billion	I-MONEY
.	O
Quintin	B-GIVEN_NAME
Wu	B-FAMILY_NAME
of	O
USI	B-ORGANIZATION
and	O
Asia	B-ORGANIZATION|B-LOCATION
Polymer	I-ORGANIZATION
,	O
which	O
make	O
plastic	O
resins	O
,	O
debuted	O
at	O
No	O
.	O
47	O
with	O
$	B-MONEY
840	I-MONEY
million	I-MONEY
.	O

Among	O
the	O
nine	O
listees	O
whose	O
fortunes	O
declined	O
were	O
Tony	B-GIVEN_NAME
Chen	B-FAMILY_NAME
(	O
No	O
.	O
33	O
,	O
$	B-MONEY
1.6	I-MONEY
billion	I-MONEY
)	O
and	O
Scott	B-GIVEN_NAME
Lin	B-FAMILY_NAME
(	O
No	O
.	O
24	O
,	O
$	B-MONEY
2.05	I-MONEY
billion	I-MONEY
)	O
,	O
cofounders	O
of	O
Largan	B-ORGANIZATION
Precision	I-ORGANIZATION
,	O
who	O
took	O
a	O
hit	O
as	O
shares	O
in	O
their	O
lens	O
maker	O
tumbled	O
due	O
to	O
US	B-LOCATION
sanctions	O
against	O
Huawei	B-ORGANIZATION
Technologies	I-ORGANIZATION
,	O
a	O
major	O
customer	O
.	O
Wu	B-GIVEN_NAME
Li	B-FAMILY_NAME
-	I-FAMILY_NAME
gann	I-FAMILY_NAME
(	O
No	O
.	O
44	O
,	O
$	B-MONEY
1	I-MONEY
billion	I-MONEY
)	O
was	O
down	O
27	O
%	O
as	O
his	O
Shenzhen	B-LOCATION
-	O
listed	O
WUS	B-ORGANIZATION
Printed	I-ORGANIZATION
Circuit	I-ORGANIZATION
,	O
which	O
makes	O
electronic	O
car	O
components	O
,	O
suffered	O
amid	O
a	O
general	O
slump	O
in	O
the	O
auto	O
industry	O
.	O

Huang	B-GIVEN_NAME
Chung	B-FAMILY_NAME
Sheng	I-FAMILY_NAME
of	O
Yechiu	B-ORGANIZATION
Metal	I-ORGANIZATION
Recycling	I-ORGANIZATION
returned	O
to	O
the	O
list	O
at	O
No	O
.	O
49	O
with	O
$	B-MONEY
810	I-MONEY
million	I-MONEY
.	O
Three	O
dropped	O
off	O
the	O
list	O
altogether	O
:	O
Chen	B-GIVEN_NAME
Wu	B-FAMILY_NAME
-	I-FAMILY_NAME
kang	I-FAMILY_NAME
of	O
cosmetics	O
firm	O
Chlitina	B-ORGANIZATION
,	O
and	O
real	O
estate	O
magnates	O
Tsai	B-GIVEN_NAME
Tien	B-FAMILY_NAME
-	I-FAMILY_NAME
tsan	I-FAMILY_NAME
and	O
Lin	B-GIVEN_NAME
Chang	B-FAMILY_NAME
Su	I-FAMILY_NAME
-	I-FAMILY_NAME
O	I-FAMILY_NAME
.	O
The	O
minimum	O
amount	O
required	O
to	O
make	O
the	O
list	O
was	O
$	B-MONEY
740	I-MONEY
million	I-MONEY
,	O
up	O
from	O
$	B-MONEY
590	I-MONEY
million	I-MONEY
last	O
year	O
.	O

The	O
top	O
10	O
richest	O
in	O
Taiwan	B-LOCATION
are	O
:	O

1	O
)	O
Zhang	B-GIVEN_NAME
Congyuan	B-FAMILY_NAME
&	O
Family	O
;	O
US	B-LOCATION
$	B-MONEY
13.8	I-MONEY
billion	I-MONEY

2	O
)	O
Tsai	B-GIVEN_NAME
Hong	B-FAMILY_NAME
-	I-FAMILY_NAME
tu	I-FAMILY_NAME
&	O
Cheng	B-GIVEN_NAME
-	B-FAMILY_NAME
ta	I-FAMILY_NAME
;	O
$	B-MONEY
9.2	I-MONEY
billion	I-MONEY

3	O
)	O
Daniel	B-GIVEN_NAME
&	O
Richard	B-GIVEN_NAME
Tsai	B-FAMILY_NAME
;	O
$	B-MONEY
7.9	I-MONEY
billion	I-MONEY

4	O
)	O
Wei	B-GIVEN_NAME
Ing	B-FAMILY_NAME
-	I-FAMILY_NAME
chou	I-FAMILY_NAME
,	O
Ying	B-GIVEN_NAME
-	B-FAMILY_NAME
chiao	I-FAMILY_NAME
,	O
Yin	B-GIVEN_NAME
-	B-FAMILY_NAME
chun	I-FAMILY_NAME
&	O
Yin	B-GIVEN_NAME
-	B-FAMILY_NAME
heng	I-FAMILY_NAME
;	O
$	B-MONEY
7.8	I-MONEY
billion	I-MONEY

5	O
)	O
Jason	B-GIVEN_NAME
&	O
Richard	B-GIVEN_NAME
Chang	B-FAMILY_NAME
;	O
$	B-MONEY
7.2	I-MONEY
billion	I-MONEY

6	O
)	O
Terry	B-GIVEN_NAME
Gou	B-FAMILY_NAME
;	O
$	B-MONEY
7.1	I-MONEY
billion	I-MONEY

7	O
)	O
Tsai	B-GIVEN_NAME
Eng	B-FAMILY_NAME
-	I-FAMILY_NAME
meng	I-FAMILY_NAME
;	O
$	B-MONEY
6.1	I-MONEY
billion	I-MONEY

8	O
)	O
Barry	B-GIVEN_NAME
Lam	B-FAMILY_NAME
;	O
$	B-MONEY
5.8	I-MONEY
billion	I-MONEY

9	O
)	O
Pierre	B-GIVEN_NAME
Chen	B-FAMILY_NAME
;	O
$	B-MONEY
5	I-MONEY
billion	I-MONEY

10	O
)	O
Lin	B-GIVEN_NAME
Shu	B-FAMILY_NAME
-	I-FAMILY_NAME
hong	I-FAMILY_NAME
;	O
$	B-MONEY
4.8	I-MONEY
billion	I-MONEY

The	O
list	O
was	O
compiled	O
using	O
information	O
from	O
the	O
individuals	O
,	O
stock	O
exchanges	O
,	O
analysts	O
,	O
private	O
databases	O
,	O
official	O
agencies	O
and	O
other	O
sources	O
.	O
Net	O
worth	O
numbers	O
are	O
based	O
on	O
stock	O
prices	O
and	O
exchange	O
rates	O
as	O
of	O
the	O
close	O
of	O
markets	O
on	O
April	B-DATE
27	I-DATE
.	O
Private	O
companies	O
were	O
valued	O
by	O
using	O
financial	O
ratios	O
and	O
other	O
comparisons	O
with	O
similar	O
,	O
publicly	O
traded	O
companies	O
.	O
The	O
estimates	O
include	O
a	O
spouse	O
's	O
wealth	O
and	O
,	O
if	O
the	O
person	O
is	O
the	O
company	O
founder	O
,	O
the	O
wealth	O
of	O
sons	O
and	O
daughters	O
that	O
is	O
derived	O
from	O
that	O
company	O
.	O
The	O
list	O
can	O
have	O
those	O
who	O
are	O
included	O
due	O
primarily	O
to	O
extensive	O
business	O
and	O
residential	O
ties	O
to	O
Taiwan	B-LOCATION
.	O
In	O
cases	O
in	O
which	O
the	O
fortunes	O
of	O
family	O
members	O
are	O
based	O
on	O
the	O
same	O
company	O
,	O
they	O
are	O
combined	O
into	O
one	O
listing	O
,	O
as	O
long	O
as	O
each	O
of	O
them	O
has	O
enough	O
wealth	O
to	O
qualify	O
for	O
the	O
list	O
on	O
their	O
own	O
.	O

About	O
Forbes	B-ORGANIZATION

Forbes	B-ORGANIZATION
champions	O
success	O
by	O
celebrating	O
those	O
who	O
have	O
made	O
it	O
,	O
and	O
those	O
who	O
aspire	O
to	O
make	O
it	O
.	O
Forbes	B-ORGANIZATION
convenes	O
and	O
curates	O
the	O
most	O
-	O
influential	O
leaders	O
and	O
entrepreneurs	O
who	O
are	O
driving	O
change	O
,	O
transforming	O
business	O
and	O
making	O
a	O
significant	O
impact	O
on	O
the	O
world	O
.	O
The	O
Forbes	B-ORGANIZATION
brand	O
today	O
reaches	O
more	O
than	O
140	B-MONEY
million	I-MONEY
people	O
worldwide	O
every	O
month	O
through	O
its	O
trusted	O
journalism	O
,	O
signature	O
LIVE	B-ORGANIZATION
and	O
Forbes	B-ORGANIZATION
Virtual	O
events	O
,	O
custom	O
marketing	O
programs	O
and	O
32	O
licensed	O
local	O
editions	O
in	O
71	O
countries	O
.	O
Forbes	B-ORGANIZATION
Media	O
âs	O
brand	O
extensions	O
include	O
real	O
estate	O
,	O
education	O
and	O
financial	O
services	O
license	O
agreements	O
.	O
For	O
more	O
information	O
,	O
visit	O
the	O
Forbes	B-BRANDS|B-ORGANIZATION
News	I-BRANDS
Hub	I-BRANDS
or	O
Forbes	B-BRANDS|B-ORGANIZATION
Connect	I-BRANDS
.	O

