%	O
3	O
fidx	O
=	O
13602	O
&	O
PHPSESSID	O
=	O
70517884182	O
aa	O
0	O
d	O
94	O
ef	O
4	O
c	O
4556720	O
d	O
85	O
d	O

An	O
investment	O
seminar	O
on	O
India	B-LOCATION
's	O
Gujarat	B-LOCATION
will	O
be	O
held	O
at	O
JW	B-LOCATION
Marriott	I-LOCATION
Seoul	B-LOCATION
in	O
Banpo	B-LOCATION
-	I-LOCATION
dong	I-LOCATION
on	O
Sept	B-DATE
.	I-DATE
13	I-DATE
(	B-BRANDS
Thursday	B-DATE
)	I-DATE
,	I-DATE
2018	I-DATE
with	O
the	O
participation	O
of	O
the	O
Indian	B-AFFILIATION
business	O
delegation	O
headed	O
by	O
Mr.	O
Mukesh	B-GIVEN_NAME
Puri	B-FAMILY_NAME
,	O
principal	O
secretary	O
of	O
the	O
Indian	B-ORGANIZATION|B-AFFILIATION
State	I-ORGANIZATION
.	O

The	O
"	O
Seminar	O
on	O
Investment	O
Opportunities	O
in	O
Gujarat	B-LOCATION
,	I-LOCATION
India	I-LOCATION
"	O
will	O
begin	O
at	O
2	B-TIME
:	I-TIME
30	B-TIME
p.m.	I-TIME
on	O
the	O
day	O
.	O
The	O
newly	O
arrived	O
Indian	B-AFFILIATION
Ambassador	O
to	O
Korea	B-LOCATION
Sripriya	B-GIVEN_NAME
Ranganathan	B-FAMILY_NAME
will	O
make	O
a	O
special	O
speech	O
right	O
after	O
Mr.	O
Vasudev	B-GIVEN_NAME
Tumbe	B-FAMILY_NAME
,	O
chairman	O
of	O
the	O
Indian	B-ORGANIZATION|B-AFFILIATION
Chamber	I-ORGANIZATION
of	I-ORGANIZATION
Commerce	I-ORGANIZATION
in	O
Korea	B-LOCATION
(	O
ICCK	B-ORGANIZATION
)	O
delivers	O
a	O
welcome	O
address	O
.	O

The	O
overall	O
presentation	O
on	O
"	O
Destination	O
Gujarat	B-LOCATION
"	O
will	O
be	O
made	O
by	O
Puri	B-GIVEN_NAME
.	O
The	O
detailed	O
presentations	O
of	O
each	O
business	O
sector	O
will	O
also	O
be	O
made	O
by	O
other	O
members	O
of	O
the	O
Indian	B-AFFILIATION
business	O
delegation	O
.	O

The	O
Investment	O
seminar	O
will	O
be	O
hosted	O
jointly	O
by	O
the	O
Indian	B-ORGANIZATION|B-AFFILIATION
Chamber	I-ORGANIZATION
of	I-ORGANIZATION
Commerce	I-ORGANIZATION
in	I-ORGANIZATION
Korea	I-ORGANIZATION
(	O
ICCK	B-ORGANIZATION
)	O
,	O
Korea	B-ORGANIZATION|B-LOCATION
Trade	I-ORGANIZATION
-	I-ORGANIZATION
Investment	I-ORGANIZATION
Promotion	I-ORGANIZATION
Agency	I-ORGANIZATION
(	O
KOTRA	B-ORGANIZATION
)	O
,	O
the	O
government	O
of	O
Gujarat	B-LOCATION
,	O
and	O
Embassy	B-ORGANIZATION
of	I-ORGANIZATION
India	I-ORGANIZATION|B-LOCATION
in	O
Seoul	B-LOCATION
.	O

The	O
seminar	O
is	O
a	O
part	O
of	O
the	O
"	O
Vibrant	B-BRANDS
Gujarat	B-MISC
Roadshow	I-MISC
.	O
"	O
It	O
will	O
be	O
a	O
good	O
occasion	O
for	O
the	O
local	O
Korean	B-AFFILIATION
businesspeople	O
to	O
meet	O
with	O
high	O
-	O
level	O
government	O
officials	O
and	O
high	O
-	O
profile	O
business	O
executives	O
from	O
the	O
Indian	B-LOCATION|B-AFFILIATION
State	I-LOCATION
of	I-LOCATION
Gujarat	I-LOCATION|B-LOCATION
.	O

The	O
presentations	O
will	O
be	O
on	O
investment	O
and	O
business	O
opportunities	O
in	O
Gujarat	B-LOCATION
and	O
discussions	O
will	O
be	O
made	O
on	O
bilateral	O
trade	O
opportunities	O
.	O

Those	O
who	O
want	O
to	O
participate	O
in	O
the	O
seminar	O
need	O
to	O
register	O
their	O
name	O
by	O
leaving	O
their	O
Email	O
at	O
events@indochamkorea.org	O
no	O
later	O
than	O
Sept	B-DATE
.	I-DATE
10	I-DATE
(	I-DATE
Monday	I-DATE
)	I-DATE
,	I-DATE
2018	I-DATE
.	O

ICCK	B-ORGANIZATION
said	O
that	O
they	O
welcome	O
anybody	O
who	O
are	O
interested	O
in	O
investment	O
opportunity	O
forum	O
with	O
Gujarat	B-LOCATION
and	O
who	O
want	O
to	O
discuss	O
with	O
them	O
their	O
business	O
opportunities	O
.	O

About	O
Gujarat	B-LOCATION
State	I-LOCATION

Gujarat	B-LOCATION
is	O
the	O
7th	O
largest	O
province	O
of	O
India	B-LOCATION
located	O
in	O
the	O
western	O
part	O
of	O
the	O
country	O
.	O
It	O
is	O
widely	O
seen	O
as	O
one	O
of	O
the	O
most	O
industrialized	O
states	O
in	O
India	B-LOCATION
with	O
a	O
GDP	O
growth	O
rate	O
of	O
around	O
10	O
percent	O
over	O
last	O
few	O
years	O
.	O

Gujarat	B-LOCATION
âs	O
key	O
strengths	O
include	O
its	O
strategic	O
location	O
,	O
excellent	O
infrastructure	O
,	O
proactive	O
&	O
stable	O
governance	O
and	O
entrepreneurial	O
spirit	O
of	O
its	O
people	O
,	O
thus	O
making	O
it	O
a	O
perfect	O
ground	O
for	O
doing	O
business	O
in	O
India	B-LOCATION
.	O

Vibrant	B-BRANDS
Gujarat	B-MISC
,	O
a	O
highly	O
successful	O
biennial	O
global	O
investor	O
summit	O
organized	O
by	O
the	O
Government	B-ORGANIZATION
of	I-ORGANIZATION
Gujarat	I-ORGANIZATION|B-LOCATION
,	O
is	O
an	O
event	O
that	O
brings	O
together	O
global	O
thought	O
leaders	O
,	O
policy	O
makers	O
,	O
academia	O
and	O
industrialists	O
on	O
a	O
common	O
platform	O
to	O
brain	O
storm	O
on	O
issues	O
of	O
prominence	O
,	O
define	O
growth	O
agenda	O
,	O
and	O
promote	O
balanced	O
&	O
sustainable	O
growth	O
.	O

The	O
8th	B-BRANDS
Vibrant	B-MISC
Gujarat	I-MISC
Global	I-MISC
Summit	I-MISC
,	O
held	O
in	O
January	B-DATE
2017	I-DATE
,	O
witnessed	O
participation	O
from	O
25,000	O
+	O
delegates	O
from	O
100	O
+	O
countries	O
,	O
including	O
4	O
Heads	O
of	O
States	O
,	O
Nobel	O
Laureates	O
,	O
Captains	O
of	O
global	O
industry	O
and	O
Thought	O
Leaders	O
.	O

