His	O
Highness	O
the	O
Amir	O
of	O
Kuwait	B-LOCATION
Sheikh	O
Nawaf	B-GIVEN_NAME
Al	B-FAMILY_NAME
-	I-FAMILY_NAME
Ahmad	I-FAMILY_NAME
Al	I-FAMILY_NAME
-	I-FAMILY_NAME
Jaber	I-FAMILY_NAME
Al	I-FAMILY_NAME
-	I-FAMILY_NAME
Sabah	I-FAMILY_NAME
on	O
Monday	B-DATE
received	O
a	O
letter	O
of	O
thanks	O
from	O
the	O
newly	O
-	O
appointed	O
Prime	O
Minister	O
(	O
Rtd	O
.	O
)	O
General	O
Sheikh	O
Ahmad	B-GIVEN_NAME
Nawaf	B-FAMILY_NAME
Al	I-FAMILY_NAME
-	I-FAMILY_NAME
Ahmad	I-FAMILY_NAME
Al	I-FAMILY_NAME
-	I-FAMILY_NAME
Jaber	I-FAMILY_NAME
Al	I-FAMILY_NAME
-	I-FAMILY_NAME
Sabah	I-FAMILY_NAME
.	O

As	O
he	O
faces	O
the	O
task	O
of	O
naming	O
new	O
cabinet	O
members	O
,	O
the	O
Prime	O
Minister	O
said	O
he	O
was	O
â	O
honored	O
to	O
fill	O
the	O
job	O
.	O
â	O

He	O
thanked	O
His	O
Highness	O
the	O
Amir	O
for	O
his	O
â	O
trust	O
and	O
appreciation	O
,	O
â	O
pledging	O
to	O
do	O
his	O
utmost	O
to	O
serve	O
the	O
nation	O
and	O
â	O
retain	O
national	O
gains	O
.	O
â	O

He	O
wished	O
Kuwait	B-LOCATION
continued	O
prosperity	O
and	O
development	O
,	O
reiterating	O
that	O
he	O
was	O
honored	O
to	O
have	O
been	O
named	O
the	O
country	O
âs	O
new	O
prime	O
minister	O
.	O

His	O
Highness	O
the	O
Crown	O
Prince	O
receiving	O
His	O
Excellency	O
the	O
retired	O
Lieutenant	O
-	O
General	O
Sheikh	O
Ahmad	B-GIVEN_NAME
Nawaf	B-FAMILY_NAME
Al	I-FAMILY_NAME
-	I-FAMILY_NAME
Ahmad	I-FAMILY_NAME
Al	I-FAMILY_NAME
-	I-FAMILY_NAME
Sabah	I-FAMILY_NAME
.	O

His	O
Highness	O
the	O
Crown	O
Prince	O
of	O
Kuwait	B-LOCATION
Sheikh	O
Mishal	B-GIVEN_NAME
Al	B-FAMILY_NAME
-	I-FAMILY_NAME
Ahmad	I-FAMILY_NAME
Al	I-FAMILY_NAME
-	I-FAMILY_NAME
Jaber	I-FAMILY_NAME
Al	I-FAMILY_NAME
-	I-FAMILY_NAME
Sabah	I-FAMILY_NAME
on	O
Monday	B-DATE
received	O
a	O
letter	O
of	O
gratitude	O
from	O
the	O
newly	O
-	O
appointed	O
Prime	O
Minister	O
(	O
Rtd	O
.	O
)	O
General	O
Sheikh	O
Ahmad	B-GIVEN_NAME
Nawaf	B-FAMILY_NAME
Al	I-FAMILY_NAME
-	I-FAMILY_NAME
Ahmad	I-FAMILY_NAME
Al	I-FAMILY_NAME
-	I-FAMILY_NAME
Jaber	I-FAMILY_NAME
Al	I-FAMILY_NAME
-	I-FAMILY_NAME
Sabah	I-FAMILY_NAME
.	O

As	O
he	O
faces	O
the	O
task	O
of	O
naming	O
new	O
cabinet	O
members	O
,	O
the	O
Prime	O
Minister	O
said	O
he	O
was	O
â	O
honored	O
to	O
fill	O
the	O
job	O
,	O
â	O
underlining	O
his	O
committment	O
to	O
bring	O
national	O
aspirations	O
to	O
fruition	O
.	O

He	O
thanked	O
His	O
Highness	O
the	O
Crown	O
Prince	O
for	O
his	O
â	O
trust	O
and	O
appreciation	O
,	O
â	O
pledging	O
to	O
do	O
his	O
utmost	O
to	O
serve	O
the	O
nation	O
and	O
â	O
retain	O
national	O
gains	O
.	O
â	O

He	O
went	O
on	O
to	O
wish	O
Kuwait	B-LOCATION
continued	O
prosperity	O
and	O
development	O
,	O
reiterating	O
that	O
he	O
was	O
honored	O
to	O
have	O
been	O
named	O
the	O
country	O
âs	O
new	O
prime	O
minister	O
.	O

His	O
Highness	O
the	O
Amir	O
of	O
Kuwait	B-LOCATION
Sheikh	O
Nawaf	B-GIVEN_NAME
Al	B-FAMILY_NAME
-	I-FAMILY_NAME
Ahmad	I-FAMILY_NAME
Al	I-FAMILY_NAME
-	I-FAMILY_NAME
Jaber	I-FAMILY_NAME
Al	I-FAMILY_NAME
-	I-FAMILY_NAME
Sabah	I-FAMILY_NAME
on	O
Monday	B-DATE
sent	O
a	O
letter	O
of	O
thanks	O
to	O
outgoing	O
prime	O
minister	O
His	O
Highness	O
Sabah	B-GIVEN_NAME
Al	B-FAMILY_NAME
-	I-FAMILY_NAME
Khaled	I-FAMILY_NAME
Al	I-FAMILY_NAME
-	I-FAMILY_NAME
Hamad	I-FAMILY_NAME
Al	I-FAMILY_NAME
-	I-FAMILY_NAME
Sabah	I-FAMILY_NAME
.	O

In	O
the	O
message	O
,	O
His	O
Highness	O
the	O
Amir	O
spoke	O
highly	O
of	O
His	O
Highness	O
Sabah	B-GIVEN_NAME
Al	B-FAMILY_NAME
-	I-FAMILY_NAME
Khaled	I-FAMILY_NAME
âs	O
dedication	O
in	O
serving	O
â	O
the	O
dear	O
homeland	O
â	O
and	O
promoting	O
its	O
â	O
development	O
march	O
â	O
during	O
his	O
tenure	O
.	O

â	O
We	O
hold	O
you	O
in	O
high	O
esteem	O
for	O
delivering	O
on	O
your	O
responsibilities	O
at	O
your	O
best	O
,	O
which	O
will	O
remain	O
in	O
the	O
memory	O
of	O
the	O
homeland	O
,	O
â	O
His	O
Highness	O
the	O
Amir	O
wrote	O
.	O

He	O
expressed	O
best	O
wishes	O
for	O
His	O
Highness	O
Sabah	B-GIVEN_NAME
Al	B-FAMILY_NAME
-	I-FAMILY_NAME
Khaled	I-FAMILY_NAME
,	O
hoping	O
that	O
he	O
will	O
continue	O
contributing	O
to	O
the	O
progress	O
and	O
prosperity	O
of	O
the	O
homeland	O
.	O

Former	O
First	O
Deputy	O
Prime	O
Minister	O
and	O
Interior	O
Minister	O
,	O
retired	O
army	O
general	O
Sheikh	O
Ahmad	B-GIVEN_NAME
Nawaf	B-FAMILY_NAME
Al	I-FAMILY_NAME
-	I-FAMILY_NAME
Ahmad	I-FAMILY_NAME
Al	I-FAMILY_NAME
-	I-FAMILY_NAME
Sabah	I-FAMILY_NAME
was	O
named	O
Kuwait	B-LOCATION
âs	O
new	O
prime	O
minister	O
in	O
an	O
Amiri	O
order	O
on	O
Sunday	B-DATE
.	O

Born	O
in	O
1956	B-DATE
,	O
Sheikh	O
Ahmad	B-GIVEN_NAME
is	O
the	O
son	O
of	O
His	O
Highness	O
the	O
Amir	O
Sheikh	O
Nawaf	B-GIVEN_NAME
Al	B-FAMILY_NAME
-	I-FAMILY_NAME
Ahmad	I-FAMILY_NAME
Al	I-FAMILY_NAME
-	I-FAMILY_NAME
Jaber	I-FAMILY_NAME
Al	I-FAMILY_NAME
-	I-FAMILY_NAME
Sabah	I-FAMILY_NAME
.	O

A	O
Bachelor	O
degree	O
of	O
Commerce	O
Kuwait	B-ORGANIZATION|B-LOCATION
University	I-ORGANIZATION
graduate	O
,	O
he	O
was	O
later	O
drafted	O
in	O
military	O
service	O
,	O
arriving	O
at	O
the	O
rank	O
of	O
general	O
before	O
retirement	O
from	O
the	O
army	O
.	O

He	O
had	O
assumed	O
the	O
role	O
of	O
first	O
deputy	O
prime	O
minister	O
and	O
interior	O
minister	O
since	O
March	B-DATE
2022	I-DATE
.	O

Stints	O

This	O
was	O
preceded	O
by	O
several	O
stints	O
,	O
also	O
at	O
the	O
Ministry	B-ORGANIZATION
of	I-ORGANIZATION
Interior	I-ORGANIZATION
alongside	O
the	O
National	B-ORGANIZATION
Guard	I-ORGANIZATION
.	O

At	O
the	O
Ministry	B-ORGANIZATION
of	I-ORGANIZATION
Interior	I-ORGANIZATION
,	O
he	O
has	O
served	O
as	O
Assistant	O
Undersecretary	O
for	O
Nationality	O
and	O
Passports	O
Affairs	O
followed	O
by	O
the	O
role	O
of	O
Assistant	O
Undersecretary	O
for	O
Education	O
and	O
Training	O
Affairs	O
.	O

His	O
retirement	O
from	O
the	O
ministry	O
thereafter	O
was	O
followed	O
by	O
his	O
appointment	O
as	O
Governor	O
of	O
the	O
Hawalli	B-LOCATION
Governorate	I-LOCATION
.	O

In	O
November	B-DATE
2020	I-DATE
,	O
an	O
Amiri	O
order	O
was	O
given	O
,	O
appointing	O
Sheikh	O
Ahmad	B-GIVEN_NAME
to	O
the	O
role	O
of	O
Deputy	O
Chief	O
of	O
the	O
National	B-ORGANIZATION
Guard	I-ORGANIZATION
at	O
the	O
minister	O
rank	O
.	O

His	O
Highness	O
the	O
Crown	O
Prince	O
Sheikh	B-GIVEN_NAME
Mishal	B-FAMILY_NAME
Al	I-FAMILY_NAME
-	I-FAMILY_NAME
Ahmad	I-FAMILY_NAME
Al	I-FAMILY_NAME
-	I-FAMILY_NAME
Jaber	I-FAMILY_NAME
Al	I-FAMILY_NAME
-	I-FAMILY_NAME
Sabah	I-FAMILY_NAME
received	O
at	O
Bayan	B-LOCATION
Palace	I-LOCATION
on	O
Monday	B-DATE
His	O
Highness	O
Sheikh	O
Sabah	B-GIVEN_NAME
Khaled	B-FAMILY_NAME
Al	I-FAMILY_NAME
-	I-FAMILY_NAME
Hamad	I-FAMILY_NAME
Al	I-FAMILY_NAME
-	I-FAMILY_NAME
Sabah	I-FAMILY_NAME
.	O

His	O
Highness	O
the	O
Crown	O
Prince	O
also	O
received	O
Prime	O
Minister	O
retired	O
General	O
Sheikh	O
Ahmad	B-GIVEN_NAME
Nawaf	B-FAMILY_NAME
Al	I-FAMILY_NAME
-	I-FAMILY_NAME
Ahmad	I-FAMILY_NAME
Al	I-FAMILY_NAME
-	I-FAMILY_NAME
Sabah	I-FAMILY_NAME
,	O
and	O
Deputy	O
Prime	O
Minister	O
and	O
Minister	O
of	O
Defense	O
Sheikh	O
Talal	B-GIVEN_NAME
Khaled	B-FAMILY_NAME
Al	I-FAMILY_NAME
-	I-FAMILY_NAME
Ahmad	I-FAMILY_NAME
Al	I-FAMILY_NAME
-	I-FAMILY_NAME
Sabah	I-FAMILY_NAME
.	O

National	B-ORGANIZATION
Assembly	I-ORGANIZATION
Speaker	O
Marzouq	B-GIVEN_NAME
Al	B-FAMILY_NAME
-	I-FAMILY_NAME
Ghanim	I-FAMILY_NAME
and	O
all	O
members	O
of	O
the	O
Assembly	B-ORGANIZATION
have	O
expressed	O
satisfaction	O
over	O
the	O
Amiri	O
decision	O
to	O
appoint	O
His	O
Highness	O
Sheikh	O
Ahmad	B-GIVEN_NAME
Nawaf	B-FAMILY_NAME
Al	I-FAMILY_NAME
-	I-FAMILY_NAME
Ahmad	I-FAMILY_NAME
Al	I-FAMILY_NAME
-	I-FAMILY_NAME
Jaber	I-FAMILY_NAME
Al	I-FAMILY_NAME
-	I-FAMILY_NAME
Sabah	I-FAMILY_NAME
as	O
the	O
new	O
prime	O
minister	O
and	O
assigned	O
him	O
to	O
form	O
the	O
new	O
government	O
.	O

Al	B-GIVEN_NAME
-	B-FAMILY_NAME
Ghanim	I-FAMILY_NAME
congratulated	O
the	O
newlyappointed	O
premier	O
for	O
gaining	O
the	O
trust	O
of	O
HH	O
the	O
Amir	O
Sheikh	O
Nawaf	B-GIVEN_NAME
Al	B-FAMILY_NAME
-	I-FAMILY_NAME
Ahmad	I-FAMILY_NAME
Al	I-FAMILY_NAME
-	I-FAMILY_NAME
Jaber	I-FAMILY_NAME
Al	I-FAMILY_NAME
-	I-FAMILY_NAME
Sabah	I-FAMILY_NAME
,	O
wishing	O
him	O
the	O
best	O
in	O
his	O
new	O
endeavor	O
and	O
imploring	O
Allah	O
Almighty	O
to	O
support	O
him	O
in	O
bearing	O
this	O
national	O
responsibility	O
.	O

Manipulated	O

MP	O
Shuaib	B-GIVEN_NAME
Al	B-FAMILY_NAME
-	I-FAMILY_NAME
Muwaizri	I-FAMILY_NAME
pointed	O
out	O
the	O
appointment	O
of	O
Sheikh	O
Ahmad	B-GIVEN_NAME
Nawaf	B-FAMILY_NAME
as	O
prime	O
minister	O
in	O
this	O
period	O
comes	O
with	O
the	O
need	O
to	O
clean	O
the	O
country	O
from	O
the	O
corrupt	O
who	O
damaged	O
national	O
unity	O
,	O
education	O
and	O
health	O
;	O
manipulated	O
resources	O
of	O
the	O
State	O
;	O
and	O
put	O
the	O
country	O
in	O
the	O
lowest	O
ranks	O
in	O
all	O
fields	O
.	O

He	O
said	O
this	O
task	O
requires	O
prompt	O
and	O
remarkable	O
action	O
,	O
starting	O
with	O
the	O
improvement	O
of	O
relations	O
between	O
the	O
legislative	O
and	O
executive	O
authorities	O
as	O
a	O
prelude	O
to	O
strengthening	O
ties	O
between	O
the	O
three	O
authorities	O
â	O
legislative	O
,	O
executive	O
and	O
judiciary	O
â	O
as	O
per	O
the	O
Constitution	O
.	O

MP	O
Abdulkareem	B-GIVEN_NAME
Al	B-FAMILY_NAME
-	I-FAMILY_NAME
Kandari	I-FAMILY_NAME
prayed	O
that	O
Allah	O
Almighty	O
will	O
help	O
the	O
new	O
prime	O
minister	O
in	O
combating	O
corruption	O
which	O
has	O
spread	O
in	O
most	O
public	O
institutions	O
.	O

He	O
urged	O
the	O
entire	O
Al	B-GIVEN_NAME
-	B-FAMILY_NAME
Sabah	I-FAMILY_NAME
Family	O
to	O
work	O
in	O
the	O
interest	O
of	O
citizens	O
,	O
and	O
to	O
protect	O
their	O
freedom	O
and	O
wealth	O
.	O

MP	O
Thamer	B-GIVEN_NAME
Al	B-FAMILY_NAME
-	I-FAMILY_NAME
Suwait	I-FAMILY_NAME
believes	O
the	O
appointment	O
of	O
HH	O
the	O
Prime	O
Minister	O
Sheikh	O
Ahmad	B-GIVEN_NAME
Nawaf	B-FAMILY_NAME
is	O
a	O
positive	O
step	O
that	O
will	O
end	O
the	O
era	O
of	O
allocating	O
the	O
citizens	O
â	O
fortune	O
for	O
the	O
corrupt	O
.	O

He	O
affirmed	O
full	O
support	O
for	O
efforts	O
to	O
remove	O
the	O
traces	O
of	O
the	O
heavy	O
burden	O
that	O
the	O
corrupt	O
put	O
on	O
the	O
citizens	O
â	O
shoulders	O
.	O

MP	O
Muhammad	B-GIVEN_NAME
Al	B-FAMILY_NAME
-	I-FAMILY_NAME
Hewaila	I-FAMILY_NAME
asked	O
Sheikh	O
Ahmad	B-GIVEN_NAME
Nawaf	B-FAMILY_NAME
to	O
take	O
the	O
opportunity	O
to	O
start	O
at	O
the	O
point	O
of	O
optimism	O
in	O
launching	O
the	O
national	O
comprehensive	O
reform	O
project	O
.	O

MP	O
Fayez	B-GIVEN_NAME
Al	B-FAMILY_NAME
-	I-FAMILY_NAME
Jomhour	I-FAMILY_NAME
said	O
the	O
unprecedented	O
support	O
of	O
the	O
people	O
for	O
Sheikh	O
Ahmad	B-GIVEN_NAME
Nawaf	B-FAMILY_NAME
is	O
a	O
chance	O
for	O
him	O
to	O
promptly	O
take	O
decisions	O
in	O
line	O
with	O
the	O
wishes	O
and	O
ambitions	O
of	O
citizens	O
.	O

MP	O
Mehalhal	B-GIVEN_NAME
Al	B-FAMILY_NAME
-	I-FAMILY_NAME
Mudaf	I-FAMILY_NAME
asserted	O
the	O
new	O
premier	O
plays	O
a	O
big	O
role	O
in	O
implementing	O
comprehensive	O
political	O
and	O
economic	O
reforms	O
,	O
protecting	O
public	O
funds	O
and	O
punishing	O
the	O
corrupt	O
regardless	O
of	O
their	O
status	O
.	O

He	O
added	O
the	O
new	O
era	O
should	O
be	O
titled	O
,	O
â	O
Serious	O
and	O
hard	O
work	O
and	O
speedy	O
accomplishment	O
.	O
â	O

MP	O
Hamad	B-GIVEN_NAME
Al	B-FAMILY_NAME
-	I-FAMILY_NAME
Matar	I-FAMILY_NAME
stressed	O
the	O
need	O
to	O
put	O
Kuwait	B-LOCATION
in	O
higher	O
ranks	O
in	O
all	O
fields	O
,	O
indicating	O
he	O
fully	O
supports	O
any	O
measure	O
which	O
serves	O
the	O
interest	O
of	O
the	O
country	O
and	O
its	O
people	O
.	O

He	O
went	O
on	O
to	O
say	O
that	O
whoever	O
falls	O
short	O
is	O
not	O
protected	O
.	O

MP	O
Osama	B-GIVEN_NAME
Al	B-FAMILY_NAME
-	I-FAMILY_NAME
Shaheen	I-FAMILY_NAME
pointed	O
out	O
that	O
Sheikh	O
Ahmad	B-GIVEN_NAME
Nawaf	B-FAMILY_NAME
took	O
pro	O
-	O
reform	O
decisions	O
while	O
he	O
was	O
in	O
charge	O
of	O
Interior	B-ORGANIZATION
Ministry	I-ORGANIZATION
;	O
so	O
he	O
expects	O
the	O
latter	O
to	O
take	O
similar	O
decisions	O
during	O
his	O
tenure	O
as	O
prime	O
minister	O
.	O

MP	O
Marzouq	B-GIVEN_NAME
Al	B-FAMILY_NAME
-	I-FAMILY_NAME
Khalifa	I-FAMILY_NAME
said	O
the	O
trust	O
of	O
His	O
Highness	O
the	O
Amir	O
and	O
His	O
Highness	O
the	O
Crown	O
Prince	O
Sheikh	O
Meshal	B-GIVEN_NAME
Al	B-FAMILY_NAME
-	I-FAMILY_NAME
Ahmad	I-FAMILY_NAME
Al	I-FAMILY_NAME
-	I-FAMILY_NAME
Jaber	I-FAMILY_NAME
Al	I-FAMILY_NAME
-	I-FAMILY_NAME
Sabah	I-FAMILY_NAME
and	O
the	O
unprecedented	O
support	O
of	O
citizens	O
for	O
Sheikh	O
Ahmad	B-GIVEN_NAME
Nawaf	B-FAMILY_NAME
mean	O
he	O
must	O
quickly	O
act	O
to	O
address	O
urgent	O
and	O
pending	O
issues	O
like	O
the	O
homecoming	O
of	O
all	O
displaced	O
citizens	O
and	O
questioning	O
those	O
involved	O
in	O
corruption	O
.	O

MP	O
Mubarak	B-GIVEN_NAME
Al	B-FAMILY_NAME
-	I-FAMILY_NAME
Hajraf	I-FAMILY_NAME
urged	O
Sheikh	O
Ahmad	B-GIVEN_NAME
Nawaf	B-FAMILY_NAME
to	O
execute	O
the	O
Amiri	O
decision	O
regarding	O
amnesty	O
,	O
and	O
launch	O
a	O
new	O
course	O
for	O
combating	O
corruption	O
and	O
implementing	O
reforms	O
.	O

MP	O
Soud	B-GIVEN_NAME
Bu	B-FAMILY_NAME
Sleeb	I-FAMILY_NAME
said	O
Sheikh	O
Ahmad	B-GIVEN_NAME
Nawaf	B-FAMILY_NAME
should	O
not	O
repeat	O
the	O
mistakes	O
of	O
previous	O
governments	O
and	O
adopt	O
a	O
new	O
course	O
aimed	O
at	O
realizing	O
a	O
clear	O
vision	O
to	O
build	O
a	O
brighter	O
future	O
for	O
Kuwait	B-LOCATION
.	O

MP	O
Abdullah	B-GIVEN_NAME
Al	B-FAMILY_NAME
-	I-FAMILY_NAME
Mudaf	I-FAMILY_NAME
pointed	O
out	O
that	O
public	O
support	O
is	O
a	O
must	O
and	O
preserving	O
it	O
is	O
the	O
key	O
to	O
political	O
success	O
.	O

MP	O
Fares	B-GIVEN_NAME
Al	B-FAMILY_NAME
-	I-FAMILY_NAME
Otaibi	I-FAMILY_NAME
hopes	O
the	O
Amiri	O
decision	O
to	O
appoint	O
Sheikh	O
Ahmad	B-GIVEN_NAME
Nawaf	B-FAMILY_NAME
as	O
prime	O
minister	O
will	O
end	O
the	O
era	O
of	O
disputes	O
and	O
start	O
a	O
new	O
reformative	O
course	O
.	O

By	O
Saeed	B-GIVEN_NAME
Mahmoud	B-FAMILY_NAME
Saleh	I-FAMILY_NAME
Arab	B-ORGANIZATION
Times	I-ORGANIZATION
Staff	O
and	O
Agencies	O

