KUWAIT	B-LOCATION
CITY	I-LOCATION
,	O
July	B-DATE
24	I-DATE
:	O
Kuwaiti	B-AFFILIATION
racer	O
Abdullah	B-GIVEN_NAME
Al	B-FAMILY_NAME
-	I-FAMILY_NAME
Fadhel	I-FAMILY_NAME
clinched	O
the	O
third	O
place	O
in	O
the	O
2022	B-DATE
European	B-AFFILIATION|B-AFFILIATION
Jetski	B-MISC
Championship	I-MISC
âs	O
Pro	O
-	O
AM	O
Runabout	O
Stock	O
race	O
,	O
which	O
concluded	O
in	O
Poland	B-LOCATION
Sunday	B-DATE
.	O

In	O
statements	O
to	O
KUNA	B-ORGANIZATION
,	O
via	O
phone	O
,	O
Al	B-GIVEN_NAME
-	B-FAMILY_NAME
Fadhel	I-FAMILY_NAME
expressed	O
pleasure	O
for	O
raising	O
Kuwait	B-LOCATION
âs	O
flag	O
high	O
at	O
this	O
international	O
event	O
,	O
where	O
180	O
renowned	O
international	O
racers	O
competed	O
.	O

He	O
regretted	O
that	O
a	O
technical	O
problem	O
in	O
his	O
boat	O
in	O
the	O
fourth	O
round	O
of	O
the	O
race	O
had	O
deprived	O
him	O
from	O
occupying	O
the	O
second	O
place	O
.	O

(	O
KUNA	B-ORGANIZATION
)	O

