IT	O
seems	O
that	O
the	O
fall	O
in	O
the	O
Arab	B-AFFILIATION
world	O
is	O
completing	O
its	O
course	O
,	O
but	O
the	O
authorities	O
in	O
all	O
its	O
corners	O
are	O
not	O
concerned	O
about	O
the	O
fate	O
of	O
their	O
people	O
.	O

They	O
forget	O
that	O
their	O
people	O
âs	O
fate	O
is	O
also	O
the	O
fate	O
of	O
the	O
decision	O
-	O
makers	O
who	O
made	O
a	O
mistake	O
from	O
the	O
start	O
by	O
putting	O
a	O
wrong	O
man	O
in	O
the	O
highest	O
position	O
,	O
and	O
told	O
people	O
to	O
follow	O
him	O
.	O

Hence	O
,	O
more	O
than	O
430	O
million	O
people	O
fell	O
into	O
the	O
trap	O
of	O
ruin	O
and	O
backwardness	O
.	O

Ignorance	O
prevailed	O
after	O
education	O
turned	O
into	O
a	O
commodity	O
,	O
and	O
research	O
centers	O
specialized	O
in	O
decoding	O
spells	O
,	O
finding	O
lost	O
things	O
,	O
and	O
restoring	O
lost	O
love	O
,	O
while	O
weapons	O
overflow	O
in	O
armories	O
,	O
medicines	O
become	O
scarce	O
,	O
and	O
capitals	O
migrate	O
abroad	O
,	O
and	O
yet	O
the	O
fire	O
of	O
disputes	O
asks	O
for	O
more	O
.	O

The	O
current	O
Arab	B-AFFILIATION
reality	O
reminded	O
me	O
of	O
the	O
story	O
of	O
the	O
shepherd	O
,	O
who	O
wanted	O
to	O
make	O
amends	O
with	O
his	O
livestock	O
as	O
he	O
felt	O
his	O
death	O
approaching	O
.	O

He	O
stood	O
in	O
front	O
of	O
his	O
sheep	O
and	O
asked	O
them	O
to	O
forgive	O
him	O
.	O

He	O
said	O
,	O
â	O
I	O
used	O
to	O
milk	O
you	O
,	O
cut	O
your	O
wool	O
,	O
and	O
sell	O
you	O
for	O
slaughter	O
â	O
.	O

The	O
big	O
ram	O
replied	O
,	O
â	O
Do	O
nât	O
worry	O
about	O
it	O
.	O

We	O
were	O
created	O
for	O
this	O
purpose	O
â	O
.	O

The	O
shepherd	O
then	O
went	O
to	O
the	O
camels	O
and	O
asked	O
them	O
to	O
forgive	O
him	O
,	O
saying	O
,	O
â	O
I	O
tired	O
you	O
a	O
lot	O
in	O
the	O
desert	O
,	O
and	O
I	O
used	O
to	O
carry	O
weights	O
on	O
you	O
and	O
ride	O
your	O
backs	O
.	O

And	O
whoever	O
among	O
you	O
grows	O
or	O
becomes	O
weak	O
,	O
I	O
sell	O
him	O
or	O
eat	O
his	O
flesh	O
â	O
.	O

The	O
big	O
camel	O
replied	O
,	O
â	O
Do	O
nât	O
worry	O
.	O
This	O
is	O
our	O
duty	O
for	O
which	O
we	O
were	O
created	O
,	O
but	O
we	O
do	O
not	O
forgive	O
you	O
for	O
one	O
thing	O
only	O
â	O
.	O

The	O
shepherd	O
asked	O
,	O
â	O
What	O
is	O
it	O
?	O
â	O
and	O
the	O
camel	O
replied	O
,	O
â	O
You	O
always	O
put	O
the	O
donkey	O
in	O
the	O
front	O
of	O
the	O
caravan	O
,	O
and	O
this	O
annoys	O
us	O
a	O
lot	O
and	O
reduces	O
our	O
prestige	O
â	O
.	O

The	O
camel	O
âs	O
answer	O
prompted	O
me	O
to	O
recall	O
what	O
Abdul	B-GIVEN_NAME
Rahman	B-FAMILY_NAME
bin	I-FAMILY_NAME
Khaldun	I-FAMILY_NAME
wrote	O
around	O
690	B-DURATION
years	I-DURATION
ago	O
about	O
the	O
collapse	O
of	O
states	O
,	O
as	O
if	O
he	O
was	O
reading	O
from	O
the	O
future	O
of	O
the	O
Arabs	B-AFFILIATION
,	O
a	O
future	O
that	O
we	O
have	O
reached	O
today	O
.	O

Ibn	B-GIVEN_NAME
Khaldoun	B-FAMILY_NAME
wrote	O
in	O
his	O
famous	O
â	O
Prolegomena	B-BRANDS
â	O
(	O
Muqaddimah	B-BRANDS
)	O
at	O
the	O
time	O
,	O
â	O
When	O
nations	O
fall	O
,	O
many	O
astrologers	O
,	O
beggars	O
,	O
hypocrites	O
,	O
pretenders	O
,	O
scribes	O
,	O
cacophony	O
singers	O
and	O
average	O
poets	O
appear	O
,	O
as	O
well	O
as	O
agitators	O
,	O
mouthpieces	O
,	O
palm	O
readers	O
,	O
horoscopes	O
,	O
revelers	O
,	O
politicians	O
,	O
meddlers	O
,	O
satirists	O
and	O
opportunities	O
too	O
.	O

Terror	O
reigns	O
under	O
such	O
conditions	O
,	O
people	O
seek	O
refuge	O
in	O
sects	O
,	O
rumors	O
prevail	O
,	O
friends	O
turn	O
into	O
enemies	O
,	O
and	O
enemies	O
into	O
friends	O
,	O
false	O
becomes	O
true	O
,	O
true	O
voices	O
fade	O
,	O
suspicious	O
faces	O
appear	O
on	O
the	O
surface	O
,	O
and	O
sociable	O
faces	O
disappear	O
,	O
dreams	O
become	O
scarce	O
,	O
hope	O
dies	O
,	O
the	O
sane	O
grows	O
more	O
alienated	O
,	O
and	O
facial	O
features	O
are	O
lost	O
.	O

People	O
become	O
more	O
attached	O
to	O
their	O
tribes	O
and	O
to	O
homelands	O
such	O
that	O
it	O
will	O
be	O
a	O
form	O
of	O
delirium	O
.	O
The	O
voice	O
of	O
the	O
sages	O
is	O
lost	O
in	O
the	O
noise	O
of	O
preachers	O
and	O
the	O
outbidding	O
of	O
the	O
concepts	O
of	O
nationalism	O
,	O
patriotism	O
,	O
belief	O
and	O
the	O
fundamentals	O
of	O
religion	O
.	O

People	O
of	O
the	O
same	O
household	O
accuse	O
each	O
other	O
of	O
betrayal	O
.	O
Rumors	O
of	O
a	O
great	O
escape	O
,	O
intrigue	O
and	O
conspiracies	O
become	O
common	O
with	O
advice	O
coming	O
from	O
all	O
ends	O
.	O
Outsiders	O
are	O
planning	O
everything	O
for	O
the	O
locals	O
.	O
And	O
worst	O
of	O
all	O
,	O
the	O
homeland	O
becomes	O
a	O
transit	O
station	O
that	O
everyone	O
is	O
ready	O
to	O
leave	O
â	O
.	O

This	O
fact	O
is	O
present	O
today	O
in	O
the	O
majority	O
of	O
Arab	B-AFFILIATION
countries	O
,	O
where	O
authorities	O
suffer	O
from	O
hesitation	O
in	O
decision	O
-	O
making	O
and	O
fear	O
of	O
every	O
outcry	O
.	O
These	O
authorities	O
have	O
turned	O
concerns	O
into	O
fears	O
,	O
and	O
are	O
far	O
from	O
certainty	O
because	O
they	O
originally	O
lost	O
the	O
ability	O
to	O
distinguish	O
between	O
right	O
and	O
wrong	O
â	O
.	O

Therefore	O
,	O
it	O
is	O
not	O
surprising	O
that	O
Lebanon	B-LOCATION
,	O
Libya	B-LOCATION
,	O
Iraq	B-LOCATION
and	O
Tunisia	B-LOCATION
collapsed	O
,	O
and	O
that	O
these	O
countries	O
are	O
close	O
to	O
melting	O
.	O
Because	O
the	O
collapse	O
is	O
like	O
a	O
virus	O
,	O
the	O
infection	O
spreads	O
between	O
countries	O
.	O
Hence	O
,	O
it	O
is	O
a	O
possibility	O
that	O
the	O
current	O
silent	O
crises	O
in	O
a	O
number	O
of	O
countries	O
will	O
turn	O
into	O
explosive	O
minefields	O
.	O

They	O
did	O
not	O
seek	O
to	O
build	O
a	O
state	O
,	O
enhance	O
the	O
capabilities	O
of	O
a	O
society	O
,	O
or	O
even	O
create	O
a	O
comprehensive	O
national	O
identity	O
through	O
which	O
it	O
eliminates	O
sectarianism	O
,	O
tribalism	O
,	O
and	O
regionalism	O
.	O
It	O
also	O
did	O
not	O
work	O
to	O
strengthen	O
its	O
capabilities	O
by	O
relying	O
on	O
its	O
own	O
strengths	O
,	O
instead	O
of	O
waiting	O
for	O
miracles	O
of	O
times	O
gone	O
by	O
.	O

In	O
this	O
regard	O
,	O
what	O
one	O
of	O
the	O
wise	O
men	O
of	O
the	O
Umayyad	B-ORGANIZATION|B-AFFILIATION
Dynasty	I-ORGANIZATION
said	O
about	O
the	O
reasons	O
for	O
the	O
demise	O
of	O
their	O
state	O
may	O
be	O
correct	O
.	O
He	O
said	O
,	O
â	O
We	O
gave	O
great	O
matters	O
to	O
the	O
small	O
people	O
,	O
and	O
small	O
matters	O
we	O
gave	O
to	O
the	O
great	O
.	O
We	O
kept	O
friends	O
away	O
and	O
brought	O
our	O
enemies	O
closer	O
to	O
avoid	O
their	O
enmity	O
.	O
Then	O
friends	O
turned	O
into	O
enemies	O
,	O
but	O
the	O
enemies	O
did	O
not	O
turn	O
into	O
friends	O
,	O
so	O
we	O
put	O
between	O
extravagance	O
and	O
negligence	O
.	O
â	O

This	O
outcome	O
can	O
only	O
be	O
reached	O
by	O
those	O
who	O
have	O
hypocritical	O
advisors	O
,	O
who	O
issue	O
fatwas	O
that	O
are	O
not	O
in	O
the	O
interest	O
of	O
the	O
state	O
,	O
but	O
tickles	O
the	O
feelings	O
of	O
the	O
official	O
and	O
makes	O
him	O
flaunt	O
with	O
false	O
pride	O
while	O
emptiness	O
eats	O
up	O
the	O
state	O
.	O

Therefore	O
,	O
if	O
there	O
is	O
an	O
exit	O
for	O
the	O
Arabs	B-AFFILIATION
from	O
their	O
miserable	O
reality	O
,	O
the	O
first	O
thing	O
is	O
to	O
put	O
the	O
appropriate	O
official	O
in	O
the	O
right	O
place	O
.	O
A	O
nation	O
,	O
for	O
centuries	O
,	O
used	O
to	O
plot	O
against	O
itself	O
to	O
distance	O
friends	O
and	O
bring	O
the	O
enemies	O
closer	O
.	O
There	O
is	O
no	O
doubt	O
that	O
it	O
will	O
remain	O
this	O
way	O
until	O
the	O
time	O
comes	O
when	O
consciences	O
awaken	O
,	O
and	O
selfishness	O
dies	O
.	O

By	O
Ahmed	B-GIVEN_NAME
Al	B-FAMILY_NAME
-	I-FAMILY_NAME
Jarallah	I-FAMILY_NAME

