KUWAIT	B-LOCATION
CITY	I-LOCATION
,	O
July	B-DATE
24	I-DATE
:	O
The	O
Ministry	B-ORGANIZATION
of	I-ORGANIZATION
Education	I-ORGANIZATION
is	O
ready	O
to	O
turn	O
the	O
page	O
of	O
the	O
scholastic	O
year	O
2021-2022	B-DATE
,	O
with	O
the	O
end	O
of	O
the	O
second	O
round	O
exams	O
and	O
the	O
announcement	O
of	O
the	O
results	O
late	O
this	O
week	O
,	O
terminating	O
all	O
measures	O
that	O
were	O
taken	O
as	O
a	O
result	O
of	O
the	O
new	O
corona	O
pandemic	O
,	O
said	O
the	O
next	O
school	O
year	O
,	O
will	O
be	O
a	O
real	O
challenge	O
for	O
it	O
,	O
in	O
light	O
of	O
the	O
comprehensive	O
program	O
for	O
students	O
after	O
three	B-DURATION
years	I-DURATION
of	O
different	O
systems	O
adopted	O
by	O
the	O
ministry	O
in	O
light	O
of	O
the	O
state	O
âs	O
measures	O
to	O
combat	O
and	O
confront	O
the	O
virus	O
,	O
reports	O
Al	B-ORGANIZATION
-	I-ORGANIZATION
Rai	I-ORGANIZATION
daily	O
.	O

With	O
the	O
decision	O
of	O
the	O
comprehensive	O
return	O
to	O
school	O
decided	O
,	O
and	O
the	O
desire	O
of	O
the	O
Ministry	B-ORGANIZATION
of	I-ORGANIZATION
Education	I-ORGANIZATION
to	O
intensify	O
its	O
efforts	O
to	O
prepare	O
early	O
for	O
the	O
summer	O
vacation	O
,	O
in	O
order	O
to	O
avoid	O
all	O
the	O
problems	O
that	O
prompted	O
it	O
to	O
postpone	O
the	O
return	O
,	O
the	O
educational	O
facilities	O
sector	O
has	O
begun	O
all	O
preparations	O
by	O
organizing	O
work	O
and	O
air	O
conditioning	O
units	O
in	O
all	O
schools	O
for	O
four	O
months	O
of	O
maintenance	O
.	O

An	O
engineering	O
source	O
told	O
the	O
daily	O
maintenance	O
work	O
began	O
last	O
November	B-DATE
,	O
stressing	O
that	O
â	O
the	O
air	O
-	O
conditioning	O
system	O
needs	O
a	O
complete	O
replacement	O
in	O
old	O
schools	O
whose	O
age	O
has	O
exceeded	O
15	B-DURATION
years	I-DURATION
,	O
and	O
it	O
amounts	O
to	O
about	O
60	O
percent	O
of	O
schools	O
,	O
especially	O
in	O
Al	B-LOCATION
-	I-LOCATION
Firdous	I-LOCATION
areas	O
,	O
old	O
Farwaniya	B-LOCATION
,	O
Andalusia	B-LOCATION
,	O
Sulaibikhat	B-LOCATION
,	O
Doha	B-LOCATION
and	O
most	O
of	O
the	O
old	O
areas	O
in	O
Kuwait	B-LOCATION
.	O

The	O
source	O
stressed	O
that	O
carrying	O
out	O
maintenance	O
of	O
these	O
units	O
is	O
useless	O
and	O
said	O
replacing	O
these	O
machines	O
is	O
much	O
better	O
and	O
more	O
economical	O
than	O
maintaining	O
them	O
,	O
because	O
all	O
maintenance	O
work	O
for	O
them	O
is	O
considered	O
temporary	O
patchwork	O
solutions	O
to	O
no	O
avail	O
.	O

He	O
said	O
that	O
â	O
during	O
the	O
past	O
two	O
months	O
,	O
the	O
finishing	O
work	O
was	O
carried	O
out	O
in	O
most	O
of	O
the	O
air	O
-	O
conditioning	O
units	O
,	O
and	O
what	O
is	O
necessary	O
was	O
done	O
in	O
terms	O
of	O
maintenance	O
making	O
sure	O
that	O
the	O
units	O
are	O
clean	O
and	O
how	O
much	O
they	O
need	O
gas	O
and	O
whether	O
they	O
work	O
well	O
or	O
not	O
.	O
â	O

He	O
stressed	O
that	O
â	O
thousands	O
of	O
units	O
have	O
been	O
filled	O
with	O
gas	O
,	O
and	O
the	O
presence	O
of	O
leakage	O
in	O
many	O
of	O
them	O
is	O
normal	O
.	O
â	O

He	O
stated	O
that	O
the	O
air	O
-	O
conditioning	O
contract	O
is	O
in	O
effect	O
in	O
all	O
educational	O
areas	O
,	O
but	O
here	O
comes	O
the	O
role	O
of	O
the	O
engineer	O
supervising	O
the	O
company	O
âs	O
work	O
.	O
We	O
go	O
around	O
the	O
schools	O
one	O
after	O
the	O
other	O
,	O
to	O
make	O
sure	O
that	O
the	O
necessary	O
action	O
is	O
taken	O
then	O
we	O
write	O
our	O
reports	O
to	O
the	O
facilities	O
sector	O
.	O

There	O
are	O
no	O
problems	O
in	O
schools	O
whose	O
construction	O
age	O
ranges	O
between	O
10	O
to	O
15	B-DURATION
years	I-DURATION
,	O
as	O
the	O
condition	O
of	O
the	O
air	O
conditioning	O
is	O
usually	O
very	O
good	O
,	O
and	O
some	O
of	O
them	O
may	O
need	O
to	O
replace	O
parts	O
and	O
others	O
compressors	O
and	O
then	O
we	O
operate	O
them	O
to	O
ensure	O
according	O
to	O
a	O
gradual	O
plan	O
.	O
â	O
Meanwhile	O
,	O
the	O
air	O
-	O
conditioning	O
maintenance	O
contracts	O
in	O
all	O
educational	O
areas	O
will	O
expire	O
by	O
May	B-DATE
2023	I-DATE
,	O
while	O
Assistant	O
Undersecretary	O
for	O
Financial	O
Affairs	O
Youssef	B-GIVEN_NAME
Al	B-FAMILY_NAME
-	I-FAMILY_NAME
Najjar	I-FAMILY_NAME
told	O
Al	B-ORGANIZATION
-	I-ORGANIZATION
Rai	I-ORGANIZATION
that	O
there	O
is	O
a	O
circular	O
notifying	O
the	O
financial	O
sector	O
regarding	O
any	O
contract	O
that	O
will	O
expire	O
,	O
in	O
order	O
to	O
complete	O
the	O
extension	O
procedures	O
before	O
the	O
expiry	O
date	O
.	O
In	O
other	O
news	O
,	O
the	O
Ministry	B-ORGANIZATION
of	I-ORGANIZATION
Education	I-ORGANIZATION
confirmed	O
about	O
1,200	O
job	O
positions	O
have	O
been	O
filled	O
with	O
non	O
-	O
Kuwaiti	B-AFFILIATION
teachers	O
in	O
the	O
required	O
academic	O
disciplines	O
for	O
the	O
next	O
academic	O
year	O
2022-2023	B-DATE
,	O
as	O
it	O
opened	O
the	O
door	O
for	O
local	O
contracting	O
since	O
last	O
month	O
,	O
while	O
the	O
required	O
numbers	O
will	O
be	O
met	O
through	O
the	O
external	O
contracting	O
committees	O
which	O
visited	O
Jordan	B-LOCATION
and	O
Palestine	B-LOCATION
.	O

