Qatar	B-LOCATION
has	O
won	O
the	O
presidency	O
of	O
the	O
Executive	B-ORGANIZATION
Committee	I-ORGANIZATION
of	I-ORGANIZATION
the	I-ORGANIZATION
International	I-ORGANIZATION
Union	I-ORGANIZATION
for	I-ORGANIZATION
the	I-ORGANIZATION
Protection	I-ORGANIZATION
of	I-ORGANIZATION
Literary	I-ORGANIZATION
and	I-ORGANIZATION
Artistic	I-ORGANIZATION
Works	I-ORGANIZATION
(	O
Berne	B-ORGANIZATION
Union	I-ORGANIZATION
)	O
for	O
two	B-DURATION
years	I-DURATION
,	O
with	O
Ahmed	B-GIVEN_NAME
al	B-FAMILY_NAME
-	I-FAMILY_NAME
Sulaiti	I-FAMILY_NAME
,	O
acting	O
director	O
of	O
Qatar	B-LOCATION
's	O
Office	B-ORGANIZATION
to	I-ORGANIZATION
the	I-ORGANIZATION
World	I-ORGANIZATION
Trade	I-ORGANIZATION
Organisation	I-ORGANIZATION
,	O
elected	O
as	O
the	O
chairman	O
.	O

Representatives	O
from	O
the	O
US	B-LOCATION
and	O
Finland	B-LOCATION
were	O
elected	O
as	O
chairman	O
deputies	O
.	O

This	O
came	O
during	O
the	O
63rd	O
Series	O
of	O
Meetings	O
of	O
the	O
Assemblies	O
of	O
the	O
Member	O
States	O
of	O
the	O
World	B-ORGANIZATION
Intellectual	I-ORGANIZATION
Property	I-ORGANIZATION
Organisation	I-ORGANIZATION
(	O
WIPO	B-ORGANIZATION
)	O
that	O
were	O
convened	O
from	O
July	B-DATE
14	I-DATE
to	I-DATE
24	I-DATE
.	O

The	O
Berne	B-ORGANIZATION
Union	I-ORGANIZATION
belongs	O
to	O
WIPO	B-ORGANIZATION
.	O

Qatar	B-LOCATION
's	O
presidency	O
of	O
the	O
Berne	B-ORGANIZATION
Union	I-ORGANIZATION
emanates	O
from	O
the	O
great	O
attention	O
Qatar	B-LOCATION
pays	O
to	O
the	O
intellectual	O
property	O
issues	O
,	O
as	O
the	O
members	O
of	O
the	O
Union	O
placed	O
their	O
trust	O
in	O
Qatar	B-LOCATION
in	O
recognition	O
of	O
the	O
progress	O
it	O
has	O
achieved	O
in	O
this	O
strategic	O
field	O
.	O

The	O
Executive	O
Committee	O
,	O
in	O
tandem	O
with	O
the	O
Assembly	B-ORGANIZATION
of	O
the	O
Berne	B-ORGANIZATION
Union	I-ORGANIZATION
,	O
oversees	O
the	O
implementation	O
of	O
the	O
Berne	B-BRANDS
Convention	B-MISC
for	I-MISC
the	I-MISC
Protection	I-MISC
of	I-MISC
Literary	I-MISC
and	I-MISC
Artistic	I-MISC
Works	I-MISC
of	I-MISC
1886	I-MISC|B-BRANDS
,	O
which	O
handles	O
the	O
protection	O
of	O
works	O
and	O
the	O
rights	O
of	O
authors	O
,	O
and	O
provides	O
creators	O
with	O
the	O
means	O
to	O
control	O
their	O
works	O
under	O
all	O
circumstances	O
.	O

WIPO	B-ORGANIZATION
is	O
one	O
of	O
the	O
oldest	O
specialised	O
agencies	O
in	O
the	O
UN	B-ORGANIZATION
system	O
,	O
and	O
one	O
of	O
the	O
largest	O
international	O
organisations	O
in	O
Geneva	B-LOCATION
.	O

It	O
is	O
considered	O
the	O
global	O
forum	O
for	O
services	O
,	O
public	O
policy	O
and	O
co	O
-	O
operation	O
in	O
the	O
field	O
of	O
intellectual	O
property	O
.	O

It	O
has	O
193	O
members	O
,	O
and	O
works	O
mainly	O
on	O
developing	O
an	O
international	O
system	O
,	O
in	O
addition	O
to	O
balanced	O
and	O
efficient	O
IP	O
,	O
encouraging	O
innovation	O
and	O
creativity	O
for	O
the	O
benefit	O
of	O
all	O
.	O

(	O
QNA	B-ORGANIZATION
)	O

