The	O
Doha	B-ORGANIZATION|B-LOCATION
Fire	I-ORGANIZATION
Station	I-ORGANIZATION
has	O
announced	O
that	O
its	O
annual	O
Youth	B-BRANDS
Summer	B-MISC
Programme	I-MISC
for	O
young	O
artists	O
in	O
Qatar	B-LOCATION
will	O
take	O
place	O
from	O
July	B-DATE
31	I-DATE
to	I-DATE
September	I-DATE
1	I-DATE
.	O

The	O
initiative	O
aims	O
to	O
explore	O
new	O
mediums	O
and	O
work	O
under	O
mentorship	O
of	O
four	O
multidisciplinary	O
artists	O
:	O
Hazim	B-GIVEN_NAME
al	B-FAMILY_NAME
-	I-FAMILY_NAME
Hussain	I-FAMILY_NAME
,	O
Noof	B-GIVEN_NAME
al	B-FAMILY_NAME
-	I-FAMILY_NAME
Theyab	I-FAMILY_NAME
,	O
Noora	B-GIVEN_NAME
al	B-FAMILY_NAME
-	I-FAMILY_NAME
Saie	I-FAMILY_NAME
,	O
and	O
Paula	B-GIVEN_NAME
Bouffard	B-FAMILY_NAME
who	O
each	O
will	O
conduct	O
their	O
own	O
personal	O
workshops	O
for	O
the	O
public	O
.	O

Events	O
are	O
scheduled	O
weekly	O
and	O
will	O
take	O
place	O
five	O
times	O
a	O
week	O
.	O

In	O
a	O
press	O
statement	O
,	O
Doha	B-ORGANIZATION|B-LOCATION
Fire	I-ORGANIZATION
Station	I-ORGANIZATION
director	O
Khalifa	B-GIVEN_NAME
al	B-FAMILY_NAME
-	I-FAMILY_NAME
Obaidly	I-FAMILY_NAME
said	O
:	O
â	O
It	O
's	O
not	O
the	O
first	O
year	O
when	O
Fire	O
Station	O
runs	O
a	O
special	O
programme	O
to	O
support	O
young	O
artists	O
.	O

We	O
see	O
this	O
as	O
an	O
important	O
mission	O
of	O
our	O
institution	O
that	O
helps	O
to	O
support	O
the	O
young	O
generations	O
of	O
creators	O
.	O

â	O
This	O
year	O
was	O
no	O
exception	O
â	O
during	O
their	O
master	O
classes	O
4	O
artists	O
will	O
present	O
their	O
unique	O
artistic	O
approaches	O
,	O
show	O
various	O
techniques	O
and	O
help	O
participants	O
to	O
unleash	O
their	O
creative	O
potential	O
.	O
â	O

The	O
workshops	O
-	O
Al	B-GIVEN_NAME
-	B-FAMILY_NAME
Hussain	I-FAMILY_NAME
:	O
Acrylic	B-BRANDS
Painting	B-MISC
Techniques	I-MISC
(	O
July	B-DATE
31	I-DATE
to	I-DATE
August	I-DATE
4	I-DATE
)	O
-	O

In	O
the	O
first	O
week	O
of	O
the	O
programme	O
,	O
participants	O
will	O
investigate	O
different	O
painting	O
methods	O
and	O
techniques	O
using	O
acrylic	O
paint	O
.	O

The	O
participants	O
will	O
study	O
colour	O
,	O
perspective	O
,	O
harmony	O
,	O
and	O
contrast	O
to	O
produce	O
an	O
integrated	O
painting	O
.	O

Al	B-GIVEN_NAME
-	B-FAMILY_NAME
Theyab	I-FAMILY_NAME
:	O
Resin	O
Art	O
(	O
August	B-DATE
7	I-DATE
to	I-DATE
11	I-DATE
)	O
-	O

In	O
the	O
second	O
week	O
of	O
the	O
programme	O
,	O
participants	O
will	O
learn	O
how	O
to	O
use	O
resin	O
and	O
experiment	O
with	O
different	O
moulds	O
and	O
materials	O
to	O
create	O
their	O
own	O
personal	O
artwork	O
.	O

Al	B-GIVEN_NAME
-	B-FAMILY_NAME
Saie	I-FAMILY_NAME
:	O
Hey	O
,	O
it	O
is	O
Moving	O
(	O
August	B-DATE
21	I-DATE
to	I-DATE
25	I-DATE
)	O
-	O

In	O
the	O
third	O
week	O
of	O
the	O
programme	O
,	O
people	O
will	O
explore	O
the	O
different	O
types	O
of	O
animations	O
and	O
guide	O
to	O
move	O
random	O
favourite	O
daily	O
objects	O
and	O
bring	O
them	O
to	O
life	O
.	O

Bouffard	B-GIVEN_NAME
:	O
Fabric	O
Patterning	O
&	O
Design	O
(	O
August	B-DATE
28	I-DATE
to	I-DATE
September	I-DATE
1	I-DATE
)	O
-	O
During	O
the	O
final	O
week	O
of	O
the	O
programme	O
,	O
guests	O
will	O
learn	O
how	O
to	O
print	O
on	O
fabric	O
using	O
different	O
techniques	O
and	O
explore	O
several	O
surface	O
design	O
basics	O
,	O
carve	O
printing	O
blocks	O
,	O
and	O
experiment	O
with	O
simple	O
shapes	O
and	O
colours	O
.	O

The	O
registration	O
for	O
the	O
programme	O
will	O
be	O
available	O
through	O
the	O
Fire	O
Station	O
calendar	O
-	O
https://firestation.org.qa/en/calendar-	O
one	O
week	O
prior	O
to	O
the	O
workhop	O
.	O

