MES	B-ORGANIZATION
Indian	I-ORGANIZATION|B-AFFILIATION
School	I-ORGANIZATION
produced	O
outstanding	O
results	O
in	O
the	O
Grade	B-BRANDS
XII	B-MISC
CBSE	I-MISC
Examination	I-MISC
2021-22	B-BRANDS
.	O
A	O
total	O
of	O
510	O
students	O
registered	O
for	O
the	O
examination	O
.	O

In	O
the	O
Science	O
stream	O
,	O
Aman	B-GIVEN_NAME
Russell	B-FAMILY_NAME
and	O
Lavanya	B-GIVEN_NAME
Kodappully	B-FAMILY_NAME
Baiju	I-FAMILY_NAME
emerged	O
as	O
the	O
school	O
toppers	O
with	O
96.6	O
%	O
followed	O
by	O
Bavisha	B-GIVEN_NAME
Rajesh	B-FAMILY_NAME
with	O
95.8	O
%	O
in	O
the	O
second	O
position	O
and	O
Wasil	B-GIVEN_NAME
Iftekhar	B-FAMILY_NAME
and	O
Bhavna	B-GIVEN_NAME
Biju	B-FAMILY_NAME
Chacko	I-FAMILY_NAME
in	O
the	O
third	O
position	O
with	O
94.8	O
%	O
.	O

In	O
the	O
Commerce	O
stream	O
,	O
Niya	B-GIVEN_NAME
Ann	B-FAMILY_NAME
Raji	I-FAMILY_NAME
secured	O
first	O
position	O
with	O
97.2	O
%	O
followed	O
by	O
Melissa	B-GIVEN_NAME
Maria	B-FAMILY_NAME
Pious	I-FAMILY_NAME
in	O
the	O
second	O
position	O
with	O
95.2	O
%	O
and	O
Jeswin	B-GIVEN_NAME
Binu	B-FAMILY_NAME
Chacko	I-FAMILY_NAME
with	O
94.6	O
%	O
in	O
the	O
third	O
position	O
.	O

In	O
the	O
Humanities	O
stream	O
,	O
Akhil	B-GIVEN_NAME
Anvar	B-FAMILY_NAME
topped	O
the	O
school	O
with	O
92	O
%	O
marks	O
.	O
Noor	B-GIVEN_NAME
Rizwan	B-FAMILY_NAME
secured	O
the	O
second	O
position	O
with	O
91.8	O
%	O
and	O
Mohamed	B-GIVEN_NAME
Zayan	B-FAMILY_NAME
Kesavath	I-FAMILY_NAME
Parambil	I-FAMILY_NAME
secured	O
third	O
position	O
with	O
85.8	O
%	O
.	O

The	O
following	O
students	O
secured	O
A	O
1	O
in	O
all	O
subjects	O
:	O
Allen	B-GIVEN_NAME
Varughese	B-FAMILY_NAME
John	I-FAMILY_NAME
,	O
Aman	B-GIVEN_NAME
Russell	B-FAMILY_NAME
,	O
Mohamed	B-GIVEN_NAME
Bilal	B-FAMILY_NAME
,	O
Wasil	B-GIVEN_NAME
Iftekhar	B-FAMILY_NAME
,	O
Bavisha	B-GIVEN_NAME
Rajesh	B-FAMILY_NAME
,	O
Fathima	B-GIVEN_NAME
Fida	B-FAMILY_NAME
Palayangal	I-FAMILY_NAME
,	O
Lavanya	B-GIVEN_NAME
Kodappully	B-FAMILY_NAME
Baiju	I-FAMILY_NAME
,	O
Roopali	B-GIVEN_NAME
Badiger	B-FAMILY_NAME
,	O
Melissa	B-GIVEN_NAME
Maria	B-FAMILY_NAME
Pious	I-FAMILY_NAME
and	O
Niya	B-GIVEN_NAME
Ann	B-FAMILY_NAME
Raji	I-FAMILY_NAME
.	O

The	O
following	O
students	O
are	O
the	O
top	O
scorers	O
in	O
different	O
subjects	O
:	O
English	B-AFFILIATION
-	O
Farhath	B-GIVEN_NAME
Mohyiddin	B-FAMILY_NAME
Abdulla	I-FAMILY_NAME
,	O
Nahla	B-GIVEN_NAME
Shameer	B-FAMILY_NAME
,	O
Sidra	B-GIVEN_NAME
Amina	B-FAMILY_NAME
.	O
Mathematics	O
-	O
Lavanya	B-GIVEN_NAME
Kodappully	B-FAMILY_NAME
Baiju	I-FAMILY_NAME
.	O
Physics	O
-	O
Aman	B-GIVEN_NAME
Russell	B-FAMILY_NAME
,	O
Mohamed	B-GIVEN_NAME
Bilal	B-FAMILY_NAME
,	O
Fathima	B-GIVEN_NAME
Fida	B-FAMILY_NAME
Palayangal	I-FAMILY_NAME
,	O
Bavisha	B-GIVEN_NAME
Rajesh	B-FAMILY_NAME
,	O
Mohamed	B-GIVEN_NAME
Hamd	B-FAMILY_NAME
Ashfaque	I-FAMILY_NAME
,	O
Gowri	B-GIVEN_NAME
Siva	B-FAMILY_NAME
S	I-FAMILY_NAME
.	O
Biology	O
-	O
Bavisha	B-GIVEN_NAME
Rajesh	B-FAMILY_NAME
,	O
Lavanya	B-GIVEN_NAME
Kodappully	B-FAMILY_NAME
Baiju	I-FAMILY_NAME
,	O
Gowri	B-GIVEN_NAME
Siva	B-FAMILY_NAME
S	I-FAMILY_NAME
,	O
Ann	B-GIVEN_NAME
Mary	B-FAMILY_NAME
James	I-FAMILY_NAME
,	O
Nandana	B-GIVEN_NAME
Othayoth	B-FAMILY_NAME
,	O
Afiya	B-GIVEN_NAME
Jahubar	B-FAMILY_NAME
Ali	I-FAMILY_NAME
.	O

Chemistry	O
-	O
Bavisha	B-GIVEN_NAME
Rajesh	B-FAMILY_NAME
,	O
Lavanya	B-GIVEN_NAME
Kodappully	B-FAMILY_NAME
Baiju	I-FAMILY_NAME
,	O
Wasil	B-GIVEN_NAME
Iftekhar	B-FAMILY_NAME
.	O
Computer	O
Science	O
-	O
Nahla	B-GIVEN_NAME
Shameer	B-FAMILY_NAME
,	O
Mohamed	B-GIVEN_NAME
Hamd	B-FAMILY_NAME
Ashfaque	I-FAMILY_NAME
.	O
Informatics	O
Practices	O
-	O
Affrin	B-GIVEN_NAME
Ashiba	B-FAMILY_NAME
,	O
Mohamed	B-GIVEN_NAME
Samrood	B-FAMILY_NAME
Siraj	I-FAMILY_NAME
.	O
Engineering	O
Graphics	O
-	O
Nada	B-GIVEN_NAME
Fathima	B-FAMILY_NAME
.	O
Business	O
Studies	O
-	O
Arachumveetil	B-GIVEN_NAME
Sumayya	B-FAMILY_NAME
.	O
Accountancy	O
,	O
Economics	O
-	O
Jeswin	B-GIVEN_NAME
Binu	B-FAMILY_NAME
Chacko	I-FAMILY_NAME
.	O
Economics	O
-	O
Jeswin	B-GIVEN_NAME
Binu	B-FAMILY_NAME
Chacko	I-FAMILY_NAME
,	O
Niya	B-GIVEN_NAME
Ann	B-FAMILY_NAME
Raji	I-FAMILY_NAME
.	O
History	O
-	O
Noor	B-GIVEN_NAME
Rizwan	B-FAMILY_NAME
,	O
Mohamed	B-GIVEN_NAME
Zayan	B-FAMILY_NAME
Kesavath	I-FAMILY_NAME
Parambil	I-FAMILY_NAME
.	O
Physical	O
Education	O
-	O
Divine	B-GIVEN_NAME
Hannah	B-FAMILY_NAME
Thomas	I-FAMILY_NAME
,	O
Alina	B-GIVEN_NAME
Grace	B-FAMILY_NAME
Unnikrishnan	I-FAMILY_NAME
.	O
Home	O
Science	O
-	O
Amatun	B-GIVEN_NAME
Noor	B-FAMILY_NAME
,	O
Divya	B-GIVEN_NAME
Jayakumar	B-FAMILY_NAME
,	O
Mabel	B-GIVEN_NAME
Elizabeth	B-FAMILY_NAME
Philip	I-FAMILY_NAME
.	O

Principal	O
Hameeda	B-GIVEN_NAME
Kadar	B-FAMILY_NAME
congratulated	O
the	O
students	O
for	O
their	O
remarkable	O
achievements	O
and	O
thanked	O
Ministry	B-ORGANIZATION
of	I-ORGANIZATION
Education	I-ORGANIZATION
and	I-ORGANIZATION
Higher	I-ORGANIZATION
Education	I-ORGANIZATION
,	O
Ministry	B-ORGANIZATION
of	I-ORGANIZATION
Public	I-ORGANIZATION
Health	I-ORGANIZATION
,	O
Embassy	B-ORGANIZATION
of	I-ORGANIZATION
India	I-ORGANIZATION|B-LOCATION
and	O
the	O
school	O
management	O
for	O
their	O
timely	O
support	O
and	O
guidance	O
during	O
the	O
pandemic	O

