KUWAIT	B-LOCATION
:	O
His	O
Highness	O
the	O
Amir	O
Sheikh	O
Nawaf	B-GIVEN_NAME
Al	B-FAMILY_NAME
-	I-FAMILY_NAME
Ahmad	I-FAMILY_NAME
Al	I-FAMILY_NAME
-	I-FAMILY_NAME
Sabah	I-FAMILY_NAME
said	O
yesterday	O
he	O
has	O
decided	O
to	O
dissolve	O
the	O
National	B-ORGANIZATION
Assembly	I-ORGANIZATION
and	O
call	O
for	O
fresh	O
polls	O
to	O
end	O
the	O
ongoing	O
political	O
disputes	O
between	O
the	O
government	O
and	O
MPs	O
that	O
threatened	O
national	O
unity	O
.	O

This	O
was	O
one	O
of	O
the	O
opposition	O
âs	O
major	O
demands	O
.	O

In	O
a	O
hard	O
-	O
hitting	O
speech	O
delivered	O
on	O
his	O
behalf	O
by	O
His	O
Highness	O
the	O
Crown	O
Prince	O
Sheikh	O
Mishal	B-GIVEN_NAME
Al	B-FAMILY_NAME
-	I-FAMILY_NAME
Ahmad	I-FAMILY_NAME
Al	I-FAMILY_NAME
-	I-FAMILY_NAME
Sabah	I-FAMILY_NAME
,	O
His	O
Highness	O
the	O
Amir	O
said	O
a	O
decree	O
will	O
be	O
issued	O
â	O
within	O
months	O
â	O
to	O
officially	O
dissolve	O
the	O
assembly	O
and	O
call	O
for	O
snap	O
polls	O
after	O
taking	O
the	O
necessary	O
legal	O
procedures	O
.	O

â	O
We	O
have	O
decided	O
the	O
way	O
out	O
of	O
the	O
current	O
political	O
scene	O
(	O
deadlock	O
)	O
,	O
with	O
all	O
non	O
-	O
agreement	O
,	O
non	O
-	O
cooperation	O
,	O
differences	O
and	O
disputes	O
â¦	O
.	O
Is	O
to	O
dissolve	O
the	O
national	O
assembly	O
and	O
call	O
for	O
fresh	O
general	O
polls	O
,	O
â	O
the	O
speech	O
said	O
.	O

He	O
added	O
that	O
the	O
decision	O
to	O
go	O
back	O
to	O
the	O
people	O
will	O
allow	O
them	O
to	O
rectify	O
the	O
political	O
scene	O
marred	O
by	O
disputes	O
and	O
differences	O
.	O
This	O
will	O
be	O
the	O
ninth	O
time	O
in	O
Kuwait	B-LOCATION
âs	O
60	B-DURATION
years	I-DURATION
of	O
parliamentary	O
democracy	O
that	O
the	O
national	O
assembly	O
is	O
either	O
dissolved	O
or	O
suspended	O
due	O
to	O
political	O
disputes	O
.	O

About	O
20	O
opposition	O
MPs	O
who	O
had	O
been	O
on	O
a	O
strike	O
in	O
the	O
National	B-ORGANIZATION
Assembly	I-ORGANIZATION
building	O
for	O
the	O
past	O
week	O
,	O
celebrated	O
the	O
announcement	O
as	O
they	O
listened	O
carefully	O
to	O
the	O
speech	O
on	O
national	O
television	O
,	O
they	O
prepared	O
to	O
end	O
the	O
strike	O
which	O
they	O
staged	O
to	O
press	O
for	O
the	O
protection	O
of	O
the	O
constitution	O
.	O

Speaker	O
Marzouq	B-GIVEN_NAME
Al	B-FAMILY_NAME
-	I-FAMILY_NAME
Ghanem	I-FAMILY_NAME
welcomed	O
the	O
announcement	O
and	O
called	O
on	O
the	O
people	O
to	O
rally	O
around	O
the	O
political	O
leadership	O
.	O
The	O
opposition	O
-	O
dominated	O
assembly	O
,	O
elected	O
on	O
December	B-DATE
5	I-DATE
,	I-DATE
2020	I-DATE
,	O
remained	O
divided	O
and	O
saw	O
a	O
large	O
number	O
of	O
grillings	O
to	O
the	O
prime	O
minister	O
and	O
ministers	O
which	O
forced	O
the	O
premier	O
to	O
resign	O
.	O

The	O
political	O
crisis	O
intensified	O
in	O
March	B-DATE
after	O
opposition	O
lawmakers	O
filed	O
a	O
non	O
-	O
cooperation	O
motion	O
against	O
the	O
prime	O
minister	O
following	O
a	O
grilling	O
which	O
forced	O
the	O
premier	O
to	O
resign	O
in	O
early	O
April	B-DATE
after	O
26	O
MPs	O
,	O
two	O
more	O
than	O
the	O
required	O
quorum	O
,	O
said	O
they	O
will	O
vote	O
against	O
him	O
.	O

The	O
resignation	O
was	O
later	O
accepted	O
and	O
the	O
premier	O
asked	O
to	O
continue	O
running	O
the	O
country	O
âs	O
affairs	O
in	O
the	O
capacity	O
of	O
a	O
care	O
-	O
taker	O
government	O
.	O
In	O
His	O
Highness	O
the	O
Amir	O
âs	O
speech	O
,	O
by	O
His	O
Highness	O
the	O
Crown	O
Prince	O
stressed	O
the	O
government	O
will	O
not	O
interfere	O
in	O
the	O
elections	O
nor	O
in	O
the	O
election	O
of	O
the	O
assembly	O
speaker	O
.	O

