KUWAIT	B-LOCATION
:	O
A	O
specialized	O
government	O
team	O
has	O
prepared	O
a	O
new	O
permanent	O
approach	O
for	O
the	O
new	O
government	O
following	O
the	O
National	B-ORGANIZATION
Assembly	I-ORGANIZATION
elections	O
,	O
expected	O
to	O
take	O
place	O
before	O
the	O
end	O
of	O
the	O
year	O
,	O
following	O
an	O
announcement	O
by	O
His	O
Highness	O
the	O
Amir	O
Sheikh	O
Nawaf	B-GIVEN_NAME
Al	B-FAMILY_NAME
-	I-FAMILY_NAME
Ahmad	I-FAMILY_NAME
Al	I-FAMILY_NAME
-	I-FAMILY_NAME
Jaber	I-FAMILY_NAME
Al	I-FAMILY_NAME
-	I-FAMILY_NAME
Sabah	I-FAMILY_NAME
that	O
the	O
current	O
Assembly	B-ORGANIZATION
will	O
be	O
constitutionally	O
dissolved	O
in	O
the	O
coming	O
months	O
,	O
in	O
the	O
speech	O
that	O
was	O
delivered	O
by	O
HH	O
the	O
Crown	O
Prince	O
Sheikh	O
Mishal	B-GIVEN_NAME
Al	B-FAMILY_NAME
-	I-FAMILY_NAME
Ahmad	I-FAMILY_NAME
Al	I-FAMILY_NAME
-	I-FAMILY_NAME
Jaber	I-FAMILY_NAME
Al	I-FAMILY_NAME
-	I-FAMILY_NAME
Sabah	I-FAMILY_NAME
last	O
week	O
.	O

High	O
ranking	O
sources	O
said	O
,	O
â	O
the	O
preparation	O
of	O
a	O
new	O
approach	O
by	O
the	O
government	O
team	O
is	O
a	O
new	O
move	O
that	O
makes	O
the	O
government	O
program	O
permanent	O
that	O
does	O
not	O
change	O
with	O
the	O
change	O
of	O
ministers	O
;	O
rather	O
each	O
ministry	O
will	O
be	O
committed	O
to	O
implementing	O
its	O
program	O
to	O
fulfill	O
a	O
major	O
reform	O
plan	O
that	O
fights	O
corruption	O
and	O
achieves	O
transparency	O
,	O
remedies	O
the	O
structural	O
,	O
administrative	O
and	O
financial	O
loopholes	O
in	O
each	O
ministry	O
and	O
integrates	O
official	O
entities	O
to	O
eliminate	O
bureaucracy	O
.	O
â	O

The	O
sources	O
said	O
the	O
next	O
government	O
program	O
is	O
based	O
on	O
three	O
main	O
targets	O
:	O
Economic	O
and	O
financial	O
reforms	O
,	O
slimming	O
the	O
government	O
administrative	O
system	O
to	O
reduce	O
the	O
number	O
of	O
government	O
employees	O
and	O
send	O
them	O
to	O
the	O
private	O
sector	O
,	O
and	O
decisively	O
remedying	O
the	O
population	O
structure	O
to	O
make	O
Kuwaitis	B-AFFILIATION
70	O
percent	O
of	O
the	O
population	O
and	O
expats	O
30	O
percent	O
.	O

Sources	O
said	O
the	O
economic	O
reforms	O
include	O
an	O
increase	O
in	O
investment	O
spending	O
and	O
reducing	O
consumption	O
.	O

Among	O
the	O
reforms	O
is	O
to	O
increase	O
Kuwaitis	B-AFFILIATION
â	O
employment	O
in	O
the	O
private	O
sector	O
and	O
boost	O
the	O
percentage	O
of	O
Kuwaiti	B-AFFILIATION
labor	O
to	O
more	O
than	O
59	O
percent	O
in	O
some	O
current	O
sectors	O
in	O
which	O
Kuwaitis	B-AFFILIATION
do	O
not	O
make	O
more	O
up	O
than	O
25	O
percent	O
.	O

Also	O
,	O
there	O
will	O
be	O
a	O
strong	O
start	O
of	O
the	O
Kuwaitization	B-BRANDS
policy	B-MISC
to	O
reach	O
a	O
percentage	O
of	O
up	O
to	O
70	O
percent	O
like	O
in	O
some	O
sectors	O
like	O
banks	O
and	O
communications	O
.	O

The	O
first	O
of	O
these	O
sectors	O
is	O
insurance	O
,	O
where	O
Kuwaitis	B-AFFILIATION
â	O
presence	O
does	O
not	O
match	O
that	O
of	O
expats	O
.	O

The	O
sources	O
said	O
a	O
law	O
to	O
appoint	O
leaders	O
and	O
those	O
in	O
supervisory	O
positions	O
will	O
be	O
present	O
in	O
the	O
government	O
program	O
,	O
as	O
there	O
will	O
not	O
be	O
an	O
appointment	O
of	O
a	O
supervisor	O
without	O
the	O
presence	O
of	O
certain	O
conditions	O
and	O
a	O
certain	O
period	O
.	O

They	O
said	O
the	O
current	O
state	O
administrative	O
system	O
of	O
the	O
government	O
is	O
highly	O
inflated	O
and	O
suffers	O
from	O
poor	O
productivity	O
.	O

They	O
said	O
remedying	O
the	O
population	O
structure	O
is	O
now	O
the	O
worry	O
of	O
both	O
the	O
government	O
and	O
private	O
sectors	O
.	O

The	O
plan	O
is	O
to	O
get	O
rid	O
of	O
thousands	O
of	O
excess	O
marginal	O
laborers	O
,	O
while	O
concentrating	O
on	O
only	O
bringing	O
in	O
academically	O
qualified	O
workers	O
after	O
a	O
joint	O
decision	O
by	O
the	O
Cabinet	B-ORGANIZATION
and	O
Public	B-ORGANIZATION
Authority	I-ORGANIZATION
of	I-ORGANIZATION
Manpower	I-ORGANIZATION
(	O
PAM	B-ORGANIZATION
)	O
.	O

