As	O
part	O
of	O
its	O
Smart	B-BRANDS
Agriculture	B-MISC
project	I-MISC
,	O
the	O
Mauritius	B-ORGANIZATION|B-LOCATION
Chamber	I-ORGANIZATION
of	I-ORGANIZATION
Agriculture	I-ORGANIZATION
organized	O
a	O
half	O
-	O
day	O
presentation	O
on	O
Wednesday	B-DATE
July	I-DATE
6	I-DATE
.	O

The	O
event	O
took	O
place	O
within	O
the	O
framework	O
of	O
the	O
restitution	O
of	O
the	O
first	O
results	O
of	O
the	O
actions	O
carried	O
out	O
to	O
reduce	O
the	O
use	O
of	O
phytosanitary	O
products	O
among	O
the	O
beneficiary	O
farmers	O
.	O

The	O
presentation	O
was	O
held	O
in	O
the	O
presence	O
of	O
Mr.	O
Massimiliano	B-GIVEN_NAME
Messi	B-FAMILY_NAME
,	O
ChargÃ©	O
d	O
â	O
Affaires	O
a	O
.	O
i	O
.	O
,	O
of	O
the	O
European	B-ORGANIZATION
Union	I-ORGANIZATION
delegation	O
in	O
Mauritius	B-LOCATION
,	O
Professor	O
Theesan	B-GIVEN_NAME
Bahorun	B-FAMILY_NAME
,	O
G.	O
O.	O
S.	O
K	O
,	O
Executive	O
Director	O
of	O
the	O
Mauritius	B-ORGANIZATION|B-LOCATION
Research	I-ORGANIZATION
and	I-ORGANIZATION
Innovation	I-ORGANIZATION
Council	I-ORGANIZATION
(	O
MRIC	B-ORGANIZATION
)	O
,	O
Mrs.	O
Micheline	B-GIVEN_NAME
Seeneevassen	B-FAMILY_NAME
Pillay	I-FAMILY_NAME
,	O
acting	O
CEO	O
of	O
the	O
Food	B-ORGANIZATION
and	I-ORGANIZATION
Agricultural	I-ORGANIZATION
Research	I-ORGANIZATION
and	I-ORGANIZATION
Extension	I-ORGANIZATION
Institute	I-ORGANIZATION
(	O
FAREI	B-ORGANIZATION
)	O
,	O
the	O
Secretary	O
General	O
of	O
the	O
Mauritius	B-ORGANIZATION|B-LOCATION
Chamber	I-ORGANIZATION
of	I-ORGANIZATION
Agriculture	I-ORGANIZATION
,	O
Mrs.	O
Jacqueline	B-GIVEN_NAME
Sauzier	B-FAMILY_NAME
,	O
C.	O
S.	O
K.	O
,	O
Mr.	O
Gregory	B-GIVEN_NAME
Martin	B-FAMILY_NAME
,	O
representative	O
of	O
the	O
Reunion	B-LOCATION
Region	I-LOCATION
in	O
Mauritius	B-LOCATION
,	O
members	O
of	O
the	O
Bureau	B-ORGANIZATION
of	I-ORGANIZATION
the	I-ORGANIZATION
Mauritius	I-ORGANIZATION|B-LOCATION
Chamber	I-ORGANIZATION
of	I-ORGANIZATION
Agriculture	I-ORGANIZATION
,	O
other	O
members	O
of	O
the	O
Chamber	O
,	O
senior	O
officials	O
and	O
leaders	O
of	O
institutions	O
working	O
in	O
the	O
field	O
of	O
agriculture	O
,	O
farmers	O
and	O
beneficiaries	O
of	O
the	O
Smart	B-BRANDS
Agriculture	B-MISC
project	I-MISC
.	O

This	O
report	O
has	O
two	O
parts	O
.	O

The	O
first	O
details	O
the	O
results	O
of	O
a	O
survey	O
of	O
300	O
farmers	O
conducted	O
in	O
2021	B-DATE
and	O
a	O
comparison	O
of	O
this	O
analysis	O
with	O
the	O
results	O
of	O
a	O
similar	O
survey	O
conducted	O
in	O
2015	B-DATE
.	O

The	O
second	O
part	O
consists	O
of	O
the	O
results	O
of	O
a	O
more	O
specific	O
follow	O
-	O
up	O
of	O
13	O
Smart	B-AFFILIATION
Agriculture	I-AFFILIATION
project	I-AFFILIATION
farmers	O
over	O
the	O
period	O
from	O
2017	B-DATE
to	I-DATE
2021	I-DATE
and	O
the	O
changes	O
in	O
their	O
farming	O
practices	O
during	O
this	O
support	O
period	O
.	O

Between	O
2017	B-DATE
and	O
2021	B-DATE
,	O
the	O
Smart	B-BRANDS
Agriculture	B-MISC
project	I-MISC
team	O
accompanied	O
the	O
13	O
beneficiaries	O
in	O
a	O
change	O
of	O
posture	O
to	O
transition	O
to	O
a	O
reasoned	O
agriculture	O
,	O
by	O
implementing	O
the	O
agroecological	O
techniques	O
prescribed	O
by	O
the	O
project	O
.	O

In	O
general	O
,	O
the	O
success	O
of	O
the	O
integrated	O
fruit	O
fly	O
management	O
is	O
seen	O
in	O
the	O
decrease	O
of	O
the	O
IFT	O
on	O
calabash	O
.	O

To	O
fully	O
validate	O
its	O
feasibility	O
,	O
the	O
project	O
team	O
scientifically	O
monitored	O
a	O
cucurbit	O
fly	O
control	O
system	O
established	O
in	O
La	B-LOCATION
Laura	I-LOCATION
,	O
Plaine	B-LOCATION
-	I-LOCATION
Sophie	I-LOCATION
,	O
Mapou	B-LOCATION
,	O
Senneville	B-LOCATION
and	O
Bel	B-LOCATION
-	I-LOCATION
Ombre	I-LOCATION
.	O

After	O
the	O
July	B-DATE
6	I-DATE
exercise	O
,	O
the	O
Mauritius	B-ORGANIZATION|B-LOCATION
Chamber	I-ORGANIZATION
of	I-ORGANIZATION
Agriculture	I-ORGANIZATION
is	O
focusing	O
on	O
completing	O
the	O
Smart	B-BRANDS
Agriculture	B-MISC
project	I-MISC
.	O
The	O
next	O
logical	O
step	O
will	O
be	O
two	O
major	O
actions	O
:	O
one	O
is	O
the	O
recognition	O
of	O
the	O
products	O
resulting	O
from	O
sound	O
and	O
reasoned	O
practices	O
through	O
the	O
establishment	O
of	O
an	O
independent	O
labeling	O
program	O
.	O
And	O
the	O
other	O
by	O
the	O
popularization	O
of	O
the	O
actions	O
undertaken	O
here	O
and	O
the	O
training	O
of	O
farmers	O
through	O
the	O
establishment	O
of	O
a	O
network	O
of	O
agricultural	O
training	O
and	O
the	O
establishment	O
of	O
an	O
agricultural	O
technical	O
school	O
.	O

