A	O
delegation	O
from	O
the	O
Union	B-ORGANIZATION
of	I-ORGANIZATION
Comoros	I-ORGANIZATION|B-LOCATION
visited	O
,	O
on	O
Tuesday	B-BRANDS
afternoon	O
,	O
the	O
headquarters	O
of	O
the	O
Independent	B-ORGANIZATION
Review	I-ORGANIZATION
Panel	I-ORGANIZATION
in	O
Belmont	B-LOCATION|B-LOCATION
House	I-LOCATION|I-LOCATION
,	I-LOCATION
Port	I-LOCATION
Louis	I-LOCATION
,	O
with	O
a	O
view	O
to	O
get	O
an	O
understanding	O
of	O
the	O
functions	O
and	O
operations	O
of	O
the	O
Panel	O
and	O
share	O
experiences	O
and	O
practices	O
regarding	O
public	O
procurement	O
.	O

The	O
delegation	O
comprised	O
the	O
Director	O
of	O
the	O
Direction	B-ORGANIZATION
nationale	I-ORGANIZATION
de	I-ORGANIZATION
contrÃ´le	I-ORGANIZATION
des	I-ORGANIZATION
marchÃ©s	I-ORGANIZATION
publics	I-ORGANIZATION
(	O
DNCMP	B-ORGANIZATION
)	O
,	O
Mr	O
Kailane	B-GIVEN_NAME
Salim	B-FAMILY_NAME
;	O
the	O
Permanent	O
Secretary	O
of	O
the	O
AutoritÃ©	B-ORGANIZATION
de	I-ORGANIZATION
rÃ©gulation	I-ORGANIZATION
des	I-ORGANIZATION
marchÃ©s	I-ORGANIZATION
publics	I-ORGANIZATION
,	O
Mrs	O
Mizelli	B-GIVEN_NAME
Ali	B-FAMILY_NAME
Marianne	I-FAMILY_NAME
;	O
and	O
the	O
Coordinator	O
of	O
the	O
National	B-BRANDS
Project	B-MISC
Regional	I-MISC
Communication	I-MISC
Infrastructure	I-MISC
Program	I-MISC
â	I-MISC
Fourth	I-MISC
Phase	I-MISC
(	O
RCIP	B-BRANDS
-	B-MISC
4	I-MISC
)	O
,	O
Mrs	O
Amina	B-GIVEN_NAME
Abdallah	B-FAMILY_NAME
,	O
among	O
others	O
.	O

The	O
Comorian	B-AFFILIATION
representatives	O
were	O
welcomed	O
by	O
the	O
Chairperson	O
of	O
the	O
Independent	B-ORGANIZATION
Review	I-ORGANIZATION
Panel	I-ORGANIZATION
,	O
Mrs	O
Jankee	B-GIVEN_NAME
Ramano	B-FAMILY_NAME
;	O
the	O
Vice	O
-	O
Chairperson	O
,	O
Mr	O
Hunchun	B-GIVEN_NAME
Gunesh	B-FAMILY_NAME
;	O
and	O
others	O
Members	O
of	O
the	O
Panel	O
.	O

In	O
a	O
statement	O
,	O
Mr	O
Gunesh	B-GIVEN_NAME
underlined	O
that	O
the	O
visit	O
was	O
an	O
opportunity	O
for	O
bilateral	O
exchange	O
on	O
public	O
procurement	O
processes	O
and	O
proceedings	O
.	O

He	O
affirmed	O
that	O
while	O
the	O
Comorian	B-AFFILIATION
delegation	O
was	O
able	O
to	O
find	O
out	O
more	O
about	O
the	O
role	O
of	O
the	O
Independent	B-ORGANIZATION
Review	I-ORGANIZATION
Panel	I-ORGANIZATION
,	O
the	O
Mauritian	B-AFFILIATION
side	O
got	O
an	O
insight	O
on	O
the	O
way	O
public	O
procurement	O
exercises	O
were	O
carried	O
out	O
in	O
the	O
Union	O
.	O

Mr	O
Gunesh	B-GIVEN_NAME
added	O
that	O
it	O
was	O
an	O
occasion	O
to	O
acquire	O
knowledge	O
on	O
best	O
Comorian	B-AFFILIATION
practices	O
and	O
integrate	O
them	O
in	O
the	O
local	O
system	O
.	O

For	O
her	O
part	O
,	O
Mrs	O
Amina	B-GIVEN_NAME
Abdallah	B-FAMILY_NAME
highlighted	O
the	O
benefits	O
of	O
this	O
south	O
-	O
south	O
collaboration	O
on	O
the	O
management	O
of	O
public	O
procurement	O
.	O

She	O
stressed	O
that	O
her	O
country	O
could	O
learn	O
from	O
the	O
practical	O
experience	O
of	O
Mauritius	B-LOCATION
regarding	O
the	O
e	O
-	O
Procurement	O
System	O
,	O
set	O
up	O
over	O
five	B-DURATION
years	I-DURATION
ago	O
for	O
the	O
undertaking	O
of	O
public	O
procurement	O
activities	O
digitally	O
.	O

Mrs	O
Abdallah	B-GIVEN_NAME
was	O
of	O
the	O
view	O
that	O
the	O
visit	O
would	O
contribute	O
,	O
not	O
only	O
,	O
in	O
enhancing	O
the	O
relations	O
between	O
Mauritius	B-LOCATION
and	O
the	O
Union	B-ORGANIZATION
of	I-ORGANIZATION
Comoros	I-ORGANIZATION|B-LOCATION
,	O
but	O
also	O
in	O
promoting	O
transparency	O
in	O
public	O
procurement	O
.	O

It	O
is	O
recalled	O
that	O
in	O
Mauritius	B-LOCATION
,	O
the	O
Public	B-BRANDS
Procurement	B-MISC
Act	I-MISC
sets	O
out	O
the	O
basic	O
principles	O
and	O
procedures	O
to	O
be	O
applied	O
in	O
,	O
and	O
regulate	O
,	O
the	O
public	O
procurement	O
of	O
goods	O
,	O
public	O
works	O
,	O
consultant	O
services	O
,	O
and	O
other	O
services	O
,	O
and	O
for	O
the	O
relevant	O
institutions	O
for	O
these	O
matters	O
.	O

The	O
institutions	O
include	O
the	O
Central	B-ORGANIZATION
Procurement	I-ORGANIZATION
Board	I-ORGANIZATION
,	O
which	O
is	O
responsible	O
for	O
the	O
approval	O
of	O
the	O
award	O
of	O
major	O
contracts	O
by	O
public	O
bodies	O
;	O
the	O
Procurement	B-ORGANIZATION
Policy	I-ORGANIZATION
Office	I-ORGANIZATION
,	O
which	O
serves	O
as	O
an	O
independent	O
procurement	O
policy	O
making	O
and	O
monitoring	O
body	O
;	O
and	O
the	O
Independent	B-ORGANIZATION
Review	I-ORGANIZATION
Panel	I-ORGANIZATION
,	O
which	O
looks	O
into	O
requests	O
made	O
by	O
unsatisfied	O
bidders	O
and	O
reviews	O
procurement	O
proceedings	O
in	O
certain	O
specific	O
cases	O
.	O

