Pupils	O
from	O
Grand	B-ORGANIZATION
Bois	I-ORGANIZATION
Government	I-ORGANIZATION
School	I-ORGANIZATION
were	O
offered	O
,	O
yesterday	O
,	O
oral	O
health	O
kits	O
with	O
the	O
aim	O
of	O
sensitising	O
them	O
on	O
the	O
importance	O
of	O
good	O
oral	O
hygiene	O
and	O
learn	O
the	O
ways	O
to	O
protect	O
and	O
improve	O
their	O
oral	O
health	O
.	O

The	O
Minister	O
of	O
Health	O
and	O
Wellness	O
,	O
Dr	O
Kailesh	B-GIVEN_NAME
Kumar	B-FAMILY_NAME
Singh	I-FAMILY_NAME
Jagutpal	I-FAMILY_NAME
,	O
and	O
other	O
personalities	O
were	O
present	O
in	O
a	O
ceremony	O
held	O
for	O
the	O
occasion	O
.	O

The	O
kit	O
comprises	O
a	O
pamphlet	O
,	O
bookmark	O
,	O
toothpaste	O
and	O
toothbrush	O
.	O

The	O
pupils	O
were	O
also	O
given	O
a	O
presentation	O
on	O
tooth	O
brushing	O
techniques	O
as	O
well	O
as	O
on	O
the	O
nutritional	O
guidelines	O
on	O
diet	O
for	O
optimum	O
oral	O
health	O
.	O

The	O
distribution	O
of	O
oral	O
health	O
kits	O
to	O
students	O
is	O
part	O
of	O
activities	O
organised	O
by	O
the	O
Ministry	B-ORGANIZATION
of	I-ORGANIZATION
Health	I-ORGANIZATION
and	I-ORGANIZATION
Wellness	I-ORGANIZATION
,	O
in	O
collaboration	O
with	O
the	O
Ministry	B-ORGANIZATION
of	I-ORGANIZATION
Education	I-ORGANIZATION
,	I-ORGANIZATION
Tertiary	I-ORGANIZATION
Education	I-ORGANIZATION
,	I-ORGANIZATION
Science	I-ORGANIZATION
and	I-ORGANIZATION
Technology	I-ORGANIZATION
,	O
in	O
the	O
context	O
of	O
the	O
Oral	B-BRANDS
Health	B-MISC
Month	I-MISC
.	O

The	O
target	O
is	O
to	O
raise	O
awareness	O
about	O
good	O
oral	O
hygiene	O
among	O
the	O
76,000	O
primary	O
pupils	O
of	O
Mauritius	B-LOCATION
and	O
Rodrigues	B-LOCATION
over	O
the	O
next	O
six	O
months	O
.	O

It	O
is	O
recalled	O
that	O
the	O
Ministry	B-ORGANIZATION
of	I-ORGANIZATION
Health	I-ORGANIZATION
and	I-ORGANIZATION
Wellness	I-ORGANIZATION
,	O
according	O
to	O
the	O
recommendations	O
of	O
the	O
World	B-ORGANIZATION
Health	I-ORGANIZATION
Organisation	I-ORGANIZATION
,	O
has	O
elaborated	O
a	O
National	B-BRANDS
Action	B-MISC
Plan	I-MISC
for	I-MISC
Oral	I-MISC
Health	I-MISC
for	O
the	O
period	O
2022-2027	B-DATE
.	O
The	O
objective	O
is	O
to	O
reduce	O
the	O
prevalence	O
of	O
oral	O
diseases	O
and	O
improve	O
oral	O
health	O
.	O

