At	O
the	O
usual	O
post	O
-	O
PNQ	B-BRANDS
press	O
briefing	O
,	O
XLD	B-GIVEN_NAME
summed	O
up	O
his	O
issue	O
and	O
was	O
categorical	O
:	O
â	O
This	O
is	O
a	O
military	O
facility	O
that	O
Mauritius	B-LOCATION
is	O
providing	O
to	O
India	B-LOCATION
at	O
Agalega	B-LOCATION
.	O
â	O

He	O
pointed	O
out	O
that	O
the	O
danger	O
will	O
be	O
to	O
have	O
â	O
a	O
state	O
within	O
a	O
state	O
â	O
.	O
He	O
also	O
said	O
that	O
â	O
the	O
Information	B-ORGANIZATION
and	I-ORGANIZATION
Communication	I-ORGANIZATION
Technologies	I-ORGANIZATION
Authority	I-ORGANIZATION
(	O
ICTA	B-ORGANIZATION
)	O
will	O
no	O
longer	O
have	O
the	O
right	O
to	O
control	O
the	O
installation	O
of	O
computer	O
and	O
surveillance	O
equipment	O
in	O
Agalega	B-LOCATION
and	O
it	O
will	O
not	O
have	O
a	O
say	O
on	O
the	O
equipment	O
that	O
is	O
imported	O
by	O
this	O
embassy	O
â	O
.	O

The	O
leader	O
of	O
the	O
PTr	B-ORGANIZATION
,	O
Arvind	B-GIVEN_NAME
Boolell	B-FAMILY_NAME
pointed	O
out	O
that	O
â	O
the	O
Indian	B-AFFILIATION
press	O
,	O
written	O
and	O
spoken	O
,	O
says	O
that	O
there	O
is	O
a	O
military	O
base	O
in	O
Agalega	B-LOCATION
â	O
specifying	O
that	O
â	O
our	O
territory	O
is	O
not	O
for	O
sale	O
.	O
â	O

Paul	B-GIVEN_NAME
Berenger	B-FAMILY_NAME
said	O
that	O
â	O
no	O
one	O
can	O
prevent	O
us	O
from	O
going	O
to	O
the	O
island	O
â	O
to	O
see	O
the	O
work	O
in	O
progress	O
.	O
He	O
also	O
reminded	O
the	O
press	O
that	O
Shakeel	B-GIVEN_NAME
Mohamed	B-FAMILY_NAME
and	O
Adil	B-GIVEN_NAME
Ameer	B-FAMILY_NAME
Meeah	I-FAMILY_NAME
are	O
the	O
MPs	O
for	O
constituency	O
no	O
.	O
3	O
,	O
which	O
also	O
includes	O
Agalega	B-LOCATION
.	O

