Oaxaca	B-LOCATION
Governor	O
Alejandro	B-GIVEN_NAME
Murat	B-FAMILY_NAME
officially	O
opened	O
on	O
Thursday	B-DATE
a	O
new	O
culinary	O
center	O
that	O
will	O
promote	O
the	O
traditional	O
food	O
and	O
cooking	O
methods	O
of	O
the	O
southern	O
state	O
and	O
educate	O
new	O
generations	O
of	O
local	O
chefs	O
.	O

Located	O
in	O
a	O
former	O
convent	O
in	O
the	O
historic	O
center	O
of	O
Oaxaca	B-LOCATION
city	O
,	O
the	O
Gastronomic	B-ORGANIZATION
Center	I-ORGANIZATION
of	I-ORGANIZATION
Oaxaca	I-ORGANIZATION
(	O
CGO	B-ORGANIZATION
)	O
has	O
12	O
establishments	O
that	O
will	O
sell	O
and	O
promote	O
the	O
traditional	O
cuisine	O
of	O
the	O
state	O
âs	O
eight	O
regions	O
,	O
Murat	B-GIVEN_NAME
said	O
.	O

An	O
initiative	O
of	O
the	O
state	O
government	O
,	O
the	O
center	O
will	O
also	O
function	O
as	O
a	O
cooking	O
school	O
affiliated	O
with	O
the	O
Technological	B-ORGANIZATION
University	I-ORGANIZATION
of	I-ORGANIZATION
the	I-ORGANIZATION
Central	I-ORGANIZATION
Valleys	I-ORGANIZATION
of	I-ORGANIZATION
Oaxaca	I-ORGANIZATION|B-LOCATION
.	O

In	O
addition	O
to	O
12	O
different	O
businesses	O
that	O
will	O
offer	O
typical	O
food	O
from	O
regions	O
such	O
as	O
the	O
Isthmus	B-LOCATION
of	I-LOCATION
Tehuantepec	I-LOCATION
and	O
the	O
Sierra	B-LOCATION
Sur	I-LOCATION
and	O
host	O
culinary	O
events	O
,	O
the	O
69.8	B-MONEY
-	I-MONEY
million	I-MONEY
-	I-MONEY
peso	I-MONEY
(	O
US	B-MONEY
$	I-MONEY
3.4	I-MONEY
million	I-MONEY
)	O
CGO	O
has	O
an	O
events	O
hall	O
and	O
an	O
area	O
where	O
aguas	O
y	O
nieves	O
oaxaqueÃ±as	O
(	O
fruit	O
-	O
flavored	O
beverages	O
and	O
shaved	O
-	O
ice	O
treats	O
)	O
as	O
well	O
as	O
mezcal	O
cocktails	O
,	O
craft	O
beer	O
and	O
coffee	O
will	O
be	O
sold	O
.	O

â	O
This	O
gastronomic	O
center	O
is	O
a	O
gift	O
all	O
the	O
oaxaqueÃ±os	B-AFFILIATION
are	O
giving	O
ourselves	O
because	O
it	O
âs	O
a	O
project	O
that	O
was	O
carried	O
out	O
collectively	O
to	O
celebrate	O
the	O
greatness	O
of	O
our	O
state	O
and	O
also	O
to	O
continue	O
writing	O
the	O
best	O
pages	O
of	O
the	O
history	O
of	O
a	O
Oaxaca	B-LOCATION
with	O
well	O
-	O
being	O
,	O
governability	O
and	O
development	O
,	O
â	O
Murat	B-GIVEN_NAME
said	O
.	O

The	O
governor	O
predicted	O
that	O
the	O
CGO	B-ORGANIZATION
will	O
directly	O
and	O
indirectly	O
generate	O
revenue	O
of	O
50	B-MONEY
million	I-MONEY
pesos	I-MONEY
(	O
US	B-MONEY
$	I-MONEY
2.4	I-MONEY
million	I-MONEY
)	O
a	O
year	O
.	O

It	O
is	O
expected	O
to	O
attract	O
locals	O
as	O
well	O
as	O
domestic	O
and	O
international	O
tourists	O
.	O

Alejandro	B-GIVEN_NAME
Ruiz	B-FAMILY_NAME
,	O
a	O
renowned	O
local	O
chef	O
,	O
said	O
the	O
idea	O
for	O
the	O
CGO	B-ORGANIZATION
came	O
from	O
a	O
visit	O
Oaxaca	B-LOCATION
chefs	O
and	O
officials	O
made	O
to	O
the	O
Basque	B-LOCATION
Culinary	I-LOCATION
Center	I-LOCATION
in	O
San	B-LOCATION
SebastiÃ¡n	I-LOCATION
,	I-LOCATION
Spain	I-LOCATION
.	O

â	O
That	O
project	O
had	O
an	O
impact	O
on	O
us	O
,	O
â	O
Ruiz	B-GIVEN_NAME
said	O
,	O
adding	O
that	O
it	O
was	O
used	O
as	O
a	O
reference	O
to	O
develop	O
the	O
CGO	B-ORGANIZATION
,	O
in	O
which	O
â	O
local	O
cuisine	O
will	O
be	O
the	O
protagonist	O
.	O
â	O

He	O
described	O
the	O
building	O
where	O
the	O
CGO	B-ORGANIZATION
is	O
housed	O
â	O
the	O
Convento	B-LOCATION
del	I-LOCATION
Carmen	I-LOCATION
Alto	I-LOCATION
â	O
as	O
a	O
â	O
unique	O
and	O
emblematic	O
space	O
.	O
â	O

The	O
director	O
of	O
the	O
National	B-ORGANIZATION
Institute	I-ORGANIZATION
of	I-ORGANIZATION
Anthropology	I-ORGANIZATION
and	I-ORGANIZATION
History	I-ORGANIZATION
(	O
INAH	B-ORGANIZATION
)	O
also	O
attended	O
the	O
opening	O
ceremony	O
,	O
during	O
which	O
he	O
remarked	O
that	O
the	O
project	O
had	O
helped	O
to	O
rescue	O
one	O
of	O
the	O
historic	O
edifices	O
of	O
the	O
Oaxaca	B-LOCATION
capital	O
.	O

Diego	B-GIVEN_NAME
Prieto	B-FAMILY_NAME
also	O
said	O
that	O
the	O
CGO	B-ORGANIZATION
,	O
via	O
its	O
culinary	O
offerings	O
,	O
will	O
promote	O
the	O
customs	O
and	O
traditions	O
of	O
Oaxaca	B-LOCATION
âs	O
different	O
indigenous	O
communities	O
.	O

â	O
This	O
is	O
a	O
great	O
event	O
because	O
Oaxaca	B-LOCATION
now	O
has	O
another	O
space	O
to	O
celebrate	O
the	O
local	O
food	O
culture	O
,	O
â	O
he	O
said	O
of	O
a	O
state	O
famous	O
for	O
its	O
moles	O
,	O
chapulines	O
(	O
grasshoppers	O
)	O
,	O
tlayudas	O
,	O
chocolate	O
,	O
coffee	O
and	O
mezcal	O
,	O
among	O
many	O
other	O
foods	O
and	O
beverages	O
.	O

â	O
â¦	O

It	O
âs	O
an	O
honor	O
for	O
me	O
to	O
be	O
present	O
at	O
the	O
inauguration	O
of	O
the	O
center	O
,	O
which	O
without	O
a	O
doubt	O
will	O
become	O
one	O
of	O
the	O
most	O
important	O
[	O
culinary	O
hubs	O
]	O
in	O
the	O
country	O
,	O
â	O
Prieto	B-GIVEN_NAME
said	O
.	O

INAH	B-ORGANIZATION
will	O
move	O
into	O
new	O
offices	O
in	O
the	O
convent	O
precinct	O
once	O
additional	O
restoration	O
has	O
been	O
completed	O
,	O
he	O
added	O
.	O

