â	O
How	O
do	O
you	O
want	O
to	O
have	O
Los	B-ORGANIZATION
Zetas	I-ORGANIZATION
,	O
as	O
friends	O
or	O
as	O
enemies	O
?	O
â	O

That	O
was	O
the	O
question	O
that	O
a	O
man	O
,	O
who	O
identified	O
himself	O
as	O
Commander	O
RamÃ³n	B-GIVEN_NAME
Rocas	B-FAMILY_NAME
SuÃ¡rez	I-FAMILY_NAME
,	O
asked	O
Mexican	B-AFFILIATION
journalist	O
Juan	B-GIVEN_NAME
de	B-FAMILY_NAME
Dios	I-FAMILY_NAME
GarcÃ­a	I-FAMILY_NAME
Davish	I-FAMILY_NAME
,	O
from	O
Tapachula	B-LOCATION
,	I-LOCATION
Chiapas	I-LOCATION
,	O
over	O
the	O
phone	O
on	O
May	B-DATE
28	I-DATE
,	I-DATE
2016	I-DATE
.	O

The	O
man	O
had	O
identified	O
himself	O
as	O
a	O
high	O
-	O
ranking	O
member	O
of	O
the	O
Mexican	B-AFFILIATION
drug	O
cartel	O
Los	B-ORGANIZATION
Zetas	I-ORGANIZATION
,	O
at	O
the	O
time	O
considered	O
one	O
of	O
the	O
most	O
powerful	O
and	O
dangerous	O
criminal	O
organizations	O
in	O
Mexico	B-LOCATION
.	O

The	O
threat	O
was	O
clear	O
:	O
Either	O
he	O
abided	O
by	O
the	O
man	O
âs	O
requests	O
or	O
dealt	O
with	O
the	O
consequences	O
.	O

The	O
man	O
on	O
the	O
other	O
side	O
of	O
the	O
line	O
had	O
GarcÃ­a	B-GIVEN_NAME
Davish	B-FAMILY_NAME
âs	O
home	O
,	O
work	O
,	O
and	O
family	O
members	O
located	O
.	O

That	O
was	O
the	O
first	O
of	O
several	O
threats	O
made	O
between	O
2016	B-DATE
and	O
2022	B-DATE
.	O

Due	O
to	O
the	O
increased	O
violence	O
in	O
Mexico	B-LOCATION
against	O
journalists	O
and	O
the	O
lack	O
of	O
protection	O
provided	O
by	O
the	O
government	O
,	O
GarcÃ­a	B-GIVEN_NAME
Davish	B-FAMILY_NAME
and	O
his	O
wife	O
,	O
MarÃ­a	B-GIVEN_NAME
de	B-FAMILY_NAME
JesÃºs	I-FAMILY_NAME
Peters	I-FAMILY_NAME
,	O
also	O
a	O
journalist	O
in	O
Chiapas	B-LOCATION
,	O
made	O
the	O
difficult	O
decision	O
to	O
leave	O
their	O
lifelong	O
home	O
.	O

Since	O
June	B-DATE
,	O
they	O
âve	O
been	O
trying	O
to	O
rebuild	O
their	O
life	O
in	O
Phoenix	B-LOCATION
,	O
figuring	O
out	O
how	O
to	O
navigate	O
a	O
new	O
country	O
and	O
calling	O
for	O
international	O
governments	O
to	O
intervene	O
and	O
better	O
protect	O
Mexican	B-AFFILIATION
journalists	O
.	O

â	O
The	O
man	O
wanted	O
money	O
,	O
and	O
although	O
he	O
scared	O
me	O
and	O
made	O
me	O
nervous	O
,	O
I	O
did	O
nât	O
fall	O
for	O
his	O
game	O
.	O

I	O
told	O
him	O
to	O
do	O
what	O
he	O
had	O
to	O
do	O
,	O
â	O
GarcÃ­a	B-GIVEN_NAME
Davish	B-FAMILY_NAME
said	O
in	O
an	O
interview	O
with	O
La	B-ORGANIZATION
Voz	I-ORGANIZATION
/	O
The	B-ORGANIZATION
Arizona	I-ORGANIZATION|B-LOCATION
Republic	I-ORGANIZATION
.	O

â	O
The	O
first	O
thing	O
I	O
did	O
was	O
see	O
how	O
my	O
daughter	O
was	O
and	O
then	O
I	O
went	O
to	O
file	O
a	O
complaint	O
with	O
the	O
general	O
attorney	O
âs	O
office	O
.	O
â	O

After	O
investigating	O
,	O
the	O
Specialized	B-ORGANIZATION
General	I-ORGANIZATION
Attorney	I-ORGANIZATION
âs	I-ORGANIZATION
Office	I-ORGANIZATION
for	I-ORGANIZATION
the	I-ORGANIZATION
Attention	I-ORGANIZATION
of	I-ORGANIZATION
Journalists	I-ORGANIZATION
and	I-ORGANIZATION
Freedom	I-ORGANIZATION
of	I-ORGANIZATION
Expression	I-ORGANIZATION
of	I-ORGANIZATION
Chiapas	B-LOCATION|B-LOCATION
told	O
GarcÃ­a	B-GIVEN_NAME
Davish	B-FAMILY_NAME
that	O
the	O
call	O
came	O
from	O
a	O
prison	O
in	O
Mexico	B-LOCATION
City	I-LOCATION
,	O
and	O
classified	O
the	O
crime	O
as	O
extortion	O
.	O

Years	O
of	O
threats	O
followed	O
,	O
but	O
it	O
was	O
the	O
most	O
recent	O
threat	O
,	O
received	O
on	O
May	B-DATE
13	I-DATE
,	I-DATE
2022	I-DATE
,	O
that	O
made	O
them	O
seek	O
other	O
alternatives	O
outside	O
of	O
the	O
promises	O
made	O
by	O
Mexican	B-AFFILIATION
law	O
enforcement	O
.	O

A	O
man	O
who	O
identified	O
himself	O
as	O
Arturo	B-GIVEN_NAME
Valencia	B-FAMILY_NAME
DÃ­az	I-FAMILY_NAME
threatened	O
to	O
kill	O
Peters	B-GIVEN_NAME
,	O
GarcÃ­a	B-GIVEN_NAME
Davish	B-FAMILY_NAME
,	O
and	O
their	O
daughter	O
if	O
they	O
did	O
not	O
come	O
to	O
an	O
agreement	O
.	O

He	O
filed	O
a	O
complaint	O
once	O
more	O
and	O
this	O
time	O
the	O
authorities	O
promised	O
to	O
provide	O
them	O
with	O
protection	O
measures	O
,	O
including	O
police	O
patrols	O
outside	O
their	O
home	O
,	O
but	O
he	O
said	O
that	O
such	O
protection	O
never	O
came	O
.	O

Considering	O
the	O
increased	O
violence	O
against	O
journalists	O
in	O
Mexico	B-LOCATION
,	O
inaction	O
from	O
local	O
authorities	O
,	O
and	O
with	O
their	O
16	O
-	O
year	O
-	O
old	O
daughter	O
in	O
mind	O
,	O
GarcÃ­a	B-GIVEN_NAME
Davish	B-FAMILY_NAME
and	O
Peters	B-GIVEN_NAME
looked	O
into	O
international	O
options	O
.	O

At	O
the	O
suggestion	O
of	O
colleagues	O
,	O
they	O
applied	O
to	O
the	O
Temporary	B-BRANDS
Reception	B-MISC
Program	I-MISC
for	I-MISC
Latin	I-MISC|B-AFFILIATION
American	I-MISC|I-AFFILIATION
Journalists	I-MISC
hosted	O
by	O
Reporters	B-ORGANIZATION
Without	I-ORGANIZATION
Borders	I-ORGANIZATION
(	O
RSF	B-ORGANIZATION
)	O
,	O
which	O
would	O
allow	O
them	O
to	O
take	O
refuge	O
in	O
Spain	B-LOCATION
for	O
a	O
period	O
of	O
time	O
.	O

However	O
,	O
immediate	O
approval	O
was	O
nât	O
guaranteed	O
.	O

They	O
then	O
sought	O
to	O
obtain	O
a	O
visa	O
that	O
would	O
allow	O
them	O
to	O
enter	O
the	O
United	B-LOCATION
States	I-LOCATION
.	O
Thanks	O
to	O
a	O
letter	O
of	O
support	O
drafted	O
by	O
several	O
national	O
and	O
international	O
colleagues	O
,	O
the	O
U.	B-ORGANIZATION
S.	I-ORGANIZATION
Embassy	I-ORGANIZATION
in	O
Mexico	B-LOCATION
City	I-LOCATION
almost	O
immediately	O
scheduled	O
an	O
interview	O
for	O
them	O
on	O
June	B-DATE
10	I-DATE
,	O
and	O
were	O
approved	O
for	O
tourist	O
visas	O
.	O

With	O
little	O
clothing	O
,	O
a	O
computer	O
,	O
and	O
a	O
few	O
hard	O
drives	O
â	O
their	O
most	O
â	O
prized	O
treasures	O
â	O
that	O
safeguard	O
their	O
life	O
âs	O
work	O
â	O
the	O
two	O
journalists	O
and	O
their	O
daughter	O
made	O
their	O
way	O
to	O
the	O
United	B-LOCATION
States	I-LOCATION
.	O
Since	O
late	O
June	B-DATE
,	O
they	O
âve	O
been	O
living	O
in	O
Phoenix	B-LOCATION
.	O

According	O
to	O
the	O
couple	O
,	O
help	O
from	O
the	O
local	O
specialized	O
general	O
attorney	O
âs	O
office	O
never	O
came	O
,	O
a	O
situation	O
shared	O
by	O
many	O
journalists	O
in	O
Mexico	B-LOCATION
.	O
The	O
Specialized	B-ORGANIZATION
General	I-ORGANIZATION
Attorney	I-ORGANIZATION
âs	I-ORGANIZATION
Office	I-ORGANIZATION
for	I-ORGANIZATION
the	I-ORGANIZATION
Attention	I-ORGANIZATION
of	I-ORGANIZATION
Journalists	I-ORGANIZATION
and	I-ORGANIZATION
Freedom	I-ORGANIZATION
of	I-ORGANIZATION
Expression	I-ORGANIZATION
of	I-ORGANIZATION
Chiapas	B-LOCATION|B-LOCATION
did	O
not	O
respond	O
to	O
a	O
request	O
for	O
comment	O
.	O

