When	O
Alfredo	B-GIVEN_NAME
Cortes	B-FAMILY_NAME
arrived	O
at	O
a	O
tiny	O
clinic	O
for	O
his	O
year	O
of	O
community	O
service	O
required	O
of	O
all	O
medical	O
students	O
in	O
Mexico	B-LOCATION
,	O
he	O
found	O
that	O
he	O
had	O
no	O
cellphone	O
or	O
internet	O
access	O
â	O
only	O
a	O
radio	O
.	O

He	O
lived	O
alone	O
at	O
the	O
clinic	O
,	O
a	O
simple	O
dwelling	O
in	O
a	O
rural	O
community	O
of	O
Michoacan	B-LOCATION
state	O
where	O
police	O
were	O
a	O
rare	O
sight	O
.	O

In	O
the	O
early	O
hours	O
of	O
a	O
spring	O
morning	O
in	O
2020	B-DATE
,	O
he	O
was	O
roused	O
from	O
sleep	O
by	O
growling	O
trucks	O
and	O
pounding	O
on	O
the	O
front	O
door	O
.	O

Several	O
armed	O
men	O
ordered	O
Cortes	B-GIVEN_NAME
to	O
leave	O
with	O
them	O
.	O

When	O
he	O
refused	O
,	O
one	O
truck	O
sped	O
away	O
and	O
quickly	O
returned	O
with	O
a	O
man	O
bleeding	O
heavily	O
from	O
his	O
belly	O
.	O

He	O
had	O
been	O
shot	O
.	O

As	O
Cortes	B-GIVEN_NAME
got	O
to	O
work	O
,	O
one	O
of	O
the	O
men	O
trained	O
a	O
gun	O
on	O
him	O
and	O
shouted	O
,	O
â	O
Save	O
him	O
!	O
â	O

The	O
patient	O
needed	O
surgery	O
,	O
but	O
the	O
clinic	O
lacked	O
basic	O
supplies	O
,	O
so	O
all	O
Cortes	B-GIVEN_NAME
could	O
do	O
was	O
bandage	O
the	O
wound	O
and	O
warn	O
that	O
if	O
the	O
man	O
did	O
nât	O
receive	O
treatment	O
elsewhere	O
he	O
would	O
die	O
.	O

â	O
They	O
âre	O
pointing	O
their	O
guns	O
,	O
they	O
âre	O
shouting	O
,	O
there	O
are	O
people	O
communicating	O
by	O
radio	O
,	O
and	O
you	O
do	O
nât	O
know	O
with	O
whom	O
,	O
â	O
recalled	O
Cortes	B-GIVEN_NAME
,	O
now	O
26	O
,	O
who	O
learned	O
later	O
that	O
the	O
man	O
had	O
lived	O
.	O

â	O
It	O
âs	O
a	O
very	O
tense	O
situation	O
.	O
â	O

Such	O
stories	O
are	O
common	O
among	O
Mexico	B-LOCATION
âs	O
medical	O
students	O
these	O
days	O
.	O

Mandatory	O
service	O
has	O
long	O
been	O
part	O
of	O
the	O
government	O
âs	O
effort	O
to	O
improve	O
healthcare	O
in	O
isolated	O
communities	O
.	O

But	O
as	O
drug	O
cartels	O
and	O
other	O
criminal	O
groups	O
have	O
increased	O
their	O
footprint	O
across	O
the	O
country	O
,	O
it	O
has	O
become	O
an	O
increasingly	O
dangerous	O
rite	O
of	O
passage	O
.	O

The	O
shooting	O
death	O
of	O
a	O
medical	O
student	O
last	O
week	O
inside	O
the	O
hospital	O
where	O
he	O
worked	O
in	O
the	O
mountains	O
of	O
Durango	B-LOCATION
state	O
sparked	O
protests	O
by	O
medical	O
students	O
across	O
the	O
country	O
.	O

Some	O
marched	O
in	O
white	O
lab	O
coats	O
and	O
carried	O
signs	O
that	O
said	O
,	O
â	O
We	O
âre	O
not	O
your	O
cheap	O
labor	O
â	O
and	O
â	O
No	O
more	O
community	O
service	O
,	O
they	O
âre	O
killing	O
us	O
.	O
â	O

Killings	O
of	O
students	O
appear	O
to	O
be	O
rare	O
,	O
but	O
university	O
officials	O
,	O
acknowledging	O
widespread	O
complaints	O
about	O
the	O
program	O
,	O
have	O
started	O
to	O
say	O
that	O
it	O
has	O
become	O
unsafe	O
.	O

â	O
This	O
scheme	O
is	O
a	O
total	O
anachronism	O
and	O
should	O
be	O
changed	O
,	O
â	O
said	O
Dr	O
.	O
Luis	B-GIVEN_NAME
Carlos	B-FAMILY_NAME
Hinojos	I-FAMILY_NAME
,	O
the	O
director	O
of	O
the	O
medical	O
school	O
at	O
the	O
Autonomous	B-LOCATION
University	I-LOCATION
of	I-LOCATION
Chihuahua	I-LOCATION|B-LOCATION
.	O

He	O
said	O
the	O
university	O
has	O
tried	O
to	O
place	O
more	O
students	O
in	O
safer	O
urban	O
locations	O
and	O
relocate	O
those	O
deemed	O
to	O
be	O
in	O
danger	O
.	O

After	O
a	O
doctor	O
was	O
shot	O
and	O
killed	O
this	O
month	O
in	O
the	O
municipality	O
of	O
Bocoyna	B-LOCATION
,	O
which	O
has	O
seen	O
clashes	O
between	O
cartels	O
,	O
six	O
students	O
set	O
to	O
start	O
work	O
there	O
were	O
reassigned	O
.	O

The	O
government	O
defends	O
the	O
program	O
,	O
which	O
dates	O
to	O
1936	B-DATE
and	O
graduates	O
about	O
18,000	O
students	O
each	O
year	O
.	O

Mexican	B-AFFILIATION
Health	O
Secretary	O
Jorge	B-GIVEN_NAME
Alcocer	B-FAMILY_NAME
told	O
reporters	O
this	O
week	O
that	O
officials	O
would	O
be	O
reviewing	O
security	O
conditions	O
but	O
that	O
the	O
community	O
service	O
is	O
an	O
â	O
academic	O
requirement	O
that	O
,	O
in	O
principle	O
,	O
cannot	O
be	O
canceled	O
.	O
â	O

â	O
It	O
âs	O
not	O
advisable	O
to	O
suspend	O
that	O
process	O
of	O
formation	O
that	O
âs	O
so	O
important	O
for	O
doctors	O
,	O
â	O
he	O
said	O
.	O

â	O
We	O
ca	O
nât	O
set	O
aside	O
the	O
most	O
far	O
-	O
away	O
placements	O
that	O
do	O
nât	O
have	O
conditions	O
that	O
are	O
completely	O
safe	O
.	O
â	O

Moreover	O
,	O
the	O
program	O
has	O
been	O
a	O
crucial	O
source	O
of	O
medical	O
care	O
in	O
rural	O
areas	O
.	O

For	O
every	O
10,000	O
people	O
,	O
Mexico	B-LOCATION
has	O
24	O
doctors	O
â	O
not	O
far	O
behind	O
the	O
U.	B-LOCATION
S.	I-LOCATION
figure	O
of	O
26	O
â	O
but	O
they	O
are	O
heavily	O
concentrated	O
in	O
cities	O
.	O

In	O
May	B-DATE
,	O
President	O
AndrÃ©s	B-GIVEN_NAME
Manuel	B-FAMILY_NAME
LÃ³pez	I-FAMILY_NAME
Obrador	I-FAMILY_NAME
announced	O
that	O
the	O
country	O
would	O
fill	O
the	O
gaps	O
by	O
contracting	O
Cuban	B-AFFILIATION
doctors	O
,	O
prompting	O
criticism	O
that	O
the	O
real	O
problem	O
was	O
security	O
.	O

Medical	O
school	O
in	O
Mexico	B-LOCATION
starts	O
right	O
after	O
high	O
school	O
and	O
usually	O
lasts	O
six	O
or	O
seven	B-DURATION
years	I-DURATION
,	O
the	O
last	O
of	O
which	O
is	O
spent	O
doing	O
community	O
service	O
,	O
which	O
can	O
entail	O
conducting	O
research	O
or	O
working	O
in	O
clinics	O
.	O

Typically	O
,	O
the	O
government	O
determines	O
what	O
slots	O
are	O
available	O
and	O
leaves	O
it	O
to	O
the	O
schools	O
to	O
fill	O
them	O
.	O

Students	O
with	O
the	O
best	O
grades	O
get	O
the	O
first	O
pick	O
of	O
assignments	O
,	O
so	O
those	O
with	O
lower	O
averages	O
tend	O
to	O
get	O
the	O
most	O
dangerous	O
jobs	O
.	O

They	O
sometimes	O
work	O
without	O
supervision	O
or	O
outside	O
contact	O
and	O
live	O
alone	O
at	O
the	O
clinics	O
â	O
problems	O
that	O
students	O
and	O
university	O
officials	O
say	O
have	O
long	O
been	O
recognized	O
but	O
not	O
adequately	O
addressed	O
.	O

Locals	O
tend	O
to	O
view	O
the	O
students	O
as	O
full	O
-	O
fledged	O
doctors	O
â	O
and	O
that	O
leads	O
to	O
situations	O
in	O
which	O
the	O
newcomers	O
can	O
incur	O
the	O
wrath	O
of	O
the	O
community	O
when	O
a	O
patient	O
ca	O
nât	O
be	O
saved	O
.	O

â	O
They	O
wo	O
nât	O
say	O
the	O
clinic	O
does	O
nât	O
have	O
the	O
resources	O
,	O
the	O
clinic	O
does	O
nât	O
have	O
an	O
ambulance	O
,	O
the	O
roads	O
are	O
nât	O
accessible	O
,	O
the	O
routes	O
are	O
nât	O
easy	O
,	O
â	O
said	O
Cinthya	B-GIVEN_NAME
Flores	B-FAMILY_NAME
,	O
president	O
of	O
a	O
national	O
association	O
that	O
represents	O
medical	O
students	O
.	O

â	O
It	O
âll	O
be	O
the	O
doctor	O
âs	O
fault	O
.	O
â	O

