Why	O
?	O

So	O
measures	O
are	O
taken	O
to	O
avoid	O
new	O
cases	O
as	O
international	O
health	O
organizations	O
have	O
already	O
recommended	O
.	O

Faced	O
with	O
the	O
outbreak	O
of	O
monkeypox	B-BRANDS
cases	O
in	O
Mexico	B-LOCATION
,	O
Civil	B-ORGANIZATION
Society	I-ORGANIZATION
Organizations	I-ORGANIZATION
,	O
groups	O
and	O
activists	O
against	O
the	O
rights	O
of	O
LGBT	B-AFFILIATION
+	O
people	O
,	O
request	O
the	O
Ministry	B-ORGANIZATION
of	I-ORGANIZATION
Health	I-ORGANIZATION
,	O
IMSS	B-ORGANIZATION
,	O
ISSSTE	B-ORGANIZATION
and	O
all	O
institutions	O
at	O
all	O
levels	O
to	O
act	O
in	O
an	O
immediate	O
way	O
to	O
alert	O
the	O
population	O
about	O
monkeypox	B-BRANDS
.	O

Why	O
?	O

So	O
measures	O
are	O
taken	O
to	O
avoid	O
new	O
cases	O
as	O
international	O
health	O
organizations	O
have	O
already	O
recommended	O
.	O

The	O
groups	O
ask	O
for	O
prevention	O
and	O
health	O
promotion	O
actions	O
,	O
since	O
early	O
detection	O
and	O
treatment	O
are	O
crucial	O
for	O
the	O
outbreak	O
to	O
continue	O
to	O
grow	O
.	O

Since	O
most	O
cases	O
in	O
Mexico	B-LOCATION
and	O
in	O
the	O
world	O
have	O
occurred	O
among	O
men	O
who	O
have	O
sex	O
with	O
other	O
men	O
.	O

It	O
also	O
wants	O
the	O
population	O
to	O
be	O
informed	O
in	O
a	O
timely	O
manner	O
about	O
prevention	O
measures	O
,	O
symptoms	O
,	O
and	O
places	O
to	O
go	O
if	O
there	O
are	O
suspicions	O
.	O

At	O
the	O
same	O
time	O
,	O
they	O
point	O
out	O
that	O
the	O
personnel	O
of	O
health	O
institutions	O
at	O
all	O
levels	O
of	O
care	O
must	O
be	O
trained	O
so	O
that	O
they	O
can	O
provide	O
dignified	O
care	O
,	O
without	O
stigma	O
and	O
in	O
accordance	O
with	O
human	O
rights	O
,	O
to	O
people	O
who	O
are	O
suspected	O
or	O
confirmed	O
to	O
have	O
monkeypox	B-BRANDS
.	O

The	O
statement	O
was	O
signed	O
by	O
50	O
organizations	O
,	O
groups	O
,	O
and	O
media	O
.	O

