On	O
Friday	B-DATE
,	I-DATE
July	I-DATE
22nd	I-DATE
,	O
Google	B-ORGANIZATION
Cloud	I-ORGANIZATION
announced	O
plans	O
for	O
its	O
first	O
cloud	O
region	O
in	O
Mexico	B-LOCATION
,	O
its	O
third	O
in	O
Latin	B-LOCATION
America	I-LOCATION
after	O
Santiago	B-LOCATION
,	O
Chile	B-LOCATION
,	O
and	O
SÃ£o	B-LOCATION
Paulo	I-LOCATION
,	I-LOCATION
Brazil	I-LOCATION
.	O

The	O
new	O
region	O
,	O
which	O
will	O
be	O
Google	B-ORGANIZATION
âs	O
35th	O
,	O
will	O
allow	O
it	O
to	O
better	O
serve	O
its	O
local	O
users	O
with	O
lower	O
-	O
latency	O
access	O
to	O
its	O
cloud	O
services	O
,	O
but	O
â	O
and	O
these	O
days	O
,	O
this	O
may	O
be	O
even	O
more	O
important	O
â	O
offer	O
these	O
users	O
data	O
residency	O
and	O
compliance	O
options	O
.	O

â	O
The	O
cloud	O
region	O
in	O
Mexico	B-LOCATION
will	O
unlock	O
new	O
possibilities	O
for	O
the	O
use	O
of	O
cloud	O
technologies	O
by	O
public	O
sector	O
organizations	O
in	O
the	O
country	O
,	O
â	O
said	O
Juan	B-GIVEN_NAME
Carlos	B-FAMILY_NAME
Sarmiento	I-FAMILY_NAME
Tovilla	I-FAMILY_NAME
,	O
the	O
director	O
general	O
of	O
Information	O
Systems	O
at	O
Mexico	B-ORGANIZATION|B-LOCATION
âs	I-ORGANIZATION
Federal	I-ORGANIZATION
Court	I-ORGANIZATION
of	I-ORGANIZATION
Administrative	I-ORGANIZATION
Justice	I-ORGANIZATION
.	O

â	O
Different	O
public	O
entities	O
would	O
benefit	O
from	O
interoperating	O
in	O
an	O
efficient	O
and	O
secure	O
way	O
,	O
facilitating	O
access	O
to	O
computing	O
power	O
and	O
information	O
technologies	O
.	O
â	O

In	O
this	O
context	O
,	O
it	O
âs	O
worth	O
noting	O
that	O
Microsoft	B-ORGANIZATION
Azure	I-ORGANIZATION
also	O
announced	O
plans	O
to	O
open	O
a	O
region	O
in	O
Mexico	B-LOCATION
(	O
though	O
that	O
was	O
in	O
2020	B-DATE
and	O
it	O
âs	O
not	O
open	O
yet	O
)	O
and	O
AWS	B-ORGANIZATION
also	O
announced	O
plans	O
for	O
a	O
region	O
in	O
the	O
country	O
last	O
year	O
,	O
as	O
well	O
as	O
a	O
local	O
zone	O
in	O
Queretaro	B-LOCATION
.	O

