Ulaanbaatar	B-LOCATION
/	O
MONTSAME	B-ORGANIZATION
/	O
.	O

Deputy	O
Prime	O
Minister	O
of	O
Mongolia	B-LOCATION
S.	B-GIVEN_NAME
Amarsaikhan	B-FAMILY_NAME
received	O
Ambassador	O
Extraordinary	O
and	O
Plenipotentiary	O
of	O
the	O
People	B-ORGANIZATION
âs	I-ORGANIZATION
Republic	I-ORGANIZATION
of	I-ORGANIZATION
China	I-ORGANIZATION
to	O
Mongolia	B-LOCATION
Chai	B-GIVEN_NAME
Wenrui	B-FAMILY_NAME
,	O
discussing	O
the	O
issue	O
of	O
enhancing	O
bilateral	O
economic	O
cooperation	O
and	O
intensifying	O
activities	O
of	O
border	O
checkpoints	O
.	O

During	O
the	O
meeting	O
,	O
the	O
Deputy	O
PM	O
informed	O
the	O
Ambassador	O
that	O
preparations	O
are	O
complete	O
for	O
the	O
expansion	O
of	O
â	O
Zero	O
Point	O
â	O
between	O
the	O
borders	O
of	O
Mongolia	B-LOCATION
and	O
China	B-LOCATION
.	O

Emphasizing	O
that	O
intensifying	O
the	O
activities	O
of	O
border	O
checkpoints	O
is	O
of	O
mutual	O
interest	O
,	O
the	O
Ambassador	O
highlighted	O
the	O
importance	O
of	O
enhancing	O
traditional	O
forms	O
of	O
activities	O
alongside	O
introducing	O
automatic	O
guided	O
vehicles	O
(	O
AGV	O
)	O
.	O

Moreover	O
,	O
the	O
Ambassador	O
mentioned	O
that	O
the	O
Chinese	B-AFFILIATION
side	O
is	O
pursuing	O
the	O
direction	O
of	O
taking	O
all	O
possible	O
measures	O
,	O
such	O
as	O
increasing	O
the	O
capacity	O
and	O
restoring	O
the	O
operations	O
of	O
the	O
border	O
checkpoints	O
,	O
and	O
said	O
that	O
the	O
resumption	O
of	O
flights	O
between	O
the	O
two	O
countries	O
is	O
an	O
important	O
step	O
.	O

