Ulaanbaatar	B-LOCATION
/	O
MONTSAME	B-ORGANIZATION
/	O
.	O

Chairman	O
of	O
the	O
State	B-ORGANIZATION
Great	I-ORGANIZATION
Khural	I-ORGANIZATION
G.	B-GIVEN_NAME
Zandanshatar	B-FAMILY_NAME
received	O
a	O
team	O
of	O
researchers	O
led	O
by	O
Dr	O
.	O
D.	B-GIVEN_NAME
Ankhbayar	B-FAMILY_NAME
on	O
July	B-DATE
5	I-DATE
.	O

On	O
June	B-DATE
12-18	I-DATE
this	O
year	O
,	O
the	O
joint	O
research	O
team	O
of	O
the	O
Turcology	B-ORGANIZATION
Research	I-ORGANIZATION
Institute	I-ORGANIZATION
within	O
the	O
National	B-ORGANIZATION
University	I-ORGANIZATION
of	I-ORGANIZATION
Mongolia	I-ORGANIZATION|B-LOCATION
and	O
Izmir	B-ORGANIZATION
Katip	I-ORGANIZATION
Ãelebi	I-ORGANIZATION
University	I-ORGANIZATION
Turkic	B-ORGANIZATION
Studies	I-ORGANIZATION
Application	I-ORGANIZATION
and	I-ORGANIZATION
Research	I-ORGANIZATION
Center	I-ORGANIZATION
found	O
the	O
ruins	O
of	O
a	O
summer	O
palace	O
and	O
settlement	O
that	O
were	O
built	O
in	O
the	O
1260s	B-DATE
by	O
a	O
ruler	O
of	O
the	O
Mongol	B-LOCATION
Ilkhanate	I-LOCATION
State	O
Hulagu	B-GIVEN_NAME
Khan	B-FAMILY_NAME
in	O
Van	B-LOCATION
province	I-LOCATION
of	O
the	O
Republic	B-LOCATION
of	I-LOCATION
Turkey	I-LOCATION
.	O

It	O
was	O
the	O
first	O
research	O
that	O
was	O
conducted	O
abroad	O
by	O
Mongolian	B-AFFILIATION
researchers	O
with	O
official	O
permission	O
.	O

During	O
the	O
meeting	O
,	O
the	O
team	O
emphasized	O
that	O
the	O
research	O
was	O
successfully	O
carried	O
out	O
thanks	O
to	O
the	O
support	O
provided	O
by	O
the	O
Chairman	O
of	O
the	O
State	B-LOCATION
Great	I-LOCATION
Khural	I-LOCATION
.	O

Historical	O
sources	O
in	O
ancient	O
Persian	B-AFFILIATION
and	O
Armenian	B-AFFILIATION
state	O
that	O
Hulagu	B-GIVEN_NAME
Khan	B-FAMILY_NAME
had	O
his	O
summer	O
palace	O
built	O
between	O
1261	B-DATE
and	O
1265	B-DATE
in	O
the	O
fertile	O
region	O
in	O
present	O
-	O
day	O
Van	B-LOCATION
province	I-LOCATION
of	I-LOCATION
Turkey	I-LOCATION
.	O

As	O
a	O
result	O
of	O
many	O
years	O
of	O
research	O
,	O
the	O
ruins	O
of	O
this	O
summer	O
palace	O
were	O
discovered	O
and	O
rare	O
valuable	O
artifacts	O
were	O
unearthed	O
to	O
confirm	O
historical	O
facts	O
and	O
information	O
.	O

In	O
the	O
first	O
days	O
of	O
the	O
research	O
,	O
the	O
scientists	O
found	O
the	O
remains	O
of	O
ceramics	O
that	O
trace	O
back	O
to	O
the	O
period	O
of	O
Hulagu	B-GIVEN_NAME
Khan	B-FAMILY_NAME
.	O

Director	O
of	O
Turcology	B-ORGANIZATION
Research	I-ORGANIZATION
Institute	I-ORGANIZATION
Dr	O
.	O
D.	B-GIVEN_NAME
Ankhbayar	B-FAMILY_NAME
said	O
,	O
â	O
To	O
date	O
,	O
the	O
ruins	O
of	O
palaces	O
of	O
three	O
Mongol	B-AFFILIATION
Khans	O
,	O
including	O
the	O
palace	O
of	O
Kublai	B-GIVEN_NAME
Khan	B-FAMILY_NAME
in	O
Inner	B-LOCATION
Mongolian	I-LOCATION|B-AFFILIATION
Autonomous	I-LOCATION
Region	I-LOCATION
,	O
the	O
summer	O
palace	O
of	O
Ambaghai	B-GIVEN_NAME
Khan	B-FAMILY_NAME
in	O
Iran	B-LOCATION
and	O
Sarai	B-LOCATION
city	O
of	O
the	O
Golden	B-LOCATION
Horde	I-LOCATION
,	O
were	O
found	O
.	O

This	O
time	O
,	O
we	O
discovered	O
the	O
fourth	O
palace	O
.	O

It	O
is	O
believed	O
that	O
it	O
was	O
a	O
palace	O
-	O
city	O
with	O
an	O
area	O
of	O
ââ	O
at	O
least	O
1200	O
x	O
1200	O
meters	O
.	O
Archeological	O
research	O
excavations	O
are	O
planned	O
to	O
be	O
carried	O
out	O
in	O
cooperation	O
with	O
Turkish	B-AFFILIATION
scientists	O
,	O
"	O
adding	O
that	O
it	O
is	O
necessary	O
to	O
prepare	O
for	O
the	O
excavations	O
within	O
the	O
legal	O
framework	O
,	O
and	O
he	O
asked	O
the	O
Chairman	O
to	O
support	O
this	O
at	O
the	O
decision	O
-	O
making	O
level	O
.	O

Speaker	O
G.	B-GIVEN_NAME
Zandanshatar	B-FAMILY_NAME
said	O
,	O
"	O
As	O
a	O
result	O
of	O
many	O
years	O
of	O
research	O
by	O
our	O
distinguished	O
archaeologists	O
and	O
scientists	O
,	O
the	O
discovery	O
of	O
the	O
previously	O
unexplored	O
summer	O
palace	O
of	O
Khulegu	B-GIVEN_NAME
Khan	B-FAMILY_NAME
,	O
the	O
founder	O
of	O
the	O
Ilkhanate	B-LOCATION
,	O
has	O
become	O
an	O
important	O
discovery	O
in	O
the	O
history	O
and	O
archeology	O
of	O
Mongolia	B-LOCATION
as	O
well	O
as	O
the	O
world	O
.	O
I	O
am	O
confident	O
that	O
the	O
research	O
will	O
be	O
intensified	O
and	O
many	O
historical	O
artifacts	O
will	O
be	O
found	O
in	O
the	O
future	O
â	O
.	O

The	O
researchers	O
said	O
that	O
the	O
model	O
of	O
the	O
city	O
of	O
Kharkhorum	B-LOCATION
was	O
probably	O
used	O
in	O
terms	O
of	O
building	O
design	O
and	O
architectural	O
arrangement	O
.	O
The	O
construction	O
of	O
a	O
Buddhist	B-AFFILIATION
temple	O
and	O
the	O
involvement	O
of	O
Buddhist	B-AFFILIATION
sculptors	O
and	O
artisans	O
in	O
the	O
decoration	O
of	O
the	O
palace	O
increase	O
the	O
possibility	O
that	O
the	O
palace	O
is	O
Mongolian	B-AFFILIATION
in	O
nature	O
.	O
The	O
preliminary	O
observation	O
of	O
the	O
research	O
team	O
revealed	O
the	O
remains	O
of	O
blue	O
and	O
green	O
pottery	O
of	O
the	O
Ilkhanate	O
period	O
,	O
as	O
well	O
as	O
the	O
remains	O
of	O
wall	O
-	O
patterned	O
pottery	O
.	O

The	O
meeting	O
was	O
attended	O
by	O
Director	O
of	O
Turcology	B-ORGANIZATION
Research	I-ORGANIZATION
Institute	I-ORGANIZATION
Dr	O
.	O
D.	B-GIVEN_NAME
Ankhbayar	B-FAMILY_NAME
,	O
Director	O
of	O
the	O
Institute	B-ORGANIZATION
of	I-ORGANIZATION
Archaeology	I-ORGANIZATION
of	I-ORGANIZATION
the	I-ORGANIZATION
Mongolian	I-ORGANIZATION
Academy	I-ORGANIZATION
of	I-ORGANIZATION
Sciences	I-ORGANIZATION
Dr	O
.	O
A.	B-GIVEN_NAME
Enkhtur	B-FAMILY_NAME
,	O
Professor	O
of	O
the	O
Mongolian	B-ORGANIZATION|B-AFFILIATION
University	I-ORGANIZATION
of	I-ORGANIZATION
Science	I-ORGANIZATION
and	I-ORGANIZATION
Technology	I-ORGANIZATION
Dr	O
.	O
Yu	B-GIVEN_NAME
.	B-FAMILY_NAME
Boldbaatar	I-FAMILY_NAME
,	O
and	O
Historian	O
Dr	O
.	O
B.	B-GIVEN_NAME
Enkhchimeg	B-FAMILY_NAME
.	O

