Ulaanbaatar	B-LOCATION
/	O
MONTSAME	B-ORGANIZATION
/	O
.	O

The	O
Cabinet	B-ORGANIZATION
has	O
decided	O
to	O
spend	O
MNT	B-MONEY
6.5	I-MONEY
billion	I-MONEY
from	O
the	O
governmentÃ¢	O
â¬	O
â¢	O
s	O
reserve	O
fund	O
to	O
keep	O
the	O
price	O
of	O
diesel	O
fuel	O
at	O
the	O
same	O
level	O
as	O
it	O
was	O
during	O
the	O
last	O
springÃ¢	O
â¬	O
â¢	O
s	O
sowing	O
.	O

The	O
price	O
of	O
diesel	O
fuel	O
was	O
MNT	B-MONEY
3,380	I-MONEY
per	O
liter	O
during	O
the	O
last	O
sowing	O
season	O
.	O
However	O
,	O
it	O
is	O
MNT	B-MONEY
4,030	I-MONEY
today	O
,	O
increasing	O
by	O
19.6	O
percent	O
.	O
An	O
average	O
of	O
20-25	O
thousand	O
tons	O
of	O
fuel	O
is	O
needed	O
every	O
spring	O
sowing	O
and	O
autumn	O
harvesting	O
.	O
The	O
price	O
of	O
10	O
thousand	O
tons	O
of	O
diesel	O
will	O
be	O
kept	O
at	O
the	O
same	O
level	O
as	O
the	O
last	O
springÃ¢	O
â¬	O
â¢	O
s	O
sowing	O
.	O

The	O
decision	O
is	O
aimed	O
at	O
keeping	O
the	O
price	O
of	O
wheat	O
,	O
flour	O
,	O
and	O
other	O
food	O
products	O
stable	O
,	O
highlighted	O
the	O
Minister	O
of	O
Agriculture	O
and	O
Light	O
Industry	O
Z.	B-GIVEN_NAME
Mendsaikhan	B-FAMILY_NAME
.	O

This	O
year	O
,	O
sowing	O
has	O
been	O
made	O
to	O
478.7	O
thousand	O
hectares	O
nationwide	O
,	O
of	O
which	O
grain	O
in	O
347.7	O
thousand	O
hectares	O
(	O
wheat	O
in	O
331.0	O
thousand	O
hectares	O
)	O
,	O
potatoes	O
in	O
17.9	O
thousand	O
hectares	O
,	O
vegetables	O
in	O
7.9	O
thousand	O
hectares	O
,	O
fodder	O
plants	O
in	O
16.8	O
thousand	O
hectares	O
,	O
and	O
oil	O
plants	O
in	O
81.2	O
thousand	O
hectares	O
.	O

