BANDAR	B-LOCATION
SERI	I-LOCATION
BEGAWAN	I-LOCATION
,	O
July	B-DATE
25	I-DATE
(	O
Borneo	B-ORGANIZATION
Bulletin	I-ORGANIZATION
/	I-ORGANIZATION
ANN	I-ORGANIZATION
)	O
:	O
Grade	O
2	O
staff	O
officer	O
at	O
Brunei	B-LOCATION
's	O
Ministry	B-ORGANIZATION
of	I-ORGANIZATION
Religious	I-ORGANIZATION
Affairs	I-ORGANIZATION
(	O
MoRA	B-ORGANIZATION
)	O
Mohd	B-GIVEN_NAME
Shah	B-FAMILY_NAME
Nurul	I-FAMILY_NAME
Ridzuan	I-FAMILY_NAME
Maiddin	I-FAMILY_NAME
,	O
33	O
,	O
was	O
charged	O
under	O
Section	B-BRANDS
165	B-MISC
of	O
the	O
Penal	O
Code	O
for	O
an	O
offence	O
of	O
a	O
public	O
servant	O
having	O
obtained	O
a	O
valuable	O
thing	O
without	O
consideration	O
.	O

DPP	O
Rozaimah	B-GIVEN_NAME
Abdul	B-FAMILY_NAME
Rahman	I-FAMILY_NAME
revealed	O
in	O
court	O
on	O
Saturday	B-DATE
that	O
the	O
Anti	B-ORGANIZATION
-	I-ORGANIZATION
Corruption	I-ORGANIZATION
Bureau	I-ORGANIZATION
âs	O
(	O
ACB	B-ORGANIZATION
)	O
found	O
that	O
Mohd	B-GIVEN_NAME
Shah	B-FAMILY_NAME
Nurul	I-FAMILY_NAME
Ridzuan	I-FAMILY_NAME
accepted	O
BND	B-MONEY
1,000	I-MONEY
as	O
an	O
inducement	O
for	O
expediting	O
the	O
process	O
of	O
payment	O
for	O
the	O
work	O
â	O
Additional	O
Power	O
Point	O
at	O
Level	O
2	O
Housing	O
Unit	O
,	O
Old	B-LOCATION
Building	I-LOCATION
,	O
MoRA	B-ORGANIZATION
â	O
on	O
June	B-DATE
28	I-DATE
,	I-DATE
2016	I-DATE
.	O

The	O
contractor	O
had	O
told	O
the	O
defendant	O
to	O
convert	O
some	O
of	O
the	O
cash	O
into	O
gift	O
vouchers	O
in	O
order	O
to	O
be	O
given	O
to	O
other	O
employees	O
of	O
the	O
Finance	B-ORGANIZATION
Unit	I-ORGANIZATION
of	O
the	O
Building	B-ORGANIZATION
and	I-ORGANIZATION
Maintenance	I-ORGANIZATION
Section	I-ORGANIZATION
at	O
the	O
ministry	O
.	O

The	O
defendant	O
admitted	O
to	O
having	O
pocketed	O
BND	B-MONEY
500	I-MONEY
,	O
while	O
the	O
remainder	O
of	O
the	O
money	O
was	O
used	O
to	O
purchase	O
department	O
store	O
gift	O
vouchers	O
,	O
which	O
he	O
gave	O
to	O
his	O
colleagues	O
and	O
former	O
girlfriend	O
.	O

Defence	O
Counsel	O
Sheikh	B-GIVEN_NAME
Noordin	B-FAMILY_NAME
Sheikh	I-FAMILY_NAME
Mohammad	I-FAMILY_NAME
represented	O
the	O
defendant	O
.	O

Meanwhile	O
,	O
Houng	B-GIVEN_NAME
Yu	B-FAMILY_NAME
Kai	I-FAMILY_NAME
has	O
denied	O
abetting	O
Mohd	B-GIVEN_NAME
Shah	B-FAMILY_NAME
Nurul	I-FAMILY_NAME
by	O
giving	O
him	O
BND	B-MONEY
1,000	I-MONEY
to	O
expedite	O
the	O
payment	O
process	O
,	O
an	O
offence	O
under	O
Section	B-BRANDS
165	B-MISC
with	O
Section	B-BRANDS
109	B-MISC
of	O
the	O
Penal	O
Code	O
.	O

The	O
case	O
will	O
go	O
to	O
trial	O
.	O

-	O
Borneo	B-ORGANIZATION
Bulletin	I-ORGANIZATION
/	I-ORGANIZATION
ANN	I-ORGANIZATION

