KUALA	B-LOCATION
LUMPUR	I-LOCATION
:	O
The	O
Royal	B-ORGANIZATION
Malaysia	I-ORGANIZATION|B-LOCATION
Police	I-ORGANIZATION
(	O
PDRM	B-ORGANIZATION
)	O
have	O
confirmed	O
that	O
the	O
wanted	O
Malaysian	B-AFFILIATION
businessman	O
Teow	B-GIVEN_NAME
Wooi	B-FAMILY_NAME
Huat	I-FAMILY_NAME
is	O
currently	O
under	O
the	O
custody	O
of	O
Thai	B-AFFILIATION
authorities	O
.	O

PDRM	B-ORGANIZATION
secretary	O
Datuk	B-GIVEN_NAME
Noorsiah	B-FAMILY_NAME
Mohd	I-FAMILY_NAME
Saaduddin	I-FAMILY_NAME
said	O
the	O
suspect	O
is	O
being	O
investigated	O
under	O
Section	O
420	O
of	O
the	O
Penal	O
Code	O
for	O
cheating	O
.	O

"	O
The	O
PDRM	B-ORGANIZATION
is	O
in	O
the	O
process	O
of	O
applying	O
for	O
the	O
individual	O
to	O
be	O
repatriated	O
to	O
Malaysia	B-LOCATION
to	O
assist	O
in	O
investigations	O
,	O
â	O
she	O
said	O
in	O
a	O
statement	O
on	O
Monday	B-DATE
(	O
July	B-DATE
25	I-DATE
)	O
night	O
.	O

Previously	O
,	O
the	O
businessman	O
had	O
his	O
visa	O
cancelled	O
and	O
he	O
had	O
been	O
placed	O
on	O
Interpol	B-ORGANIZATION
's	O
Red	B-BRANDS
Notice	B-MISC
list	O
.	O

Teow	B-GIVEN_NAME
founded	O
the	O
MBI	B-ORGANIZATION
Group	I-ORGANIZATION
and	O
operated	O
entertainment	O
complexes	O
,	O
including	O
a	O
resort	O
in	O
Danok	B-LOCATION
at	O
the	O
Thailand	B-LOCATION
-	O
Malaysia	B-LOCATION
border	O
,	O
and	O
also	O
built	O
a	O
business	O
empire	O
from	O
online	O
investment	O
schemes	O
that	O
attracted	O
investors	O
from	O
China	B-LOCATION
,	O
Thailand	B-LOCATION
,	O
Malaysia	B-LOCATION
,	O
Indonesia	B-LOCATION
and	O
Macau	B-LOCATION
.	O

In	O
2017	B-DATE
,	O
Teow	B-GIVEN_NAME
was	O
arrested	O
by	O
the	O
Narcotics	B-ORGANIZATION
Suppression	I-ORGANIZATION
Bureau	I-ORGANIZATION
(	O
NSB	B-ORGANIZATION
)	O
of	O
the	O
Royal	B-ORGANIZATION
Thai	I-ORGANIZATION|B-AFFILIATION
Police	I-ORGANIZATION
on	O
drug	O
charges	O
,	O
but	O
he	O
bolted	O
from	O
Songkhla	B-LOCATION
and	O
escaped	O
the	O
death	O
penalty	O
.	O

In	O
2019	B-DATE
,	O
Malaysian	B-AFFILIATION
authorities	O
froze	O
91	O
bank	O
accounts	O
totalling	O
RM	B-MONEY
177	I-MONEY
mil	I-MONEY
linked	O
to	O
MBI	B-ORGANIZATION
Group	I-ORGANIZATION
International	I-ORGANIZATION
then	O
.	O

Bank	B-LOCATION
Negara	I-LOCATION|B-LOCATION
had	O
listed	O
it	O
as	O
a	O
company	O
running	O
a	O
dubious	O
financial	O
scheme	O
.	O

-	O
Bernama	B-ORGANIZATION

