KOTA	B-LOCATION
KINABALU	I-LOCATION
:	O
Two	O
women	O
were	O
sentenced	O
to	O
two	B-DURATION
years	I-DURATION
'	O
jail	O
each	O
despite	O
their	O
tearful	O
pleas	O
for	O
leniency	O
after	O
pleading	O
guilty	O
to	O
applying	O
for	O
replacement	O
MyKad	B-BRANDS
using	O
the	O
personal	O
details	O
of	O
other	O
people	O
.	O

Murada	B-GIVEN_NAME
Rabung	B-FAMILY_NAME
,	O
32	O
,	O
an	O
IMM	B-BRANDS
13	B-MISC
document	O
holder	O
,	O
and	O
Nor	B-GIVEN_NAME
Hasna	B-FAMILY_NAME
Paisal	I-FAMILY_NAME
,	O
19	O
,	O
who	O
did	O
not	O
have	O
any	O
valid	O
documents	O
,	O
were	O
charged	O
in	O
separate	O
proceedings	O
at	O
a	O
Magistrate	O
âs	O
Court	O
here	O
on	O
Monday	B-DATE
(	O
July	B-DATE
25	I-DATE
)	O
.	O

Murada	B-GIVEN_NAME
was	O
said	O
to	O
have	O
put	O
in	O
an	O
application	O
for	O
a	O
replacement	O
MyKad	B-BRANDS
using	O
particulars	O
from	O
a	O
lost	O
identity	O
card	O
belonging	O
to	O
one	O
Nazira	B-GIVEN_NAME
Eranza	B-FAMILY_NAME
at	O
the	O
National	B-ORGANIZATION
Registration	I-ORGANIZATION
Department	I-ORGANIZATION
(	O
NRD	B-ORGANIZATION
)	O
office	O
here	O
on	O
July	B-DATE
21	I-DATE
.	O

Nor	B-GIVEN_NAME
Hasna	B-FAMILY_NAME
,	O
on	O
the	O
other	O
hand	O
,	O
was	O
said	O
to	O
have	O
committed	O
the	O
same	O
act	O
but	O
using	O
a	O
lost	O
identity	O
card	O
belonging	O
to	O
one	O
Erah	B-GIVEN_NAME
Eranza	B-FAMILY_NAME
at	O
the	O
same	O
location	O
the	O
following	O
day	O
.	O

After	O
establishing	O
they	O
had	O
put	O
in	O
false	O
applications	O
,	O
enforcement	O
officers	O
from	O
Sabah	B-ORGANIZATION|B-LOCATION
NRD	I-ORGANIZATION
detained	O
the	O
women	O
.	O

Murada	B-GIVEN_NAME
and	O
Nor	B-GIVEN_NAME
Hasna	B-FAMILY_NAME
pleaded	O
guilty	O
after	O
the	O
charges	O
against	O
them	O
were	O
read	O
and	O
wept	O
before	O
Magistrates	O
Lovely	B-GIVEN_NAME
Natasha	B-FAMILY_NAME
Charles	I-FAMILY_NAME
and	O
Jessica	B-GIVEN_NAME
Ombou	B-FAMILY_NAME
Kakayun	I-FAMILY_NAME
respectively	O
,	O
pleading	O
for	O
leniency	O
.	O

The	O
women	O
were	O
charged	O
under	O
Regulation	B-BRANDS
25	B-MISC
(	I-MISC
1	I-MISC
)	I-MISC
(	I-MISC
b	I-MISC
)	O
of	O
the	O
National	B-BRANDS
Registration	B-MISC
Regulations	I-MISC
1990	I-MISC
which	O
provides	O
for	O
a	O
maximum	O
three	O
-	O
year	O
jail	O
term	O
or	O
a	O
fine	O
of	O
not	O
more	O
than	O
RM	B-MONEY
20,000	I-MONEY
,	O
or	O
both	O
,	O
on	O
conviction	O
.	O

However	O
,	O
Lovely	B-GIVEN_NAME
ordered	O
for	O
Murada	B-GIVEN_NAME
to	O
be	O
jailed	O
for	O
two	B-DURATION
years	I-DURATION
,	O
with	O
the	O
sentence	O
to	O
start	O
from	O
the	O
day	O
she	O
was	O
arrested	O
.	O

Jessica	B-GIVEN_NAME
delivered	O
the	O
same	O
ruling	O
.	O

The	O
court	O
also	O
ordered	O
for	O
both	O
the	O
accused	O
,	O
who	O
were	O
unrepresented	O
,	O
to	O
be	O
referred	O
to	O
the	O
Immigration	B-ORGANIZATION
Department	I-ORGANIZATION
once	O
their	O
jail	O
terms	O
were	O
completed	O
.	O

Prosecuting	O
officer	O
Mohd	B-GIVEN_NAME
Naser	B-FAMILY_NAME
Mohd	I-FAMILY_NAME
Nadzeri	I-FAMILY_NAME
appeared	O
for	O
the	O
prosecution	O
.	O

