TODAY	B-ORGANIZATION
NICARAGUA	I-ORGANIZATION|B-LOCATION
â	O
Nicaragua	B-LOCATION
â	O
S	O
Foreign	O
Minister	O
,	O
Denis	B-GIVEN_NAME
Moncada	B-FAMILY_NAME
,	O
described	O
as	O
â	O
unfounded	O
speculation	O
â	O
to	O
affirm	O
that	O
the	O
routine	O
authorization	O
for	O
the	O
entry	O
of	O
Russian	B-AFFILIATION
troops	O
into	O
his	O
country	O
seeking	O
to	O
install	O
foreign	O
military	O
bases	O
in	O
the	O
midst	O
of	O
the	O
Russia	B-LOCATION
-	O
Ukraine	B-LOCATION
conflict	O
.	O

â	O
These	O
are	O
speculations	O
without	O
reason	O
,	O
without	O
foundation	O
,	O
because	O
even	O
our	O
Constitution	O
establishes	O
that	O
foreign	O
military	O
bases	O
are	O
not	O
allowed	O
in	O
Nicaragua	B-LOCATION
,	O
â	O
the	O
minister	O
clarified	O
in	O
an	O
interview	O
with	O
RT	B-ORGANIZATION
en	I-ORGANIZATION
EspaÃ±ol	I-ORGANIZATION
,	O
a	O
Russian	B-AFFILIATION
state	O
-	O
controlled	O
international	O
television	O
network	O
funded	O
by	O
the	O
Russian	B-AFFILIATION
government	O
and	O
broadcast	O
by	O
Nicaragua	B-LOCATION
âs	O
state	O
television	O
channel	O
4	O
.	O

Moncada	B-GIVEN_NAME
responded	O
in	O
this	O
way	O
to	O
the	O
interviewer	O
âs	O
question	O
,	O
who	O
spoke	O
of	O
â	O
speculation	O
â	O
about	O
the	O
â	O
hypothetical	O
installation	O
of	O
military	O
bases	O
from	O
other	O
countries	O
â	O
in	O
Nicaragua	B-LOCATION
.	O

â	O
Let	O
us	O
remember	O
that	O
the	O
Western	B-AFFILIATION
media	O
and	O
many	O
sectors	O
[	O
are	O
]	O
interested	O
in	O
destabilizing	O
Nicaragua	B-LOCATION
in	O
this	O
case	O
.	O

They	O
take	O
advantage	O
of	O
something	O
that	O
is	O
routine	O
,	O
we	O
could	O
say	O
[	O
that	O
has	O
been	O
done	O
]	O
for	O
many	O
years	O
,	O
â	O
he	O
explained	O
.	O

Authorization	O

On	O
June	B-DATE
14	I-DATE
,	O
the	O
Nicaraguan	B-ORGANIZATION|B-AFFILIATION
Legislature	I-ORGANIZATION
,	O
with	O
an	O
official	O
majority	O
,	O
approved	O
at	O
the	O
request	O
of	O
President	O
Daniel	B-GIVEN_NAME
Ortega	B-FAMILY_NAME
the	O
authorization	O
for	O
the	O
entry	O
of	O
troops	O
,	O
ships	O
and	O
aircraft	O
from	O
Russia	B-LOCATION
,	O
the	O
United	B-LOCATION
States	I-LOCATION
and	O
other	O
countries	O
for	O
humanitarian	O
exercises	O
with	O
the	O
Nicaraguan	B-AFFILIATION
army	O
.	O

Last	O
week	O
,	O
the	O
head	O
of	O
US	B-LOCATION
diplomacy	O
for	O
Latin	B-LOCATION
America	I-LOCATION
,	O
Brian	B-GIVEN_NAME
Nichols	B-FAMILY_NAME
,	O
said	O
it	O
was	O
a	O
â	O
dangerous	O
provocation	O
â	O
to	O
invite	O
the	O
Russians	B-AFFILIATION
to	O
Nicaragua	B-LOCATION
,	O
even	O
for	O
humanitarian	O
exercises	O
,	O
at	O
a	O
time	O
when	O
Russia	B-LOCATION
invades	O
Ukraine	B-LOCATION
.	O

â	O
What	O
is	O
happening	O
is	O
that	O
this	O
normal	O
and	O
routine	O
event	O
is	O
being	O
used	O
to	O
try	O
to	O
create	O
an	O
adverse	O
environment	O
for	O
the	O
Nicaraguan	B-AFFILIATION
government	O
and	O
the	O
Nicaraguan	B-AFFILIATION
people	O
,	O
â	O
Moncada	B-GIVEN_NAME
replied	O
.	O

The	O
foreign	O
minister	O
explained	O
that	O
the	O
eventual	O
entry	O
of	O
foreign	O
troops	O
will	O
be	O
carried	O
out	O
within	O
the	O
framework	O
of	O
a	O
relationship	O
of	O
â	O
friendship	O
,	O
cooperation	O
,	O
solidarity	O
and	O
support	O
in	O
emergency	O
situations	O
,	O
search	O
,	O
rescue	O
and	O
rescue	O
.	O
â	O

They	O
are	O
military	O
activities	O
that	O
have	O
been	O
carried	O
out	O
for	O
â	O
years	O
,	O
where	O
the	O
President	O
of	O
the	O
Republic	O
sends	O
the	O
National	B-ORGANIZATION
Assembly	I-ORGANIZATION
to	O
approve	O
an	O
Executive	O
decree	O
where	O
the	O
entry	O
of	O
troops	O
is	O
legally	O
authorized	O
,	O
â	O
he	O
commented	O
.	O

The	O
United	B-LOCATION
States	I-LOCATION
has	O
sanctioned	O
Ortega	B-GIVEN_NAME
âs	O
relatives	O
and	O
associates	O
in	O
recent	O
years	O
,	O
considering	O
that	O
his	O
government	O
does	O
not	O
respect	O
democracy	O
and	O
human	O
rights	O
.	O

Ortega	B-GIVEN_NAME
won	O
a	O
fourth	O
consecutive	O
term	O
in	O
November	B-DATE
with	O
his	O
rivals	O
imprisoned	O
or	O
exiled	O
.	O

His	O
government	O
has	O
strengthened	O
ties	O
with	O
Russia	B-LOCATION
,	O
a	O
country	O
that	O
has	O
provided	O
military	O
aid	O
,	O
anticovid	O
vaccines	O
and	O
a	O
satellite	O
monitoring	O
station	O
(	O
Glonass	B-BRANDS
)	O
that	O
uses	O
24	O
Russian	B-AFFILIATION
satellites	O
.	O

