TODAY	B-ORGANIZATION
NICARAGUA	I-ORGANIZATION|B-LOCATION
â	O
Nicaragua	B-LOCATION
is	O
an	O
interesting	O
place	O
,	O
with	O
a	O
tumultuous	O
history	O
and	O
a	O
relatively	O
peaceful	O
present	O
.	O

and	O
even	O
if	O
many	O
things	O
can	O
be	O
better	O
,	O
many	O
people	O
live	O
happy	O
lives	O
there	O
.	O

If	O
there	O
is	O
one	O
thing	O
that	O
unifies	O
all	O
Nicaraguans	B-AFFILIATION
is	O
the	O
love	O
for	O
their	O
tradition	O
and	O
their	O
culture	O
.	O

Nicaraguans	B-AFFILIATION
are	O
proud	O
of	O
what	O
they	O
have	O
.	O

And	O
one	O
of	O
the	O
things	O
they	O
have	O
is	O
their	O
local	O
food	O
.	O

The	O
Nicaraguan	B-AFFILIATION
cuisine	O
includes	O
a	O
mixture	O
of	O
the	O
indigenous	O
Miskito	B-AFFILIATION
people	O
,	O
Spanish	B-AFFILIATION
cuisine	O
and	O
Creole	B-AFFILIATION
cuisine	O
.	O

Despite	O
the	O
blending	O
and	O
incorporation	O
of	O
pre	O
-	O
Columbian	B-AFFILIATION
and	O
Spanish	B-AFFILIATION
influenced	O
cuisine	O
,	O
traditional	O
cuisine	O
differs	O
on	O
the	O
Pacific	B-LOCATION
and	O
the	O
Caribbean	B-LOCATION
coast	O
.	O

Many	O
of	O
the	O
local	O
dishes	O
are	O
based	O
on	O
corn	O
,	O
and	O
some	O
of	O
them	O
are	O
cooked	O
on	O
banana	O
leaves	O
for	O
a	O
unique	O
taste	O
.	O

Gallo	O
Pinto	O

A	O
mixture	O
of	O
rice	O
and	O
beans	O
(	O
appearing	O
above	O
in	O
breakfast	O
)	O
,	O
most	O
Nicaraguans	B-AFFILIATION
eat	O
this	O
almost	O
daily	O
and	O
it	O
is	O
considered	O
a	O
national	O
symbol	O
.	O

It	O
âs	O
delicious	O
but	O
I	O
ate	O
this	O
so	O
often	O
that	O
after	O
a	O
few	O
weeks	O
I	O
asked	O
if	O
I	O
could	O
have	O
my	O
rice	O
and	O
beans	O
â	O
separado	O
â	O
for	O
some	O
variety	O
.	O

Quesillo	O

A	O
medium	O
sized	O
tortilla	O
topped	O
with	O
molten	O
cheese	O
,	O
pickled	O
sliced	O
onions	O
,	O
sour	O
cream	O
,	O
rolled	O
into	O
the	O
shape	O
of	O
a	O
burrito	O
.	O

Very	O
convenient	O
for	O
eating	O
on	O
the	O
run	O
.	O

It	O
has	O
become	O
a	O
staple	O
of	O
the	O
Nicaraguan	B-AFFILIATION
cuisine	O
(	O
although	O
it	O
may	O
have	O
its	O
roots	O
elsewhere	O
)	O

Originally	O
from	O
LeÃ³n	B-LOCATION
,	O
it	O
âs	O
a	O
simple	O
dish	O
but	O
so	O
tasty	O
that	O
restaurants	O
are	O
dedicated	O
to	O
selling	O
only	O
quesillos	O
.	O

They	O
say	O
that	O
the	O
best	O
are	O
found	O
on	O
the	O
highway	O
between	O
Managua	B-LOCATION
and	O
Leon	B-LOCATION
,	O
but	O
I	O
had	O
them	O
and	O
did	O
not	O
notice	O
a	O
difference	O
from	O
those	O
sold	O
on	O
the	O
street	O
in	O
Leon	O
.	O

Sopa	O
de	O
queso	O
(	O
Cheese	O
soup	O
)	O

It	O
âs	O
a	O
tomato	O
â	O
chicken	O
broth	O
topped	O
with	O
crispy	O
fried	O
cheese	O
-	O
balls	O
.	O

The	O
cheese	O
taste	O
comes	O
from	O
the	O
fact	O
that	O
the	O
cheese	O
-	O
balls	O
disintegrate	O
into	O
the	O
broth	O
at	O
the	O
moment	O
you	O
put	O
them	O
in	O
.	O

Again	O
,	O
there	O
may	O
be	O
similar	O
dishes	O
to	O
this	O
one	O
in	O
Latin	B-LOCATION
America	I-LOCATION
.	O

Nacatamales	O

Nactamales	O
is	O
the	O
local	O
take	O
on	O
the	O
traditional	O
Latin	B-LOCATION
America	I-LOCATION
Tamale	O
.	O

It	O
âs	O
big	O
.	O
It	O
âs	O
tasty	O
,	O
it	O
âs	O
high	O
in	O
calories	O
.	O
It	O
âs	O
made	O
of	O
corn	O
flour	O
,	O
and	O
filled	O
up	O
with	O
as	O
many	O
as	O
20	O
ingredients	O
,	O
which	O
may	O
include	O
:	O
pork	O
,	O
chicken	O
,	O
peas	O
,	O
carrots	O
,	O
onions	O
,	O
peppermint	O
,	O
sour	O
orange	O
,	O
peppers	O
,	O
and	O
many	O
others	O
.	O
This	O
is	O
one	O
of	O
the	O
meals	O
that	O
is	O
cooked	O
in	O
banana	O
leaves	O
.	O
An	O
average	O
Nacatamal	O
may	O
have	O
1000	O
calories	O
.	O
It	O
is	O
very	O
popular	O
.	O

Fritanga	O

This	O
is	O
the	O
most	O
common	O
street	O
food	O
in	O
the	O
country	O
for	O
night	O
time	O
.	O
If	O
you	O
want	O
to	O
eat	O
local	O
at	O
any	O
town	O
,	O
just	O
ask	O
anyone	O
:	O
â	O
Where	O
can	O
I	O
have	O
the	O
best	O
Fritanga	O
â	O
,	O
and	O
they	O
will	O
guide	O
you	O
to	O
their	O
favorite	O
food	O
spot	O
.	O
Fritanga	O
is	O
a	O
mixture	O
of	O
fried	O
and	O
tasty	O
pieces	O
of	O
beef	O
,	O
chicken	O
,	O
pork	O
,	O
plantains	O
,	O
cheese	O
,	O
all	O
topped	O
with	O
chopped	O
cabbage	O
and	O
tomatoes	O
.	O
Will	O
fill	O
you	O
up	O
quite	O
well	O
.	O

VigorÃ³n	O

Pork	O
cracklings	O
with	O
tenderly	O
cooked	O
cassava	O
,	O
topped	O
with	O
chopped	O
cabbage	O
and	O
tomatoes	O
.	O
This	O
is	O
one	O
food	O
that	O
can	O
be	O
traced	O
to	O
its	O
origins	O
.	O
Nicaragua	B-LOCATION
is	O
a	O
country	O
where	O
Baseball	O
is	O
the	O
most	O
popular	O
sport	O
.	O

A	O
lady	O
entrepreneur	O
was	O
looking	O
for	O
a	O
way	O
of	O
selling	O
food	O
at	O
a	O
baseball	O
stadium	O
,	O
in	O
such	O
a	O
way	O
people	O
could	O
eat	O
it	O
without	O
using	O
forks	O
,	O
and	O
could	O
easily	O
dispose	O
of	O
any	O
trash	O
.	O
She	O
came	O
up	O
with	O
the	O
ingredients	O
,	O
and	O
the	O
name	O
has	O
to	O
do	O
with	O
a	O
medicine	O
with	O
the	O
same	O
name	O
,	O
which	O
was	O
used	O
to	O
increase	O
the	O
vigor	O
of	O
people	O
.	O

The	O
food	O
became	O
a	O
staple	O
of	O
Granada	B-LOCATION
,	O
the	O
town	O
where	O
it	O
was	O
developed	O
,	O
but	O
it	O
is	O
eaten	O
around	O
the	O
country	O
and	O
beyond	O
.	O
It	O
is	O
usually	O
served	O
on	O
banana	O
leaves	O
.	O

Baho	O

This	O
one	O
is	O
more	O
elaborate	O
,	O
and	O
it	O
takes	O
dried	O
beef	O
and	O
some	O
vegetables	O
:	O
cassava	O
,	O
plantain	O
,	O
tomatoes	O
,	O
onions	O
,	O
all	O
topped	O
,	O
yes	O
,	O
with	O
the	O
same	O
chopped	O
cabbage	O
and	O
tomatoes	O
as	O
in	O
the	O
previous	O
plates	O
.	O
This	O
food	O
is	O
popular	O
for	O
lunch	O
,	O
and	O
also	O
served	O
on	O
the	O
people	O
âs	O
plates	O
.	O
Very	O
tasty	O
,	O
very	O
hearty	O
.	O

These	O
are	O
just	O
some	O
examples	O
of	O
the	O
food	O
you	O
get	O
in	O
Nicaragua	B-LOCATION
,	O
across	O
the	O
whole	O
country	O
.	O
But	O
there	O
are	O
many	O
local	O
dishes	O
in	O
every	O
city	O
that	O
can	O
be	O
taken	O
advantage	O
of	O
.	O

Nicaraguans	B-AFFILIATION
are	O
proud	O
of	O
their	O
country	O
,	O
their	O
culture	O
and	O
their	O
food	O
.	O
Just	O
ask	O
.	O

What	O
do	O
Nicaraguans	B-AFFILIATION
eat	O
daily	O
?	O

Breakfast	O
:	O
Beans	O
,	O
rice	O
,	O
tortilla	O
.	O
Served	O
with	O
water	O
,	O
sometimes	O
flavored	O
with	O
powder	O
.	O

Lunch	O
:	O
Beans	O
,	O
rice	O
,	O
tortilla	O
.	O
Sometimes	O
chicken	O
on	O
the	O
side	O
.	O
Sometimes	O
cucumber	O
or	O
cabbage	O
on	O
the	O
side	O
.	O
Occasionally	O
soup	O
as	O
an	O
alternative	O
to	O
this	O
meal	O
.	O

Dinner	O
:	O
Beans	O
,	O
rice	O
,	O
tortilla	O
.	O
Sometimes	O
chicken	O
or	O
pork	O
on	O
the	O
side	O
.	O
Sometimes	O
cucumber	O
or	O
cabbage	O
on	O
the	O
side	O
.	O
Sometimes	O
pico	O
de	O
gallo	O
on	O
the	O
side	O
.	O

In	O
rural	O
Nicaragua	B-LOCATION
,	O
there	O
is	O
nât	O
a	O
whole	O
lot	O
of	O
variation	O
between	O
days	O
or	O
between	O
meals	O
.	O
There	O
is	O
also	O
a	O
lot	O
of	O
snacking	O
.	O
Pick	O
mangos	O
and	O
mamon	O
off	O
of	O
trees	O
and	O
eat	O
them	O
when	O
they	O
want	O
is	O
not	O
uncommon	O
.	O

In	O
the	O
cities	O
,	O
there	O
is	O
a	O
lot	O
more	O
variation	O
of	O
what	O
you	O
can	O
eat	O
,	O
similar	O
to	O
anywhere	O
else	O
.	O

