TODAY	B-ORGANIZATION
NICARAGUA	I-ORGANIZATION|B-LOCATION
â	O
Two	O
Nicaraguan	B-AFFILIATION
priests	O
and	O
a	O
pastor	O
have	O
in	O
recent	O
years	O
accused	O
the	O
first	O
lady	O
and	O
vice	O
-	O
president	O
,	O
Rosario	B-GIVEN_NAME
Murillo	B-FAMILY_NAME
,	O
of	O
having	O
satanic	O
practices	O
,	O
as	O
reported	O
by	O
the	O
by	O
100	O
%	O
noticias	O
.	O

One	O
of	O
them	O
is	O
the	O
Colombian	B-AFFILIATION
priest	O
Luis	B-GIVEN_NAME
Carrillo	B-FAMILY_NAME
Carrillo	I-FAMILY_NAME
,	O
who	O
was	O
working	O
in	O
Nicaragua	B-LOCATION
for	O
nine	B-DURATION
years	I-DURATION
until	O
he	O
was	O
expelled	O
on	O
October	B-DATE
19	I-DATE
,	I-DATE
2020	I-DATE
,	O
for	O
his	O
strong	O
criticism	O
of	O
the	O
Ortega	B-GIVEN_NAME
-	B-FAMILY_NAME
Murillo	I-FAMILY_NAME
government	O
.	O

Among	O
the	O
comments	O
made	O
by	O
Carrillo	B-GIVEN_NAME
,	O
he	O
stated	O
that	O
the	O
speeches	O
based	O
on	O
hatred	O
have	O
to	O
do	O
with	O
a	O
diabolical	O
presence	O
in	O
the	O
couple	O
that	O
violently	O
governs	O
the	O
country	O
,	O
alluding	O
to	O
the	O
president	O
of	O
Nicaragua	B-LOCATION
Daniel	B-GIVEN_NAME
Ortega	B-FAMILY_NAME
and	O
his	O
wife	O
.	O

â	O
For	O
them	O
to	O
meet	O
in	O
a	O
place	O
,	O
it	O
is	O
not	O
necessary	O
to	O
go	O
there	O
to	O
the	O
Plaza	B-LOCATION
de	I-LOCATION
la	I-LOCATION
RevoluciÃ³n	I-LOCATION
,	O
for	O
the	O
bishops	O
to	O
meet	O
with	O
their	O
exorcists	O
and	O
perform	O
an	O
exorcism	O
and	O
invite	O
the	O
holy	O
people	O
of	O
God	O
to	O
fasting	O
and	O
prayer	O
.	O

This	O
will	O
make	O
him	O
tremble	O
and	O
make	O
all	O
of	O
this	O
collapse	O
fast	O
,	O
â	O
Carrillo	B-GIVEN_NAME
said	O
.	O

The	O
Colombian	B-AFFILIATION
priest	O
assured	O
that	O
an	O
exorcism	O
is	O
more	O
than	O
effective	O
and	O
if	O
it	O
is	O
accompanied	O
by	O
fasting	O
,	O
prayer	O
and	O
sacrifice	O
,	O
the	O
forces	O
of	O
evil	O
can	O
be	O
defeated	O
because	O
as	O
the	O
Bible	B-BRANDS
says	O
â	O
the	O
fight	O
is	O
not	O
against	O
men	O
,	O
it	O
is	O
against	O
evil	O
spirits	O
,	O
â	O
he	O
added	O
.	O

â	O
The	O
devil	O
knows	O
the	O
scriptures	O
and	O
he	O
used	O
them	O
when	O
he	O
made	O
the	O
third	O
temptation	O
to	O
our	O
Lord	B-GIVEN_NAME
Jesus	B-FAMILY_NAME
Christ	I-FAMILY_NAME
and	O
told	O
them	O
to	O
wash	O
the	O
dishes	O
on	O
the	O
outside	O
and	O
inside	O
they	O
are	O
rotten	O
,	O
the	O
hearts	O
of	O
many	O
are	O
dirty	O
,	O
especially	O
who	O
we	O
are	O
talking	O
about	O
today	O
(	O
Rosario	B-GIVEN_NAME
Murillo	B-FAMILY_NAME
)	O
is	O
black	O
,	O
rotten	O
,	O
because	O
she	O
uses	O
the	O
word	O
of	O
God	O
to	O
deceive	O
people	O
and	O
those	O
who	O
do	O
not	O
know	O
her	O
say	O
:	O
oh	O
how	O
beautiful	O
she	O
speaks	O
,	O
but	O
if	O
she	O
practiced	O
things	O
she	O
speaks	O
,	O
we	O
would	O
be	O
in	O
paradise	O
,	O
practically	O
,	O
but	O
right	O
now	O
everything	O
is	O
hate	O
,	O
rancor	O
and	O
desire	O
for	O
violence	O
,	O
â	O
expressed	O
the	O
priest	O
.	O

The	O
statements	O
refer	O
to	O
the	O
pentagrams	O
that	O
he	O
had	O
made	O
in	O
the	O
famous	O
Plaza	B-LOCATION
de	I-LOCATION
La	I-LOCATION
RevoluciÃ³n	I-LOCATION
,	O
a	O
symbol	O
associated	O
with	O
the	O
church	B-ORGANIZATION
of	I-ORGANIZATION
Satan	I-ORGANIZATION
.	O

â	O
All	O
those	O
children	O
who	O
were	O
killed	O
in	O
2018	B-DATE
(	O
30	O
)	O
were	O
not	O
by	O
pure	O
chance	O
,	O
they	O
were	O
deliveries	O
of	O
souls	O
,	O
directed	O
,	O
but	O
everything	O
is	O
reversed	O
,	O
â	O
continued	O
the	O
priest	O
,	O
who	O
added	O
that	O
the	O
folkloric	O
wealth	O
of	O
Nicaragua	B-LOCATION
should	O
not	O
be	O
confused	O
with	O
this	O
type	O
of	O
Satanic	B-AFFILIATION
rites	O
,	O
since	O
the	O
majority	O
of	O
the	O
people	O
are	O
Christian	B-AFFILIATION
believers	O
.	O

â	O
1	O
-	O
Any	O
desecration	O
of	O
a	O
Catholic	B-AFFILIATION
temple	O
is	O
considered	O
satanic	O
.	O

2	O
-	O
The	O
(	O
Catholic	B-AFFILIATION
)	O
church	O
has	O
immediately	O
denounced	O
when	O
it	O
has	O
happened	O
.	O

3	O
â	O
In	O
2018	B-DATE
there	O
was	O
a	O
day	O
of	O
exorcism	O
throughout	O
the	O
country	O
and	O
4	O
â	O
Currently	O
the	O
church	O
has	O
convened	O
a	O
day	O
of	O
national	O
and	O
permanent	O
prayer	O
due	O
to	O
the	O
evils	O
we	O
are	O
experiencing	O
,	O
in	O
which	O
supernatural	O
forces	O
are	O
found	O
that	O
are	O
only	O
expelled	O
with	O
fasting	O
and	O
prayer	O
.	O

This	O
is	O
how	O
Nicaraguan	B-AFFILIATION
Catholics	I-AFFILIATION
remain	O
,	O
â	O
said	O
the	O
Managua	B-LOCATION
family	O
vicar	O
.	O

Another	O
religious	O
leader	O
,	O
but	O
from	O
the	O
Protestant	B-AFFILIATION
church	O
,	O
is	O
Pastor	O
Rudy	B-GIVEN_NAME
Palacios	B-FAMILY_NAME
,	O
who	O
also	O
launched	O
accusations	O
against	O
Murillo	B-GIVEN_NAME
.	O

â	O
Year	O
after	O
year	O
she	O
wants	O
to	O
do	O
things	O
that	O
have	O
to	O
do	O
with	O
energy	O
and	O
strength	O
,	O
because	O
these	O
people	O
are	O
esoteric	O
and	O
satanic	O
,	O
they	O
believe	O
a	O
lot	O
in	O
these	O
things	O
of	O
energy	O
,	O
fetish	O
,	O
objects	O
familiar	O
to	O
Satanism	B-BRANDS
like	O
that	O
star	O
that	O
she	O
has	O
there	O
in	O
the	O
park	O
.	O

It	O
may	O
be	O
that	O
she	O
feels	O
weak	O
because	O
they	O
have	O
to	O
be	O
resorting	O
to	O
those	O
methods	O
of	O
invocations	O
,	O
pacts	O
and	O
rituals	O
,	O
black	O
masses	O
and	O
those	O
objects	O
that	O
are	O
seen	O
in	O
the	O
works	O
they	O
do	O
,	O
it	O
is	O
a	O
reflection	O
of	O
what	O
they	O
do	O
internally	O
,	O
â	O
Palacios	B-GIVEN_NAME
stated	O
.	O

He	O
added	O
that	O
in	O
2020	B-DATE
she	O
,	O
Murrillo	B-GIVEN_NAME
,	O
put	O
a	O
star	O
and	O
this	O
year	O
in	O
that	O
park	O
they	O
are	O
going	O
to	O
put	O
two	O
more	O
and	O
that	O
means	O
that	O
she	O
is	O
looking	O
for	O
more	O
energy	O
to	O
get	O
stronger	O
and	O
stay	O
in	O
power	O
.	O

â	O
They	O
invoke	O
forces	O
of	O
nature	O
because	O
they	O
consider	O
that	O
their	O
adversaries	O
take	O
energy	O
away	O
from	O
them	O
.	O

That	O
is	O
why	O
she	O
wants	O
to	O
eliminate	O
all	O
opponents	O
and	O
everything	O
that	O
is	O
adverse	O
to	O
her	O
system	O
because	O
they	O
feel	O
that	O
it	O
weakens	O
them	O
.	O

â	O
With	O
the	O
fall	O
of	O
the	O
arbolatas	O
(	O
metal	O
structures	O
that	O
the	O
Government	O
put	O
up	O
,	O
known	O
as	O
trees	O
of	O
life	O
and	O
that	O
the	O
people	O
baptized	O
as	O
Chayopalos	B-BRANDS
)	O
she	O
felt	O
that	O
she	O
lost	O
strength	O
,	O
so	O
she	O
had	O
to	O
make	O
invocations	O
with	O
walls	O
,	O
including	O
those	O
constructions	O
that	O
she	O
made	O
for	O
July	B-DATE
19	I-DATE
(	I-DATE
2020	I-DATE
)	O
,	O
the	O
thing	O
about	O
the	O
bell	O
and	O
now	O
it	O
comes	O
with	O
that	O
of	O
the	O
star	O
,	O
it	O
is	O
already	O
entering	O
a	O
higher	O
level	O
of	O
Satanism	B-BRANDS
because	O
those	O
are	O
the	O
ones	O
that	O
Satanism	B-BRANDS
uses	O
to	O
perform	O
its	O
rituals	O
,	O
â	O
the	O
pastor	O
continued	O
.	O

Palacios	B-GIVEN_NAME
assured	O
that	O
Murillo	B-GIVEN_NAME
has	O
the	O
country	O
under	O
the	O
cover	O
of	O
an	O
evil	O
,	O
dark	O
force	O
,	O
so	O
Christians	B-AFFILIATION
need	O
to	O
pray	O
every	O
day	O
more	O
so	O
that	O
those	O
dark	O
forces	O
are	O
overthrown	O
.	O

