TODAY	B-ORGANIZATION
NICARAGUA	I-ORGANIZATION|B-LOCATION
â	O
Tropical	O
storm	O
Bonnie	B-BRANDS
made	O
landfall	O
in	O
the	O
southern	O
Caribbean	B-LOCATION
of	I-LOCATION
Nicaragua	I-LOCATION|B-LOCATION
at	O
nine	O
o	O
â	O
clock	O
Friday	B-BRANDS
night	O
,	O
according	O
to	O
the	O
United	B-LOCATION
States	I-LOCATION
National	B-ORGANIZATION
Hurricane	I-ORGANIZATION
Center	I-ORGANIZATION
(	O
NHC	B-ORGANIZATION
)	O
.	O

According	O
to	O
the	O
NHC	B-ORGANIZATION
,	O
the	O
tropical	O
storm	O
reached	O
Nicaraguan	B-AFFILIATION
territory	O
with	O
winds	O
of	O
85	O
kilometers	O
per	O
hour	O
,	O
with	O
stronger	O
gusts	O
.	O

At	O
6	B-TIME
:	I-TIME
00	B-TIME
pm	I-TIME
,	O
Bonnie	B-BRANDS
was	O
located	O
130	O
kilometers	O
south	O
-	O
southwest	O
of	O
Bluefields	B-LOCATION
,	O
with	O
sustained	O
winds	O
of	O
75	O
kilometers	O
per	O
hour	O
.	O

Friday	B-BRANDS
morning	O
the	O
phenomenon	O
officially	O
acquired	O
the	O
category	O
of	O
tropical	O
storm	O
and	O
the	O
name	O
â	O
Bonnie	B-BRANDS
â	O
.	O

According	O
to	O
the	O
National	B-ORGANIZATION
Hurricane	I-ORGANIZATION
Center	I-ORGANIZATION
,	O
it	O
will	O
generate	O
heavy	O
rains	O
as	O
it	O
enters	O
the	O
southern	O
part	O
of	O
Nicaragua	B-LOCATION
.	O

This	O
storm	O
is	O
expected	O
to	O
cross	O
the	O
country	O
,	O
from	O
east	O
to	O
west	O
,	O
and	O
exit	O
through	O
the	O
Isthmus	B-LOCATION
of	I-LOCATION
Rivas	I-LOCATION
towards	O
the	O
Pacific	B-LOCATION
Ocean	I-LOCATION
on	O
Saturday	B-BRANDS
afternoon	O
.	O

The	O
director	O
of	O
Meteorology	O
of	O
the	O
Nicaraguan	B-ORGANIZATION|B-AFFILIATION
Institute	I-ORGANIZATION
of	I-ORGANIZATION
Territorial	I-ORGANIZATION
Studies	I-ORGANIZATION
(	O
Ineter	B-ORGANIZATION
)	O
,	O
Marcio	B-GIVEN_NAME
Baca	B-FAMILY_NAME
;	O
that	O
of	O
the	O
National	B-ORGANIZATION
System	I-ORGANIZATION
for	I-ORGANIZATION
Disaster	I-ORGANIZATION
Prevention	I-ORGANIZATION
,	I-ORGANIZATION
Mitigation	I-ORGANIZATION
and	I-ORGANIZATION
Attention	I-ORGANIZATION
(	O
Sinapred	B-LOCATION
)	O
,	O
Guillermo	B-GIVEN_NAME
GonzÃ¡lez	B-FAMILY_NAME
and	O
the	O
designated	O
vice	O
president	O
of	O
the	O
country	O
,	O
Rosario	B-GIVEN_NAME
Murillo	B-FAMILY_NAME
,	O
appeared	O
at	O
about	O
ten	O
o	O
â	O
clock	O
at	O
night	O
in	O
official	O
media	O
and	O
sent	O
a	O
message	O
to	O
the	O
population	O
to	O
â	O
do	O
not	O
lower	O
your	O
guard	O
â	O
and	O
be	O
careful	O
in	O
areas	O
where	O
there	O
is	O
saturation	O
of	O
the	O
soil	O
.	O

Green	O
and	O
yellow	O
alert	O

Prior	O
to	O
the	O
entry	O
of	O
the	O
meteorological	O
phenomenon	O
,	O
the	O
regime	O
of	O
Daniel	B-GIVEN_NAME
Ortega	B-FAMILY_NAME
and	O
Rosario	B-GIVEN_NAME
Murillo	B-FAMILY_NAME
decreed	O
a	O
green	O
and	O
yellow	O
alert	O
.	O

In	O
addition	O
,	O
it	O
ordered	O
the	O
evacuation	O
of	O
people	O
in	O
a	O
vulnerable	O
situation	O
in	O
the	O
areas	O
of	O
the	O
South	B-LOCATION|B-AFFILIATION
Caribbean	I-LOCATION|I-AFFILIATION
Coast	I-LOCATION
.	O

The	O
dictator	O
gave	O
a	O
speech	O
prior	O
to	O
Bonnie	B-BRANDS
âs	O
arrival	O
and	O
assured	O
that	O
they	O
guarantee	O
the	O
protection	O
of	O
the	O
population	O
and	O
that	O
members	O
of	O
the	O
Nicaraguan	B-ORGANIZATION|B-AFFILIATION
Army	I-ORGANIZATION
,	O
the	O
Police	O
and	O
State	O
institutions	O
are	O
â	O
on	O
the	O
ground	O
.	O
â	O

Almost	O
all	O
Central	B-AFFILIATION
American	I-AFFILIATION
countries	O
on	O
alert	O

Almost	O
all	O
the	O
countries	O
in	O
the	O
region	O
remain	O
on	O
alert	O
for	O
the	O
arrival	O
of	O
tropical	O
storm	O
Bonnie	B-BRANDS
and	O
the	O
damage	O
it	O
could	O
cause	O
.	O

In	O
its	O
trajectory	O
,	O
it	O
is	O
expected	O
that	O
it	O
will	O
cover	O
part	O
of	O
the	O
south	O
of	O
Nicaragua	B-LOCATION
and	O
the	O
north	O
of	O
Costa	B-LOCATION
Rica	I-LOCATION
.	O

According	O
to	O
the	O
National	B-ORGANIZATION
Hurricane	I-ORGANIZATION
Center	I-ORGANIZATION
of	I-ORGANIZATION
the	I-ORGANIZATION
United	I-ORGANIZATION|B-LOCATION|B-LOCATION
States	I-ORGANIZATION|I-LOCATION|I-LOCATION
,	O
the	O
progress	O
of	O
this	O
phenomenon	O
must	O
be	O
monitored	O
along	O
the	O
Caribbean	B-LOCATION|B-LOCATION
and	O
Pacific	B-LOCATION
coasts	O
of	O
Nicaragua	B-LOCATION
and	O
Costa	B-LOCATION
Rica	I-LOCATION
,	O
as	O
well	O
as	O
the	O
Pacific	B-LOCATION
coasts	O
of	O
El	B-LOCATION
Salvador	I-LOCATION
,	O
Guatemala	B-LOCATION
and	O
the	O
South	B-LOCATION
of	I-LOCATION
Mexico	I-LOCATION
.	O

Evacuations	O
in	O
Nicaragua	B-LOCATION

The	O
spokesman	O
for	O
the	O
Red	B-ORGANIZATION
Cross	I-ORGANIZATION
of	I-ORGANIZATION
the	I-ORGANIZATION
South	I-ORGANIZATION|B-LOCATION
Caribbean	I-ORGANIZATION|I-LOCATION
,	O
Denis	B-GIVEN_NAME
Bravo	B-FAMILY_NAME
,	O
told	O
the	O
AFP	B-ORGANIZATION
press	O
agency	O
that	O
34	O
shelters	O
were	O
established	O
in	O
Bluefields	B-LOCATION
and	O
the	O
critical	O
points	O
that	O
will	O
require	O
evacuation	O
were	O
visited	O
.	O

Residents	O
of	O
the	O
communities	O
of	O
RÃ­o	B-LOCATION
MaÃ­z	I-LOCATION
and	O
Monkey	B-LOCATION
Point	I-LOCATION
were	O
transferred	O
to	O
shelters	O
in	O
Bluefields	B-LOCATION
.	O

The	O
â	O
people	O
of	O
Monkey	B-LOCATION
Point	I-LOCATION
were	O
evacuated	O
because	O
we	O
know	O
that	O
the	O
wind	O
on	O
those	O
sides	O
will	O
be	O
strong	O
and	O
they	O
are	O
close	O
to	O
the	O
sea	O
,	O
â	O
the	O
deputy	O
mayor	O
of	O
Bluefields	B-LOCATION
,	O
Carla	B-GIVEN_NAME
MartÃ­n	B-FAMILY_NAME
,	O
told	O
AFP	B-ORGANIZATION
.	O

The	O
carriers	O
and	O
fishermen	O
took	O
their	O
boats	O
to	O
a	O
safe	O
place	O
and	O
the	O
population	O
stocked	O
up	O
as	O
best	O
they	O
could	O
with	O
food	O
and	O
plastic	O
.	O

Indigenous	O
people	O
from	O
the	O
Kukra	B-LOCATION
Hill	I-LOCATION
community	O
,	O
who	O
had	O
been	O
stranded	O
in	O
Bluefields	B-LOCATION
shopping	O
,	O
left	O
in	O
the	O
last	O
boats	O
for	O
their	O
community	O
,	O
the	O
agency	O
reported	O
.	O

â	O
There	O
are	O
more	O
forests	O
and	O
mountains	O
â	O
to	O
take	O
refuge	O
,	O
Teodoro	B-GIVEN_NAME
Mendoza	B-FAMILY_NAME
told	O
AFP	B-ORGANIZATION
,	O
before	O
leaving	O
on	O
a	O
boat	O
full	O
of	O
passengers	O
.	O

Towards	O
nightfall	O
,	O
the	O
naval	O
force	O
evacuated	O
dozens	O
of	O
indigenous	O
people	O
from	O
the	O
insular	O
community	O
of	O
Rama	B-LOCATION
Cay	I-LOCATION
to	O
a	O
shelter	O
that	O
had	O
been	O
opened	O
at	O
a	O
university	O
in	O
Bluefields	B-LOCATION
.	O

â	O
Everyone	O
is	O
worried	O
â	O
about	O
the	O
storm	O
,	O
fisherman	O
Johny	B-GIVEN_NAME
Taylor	B-FAMILY_NAME
told	O
AFP	B-ORGANIZATION
at	O
the	O
shelter	O
,	O
as	O
young	O
volunteers	O
from	O
the	O
city	O
cooked	O
rice	O
,	O
beans	O
,	O
tortillas	O
and	O
eggs	O
for	O
them	O
.	O

