Paulina	B-GIVEN_NAME
Ndalikokule	B-FAMILY_NAME

FOR	O
nearly	O
30	B-DURATION
years	I-DURATION
,	O
Sepira	B-GIVEN_NAME
Katjirijova	B-FAMILY_NAME
has	O
been	O
providing	O
midwifery	O
services	O
to	O
the	O
Gam	B-LOCATION
settlement	O
.	O

Such	O
services	O
have	O
been	O
a	O
lifeline	O
to	O
this	O
community	O
,	O
which	O
has	O
for	O
years	O
been	O
without	O
a	O
clinic	O
.	O

A	O
clinic	O
was	O
only	O
built	O
in	O
the	O
early	O
2000s	B-DATE
at	O
Gam	B-LOCATION
.	O

Gam	B-LOCATION
is	O
a	O
settlement	O
of	O
less	O
than	O
3	O
000	O
people	O
,	O
located	O
on	O
the	O
remote	O
north	O
-	O
eatern	O
end	O
of	O
the	O
Otjozon	B-LOCATION
Â­	I-LOCATION
djupa	I-LOCATION
region	O
.	O

In	O
keeping	O
with	O
traditional	O
midwifery	O
,	O
where	O
many	O
elders	O
had	O
taken	O
on	O
the	O
task	O
of	O
assisting	O
younger	O
family	O
members	O
in	O
giving	O
birth	O
,	O
Katjirijova	B-GIVEN_NAME
's	O
services	O
have	O
been	O
crucial	O
.	O

It	O
is	O
a	O
tradition	O
that	O
has	O
been	O
passed	O
on	O
through	O
several	O
generations	O
.	O

Walking	O
with	O
Katjirijova	B-GIVEN_NAME
through	O
the	O
Gam	B-LOCATION
settlement	O
gives	O
a	O
glimpse	O
into	O
her	O
life	O
,	O
as	O
the	O
energetic	O
70	O
-	O
year	O
-	O
old	O
greets	O
everyone	O
along	O
the	O
way	O
â	O
including	O
children	O
â	O
and	O
narrates	O
where	O
each	O
child	O
was	O
born	O
and	O
how	O
she	O
assisted	O
in	O
the	O
process	O
.	O

â	O
You	O
see	O
a	O
lot	O
of	O
these	O
kids	O
.	O

I	O
was	O
the	O
first	O
to	O
hold	O
many	O
of	O
them	O
.	O

I	O
will	O
have	O
that	O
connection	O
with	O
them	O
for	O
the	O
rest	O
of	O
my	O
life	O
,	O
â	O
she	O
says	O
before	O
stepping	O
up	O
her	O
walking	O
pace	O
.	O

For	O
her	O
age	O
,	O
she	O
surely	O
has	O
a	O
lot	O
of	O
energy	O
and	O
would	O
let	O
no	O
opportunity	O
pass	O
to	O
show	O
it	O
.	O

While	O
in	O
Botswana	B-LOCATION
,	O
Katjirijova	B-GIVEN_NAME
's	O
grandmother	O
taught	O
her	O
how	O
to	O
nurture	O
and	O
assist	O
women	O
in	O
giving	O
birth	O
at	O
a	O
young	O
age	O
.	O

When	O
she	O
and	O
her	O
family	O
relocated	O
to	O
Namibia	B-LOCATION
,	O
she	O
continued	O
her	O
practice	O
in	O
her	O
community	O
and	O
,	O
eventually	O
,	O
at	O
the	O
Gam	B-LOCATION
state	O
clinic	O
where	O
she	O
has	O
been	O
enlisted	O
due	O
to	O
her	O
expertise	O
.	O

â	O
The	O
community	O
quickly	O
trusted	O
me	O
,	O
so	O
I	O
began	O
assisting	O
even	O
at	O
the	O
clinic	O
.	O

I	O
only	O
go	O
to	O
the	O
clinic	O
to	O
escort	O
someone	O
I	O
helped	O
deliver	O
a	O
baby	O
,	O
or	O
when	O
the	O
nurses	O
call	O
me	O
,	O
â	O
she	O
says	O
.	O

She	O
says	O
in	O
her	O
days	O
granny	O
midwives	O
were	O
well	O
-	O
respected	O
women	O
who	O
cared	O
for	O
poor	O
and	O
rural	O
women	O
during	O
pregnancy	O
and	O
labour	O
when	O
hospitals	O
were	O
not	O
available	O
.	O

Katjirijova	B-GIVEN_NAME
says	O
the	O
years	O
she	O
spent	O
in	O
midwifery	O
has	O
given	O
her	O
complete	O
experience	O
to	O
even	O
detect	O
pregnancy	O
complications	O
simply	O
by	O
massaging	O
pregnant	O
women	O
.	O

â	O
Massaging	O
is	O
very	O
important	O
.	O

It	O
is	O
the	O
same	O
as	O
the	O
antenatal	O
care	O
check	O
-	O
up	O
they	O
do	O
at	O
the	O
hospitals	O
,	O
â	O
Katjirijova	B-GIVEN_NAME
says	O
.	O

â	O
When	O
I	O
see	O
there	O
is	O
a	O
problem	O
with	O
the	O
foetus	O
,	O
I	O
take	O
the	O
expecting	O
mother	O
to	O
the	O
clinic	O
for	O
a	O
further	O
medical	O
check	O
-	O
up	O
,	O
â	O
she	O
says	O
.	O

The	O
enthusiastic	O
midwife	O
says	O
her	O
services	O
have	O
never	O
been	O
a	O
replacement	O
for	O
conventional	O
prenatal	O
and	O
antenatal	O
care	O
by	O
professionals	O
at	O
hospitals	O
,	O
but	O
are	O
merely	O
meant	O
to	O
fill	O
a	O
gap	O
.	O

It	O
is	O
a	O
service	O
she	O
enjoys	O
giving	O
and	O
expects	O
nothing	O
in	O
return	O
,	O
she	O
says	O
.	O

â	O
You	O
should	O
see	O
me	O
in	O
the	O
middle	O
of	O
the	O
night	O
rushing	O
to	O
help	O
someone	O
.	O

You	O
'd	O
think	O
I	O
'm	O
still	O
in	O
my	O
youth	O
.	O

It	O
is	O
the	O
excitement	O
of	O
the	O
job	O
at	O
hand	O
that	O
drives	O
me	O
,	O
â	O
Katjirijova	B-GIVEN_NAME
says	O
.	O

Although	O
most	O
births	O
she	O
precedes	O
over	O
are	O
those	O
of	O
healthy	O
bouncing	O
babies	O
,	O
there	O
is	O
a	O
sad	O
part	O
to	O
her	O
job	O
she	O
struggles	O
with	O
â	O
observing	O
stillborn	O
babies	O
.	O

Katjirijova	B-GIVEN_NAME
says	O
since	O
starting	O
her	O
practice	O
in	O
Namibia	B-LOCATION
in	O
1993	B-DATE
,	O
she	O
has	O
assisted	O
four	O
women	O
with	O
stillbirths	O
.	O

â	O
These	O
are	O
unfortunate	O
events	O
no	O
one	O
can	O
control	O
.	O

I	O
tell	O
the	O
expecting	O
mother	O
to	O
stop	O
pushing	O
,	O
because	O
it	O
becomes	O
difficult	O
,	O
and	O
I	O
use	O
Vaseline	B-BRANDS
to	O
push	O
the	O
baby	O
out	O
.	O

â	O
I	O
prefer	O
to	O
do	O
things	O
the	O
old	O
-	O
fashioned	O
way	O
,	O
but	O
if	O
that	O
does	O
n't	O
work	O
,	O
we	O
take	O
her	O
to	O
the	O
clinic	O
.	O
â	O
she	O
says	O
.	O

She	O
says	O
the	O
clinic	O
has	O
provided	O
her	O
with	O
basic	O
equipment	O
,	O
such	O
as	O
gloves	O
and	O
an	O
apron	O
to	O
use	O
.	O

She	O
,	O
however	O
,	O
often	O
worries	O
about	O
who	O
will	O
take	O
her	O
place	O
when	O
she	O
is	O
unable	O
to	O
practise	O
any	O
longer	O
due	O
to	O
her	O
age	O
.	O

â	O
I	O
'm	O
getting	O
old	O
,	O
and	O
none	O
of	O
my	O
children	O
or	O
grandchildren	O
want	O
to	O
take	O
my	O
place	O
.	O

I	O
enjoy	O
what	O
I	O
do	O
,	O
but	O
if	O
I	O
had	O
a	O
lot	O
of	O
help	O
,	O
it	O
would	O
be	O
a	O
lot	O
easier	O
,	O
â	O
she	O
says	O
.	O

Although	O
Katjirijova	B-GIVEN_NAME
enjoys	O
volunteering	O
,	O
she	O
finds	O
it	O
difficult	O
to	O
make	O
ends	O
meet	O
without	O
compensation	O
.	O

She	O
advises	O
the	O
government	O
to	O
hire	O
volunteers	O
based	O
on	O
their	O
experience	O
,	O
rather	O
than	O
their	O
education	O
.	O

â	O
My	O
experience	O
was	O
useful	O
at	O
the	O
clinic	O
,	O
but	O
I	O
was	O
never	O
offered	O
a	O
job	O
or	O
even	O
a	O
small	O
form	O
of	O
allowance	O
,	O
â	O
she	O
says	O
.	O

'	O
SMOOTH	O
EXPERIENCE	O
'	O

Venoo	B-GIVEN_NAME
Kasupi	B-FAMILY_NAME
had	O
a	O
home	O
birth	O
delivery	O
with	O
Katjirijova	B-GIVEN_NAME
a	O
month	O
ago	O
.	O

Despite	O
having	O
had	O
both	O
home	O
and	O
hospital	O
deliveries	O
in	O
the	O
past	O
,	O
she	O
says	O
she	O
would	O
give	O
birth	O
at	O
home	O
any	O
day	O
.	O

â	O
The	O
experience	O
with	O
granny	O
Sepira	B-GIVEN_NAME
was	O
very	O
smooth	O
.	O

She	O
's	O
very	O
kind	O
and	O
fast	O
,	O
and	O
she	O
knows	O
what	O
she	O
's	O
doing	O
,	O
â	O
she	O
says	O
.	O

Working	O
with	O
Katjirijova	B-GIVEN_NAME
,	O
according	O
to	O
Jason	B-GIVEN_NAME
Goreseb	B-FAMILY_NAME
,	O
an	O
enrolled	O
nurse	O
at	O
the	O
clinic	O
,	O
is	O
a	O
bonus	O
.	O

He	O
says	O
he	O
has	O
never	O
had	O
any	O
difficulties	O
working	O
with	O
her	O
.	O

â	O
She	O
is	O
more	O
trusted	O
because	O
she	O
's	O
older	O
,	O
which	O
helps	O
a	O
lot	O
with	O
the	O
patients	O
,	O
and	O
she	O
helps	O
a	O
lot	O
with	O
breaking	O
down	O
the	O
language	O
barrier	O
.	O

â	O
She	O
used	O
to	O
use	O
her	O
hands	O
without	O
gloves	O
,	O
but	O
now	O
she	O
uses	O
them	O
.	O

I	O
've	O
noticed	O
the	O
way	O
she	O
cuts	O
the	O
cord	O
after	O
a	O
delivery	O
,	O
especially	O
at	O
home	O
,	O
is	O
much	O
better	O
.	O

â	O
She	O
would	O
start	O
off	O
by	O
looking	O
at	O
the	O
patient	O
before	O
delivery	O
when	O
the	O
pain	O
starts	O
,	O
and	O
when	O
she	O
sees	O
complications	O
or	O
any	O
problems	O
she	O
brings	O
the	O
patient	O
to	O
us	O
.	O

â	O
She	O
's	O
good	O
,	O
she	O
knows	O
what	O
she	O
's	O
doing	O
,	O
and	O
she	O
learns	O
fast	O
because	O
she	O
sees	O
what	O
we	O
do	O
and	O
she	O
takes	O
it	O
,	O
â	O
he	O
says	O
.	O

Although	O
they	O
do	O
not	O
encourage	O
home	O
deliveries	O
,	O
Goreseb	B-GIVEN_NAME
believes	O
cultural	O
and	O
traditional	O
practices	O
can	O
be	O
useful	O
in	O
emergencies	O
.	O

â	O
Having	O
someone	O
like	O
her	O
is	O
n't	O
a	O
bad	O
thing	O
,	O
because	O
if	O
I	O
need	O
to	O
escort	O
a	O
patient	O
to	O
Tsumkwe	B-LOCATION
and	O
I	O
'm	O
alone	O
,	O
she	O
comes	O
in	O
handy	O
to	O
assist	O
,	O
â	O
he	O
says	O
.	O

â	O
Roots	B-ORGANIZATION
Online	I-ORGANIZATION

