FOREIGN	O
currency	O
trader	O
Brownson	B-GIVEN_NAME
Lukas	B-FAMILY_NAME
,	O
also	O
known	O
as	O
'	O
John	B-GIVEN_NAME
Wick	B-FAMILY_NAME
CEO	I-FAMILY_NAME
'	O
on	O
social	O
media	O
,	O
who	O
is	O
accused	O
of	O
assaulting	O
his	O
girlfriend	O
earlier	O
this	O
month	O
,	O
was	O
remanded	O
in	O
custody	O
on	O
Monday	B-DATE
.	O

This	O
follows	O
the	O
unavailability	O
of	O
the	O
prosecutor	O
in	O
charge	O
of	O
the	O
matter	O
at	O
the	O
Windhoek	B-ORGANIZATION|B-LOCATION
Magistrate	I-ORGANIZATION
's	I-ORGANIZATION
Court	I-ORGANIZATION
.	O

Lukas	B-GIVEN_NAME
appeared	O
in	O
court	O
on	O
charges	O
of	O
assault	O
,	O
read	O
with	O
the	O
provisions	O
of	O
the	O
Combating	B-BRANDS
of	B-MISC
Domestic	I-MISC
Violence	I-MISC
Act	I-MISC
,	O
malicious	O
damage	O
to	O
property	O
,	O
and	O
resisting	O
arrest	O
by	O
a	O
police	O
officer	O
.	O

The	O
court	O
was	O
informed	O
that	O
the	O
matter	O
could	O
not	O
proceed	O
because	O
the	O
prosecutor	O
in	O
charge	O
had	O
a	O
death	O
in	O
the	O
family	O
.	O

The	O
matter	O
was	O
postponed	O
to	O
1	B-DATE
August	I-DATE
for	O
Lukas	B-GIVEN_NAME
'	O
bail	O
application	O
.	O

Lukas	B-GIVEN_NAME
was	O
also	O
arrested	O
on	O
a	O
charge	O
of	O
assault	O
with	O
the	O
intent	O
to	O
do	O
grievous	O
bodily	O
harm	O
in	O
January	O
this	O
year	O
,	O
after	O
an	O
incident	O
in	O
which	O
he	O
allegedly	O
assaulted	O
his	O
girlfriend	O
at	O
the	O
time	O
in	O
Klein	B-GIVEN_NAME
Windhoek	B-FAMILY_NAME
.	O

He	O
was	O
released	O
on	O
bail	O
in	O
the	O
amount	O
of	O
N	B-MONEY
$	I-MONEY
15	I-MONEY
000	I-MONEY
in	O
that	O
case	O
.	O

-	O
unWrap	B-ORGANIZATION
.	I-ORGANIZATION
online	I-ORGANIZATION

