Under	O
Secretary	O
Uzra	B-GIVEN_NAME
Zeya	B-FAMILY_NAME
of	O
the	O
United	B-LOCATION
States	I-LOCATION
met	O
on	O
Friday	B-DATE
22	I-DATE
July	I-DATE
with	O
the	O
Deputy	O
Minister	O
of	O
International	O
Relations	O
and	O
Cooperation	O
,	O
Hon	O
Jennelly	B-GIVEN_NAME
Matundu	B-FAMILY_NAME
,	O
to	O
present	O
the	O
latter	O
with	O
a	O
copy	O
of	O
the	O
Trafficking	B-BRANDS
in	B-MISC
Persons	I-MISC
report	O
,	O
compiled	O
by	O
the	O
United	B-LOCATION
States	I-LOCATION
.	O

Later	O
in	O
the	O
day	O
,	O
she	O
met	O
the	O
President	O
,	O
Dr	O
Hage	B-GIVEN_NAME
Geingob	B-FAMILY_NAME
,	O
to	O
discuss	O
issues	O
of	O
mutual	O
concern	O
.	O

Among	O
others	O
,	O
the	O
Under	O
Secretary	O
and	O
President	O
Geingob	B-GIVEN_NAME
discussed	O
joint	O
efforts	O
to	O
advance	O
shared	O
global	O
priorities	O
on	O
transnational	O
crime	O
,	O
economic	O
and	O
racial	O
justice	O
,	O
and	O
human	O
rights	O
.	O

Zeya	B-GIVEN_NAME
is	O
the	O
United	B-LOCATION
States	I-LOCATION
â	O
Under	O
Secretary	O
for	O
Civilian	O
Security	O
,	O
Democracy	B-BRANDS
,	O
and	O
Human	O
Rights	O

â	O
The	O
U.	B-LOCATION
S.	I-LOCATION
and	O
Namibia	B-LOCATION
have	O
a	O
strong	O
relationship	O
rooted	O
on	O
the	O
values	O
we	O
share	O
as	O
democracies	O
,	O
like	O
defense	O
of	O
human	O
rights	O
and	O
rejection	O
of	O
racism	O
,	O
â	O
said	O
Under	O
Secretary	O
Zeya	B-GIVEN_NAME
.	O

â	O
Democracies	O
can	O
deliver	O
best	O
for	O
their	O
people	O
,	O
and	O
our	O
countries	O
must	O
support	O
each	O
other	O
to	O
constantly	O
strengthen	O
our	O
democratic	O
institutions	O
.	O

Namibia	B-LOCATION
âs	O
achievements	O
on	O
human	O
trafficking	O
,	O
wildlife	O
trafficking	O
,	O
media	O
freedom	O
,	O
and	O
overcoming	O
HIV	B-BRANDS
are	O
proof	O
that	O
democracies	O
like	O
ours	O
deliver	O
for	O
their	O
people	O
when	O
we	O
partner	O
together	O
.	O
â	O

During	O
her	O
three	B-DURATION
day	I-DURATION
trip	O
,	O
she	O
has	O
met	O
members	O
of	O
civil	O
society	O
as	O
well	O
as	O
Namibia	B-LOCATION
âs	O
young	O
political	O
and	O
social	O
leaders	O
to	O
hear	O
their	O
vision	O
for	O
the	O
future	O
and	O
the	O
United	B-LOCATION
States	I-LOCATION
partnership	O
with	O
Namibia	B-LOCATION
.	O

She	O
also	O
visited	O
a	O
refugee	O
camp	O
where	O
refugees	O
receive	O
services	O
funded	O
by	O
the	O
United	B-LOCATION
States	I-LOCATION
,	O
and	O
the	O
Waterberg	B-LOCATION
Plateau	I-LOCATION
National	I-LOCATION
Park	I-LOCATION
to	O
see	O
first	O
-	O
hand	O
U.	B-LOCATION
S.	I-LOCATION
Namibia	B-LOCATION
cooperation	O
to	O
protect	O
endangered	O
wildlife	O
.	O

Caption	O
:	O
President	O
Hage	B-GIVEN_NAME
Geingob	B-FAMILY_NAME
met	O
US	B-LOCATION
Under	O
Secretary	O
Uzra	B-GIVEN_NAME
Zeya	B-FAMILY_NAME
(	O
left	O
)	O
and	O
and	O
US	B-LOCATION
ChargÃ©	O
d	O
â	O
Affaires	O
,	O
Jessica	B-GIVEN_NAME
Long	B-FAMILY_NAME
(	O
right	O
)	O
to	O
discuss	O
joint	O
efforts	O
to	O
advance	O
shared	O
global	O
priorities	O
.	O

