The	O
first	O
day	O
of	O
the	O
third	O
quarter	O
2022	B-DATE
will	O
go	O
down	O
in	O
history	O
as	O
the	O
turning	O
point	O
for	O
the	O
continent	O
to	O
bring	O
the	O
internet	O
closer	O
to	O
the	O
vast	O
African	B-AFFILIATION
population	O
.	O

On	O
this	O
day	O
,	O
on	O
the	O
beach	O
at	O
Swakopmund	B-LOCATION
,	O
the	O
Paratus	B-ORGANIZATION
Group	I-ORGANIZATION
together	O
with	O
local	O
partner	O
,	O
Telecom	B-ORGANIZATION
Namibia	I-ORGANIZATION|B-LOCATION
,	O
landed	O
the	O
Equiano	B-BRANDS
Google	I-BRANDS|B-ORGANIZATION
subsea	I-BRANDS
internet	I-BRANDS
cable	I-BRANDS
on	O
dry	O
land	O
.	O

The	O
cable	O
will	O
provide	O
greater	O
internet	O
connectivity	O
to	O
several	O
southern	B-AFFILIATION
African	I-AFFILIATION
countries	O
through	O
intra	O
-	O
regional	O
networks	O
that	O
are	O
either	O
already	O
under	O
construction	O
,	O
or	O
in	O
the	O
planning	O
phase	O
.	O

Commenting	O
after	O
the	O
successful	O
landing	O
,	O
Paratus	B-ORGANIZATION
said	O
Equiano	B-BRANDS
will	O
deliver	O
roughly	O
20	O
times	O
more	O
capacity	O
than	O
is	O
currently	O
available	O
.	O

The	O
cable	O
is	O
expected	O
to	O
be	O
operational	O
by	O
the	O
end	O
of	O
this	O
year	O
.	O

Telecom	B-ORGANIZATION
Namibia	I-ORGANIZATION|B-LOCATION
Chief	O
Executive	O
,	O
Dr	O
Stanley	B-GIVEN_NAME
Shanapinda	B-FAMILY_NAME
said	O
:	O
â	O
The	O
Google	B-ORGANIZATION
Equiano	B-BRANDS
Cable	I-BRANDS
shore	O
landing	O
is	O
a	O
major	O
step	O
in	O
the	O
development	O
of	O
our	O
national	O
telecommunications	O
infrastructure	O
.	O

This	O
cable	O
will	O
become	O
a	O
critical	O
element	O
in	O
meeting	O
Namibia	B-LOCATION
âs	O
current	O
and	O
future	O
international	O
connectivity	O
demands	O
,	O
as	O
the	O
cable	O
incorporates	O
new	O
technology	O
that	O
enables	O
approximately	O
20	O
times	O
more	O
network	O
capacity	O
than	O
the	O
current	O
WACS	B-ORGANIZATION
cable	O
.	O

The	O
cable	O
will	O
ensure	O
redundancy	O
for	O
Telecom	B-ORGANIZATION
Namibia	I-ORGANIZATION|B-LOCATION
and	O
offers	O
an	O
alternative	O
when	O
other	O
routes	O
may	O
be	O
impaired	O
.	O

Paratus	B-ORGANIZATION
Group	I-ORGANIZATION
chairman	O
designate	O
,	O
Barney	B-GIVEN_NAME
Harmse	B-FAMILY_NAME
,	O
who	O
personally	O
lent	O
a	O
hand	O
with	O
the	O
actual	O
landing	O
,	O
said	O
â	O
Namibia	B-LOCATION
has	O
higher	O
internet	O
connection	O
levels	O
â	O
at	O
40.5	O
%	O
compared	O
with	O
an	O
average	O
of	O
29	O
%	O
for	O
sub	B-AFFILIATION
-	I-AFFILIATION
Saharan	I-AFFILIATION
African	I-AFFILIATION
countries	O
â	O
but	O
has	O
relied	O
upon	O
the	O
West	B-ORGANIZATION
Africa	I-ORGANIZATION
Cable	I-ORGANIZATION
System	I-ORGANIZATION
(	O
WACS	B-ORGANIZATION
)	O
for	O
its	O
international	O
connectivity	O
until	O
now	O
.	O

The	O
landing	O
of	O
the	O
Equiano	B-BRANDS
cable	I-BRANDS
will	O
significantly	O
increase	O
Namibia	B-LOCATION
âs	O
international	O
bandwidth	O
capacity	O
as	O
it	O
is	O
four	O
times	O
larger	O
than	O
WACS	B-ORGANIZATION
.	O

This	O
will	O
not	O
only	O
ensure	O
better	O
stability	O
of	O
connectivity	O
in	O
the	O
country	O
,	O
but	O
also	O
lower	O
latency	O
and	O
higher	O
speeds	O
in	O
global	O
transmission	O
of	O
data	O
.	O
â	O

Equiano	B-BRANDS
âs	O
arrival	O
in	O
Namibia	B-LOCATION
is	O
set	O
to	O
increase	O
internet	O
speeds	O
by	O
over	O
2.5	O
times	O
;	O
increase	O
internet	O
penetration	O
by	O
7.5	O
%	O
in	O
the	O
next	O
three	B-DURATION
years	I-DURATION
;	O
and	O
act	O
as	O
a	O
catalyst	O
for	O
considerable	O
growth	O
,	O
job	O
creation	O
and	O
sustainability	O
.	O

The	O
Managing	O
Director	O
of	O
Google	B-ORGANIZATION
sub	B-LOCATION
-	I-LOCATION
Sahara	I-LOCATION
Africa	I-LOCATION
,	O
Nitin	B-GIVEN_NAME
Gajira	B-FAMILY_NAME
said	O
they	O
are	O
committed	O
to	O
support	O
the	O
continent	O
âs	O
digital	O
transformation	O
.	O

In	O
preparation	O
for	O
the	O
landing	O
on	O
01	B-DATE
July	I-DATE
,	O
a	O
cable	O
landing	O
station	O
was	O
completed	O
last	O
year	O
in	O
September	B-DATE
and	O
the	O
internal	O
furnishings	O
and	O
fit	O
in	O
January	B-DATE
this	O
year	O
.	O

