Muscat	B-LOCATION
:	O

To	O
enhance	O
the	O
quality	O
of	O
human	O
resources	O
,	O
boost	O
efficiency	O
and	O
inculcate	O
leadership	O
qualities	O
among	O
Omani	B-AFFILIATION
youth	O
,	O
the	O
Ministry	B-ORGANIZATION
of	I-ORGANIZATION
Labour	I-ORGANIZATION
held	O
its	O
first	O
meeting	O
on	O
job	O
rotation	O
policy	O
on	O
Monday	B-DATE
.	O

In	O
the	O
meeting	O
,	O
the	O
Ministry	B-ORGANIZATION
of	I-ORGANIZATION
Labour	I-ORGANIZATION
reviewed	O
and	O
assessed	O
the	O
application	O
of	O
job	O
rotation	O
system	O
in	O
government	O
departments	O
.	O

The	O
opening	O
ceremony	O
was	O
held	O
under	O
the	O
auspices	O
of	O
Sayyid	B-GIVEN_NAME
Salim	B-FAMILY_NAME
Musallam	I-FAMILY_NAME
Al	I-FAMILY_NAME
Busaidi	I-FAMILY_NAME
,	O
Undersecretary	O
of	O
the	O
Ministry	B-ORGANIZATION
of	I-ORGANIZATION
Labour	I-ORGANIZATION
for	I-ORGANIZATION
Human	I-ORGANIZATION
Resources	I-ORGANIZATION
Development	I-ORGANIZATION
.	O

Shaikh	O
Mohammed	B-GIVEN_NAME
bin	B-FAMILY_NAME
Al	I-FAMILY_NAME
Waleed	I-FAMILY_NAME
Al	I-FAMILY_NAME
Hinai	I-FAMILY_NAME
,	O
Head	O
of	O
the	O
central	O
team	O
tasked	O
with	O
the	O
initiative	O
,	O
presented	O
a	O
visual	O
display	O
during	O
which	O
he	O
spoke	O
about	O
reframing	O
the	O
State	O
âs	O
administrative	O
apparatus	O
,	O
analysing	O
the	O
effect	O
of	O
status	O
quo	O
in	O
the	O
government	O
sector	O
and	O
post	O
-	O
analysis	O
requirements	O
,	O
as	O
well	O
as	O
justification	O
for	O
applying	O
job	O
rotation	O
policy	O
and	O
its	O
advantages	O
.	O

Al	B-GIVEN_NAME
Hinai	B-FAMILY_NAME
pointed	O
out	O
that	O
job	O
rotation	O
brings	O
about	O
many	O
benefits	O
to	O
society	O
like	O
upgrading	O
the	O
quality	O
of	O
government	O
services	O
through	O
administrative	O
reform	O
and	O
improvement	O
in	O
human	O
capital	O
efficiency	O
.	O

He	O
added	O
that	O
the	O
initiative	O
helps	O
groom	O
leadership	O
,	O
discover	O
qualified	O
staff	O
and	O
raise	O
an	O
institution	O
âs	O
proficiency	O
.	O

Job	O
rotation	O
occurs	O
through	O
two	O
types	O
of	O
secondment	O
.	O
The	O
first	O
one	O
is	O
Internal	B-BRANDS
Secondment	B-MISC
and	O
it	O
lasts	O
less	O
than	O
6	O
months	O
.	O
The	O
second	O
one	O
is	O
External	B-BRANDS
Secondment	B-MISC
which	O
lasts	O
for	O
more	O
than	O
6	O
months	O
.	O

