Salalah	B-LOCATION
:	O
The	O
Omani	B-BRANDS|B-AFFILIATION
Rutab	B-MISC
(	O
date	O
)	O
and	O
Honey	B-BRANDS
Exhibition	B-MISC
was	O
opened	O
,	O
yesterday	O
,	O
at	O
Lulu	B-LOCATION
Hypermarket	I-LOCATION
in	O
Salalah	B-LOCATION
,	I-LOCATION
Dhofar	I-LOCATION
Governorate	I-LOCATION
.	O

The	O
exhibition	O
has	O
been	O
organised	O
by	O
the	O
Ministry	B-ORGANIZATION
of	I-ORGANIZATION
Agriculture	I-ORGANIZATION
,	I-ORGANIZATION
Fisheries	I-ORGANIZATION
and	I-ORGANIZATION
Water	I-ORGANIZATION
Resources	I-ORGANIZATION
and	O
would	O
continue	O
till	O
13	B-DATE
August	I-DATE
,	O
under	O
the	O
auspices	O
of	O
Sheikh	O
Salim	B-GIVEN_NAME
bin	B-FAMILY_NAME
Suhail	I-FAMILY_NAME
Shamas	I-FAMILY_NAME
,	O
Wali	O
od	O
Salalah	B-LOCATION
.	O

A	O
number	O
of	O
farmers	O
and	O
producers	O
of	O
dates	O
from	O
the	O
various	O
governorates	O
of	O
the	O
Sultanate	B-BRANDS
and	O
owners	O
of	O
SMEs	B-ORGANIZATION
are	O
taking	O
part	O
in	O
the	O
exhibition	O
.	O

The	O
exhibition	O
aimed	O
to	O
encourage	O
honey	O
producers	O
and	O
farmers	O
and	O
SMEs	B-ORGANIZATION
owners	O
find	O
marketing	O
outlets	O
and	O
to	O
avail	O
from	O
the	O
tourism	O
season	O
and	O
to	O
continue	O
develop	O
methods	O
of	O
display	O
,	O
packing	O
and	O
marketing	O
their	O
products	O
.	O

