In	O
the	O
midst	O
of	O
the	O
social	O
unrest	O
leading	O
to	O
street	O
closures	O
and	O
demonstrations	O
across	O
the	O
country	O
,	O
voices	O
are	O
multiplying	O
for	O
president	O
Cortizo	B-GIVEN_NAME
,	O
to	O
renew	O
his	O
Cabinet	B-ORGANIZATION
and	O
remove	O
the	O
country	O
âs	O
comptroller	O
.	O

The	O
cabinet	O
is	O
made	O
up	O
of	O
16	O
ministers	O
with	O
a	O
portfolio	O
and	O
three	O
minister	O
advisers	O
.	O

The	O
voices	O
calling	O
for	O
change	O
come	O
both	O
from	O
the	O
ranks	O
of	O
the	O
Democratic	B-ORGANIZATION|B-AFFILIATION
Revolutionary	I-ORGANIZATION
Party	I-ORGANIZATION
(	O
PRD	B-ORGANIZATION
)	O
,	O
which	O
led	O
Cortizo	B-GIVEN_NAME
-	O
in	O
alliance	O
with	O
the	O
Nationalist	B-ORGANIZATION
Republican	I-ORGANIZATION
Liberal	I-ORGANIZATION
Movement	I-ORGANIZATION
(	O
Molirena	B-ORGANIZATION
)	O
-	O
to	O
the	O
presidential	O
chair	O
in	O
2019	B-DATE
,	O
as	O
well	O
as	O
from	O
opposition	O
sectors	O
and	O
civil	O
society	O
.	O

Former	O
PRD	B-ORGANIZATION
president	O
Francisco	B-GIVEN_NAME
SÃ¡nchez	B-FAMILY_NAME
CÃ¡rdenas	I-FAMILY_NAME
sent	O
a	O
message	O
to	O
Cortizo	B-GIVEN_NAME
's	O
closest	O
team	O
.	O
"	O
The	O
current	O
ministers	O
must	O
see	O
the	O
political	O
situation	O
to	O
which	O
they	O
are	O
subjecting	O
the	O
President	O
and	O
give	O
him	O
the	O
opportunity	O
to	O
remake	O
his	O
Cabinet	B-ORGANIZATION
,	O
"	O
he	O
said	O
on	O
TVN	B-ORGANIZATION
's	O
'	O
Radar	B-BRANDS
'	O
program	O
.	O

Thus	O
,	O
he	O
said	O
,	O
Cortizo	B-GIVEN_NAME
could	O
name	O
figures	O
that	O
are	O
not	O
necessarily	O
from	O
political	O
parties	O
,	O
but	O
that	O
arises	O
from	O
a	O
kind	O
of	O
"	O
national	O
agreement	O
.	O
"	O

Something	O
similar	O
has	O
been	O
suggested	O
by	O
the	O
former	O
secretary	O
general	O
of	O
the	O
PRD	B-ORGANIZATION
,	O
Pedro	B-GIVEN_NAME
Miguel	B-FAMILY_NAME
GonzÃ¡lez	I-FAMILY_NAME
,	O
who	O
has	O
stated	O
that	O
"	O
a	O
change	O
in	O
the	O
government	O
team	O
with	O
experienced	O
people	O
and	O
a	O
single	O
table	O
where	O
the	O
underlying	O
issues	O
that	O
generate	O
social	O
inequity	O
are	O
discussed	O
"	O
is	O
required	O
.	O
That	O
,	O
he	O
says	O
,	O
would	O
give	O
the	O
president	O
"	O
credibility	O
and	O
authority	O
to	O
lead	O
the	O
way	O
out	O
at	O
this	O
critical	O
moment	O
.	O
"	O

Meanwhile	O
,	O
the	O
president	O
of	O
the	O
Movement	B-ORGANIZATION
Another	I-ORGANIZATION
Way	I-ORGANIZATION
,	O
Ricardo	B-GIVEN_NAME
Lombana	B-FAMILY_NAME
,	O
suggested	O
a	O
series	O
of	O
measures	O
to	O
cut	O
back	O
and	O
contain	O
spending	O
.	O

He	O
also	O
proposed	O
the	O
renewal	O
of	O
the	O
Cabinet	B-ORGANIZATION
"	O
with	O
suitable	O
people	O
who	O
only	O
respond	O
to	O
the	O
interests	O
of	O
the	O
country	O
"	O
,	O
as	O
well	O
as	O
the	O
immediate	O
resignation	O
of	O
Comptroller	O
Gerardo	B-GIVEN_NAME
SolÃ­s	B-FAMILY_NAME
.	O

It	O
also	O
recommends	O
cutting	O
spending	O
on	O
government	O
operations	O
by	O
at	O
least	O
15	O
%	O
by	O
eliminating	O
,	O
among	O
other	O
things	O
,	O
unnecessary	O
advisory	O
,	O
minister	O
-	O
counselor	O
,	O
and	O
consultant	O
positions	O
.	O

Lombana	B-GIVEN_NAME
also	O
asked	O
Cortizo	B-GIVEN_NAME
to	O
emphatically	O
and	O
publicly	O
exhort	O
the	O
president	O
of	O
the	O
Assembly	B-ORGANIZATION
,	O
Crispiano	B-GIVEN_NAME
Adames	B-FAMILY_NAME
,	O
to	O
take	O
immediate	O
"	O
corrective	O
measures	O
"	O
for	O
a	O
"	O
drastic	O
reduction	O
in	O
his	O
budget	O
and	O
other	O
measures	O
with	O
a	O
real	O
economic	O
impact	O
.	O
"	O
And	O
called	O
for	O
an	O
audit	O
of	O
forms	O
080	O
and	O
172	O
of	O
the	O
Assembly	B-ORGANIZATION
to	O
eliminate	O
nepotism	O
,	O
and	O
in	O
the	O
same	O
way	O
in	O
the	O
other	O
State	O
dependencies	O

Lukewarm	O
measures	O

Former	O
comptroller	O
JosÃ©	B-GIVEN_NAME
Chen	B-FAMILY_NAME
BarrÃ­a	I-FAMILY_NAME
considers	O
that	O
in	O
addition	O
to	O
the	O
"	O
lukewarm	O
"	O
and	O
"	O
imprecise	O
"	O
measures	O
announced	O
by	O
the	O
government	O
,	O
such	O
as	O
the	O
10	O
%	O
reduction	O
in	O
the	O
state	O
payroll	O
,	O
the	O
president	O
must	O
"	O
restructure	O
his	O
government	O
.	O
"	O

In	O
the	O
protests	O
,	O
citizens	O
have	O
also	O
asked	O
to	O
remove	O
the	O
ministers	O
.	O
They	O
question	O
the	O
actions	O
of	O
the	O
Minister	O
of	O
Public	O
Works	O
,	O
Rafael	B-GIVEN_NAME
Sabonge	B-FAMILY_NAME
,	O
the	O
Minister	O
of	O
Tourism	O
IvÃ¡n	B-GIVEN_NAME
Eskildsen	B-FAMILY_NAME
,	O
and	O
the	O
Minister	O
Counselors	O
Eyra	B-GIVEN_NAME
Ruiz	B-FAMILY_NAME
and	O
JosÃ©	B-GIVEN_NAME
Alejandro	B-FAMILY_NAME
Rojas	I-FAMILY_NAME
Pardini	I-FAMILY_NAME
.	O

The	O
Chamber	B-ORGANIZATION
of	I-ORGANIZATION
Commerce	I-ORGANIZATION
requested	O
the	O
resignation	O
of	O
the	O
rector	O
of	O
the	O
Autonomous	B-ORGANIZATION
University	I-ORGANIZATION
of	I-ORGANIZATION
ChiriquÃ­	I-ORGANIZATION|B-LOCATION
,	O
Etelvina	B-GIVEN_NAME
de	B-FAMILY_NAME
Bonagas	I-FAMILY_NAME
,	O
and	O
Comptroller	O
Gerado	B-GIVEN_NAME
SolÃ­s	B-FAMILY_NAME
.	O

