A	O
fifth	O
of	O
the	O
energy	O
used	O
by	O
Panamanians	B-AFFILIATION
in	O
the	O
first	O
three	O
months	O
of	O
the	O
year	O
came	O
from	O
clean	O
,	O
non	O
-	O
polluting	O
energy	O
.	O
Electricity	O
production	O
with	O
wind	O
and	O
solar	O
sources	O
represented	O
20.9	O
%	O
of	O
generation	O
during	O
the	O
first	O
quarter	O
of	O
2022	B-DATE
,	O
according	O
to	O
a	O
report	O
from	O
the	O
National	B-ORGANIZATION
Energy	I-ORGANIZATION
Secretariat	I-ORGANIZATION
(	O
SNE	B-ORGANIZATION
)	O
.	O

The	O
remaining	O
80	O
%	O
of	O
the	O
energy	O
came	O
from	O
hydroelectric	O
plants	O
,	O
natural	O
gas	O
,	O
bunker	O
,	O
and	O
diesel	O
.	O

Solar	O
energy	O
generated	O
in	O
the	O
first	O
quarter	O
rebounded	O
with	O
higher	O
growth	O
compared	O
to	O
the	O
same	O
period	O
in	O
previous	O
years	O
,	O
even	O
51	O
%	O
more	O
than	O
the	O
first	O
quarter	O
of	O
2019	B-DATE
,	O
the	O
report	O
indicates	O
.	O

The	O
growth	O
is	O
related	O
to	O
a	O
greater	O
number	O
of	O
photovoltaic	O
plants	O
that	O
came	O
into	O
operation	O
this	O
year	O
,	O
among	O
them	O
,	O
the	O
Avanzalia	B-LOCATION
Panama	I-LOCATION
generator	O
,	O
the	O
largest	O
solar	O
plant	O
in	O
the	O
country	O
located	O
in	O
PenonomÃ©	B-LOCATION
,	I-LOCATION
CoclÃ©	I-LOCATION
province	O
,	O
with	O
120	O
megawatts	O
of	O
installed	O
capacity	O
and	O
450,000	O
d	O
solar	O
panels	O
.	O

"	O
The	O
high	O
share	O
of	O
renewable	O
energies	O
in	O
the	O
first	O
months	O
of	O
this	O
year	O
is	O
a	O
clear	O
sign	O
that	O
the	O
energy	O
transition	O
must	O
continue	O
to	O
advance	O
with	O
more	O
force	O
,	O
mainly	O
in	O
times	O
where	O
we	O
see	O
a	O
market	O
characterized	O
by	O
the	O
volatility	O
of	O
fossil	O
fuels	O
,	O
"	O
National	O
Secretary	O
of	O
Energy	O
,	O
Jorge	B-GIVEN_NAME
Rivera	B-FAMILY_NAME
Staff	O
.	O

Federico	B-GIVEN_NAME
FernÃ¡ndez	B-FAMILY_NAME
,	O
from	O
the	O
Panamanian	B-ORGANIZATION|B-AFFILIATION
Chamber	I-ORGANIZATION
of	I-ORGANIZATION
Solar	I-ORGANIZATION
Energy	I-ORGANIZATION
,	O
confirmed	O
that	O
during	O
the	O
summer	O
,	O
sun	O
and	O
wind	O
have	O
been	O
at	O
their	O
maximum	O
and	O
achieved	O
important	O
participation	O
in	O
the	O
generation	O
.	O

However	O
,	O
he	O
considers	O
that	O
a	O
lot	O
of	O
work	O
still	O
needs	O
to	O
be	O
done	O
so	O
that	O
green	O
energies	O
have	O
greater	O
participation	O
in	O
the	O
Panamanian	B-AFFILIATION
energy	O
market	O
.	O

"	O
The	O
challenge	O
is	O
to	O
ensure	O
that	O
sun	O
and	O
wind	O
maintain	O
this	O
higher	O
proportion	O
of	O
generation	O
throughout	O
the	O
year	O
and	O
for	O
that	O
,	O
installed	O
capacity	O
must	O
be	O
increased	O
,	O
in	O
which	O
,	O
without	O
auctions	O
or	O
tenders	O
for	O
the	O
network	O
in	O
the	O
panorama	O
,	O
we	O
are	O
lagging	O
behind	O
,	O
"	O
he	O
commented	O
.	O

And	O
it	O
is	O
that	O
most	O
photovoltaic	O
plants	O
do	O
not	O
have	O
supply	O
contracts	O
with	O
distributors	O
and	O
are	O
subsisting	O
thanks	O
to	O
the	O
sale	O
of	O
energy	O
to	O
large	O
customers	O
,	O
most	O
companies	O
that	O
buy	O
directly	O
from	O
the	O
generator	O
.	O

â	O
The	O
increase	O
in	O
a	O
photovoltaic	O
generation	O
is	O
good	O
news	O
,	O
but	O
insufficient	O
to	O
make	O
the	O
energy	O
matrix	O
much	O
cleaner	O
,	O
especially	O
since	O
almost	O
a	O
thousand	O
MW	O
of	O
natural	O
gas	O
come	O
from	O
it	O
,	O
â	O
FernÃ¡ndez	B-GIVEN_NAME
reflected	O
.	O

â	O
The	O
good	O
thing	O
is	O
that	O
they	O
will	O
soon	O
carry	O
out	O
studies	O
to	O
incorporate	O
batteries	O
into	O
the	O
network	O
and	O
that	O
will	O
facilitate	O
new	O
renewable	O
plants	O
.	O
And	O
on	O
the	O
other	O
hand	O
,	O
the	O
generation	O
of	O
solar	O
energy	O
installed	O
on	O
roofs	O
for	O
self	O
-	O
consumption	O
continues	O
to	O
grow	O
,	O
adding	O
clean	O
energy	O
to	O
the	O
network	O
,	O
â	O
added	O
FernÃ¡ndez	B-GIVEN_NAME
.	O

