The	O
Ministry	B-ORGANIZATION
of	I-ORGANIZATION
Health	I-ORGANIZATION
has	O
reported	O
17	O
confirmed	O
cases	O
of	O
hantavirus	B-BRANDS
including	O
one	O
death	O
.	O

The	O
report	O
says	O
the	O
province	O
of	O
Los	B-LOCATION
Santos	I-LOCATION
has	O
the	O
highest	O
rate	O
of	O
confirmed	O
cases	O
(	O
13	O
)	O
.	O

The	O
Pan	B-ORGANIZATION|B-AFFILIATION
American	I-ORGANIZATION|I-AFFILIATION
Health	I-ORGANIZATION
Organization	I-ORGANIZATION
detailed	O
that	O
hantavirus	B-BRANDS
cardiopulmonary	B-MISC
syndrome	I-MISC
is	O
transmitted	O
by	O
inhalation	O
of	O
saliva	O
,	O
and	O
urine	O
of	O
infected	O
rodents	O
.	O

Symptoms	O
include	O
fatigue	O
,	O
fever	O
,	O
muscle	O
aches	O
,	O
headaches	O
,	O
dizziness	O
,	O
chills	O
,	O
nausea	O
,	O
vomiting	O
,	O
diarrhea	O
,	O
and	O
abdominal	O
pain	O
.	O

Four	O
to	O
10	B-DURATION
days	I-DURATION
after	O
the	O
initial	O
phase	O
of	O
the	O
disease	O
,	O
symptoms	O
include	O
cough	O
and	O
severe	O
dyspnea	O
,	O
requiring	O
intensive	O
care	O
,	O
and	O
can	O
cause	O
death	O
.	O

