The	O
Minister	O
of	O
the	O
Environment	O
,	O
Milciades	B-GIVEN_NAME
ConcepciÃ³n	B-FAMILY_NAME
,	O
announced	O
on	O
Tuesday	B-DATE
the	O
rejection	O
of	O
the	O
environmental	O
impact	O
study	O
of	O
the	O
Greenfield	B-ORGANIZATION
Mining	I-ORGANIZATION
mining	O
project	O
known	O
as	O
the	O
old	O
Remance	B-LOCATION|B-LOCATION
mine	I-LOCATION
,	O
in	O
San	B-LOCATION
Francisco	I-LOCATION
,	I-LOCATION
Veraguas	I-LOCATION
.	O

ConcepciÃ³n	B-GIVEN_NAME
based	O
his	O
decision	O
on	O
the	O
"	O
recommendations	O
"	O
made	O
by	O
the	O
ministry	O
's	O
technical	O
evaluators	O
.	O

According	O
to	O
the	O
minister	O
,	O
all	O
the	O
evaluations	O
of	O
the	O
study	O
were	O
carried	O
out	O
,	O
according	O
to	O
the	O
environmental	O
norms	O
of	O
the	O
country	O
.	O

At	O
the	O
moment	O
,	O
the	O
company	O
proposing	O
the	O
project	O
has	O
not	O
been	O
notified	O
,	O
so	O
,	O
according	O
to	O
the	O
established	O
parameters	O
,	O
the	O
Ministry	B-ORGANIZATION
of	I-ORGANIZATION
the	I-ORGANIZATION
Environment	I-ORGANIZATION
reported	O
that	O
once	O
this	O
aspect	O
is	O
finalized	O
,	O
an	O
official	O
resolution	O
will	O
be	O
issued	O
so	O
that	O
the	O
decision	O
is	O
recorded	O
.	O

The	O
Remance	B-LOCATION|B-LOCATION
mine	I-LOCATION
is	O
a	O
concession	O
made	O
by	O
the	O
company	O
Greenfield	B-ORGANIZATION
Resources	I-ORGANIZATION
,	I-ORGANIZATION
Inc	I-ORGANIZATION
.	O
for	O
the	O
extraction	O
of	O
metallic	O
minerals	O
(	O
gold	O
and	O
others	O
)	O
in	O
an	O
area	O
of	O
ââ	O
2,400	O
hectares	O
located	O
in	O
the	O
villages	O
of	O
Remance	B-LOCATION
,	O
San	B-LOCATION
Juan	I-LOCATION
and	O
San	B-LOCATION
JosÃ©	I-LOCATION
,	O
district	O
of	O
San	B-LOCATION
Francisco	I-LOCATION
,	O
province	O
of	O
Veraguas	B-LOCATION
.	O

The	O
mining	O
concession	O
sought	O
to	O
be	O
reopened	O
after	O
failing	O
in	O
the	O
1990s	B-DATE
.	O

However	O
,	O
NGOs	O
and	O
entities	O
such	O
as	O
the	O
National	B-ORGANIZATION
Institute	I-ORGANIZATION
of	I-ORGANIZATION
Aqueducts	I-ORGANIZATION
and	I-ORGANIZATION
Sewers	I-ORGANIZATION
warned	O
that	O
the	O
concession	O
represented	O
a	O
risk	O
for	O
the	O
water	O
intakes	O
that	O
were	O
in	O
the	O
Santa	B-LOCATION
MarÃ­a	I-LOCATION
River	I-LOCATION
and	O
that	O
supplied	O
the	O
districts	O
of	O
Santiago	B-LOCATION
and	O
San	B-LOCATION
Francisco	I-LOCATION
.	O

