Former	O
Panama	B-LOCATION
president	O
Ricardo	B-GIVEN_NAME
Martinelli	B-FAMILY_NAME
will	O
face	O
trial	O
in	O
September	B-DATE
for	O
the	O
bribes	O
distributed	O
by	O
Odebrecht	B-ORGANIZATION
in	O
exchange	O
for	O
contracts	O
with	O
the	O
Panamanian	B-AFFILIATION
government	O
after	O
the	O
magistrates	O
of	O
the	O
Electoral	B-ORGANIZATION
Court	I-ORGANIZATION
(	O
TE	B-ORGANIZATION
)	O
decided	O
to	O
maintain	O
the	O
suspension	O
of	O
the	O
criminal	O
electoral	O
jurisdiction	O
.	O

On	O
Monday	B-DATE
,	I-DATE
July	I-DATE
25	I-DATE
,	O
magistrates	O
Alfredo	B-GIVEN_NAME
JuncÃ¡	B-FAMILY_NAME
(	O
rapporteur	O
)	O
,	O
Heriberto	B-GIVEN_NAME
AraÃºz	B-FAMILY_NAME
,	O
and	O
Eduardo	B-GIVEN_NAME
ValdÃ©s	B-FAMILY_NAME
denied	O
an	O
appeal	O
that	O
Roniel	B-GIVEN_NAME
Ortiz	B-FAMILY_NAME
,	O
Martinelli	B-GIVEN_NAME
's	O
lawyer	O
,	O
filed	O
against	O
a	O
resolution	O
of	O
June	B-DATE
28	I-DATE
,	I-DATE
2022	I-DATE
,	O
in	O
which	O
the	O
Third	O
Judge	O
Electoral	O
Administrative	O
,	O
Marybeth	B-GIVEN_NAME
Ãlvarez	B-FAMILY_NAME
,	O
ordered	O
the	O
suspension	O
of	O
Martinelli	B-GIVEN_NAME
's	O
jurisdiction	O
,	O
alleging	O
that	O
there	O
is	O
no	O
judicial	O
pronouncement	O
that	O
makes	O
it	O
impossible	O
for	O
the	O
former	O
president	O
to	O
be	O
prosecuted	O
for	O
reasons	O
other	O
than	O
the	O
one	O
for	O
which	O
he	O
was	O
extradited	O
by	O
the	O
United	B-LOCATION
States	I-LOCATION
in	O
2008	B-DATE
.	O

The	O
decision	O
of	O
TE	B-ORGANIZATION
the	O
plenary	O
session	O
was	O
communicated	O
in	O
a	O
Tuesday	B-DATE
,	O
the	O
suspension	O
of	O
the	O
jurisdiction	O
so	O
that	O
Martinelli	B-GIVEN_NAME
is	O
prosecuted	O
for	O
alleged	O
money	O
laundering	O
in	O
the	O
Odebrecht	B-ORGANIZATION
case	O
.	O

The	O
decision	O
taken	O
by	O
the	O
plenary	O
session	O
of	O
the	O
TE	B-ORGANIZATION
on	O
Monday	B-DATE
is	O
very	O
different	O
from	O
the	O
one	O
adopted	O
on	O
March	B-DATE
22	I-DATE
reports	O
La	B-ORGANIZATION
Prensa	I-ORGANIZATION
.	O

That	O
day	O
,	O
the	O
magistrates	O
JuncÃ¡	B-GIVEN_NAME
and	O
AraÃºz	B-GIVEN_NAME
-	O
with	O
the	O
saving	O
of	O
s	O
's	O
vote	O
-	O
decided	O
to	O
revoke	O
a	O
decision	O
of	O
the	O
Second	B-LOCATION
Administrative	I-LOCATION
Electoral	I-LOCATION
Court	I-LOCATION
,	O
under	O
the	O
responsibility	O
of	O
Edmara	B-GIVEN_NAME
JaÃ©n	B-FAMILY_NAME
,	O
which	O
had	O
ordered	O
Martinelli	B-GIVEN_NAME
's	O
criminal	O
electoral	O
jurisdiction	O
to	O
be	O
lifted	O
,	O
but	O
in	O
relation	O
to	O
the	O
New	B-BRANDS
Business	B-MISC
case	O
.	O

On	O
that	O
occasion	O
,	O
JuncÃ¡	B-GIVEN_NAME
and	O
AraÃºz	B-GIVEN_NAME
argued	O
that	O
the	O
principle	O
of	O
specialty	O
,	O
contained	O
in	O
the	O
1904	B-DATE
extradition	O
treaty	O
,	O
agreed	O
between	O
the	O
United	B-LOCATION
States	I-LOCATION
and	O
Panama	B-LOCATION
,	O
was	O
applicable	O
to	O
Martinelli	B-GIVEN_NAME
.	O

That	O
ruling	O
was	O
challenged	O
as	O
unconstitutional	O
before	O
the	O
Supreme	B-ORGANIZATION
Court	I-ORGANIZATION
and	O
JuncÃ¡	B-GIVEN_NAME
and	O
AraÃºz	B-GIVEN_NAME
were	O
sued	O
for	O
excess	O
of	O
functions	O
.	O

The	O
preliminary	O
hearing	O
for	O
the	O
Odebrecht	B-ORGANIZATION
bribes	O
will	O
be	O
held	O
on	O
September	B-DATE
12	I-DATE
.	O

