Before	O
,	O
theft	O
from	O
the	O
State	O
was	O
not	O
everyone	O
's	O
power	O
.	O

But	O
today	O
,	O
it	O
has	O
been	O
â	O
democratized	O
â	O
,	O
and	O
the	O
National	B-ORGANIZATION
Treasury	I-ORGANIZATION
is	O
now	O
the	O
loot	O
of	O
the	O
â	O
chosen	O
ones	O
â	O
.	O

The	O
former	O
Panamanian	B-AFFILIATION
presidents	O
,	O
for	O
example	O
,	O
must	O
have	O
saved	O
a	O
lot	O
of	O
money	O
,	O
because	O
I	O
do	O
n't	O
know	O
anyone	O
who	O
works	O
,	O
except	O
managing	O
their	O
fortune	O
â	O
or	O
their	O
savings	O
â	O
,	O
as	O
the	O
late	O
protagonist	O
of	O
the	O
â	O
durodollars	O
â	O
novel	O
would	O
say	O
.	O

A	O
few	O
enjoyed	O
the	O
privilege	O
of	O
keeping	O
state	O
money	O
.	O

It	O
was	O
limited	O
to	O
the	O
highest	O
authorities	O
of	O
the	O
Executive	O
and	O
their	O
relatives	O
.	O

But	O
the	O
border	O
was	O
moved	O
.	O

Former	O
President	O
Varela	B-GIVEN_NAME
,	O
believing	O
that	O
it	O
was	O
a	O
good	O
idea	O
to	O
distribute	O
among	O
local	O
authorities	O
the	O
money	O
from	O
the	O
Single	B-BRANDS
Tax	B-MISC
on	I-MISC
Real	I-MISC
Estate	I-MISC
â	O
through	O
the	O
Decentralization	B-BRANDS
Law	B-MISC
â	O
for	O
community	O
investments	O
,	O
only	O
managed	O
to	O
pave	O
the	O
way	O
to	O
hell	O
or	O
democratize	O
theft	O
.	O

The	O
pandemic	O
has	O
been	O
the	O
excuse	O
to	O
take	O
the	O
money	O
from	O
decentralization	O
and	O
allocate	O
it	O
to	O
â	O
administrative	O
expenses	O
â	O
,	O
that	O
is	O
,	O
to	O
employ	O
more	O
clients	O
during	O
the	O
pandemic	O
.	O

And	O
this	O
included	O
taking	O
their	O
share	O
of	O
the	O
loot	O
since	O
the	O
most	O
brazen	O
decided	O
that	O
their	O
corregimiento	O
or	O
district	O
was	O
not	O
in	O
Panama	B-LOCATION
,	O
but	O
in	O
Yucatan	B-LOCATION
,	O
so	O
they	O
had	O
to	O
create	O
or	O
raise	O
the	O
costs	O
of	O
mobilization	O
to	O
stratospheric	O
levels	O
.	O

Now	O
we	O
have	O
representatives	O
and	O
mayors	O
with	O
incomes	O
that	O
double	O
those	O
of	O
the	O
President	O
of	O
the	O
Republic	O
.	O

But	O
let	O
us	O
compare	O
his	O
emoluments	O
with	O
those	O
of	O
his	O
colleagues	O
in	O
other	O
countries	O
.	O

I	O
make	O
the	O
exception	O
that	O
these	O
are	O
figures	O
from	O
2019	B-DATE
,	O
before	O
the	O
pandemic	O
,	O
and	O
that	O
these	O
mayors	O
are	O
among	O
the	O
best	O
paid	O
in	O
the	O
world	O
.	O

The	O
list	O
is	O
headed	O
by	O
San	B-LOCATION
Francisco	I-LOCATION
(	I-LOCATION
United	I-LOCATION
States	I-LOCATION
)	I-LOCATION
,	O
with	O
$	B-MONEY
25,000	I-MONEY
per	O
month	O
,	O
and	O
New	B-LOCATION
York	I-LOCATION
,	O
with	O
$	B-MONEY
21,570	I-MONEY
per	O
month	O
.	O

They	O
are	O
followed	O
by	O
Berlin	B-LOCATION
(	O
$	B-MONEY
15,400	I-MONEY
)	O
and	O
London	B-LOCATION
(	O
$	B-MONEY
14,700	I-MONEY
)	O
.	O

The	O
mayor	O
of	O
Panama	B-LOCATION
City	I-LOCATION
,	O
JosÃ©	B-GIVEN_NAME
Luis	B-FAMILY_NAME
FÃ¡brega	I-FAMILY_NAME
,	O
pockets	O
$	B-MONEY
12,250	I-MONEY
a	O
month	O
.	O

That	O
's	O
$	B-MONEY
2,450	I-MONEY
less	O
than	O
the	O
mayor	O
of	O
London	B-LOCATION
and	O
more	O
than	O
or	O
equal	O
to	O
what	O
the	O
mayors	O
of	O
Rome	B-LOCATION
(	O
$	B-MONEY
10,890	I-MONEY
)	O
and	O
Paris	B-LOCATION
(	O
$	B-MONEY
12,265	I-MONEY
)	O
earn	O
,	O
and	O
slightly	O
more	O
than	O
the	O
governor	O
of	O
Tokyo	B-LOCATION
(	O
$	B-MONEY
13,640	I-MONEY
)	O
.	O

But	O
,	O
according	O
to	O
FÃ¡brega	B-GIVEN_NAME
,	O
his	O
income	O
still	O
seems	O
insufficient	O
.	O

The	O
same	O
happens	O
with	O
the	O
mayors	O
of	O
ColÃ³n	B-LOCATION
,	O
Alex	B-GIVEN_NAME
Lee	B-FAMILY_NAME
;	O
from	O
San	B-LOCATION
Miguelito	I-LOCATION
,	O
HÃ©ctor	B-LOCATION
ValdÃ©s	I-LOCATION
,	O
and	O
from	O
ArraijÃ¡n	B-LOCATION
,	O
Rollyns	B-GIVEN_NAME
RodrÃ­guez	B-FAMILY_NAME
,	O
all	O
with	O
incomes	O
of	O
up	O
to	O
$	B-MONEY
10,850	I-MONEY
.	O

Two	O
representatives	O
of	O
ColÃ³n	B-LOCATION
:	O
Luis	B-GIVEN_NAME
DÃ­az	B-FAMILY_NAME
(	O
Buena	B-LOCATION
Vista	I-LOCATION
)	O
and	O
Edgar	B-GIVEN_NAME
GÃ³ndola	B-FAMILY_NAME
(	O
CristÃ³bal	B-LOCATION
)	O
,	O
each	O
put	O
$	B-MONEY
13,750	I-MONEY
a	O
month	O
and	O
$	B-MONEY
13,250	I-MONEY
in	O
their	O
respective	O
pockets	O
.	O

That	O
is	O
more	O
or	O
similar	O
to	O
what	O
the	O
mayors	O
of	O
Rome	B-LOCATION
and	O
Paris	B-LOCATION
earn	O
.	O

and	O
London	B-LOCATION
and	O
the	O
Governor	O
of	O
Tokyo	B-LOCATION
.	O

Hats	O
off	O
to	O
the	O
majestic	O
ignorance	O
,	O
petulance	O
,	O
and	O
egomania	O
of	O
our	O
local	O
rascals	O
.	O

â	O
Rolando	B-GIVEN_NAME
Rodriguez	B-FAMILY_NAME
B	I-FAMILY_NAME
.	O
-	O
La	B-ORGANIZATION
Prensa	I-ORGANIZATION

