AFP	B-ORGANIZATION
.	O
-	O
London	B-LOCATION
-	O
The	O
seven	O
-	O
time	O
Formula	B-ORGANIZATION
1	I-ORGANIZATION
champion	O
,	O
Lewis	B-GIVEN_NAME
Hamilton	B-FAMILY_NAME
,	O
has	O
positioned	O
himself	O
to	O
participate	O
in	O
the	O
purchase	O
of	O
the	O
English	B-AFFILIATION
club	O
Chelsea	B-ORGANIZATION
,	O
put	O
up	O
for	O
sale	O
by	O
its	O
Russian	B-AFFILIATION
owner	O
Roman	B-GIVEN_NAME
Abramovich	B-FAMILY_NAME
,	O
the	O
driver	O
announced	O
on	O
Friday	B-DATE
.	O

â	O
Chelsea	B-ORGANIZATION
is	O
one	O
of	O
the	O
biggest	O
teams	O
in	O
the	O
world	O
and	O
one	O
of	O
the	O
most	O
successful	O
.	O

When	O
I	O
heard	O
about	O
this	O
opportunity	O
I	O
told	O
myself	O
:	O
'	O
It	O
's	O
one	O
of	O
the	O
best	O
opportunities	O
to	O
be	O
part	O
of	O
something	O
so	O
big	O
'	O
â	O
,	O
explained	O
the	O
driver	O
,	O
on	O
the	O
sidelines	O
of	O
the	O
Emilia	B-BRANDS|B-LOCATION
-	B-MISC|I-LOCATION
Romagna	I-MISC|I-LOCATION
Grand	I-MISC
Prix	I-MISC
that	O
will	O
take	O
place	O
this	O
weekend	O
in	O
Italy	B-LOCATION
.	O

Lewis	B-GIVEN_NAME
Hamilton	B-FAMILY_NAME
and	O
US	B-AFFILIATION
tennis	O
player	O
Serena	B-GIVEN_NAME
Williams	B-FAMILY_NAME
could	O
each	O
invest	O
around	O
10	B-MONEY
million	I-MONEY
pounds	I-MONEY
(	B-MONEY
$	I-MONEY
13	I-MONEY
million	I-MONEY
)	O
in	O
the	O
team	O
as	O
part	O
of	O
a	O
purchase	O
project	O
led	O
by	O
former	O
Liverpool	B-ORGANIZATION
chairman	O
Martin	B-GIVEN_NAME
Broughton	B-FAMILY_NAME
.	O

The	O
driver	O
has	O
not	O
confirmed	O
the	O
amount	O
.	O

He	O
and	O
Williams	B-GIVEN_NAME
,	O
explains	O
the	O
pilot	O
,	O
â	O
were	O
contacted	O
by	O
Broughton	B-GIVEN_NAME
who	O
explained	O
his	O
objectives	O
and	O
those	O
of	O
the	O
team	O
if	O
they	O
managed	O
to	O
win	O
the	O
bidding	O
contest	O
.	O

It	O
was	O
incredibly	O
exciting	O
,	O
and	O
it	O
's	O
all	O
in	O
line	O
with	O
my	O
values	O
,	O
"	O
said	O
Hamilton	B-GIVEN_NAME
,	O
a	O
Chelsea	B-ORGANIZATION
rival	O
Arsenal	B-ORGANIZATION
fan	O
.	O

â	O
When	O
I	O
was	O
five	O
or	O
six	B-DURATION
years	I-DURATION
old	O
I	O
became	O
an	O
Arsenal	B-ORGANIZATION
fan	O
but	O
my	O
uncle	O
Terry	B-GIVEN_NAME
is	O
a	O
big	O
fan	O
of	O
the	O
'	O
Blues	B-ORGANIZATION
'	O
,	O
and	O
I	O
have	O
gone	O
to	O
numerous	O
games	O
with	O
him	O
to	O
see	O
Arsenal	B-ORGANIZATION
and	O
Chelsea	B-ORGANIZATION
play	O
â	O
,	O
he	O
justified	O
.	O

Although	O
the	O
premier	O
category	O
of	O
motorsports	O
has	O
made	O
Hamilton	B-GIVEN_NAME
one	O
of	O
the	O
most	O
important	O
athletes	O
of	O
his	O
generation	O
,	O
the	O
pilot	O
declares	O
himself	O
a	O
"	O
football	O
fan	O
since	O
I	O
was	O
a	O
child	O
"	O
,	O
having	O
played	O
"	O
from	O
my	O
four	O
to	O
17	B-DURATION
years	I-DURATION
"	O
.	O

In	O
addition	O
to	O
Martin	B-GIVEN_NAME
Broughton	B-FAMILY_NAME
,	O
two	O
other	O
candidates	O
have	O
expressed	O
their	O
willingness	O
to	O
submit	O
an	O
offer	O
to	O
the	O
New	B-LOCATION
York	I-LOCATION
merchant	O
bank	O
,	O
Raine	B-ORGANIZATION
Group	I-ORGANIZATION
,	O
which	O
is	O
managing	O
the	O
sale	O
of	O
the	O
English	B-AFFILIATION
club	O
:	O
Todd	B-GIVEN_NAME
Boehly	B-FAMILY_NAME
,	O
co	O
-	O
owner	O
of	O
the	O
Los	B-ORGANIZATION
Angeles	I-ORGANIZATION
Dodgers	I-ORGANIZATION
baseball	I-ORGANIZATION
franchise	I-ORGANIZATION
,	O
and	O
Steve	B-GIVEN_NAME
Pagliuca	B-FAMILY_NAME
co	O
-	O
owner	O
of	O
the	O
Boston	B-ORGANIZATION
Celtics	I-ORGANIZATION
basketball	I-ORGANIZATION
club	I-ORGANIZATION
.	O

Chelsea	B-ORGANIZATION
was	O
put	O
up	O
for	O
sale	O
on	O
March	B-DATE
2	I-DATE
by	O
Abramovich	B-GIVEN_NAME
,	O
who	O
anticipated	O
British	B-AFFILIATION
government	O
sanctions	O
targeting	O
oligarchs	O
close	O
to	O
Vladimir	B-GIVEN_NAME
Putin	B-FAMILY_NAME
since	O
the	O
invasion	O
of	O
Ukraine	B-LOCATION
.	O

The	O
club	O
obtained	O
a	O
special	O
government	O
license	O
that	O
allowed	O
it	O
to	O
continue	O
its	O
activities	O
,	O
but	O
under	O
strict	O
conditions	O
.	O

