Mozambican	B-AFFILIATION
President	O
Filipe	B-GIVEN_NAME
Nyusi	B-FAMILY_NAME
has	O
appointed	O
Raul	B-GIVEN_NAME
Domingos	B-FAMILY_NAME
,	O
the	O
former	O
leader	O
of	O
main	O
opposition	O
party	O
Renamo	B-ORGANIZATION
,	O
as	O
ambassador	O
to	O
the	O
Vatican	B-LOCATION
City	I-LOCATION
state	O
,	O
known	O
as	O
the	O
Holy	B-LOCATION
See	I-LOCATION
,	O
the	O
president	O
âs	O
office	O
has	O
announced	O
.	O

Domingos	B-GIVEN_NAME
led	O
Renamo	B-ORGANIZATION
âs	O
team	O
in	O
peace	O
negotiations	O
with	O
the	O
Mozambican	B-AFFILIATION
government	O
,	O
which	O
led	O
to	O
the	O
peace	O
deal	O
signed	O
in	O
Rome	B-LOCATION
in	O
1992	B-DATE
.	O

The	O
negotiations	O
were	O
brokered	O
by	O
the	O
Community	B-ORGANIZATION
of	I-ORGANIZATION
Saint	I-ORGANIZATION|B-GIVEN_NAME
Giles	I-ORGANIZATION|B-FAMILY_NAME
,	O
a	O
Catholic	B-AFFILIATION
organisation	O
.	O

Domingos	B-GIVEN_NAME
led	O
Renamo	B-ORGANIZATION
âs	O
parliamentary	O
group	O
after	O
Mozambique	B-LOCATION
âs	O
first	O
multi	O
-	O
party	O
elections	O
in	O
1994	B-DATE
,	O
but	O
was	O
expelled	O
from	O
the	O
party	O
after	O
disagreements	O
with	O
then	O
party	O
leader	O
Afonso	B-GIVEN_NAME
Dhlakama	B-FAMILY_NAME
,	O
and	O
his	O
breakaway	O
Party	B-ORGANIZATION
for	I-ORGANIZATION
Democracy	I-ORGANIZATION
and	I-ORGANIZATION
Development	I-ORGANIZATION
did	O
not	O
win	O
any	O
parliamentary	O
seats	O
.	O

He	O
replaces	O
as	O
Ambassador	O
SÃ©rgio	B-GIVEN_NAME
NathÃº	B-FAMILY_NAME
CabÃ¡	I-FAMILY_NAME
,	O
who	O
has	O
been	O
relieved	O
of	O
his	O
job	O
.	O

Previously	O
,	O
Nyusi	B-GIVEN_NAME
appointed	O
Domingos	B-GIVEN_NAME
to	O
the	O
State	B-ORGANIZATION
Council	I-ORGANIZATION
,	O
an	O
advisory	O
board	O
to	O
the	O
president	O
.	O

Both	O
decisions	O
have	O
been	O
praised	O
by	O
opposition	O
and	O
civil	O
society	O
organizations	O
.	O

