n	O
2020	B-DATE
,	O
rich	O
natural	O
gas	O
resources	O
offshore	O
Mauritania	B-LOCATION
and	O
Senegal	B-LOCATION
were	O
the	O
subject	O
of	O
the	O
biggest	O
long	O
-	O
term	O
liquefied	O
natural	O
gas	O
(	O
LNG	O
)	O
contract	O
signed	O
that	O
year	O
.	O

The	O
agreement	O
between	O
American	B-AFFILIATION
oil	O
firm	O
Kosmos	B-ORGANIZATION
Energy	I-ORGANIZATION
,	O
its	O
partners	O
,	O
and	O
BP	B-ORGANIZATION
Gas	I-ORGANIZATION
Marketing	I-ORGANIZATION
Limited	I-ORGANIZATION
,	O
was	O
for	O
LNG	O
from	O
Phase	O
1	O
of	O
the	O
Greater	B-BRANDS
Tortue	B-MISC
Ahmeyim	I-MISC
project	O
,	O
offshore	O
Mauritania	B-LOCATION
and	O
Senegal	B-LOCATION
.	O

The	O
deal	O
calls	O
for	O
Kosmos	B-ORGANIZATION
to	O
provide	O
2.45	O
million	O
tonnes	O
per	O
annum	O
(	O
mtpa	O
)	O
of	O
LNG	O
for	O
an	O
initial	O
term	O
of	O
up	O
to	O
20	B-DURATION
years	I-DURATION
.	O

The	O
deal	O
was	O
a	O
milestone	O
for	O
the	O
companies	O
and	O
for	O
Senegal	B-LOCATION
and	O
Mauritania	B-LOCATION
.	O

But	O
frankly	O
,	O
with	O
so	O
many	O
natural	O
gas	O
projects	O
starting	O
up	O
in	O
the	O
two	O
countries	O
,	O
we	O
should	O
be	O
hearing	O
about	O
even	O
more	O
long	O
-	O
term	O
gas	O
sales	O
contracts	O
.	O

Currently	O
,	O
Kosmos	B-ORGANIZATION
Energy	I-ORGANIZATION
and	O
its	O
partners	O
(	O
BP	B-ORGANIZATION
,	O
Senegal	B-LOCATION
âs	O
state	O
-	O
owned	O
oil	O
company	O
,	O
Petrosen	B-ORGANIZATION
;	O
and	O
Mauritania	B-LOCATION
âs	O
Societe	B-ORGANIZATION
Mauritanienne	I-ORGANIZATION
des	I-ORGANIZATION
Hydrocarbures	I-ORGANIZATION
)	O
have	O
only	O
succeeded	O
in	O
securing	O
sales	O
contracts	O
for	O
Phase	O
1	O
volumes	O
of	O
the	O
Greater	B-BRANDS
Tortue	B-MISC
Ahmeyim	I-MISC
Project	I-MISC
.	O

This	O
is	O
despite	O
the	O
fact	O
the	O
project	O
is	O
estimated	O
to	O
have	O
15	O
trillion	O
cubic	O
feet	O
of	O
gas	O
production	O
potential	O
,	O
enough	O
for	O
30	B-DURATION
years	I-DURATION
of	O
production	O
or	O
more	O
.	O

In	O
another	O
promising	O
BP	B-ORGANIZATION
and	O
Kosmos	B-ORGANIZATION
Energy	I-ORGANIZATION
partnership	O
,	O
the	O
ultra	O
-	O
deepwater	O
Yakaar	B-LOCATION
-	I-LOCATION
Teranga	I-LOCATION
gas	O
field	O
offshore	O
Senegal	B-LOCATION
â	O
holding	O
an	O
estimated	O
2,739	O
billion	O
cubic	O
feet	O
of	O
natural	O
gas	O
reserves	O
â	O
only	O
a	O
fraction	O
of	O
Phase	O
1	O
volumes	O
have	O
been	O
contracted	O
.	O

And	O
that	O
âs	O
more	O
than	O
we	O
can	O
say	O
for	O
BP	B-ORGANIZATION
âs	O
BirAllah	B-BRANDS
project	O
in	O
Mauritania	B-LOCATION
,	O
projected	O
to	O
generate	O
1,642	O
barrels	O
per	O
day	O
of	O
crude	O
oil	O
and	O
condensate	O
,	O
277	O
million	O
cubic	O
feet	O
(	O
Mccfd	O
)	O
per	O
day	O
of	O
natural	O
gas	O
,	O
and	O
1,304	O
Mmcfd	O
of	O
liquid	O
natural	O
gas	O
by	O
2030	B-DATE
.	O

As	O
of	O
yet	O
,	O
production	O
from	O
BirAllah	B-ORGANIZATION
remains	O
uncontracted	O
.	O

I	O
ca	O
nât	O
understate	O
the	O
importance	O
of	O
pursuing	O
long	O
-	O
term	O
sales	O
contracts	O
to	O
help	O
set	O
the	O
stage	O
for	O
gas	O
project	O
success	O
.	O

When	O
companies	O
secure	O
decades	O
of	O
LNG	O
purchases	O
,	O
for	O
example	O
,	O
they	O
âre	O
much	O
more	O
likely	O
to	O
line	O
up	O
the	O
investor	O
support	O
they	O
âll	O
need	O
to	O
produce	O
the	O
natural	O
gas	O
that	O
they	O
âll	O
eventually	O
be	O
liquifying	O
.	O

Why	O
?	O

Long	O
-	O
term	O
contracts	O
minimize	O
investors	O
â	O
risks	O
;	O
they	O
know	O
that	O
the	O
revenue	O
that	O
comes	O
in	O
from	O
LNG	O
sales	O
will	O
help	O
cover	O
their	O
investment	O
costs	O
.	O

Natural	O
gas	O
project	O
start	O
-	O
ups	O
are	O
likely	O
to	O
send	O
production	O
levels	O
in	O
Senegal	B-LOCATION
and	O
Mauritania	B-LOCATION
soaring	O
,	O
from	O
practically	O
nothing	O
to	O
265,000	O
barrels	O
of	O
oil	O
equivalent	O
per	O
day	O
(	O
boepd	O
)	O
by	O
the	O
end	O
of	O
the	O
2020s	B-DATE
.	O
That	O
momentum	O
is	O
likely	O
to	O
build	O
with	O
production	O
nearly	O
doubling	O
to	O
more	O
than	O
500,000	O
boepd	O
by	O
2035	B-DATE
,	O
tripling	O
to	O
750,000	O
boepd	O
by	O
2040	B-DATE
,	O
and	O
continuing	O
to	O
rise	O
well	O
into	O
the	O
2040s	B-DATE
.	O

This	O
represents	O
great	O
promise	O
,	O
both	O
for	O
the	O
oil	O
and	O
gas	O
companies	O
in	O
the	O
region	O
and	O
also	O
for	O
the	O
people	O
of	O
Senegal	B-LOCATION
and	O
Mauritania	B-LOCATION
.	O
The	O
gas	O
these	O
projects	O
generate	O
can	O
create	O
tremendous	O
job	O
and	O
entrepreneurial	O
opportunities	O
.	O
It	O
can	O
meet	O
domestic	O
needs	O
for	O
gas	O
-	O
to	O
-	O
power	O
programs	O
designed	O
to	O
address	O
energy	O
poverty	O
.	O
It	O
can	O
be	O
monetized	O
,	O
and	O
in	O
turn	O
,	O
help	O
fund	O
much	O
-	O
needed	O
infrastructure	O
,	O
from	O
pipelines	O
to	O
ports	O
,	O
with	O
the	O
potential	O
to	O
foster	O
economic	O
growth	O
and	O
diversification	O
.	O
And	O
,	O
it	O
can	O
serve	O
as	O
feedstock	O
for	O
petrochemical	O
and	O
fertilizer	O
plants	O
,	O
which	O
will	O
contribute	O
to	O
industrialization	O
and	O
even	O
more	O
economic	O
growth	O
.	O

These	O
are	O
all	O
reasons	O
why	O
the	O
African	B-ORGANIZATION|B-AFFILIATION
Energy	I-ORGANIZATION
Chamber	I-ORGANIZATION
,	O
in	O
our	O
forthcoming	O
Petroleum	B-BRANDS
Laws	B-MISC
â	I-MISC
Benchmarking	I-MISC
Report	I-MISC
for	O
Senegal	B-LOCATION
and	O
Mauritania	B-LOCATION
,	O
urges	O
companies	O
in	O
the	O
region	O
to	O
make	O
securing	O
long	O
-	O
term	O
gas	O
sales	O
contracts	O
a	O
priority	O
.	O
By	O
fostering	O
stable	O
gas	O
project	O
revenues	O
and	O
investor	O
security	O
,	O
long	O
-	O
term	O
agreements	O
will	O
help	O
Senegal	B-LOCATION
and	O
Mauritania	B-LOCATION
fully	O
capitalize	O
on	O
their	O
natural	O
gas	O
resources	O
.	O

The	O
Time	O
is	O
Right	O

While	O
Kosmos	B-ORGANIZATION
Energy	I-ORGANIZATION
âs	O
long	O
-	O
term	O
sales	O
agreement	O
with	O
BP	B-ORGANIZATION
Gas	I-ORGANIZATION
Marketing	I-ORGANIZATION
Limited	I-ORGANIZATION
could	O
be	O
called	O
a	O
rarity	O
in	O
2020	B-DATE
when	O
COVID	B-MONEY
-	I-MONEY
19	I-MONEY
practically	O
killed	O
demand	O
for	O
oil	O
and	O
gas	O
and	O
forced	O
companies	O
around	O
the	O
globe	O
to	O
put	O
projects	O
on	O
hold	O
,	O
there	O
âs	O
every	O
reason	O
to	O
be	O
optimistic	O
about	O
securing	O
long	O
-	O
term	O
gas	O
sales	O
contracts	O
in	O
2022	B-DATE
.	O
This	O
is	O
particularly	O
true	O
in	O
European	B-AFFILIATION
markets	O
,	O
which	O
recently	O
made	O
a	O
dramatic	O
shift	O
away	O
from	O
spot	O
transactions	O
(	O
immediate	O
or	O
near	O
-	O
term	O
sales	O
with	O
no	O
guarantee	O
of	O
additional	O
transactions	O
going	O
forward	O
)	O
for	O
LNG	O
.	O

That	O
transition	O
began	O
within	O
the	O
last	O
year	O
,	O
when	O
Europeans	B-AFFILIATION
began	O
feeling	O
the	O
impacts	O
of	O
diminishing	O
natural	O
gas	O
supplies	O
,	O
Irina	B-GIVEN_NAME
Slav	B-FAMILY_NAME
wrote	O
for	O
Oilprice	B-ORGANIZATION
.	I-ORGANIZATION
com	I-ORGANIZATION
.	O

â	O
A	O
decline	O
in	O
investments	O
in	O
new	O
gas	O
production	O
,	O
long	O
lead	O
times	O
on	O
liquefaction	O
facilities	O
,	O
and	O
growing	O
pressure	O
on	O
emission	O
reduction	O
collided	O
to	O
result	O
in	O
tight	O
gas	O
supply	O
as	O
demand	O
continued	O
to	O
grow	O
globally	O
,	O
â	O
Slav	B-GIVEN_NAME
explained	O
.	O
â	O
Europe	B-LOCATION
,	O
the	O
poster	O
child	O
of	O
the	O
energy	O
transition	O
,	O
was	O
horrified	O
to	O
learn	O
it	O
did	O
not	O
have	O
enough	O
wind	O
and	O
solar	O
generation	O
capacity	O
to	O
replace	O
gas	O
consumption	O
â	O
especially	O
amid	O
low	O
wind	O
speeds	O
and	O
during	O
the	O
less	O
sunny	O
seasons	O
.	O
â	O

Those	O
circumstances	O
sent	O
demand	O
for	O
long	O
-	O
term	O
gas	O
supplies	O
soaring	O
.	O
And	O
then	O
Russia	B-LOCATION
invaded	O
Ukraine	B-LOCATION
.	O

â	O
The	O
Russian	B-AFFILIATION
invasion	O
of	O
Ukraine	B-LOCATION
has	O
had	O
a	O
dramatic	O
impact	O
on	O
long	O
-	O
term	O
LNG	O
contracts	O
,	O
â	O
Wood	B-GIVEN_NAME
Mackenzie	B-FAMILY_NAME
principal	O
analyst	O
Daniel	B-GIVEN_NAME
Toleman	B-FAMILY_NAME
said	O
in	O
June	B-DATE
.	O
â	O
Many	O
traditional	O
LNG	O
buyers	O
will	O
neither	O
procure	O
spot	O
gas	O
or	O
LNG	O
nor	O
renew	O
or	O
sign	O
additional	O
LNG	O
contracts	O
with	O
Russian	B-AFFILIATION
sellers	O
.	O
Spot	O
prices	O
have	O
also	O
been	O
high	O
and	O
volatile	O
,	O
pushing	O
many	O
buyers	O
towards	O
long	O
-	O
term	O
contracts	O
.	O
Additionally	O
,	O
some	O
buyers	O
are	O
returning	O
to	O
long	O
-	O
term	O
contracting	O
on	O
behalf	O
of	O
governments	O
to	O
protect	O
national	O
energy	O
security	O
.	O
â	O

All	O
of	O
these	O
factors	O
are	O
converging	O
to	O
create	O
a	O
window	O
of	O
opportunity	O
for	O
securing	O
long	O
-	O
term	O
gas	O
and	O
LNG	O
contracts	O
,	O
and	O
companies	O
in	O
Senegal	B-LOCATION
and	O
Mauritania	B-LOCATION
should	O
be	O
capitalizing	O
upon	O
it	O
.	O

Government	O
leaders	O
there	O
are	O
doing	O
their	O
part	O
to	O
help	O
:	O
Both	O
Senegal	B-LOCATION
and	O
Mauritania	B-LOCATION
have	O
worked	O
to	O
offer	O
international	O
oil	O
and	O
gas	O
companies	O
favorable	O
economic	O
terms	O
to	O
operate	O
within	O
their	O
borders	O
,	O
meaning	O
companies	O
can	O
pursue	O
projects	O
with	O
lower	O
capital	O
expenditures	O
.	O

So	O
,	O
my	O
message	O
to	O
oil	O
and	O
gas	O
companies	O
operating	O
in	O
Senegal	B-LOCATION
and	O
Mauritania	B-LOCATION
is	O
,	O
act	O
now	O
to	O
lock	O
in	O
long	O
-	O
term	O
sales	O
agreements	O
for	O
gas	O
and	O
LNG	O
.	O
Europeans	B-AFFILIATION
could	O
back	O
their	O
words	O
by	O
signing	O
long	O
-	O
term	O
agreements	O
.	O
Our	O
industry	O
need	O
to	O
act	O
now	O
to	O
put	O
ourselves	O
in	O
the	O
optimum	O
position	O
for	O
attracting	O
investments	O
.	O
Do	O
what	O
it	O
takes	O
to	O
achieve	O
a	O
win	O
-	O
win	O
that	O
could	O
be	O
beneficial	O
for	O
you	O
while	O
setting	O
the	O
stage	O
for	O
local	O
communities	O
,	O
businesses	O
,	O
and	O
individuals	O
to	O
realize	O
a	O
more	O
prosperous	O
future	O
.	O

