Just	O
weeks	O
after	O
two	O
cases	O
of	O
abuses	O
within	O
Argentina	B-ORGANIZATION|B-LOCATION
's	I-ORGANIZATION
Army	I-ORGANIZATION
surfaced	O
,	O
Paraguay	B-LOCATION
's	O
National	B-ORGANIZATION
Mechanism	I-ORGANIZATION
for	I-ORGANIZATION
the	I-ORGANIZATION
Prevention	I-ORGANIZATION
of	I-ORGANIZATION
Torture	I-ORGANIZATION
(	O
MNPT	B-ORGANIZATION
)	O
Monday	B-DATE
confirmed	O
the	O
cruel	O
treatment	O
of	O
cadets	O
at	O
the	O
Francisco	B-ORGANIZATION|B-GIVEN_NAME
Solano	I-ORGANIZATION|B-FAMILY_NAME
LÃ³pez	I-ORGANIZATION|I-FAMILY_NAME
Military	I-ORGANIZATION
Academy	I-ORGANIZATION
(	O
Academil	B-ORGANIZATION
)	O
was	O
common	O
practice	O
.	O

Slang	O
terms	O
such	O
as	O
â	O
the	O
25th	O
hour	O
â	O
and	O
other	O
punishments	O
await	O
those	O
wishing	O
to	O
graduate	O
.	O

Cadets	O
are	O
even	O
reported	O
to	O
stay	O
hungry	O
and	O
not	O
to	O
use	O
the	O
restrooms	O
before	O
11	B-TIME
pm	I-TIME
so	O
as	O
not	O
to	O
upset	O
their	O
superiors	O
.	O

According	O
to	O
the	O
MNPT	B-ORGANIZATION
document	O
,	O
which	O
was	O
drafted	O
following	O
several	O
complaints	O
from	O
victims	O
and	O
their	O
families	O
,	O
16.98	O
%	O
of	O
the	O
56	O
people	O
interviewed	O
reported	O
having	O
suffered	O
beatings	O
as	O
physical	O
punishment	O
for	O
real	O
or	O
alleged	O
faults	O
and	O
65	O
%	O
admitted	O
to	O
having	O
witnessed	O
another	O
cadet	O
being	O
beaten	O
,	O
while	O
45.5	O
%	O
acknowledged	O
they	O
had	O
been	O
subjected	O
to	O
the	O
torture	O
method	O
known	O
as	O
â	O
the	O
tripod	O
,	O
â	O
which	O
consists	O
of	O
leaning	O
on	O
the	O
floor	O
with	O
the	O
head	O
for	O
hours	O
and	O
forming	O
an	O
arc	O
with	O
the	O
legs	O
,	O
without	O
the	O
support	O
of	O
the	O
hands	O
.	O

Although	O
Academil	B-ORGANIZATION
's	O
regulations	O
expressly	O
prohibit	O
the	O
use	O
of	O
tripods	O
as	O
physical	O
punishment	O
,	O
20	O
%	O
confirmed	O
having	O
suffered	O
this	O
type	O
of	O
punishment	O
.	O

â	O
The	O
commanders	O
incite	O
mistreatment	O
,	O
they	O
do	O
n't	O
do	O
it	O
,	O
but	O
they	O
incite	O
officers	O
and	O
[	O
higher	O
ranking	O
cadets	O
]	O
to	O
do	O
it	O
and	O
they	O
see	O
it	O
done	O
.	O

The	O
officers	O
and	O
everyone	O
knows	O
at	O
what	O
time	O
it	O
happens	O
and	O
they	O
do	O
nothing	O
,	O
â	O
the	O
report	O
highlights	O
.	O

Interviewees	O
(	O
63	O
%	O
of	O
them	O
)	O
also	O
said	O
they	O
eat	O
dinner	O
very	O
at	O
7.3	O
pm	O
and	O
continue	O
with	O
activities	O
until	O
late	O
,	O
which	O
makes	O
them	O
hungry	O
.	O

â	O
Some	O
senior	O
cadets	O
even	O
sell	O
sandwiches	O
,	O
â	O
one	O
of	O
the	O
victims	O
was	O
quoted	O
as	O
saying	O
.	O

At	O
10	B-TIME
pm	I-TIME
cadets	O
carry	O
out	O
activities	O
they	O
could	O
not	O
do	O
during	O
the	O
day	O
,	O
such	O
as	O
washing	O
their	O
clothes	O
,	O
studying	O
,	O
and	O
even	O
doing	O
their	O
physiological	O
needs	O
or	O
getting	O
some	O
rest	O
.	O

The	O
25th	O
hour	O
begins	O
at	O
11	B-TIME
pm	I-TIME
when	O
there	O
are	O
no	O
officers	O
around	O
and	O
senior	O
cadets	O
take	O
command	O
.	O

A	O
father	O
of	O
one	O
of	O
the	O
victims	O
had	O
denounced	O
that	O
during	O
that	O
hour	O
,	O
senior	O
cadets	O
subject	O
the	O
rest	O
to	O
torture	O
such	O
as	O
putting	O
a	O
bag	O
over	O
their	O
heads	O
,	O
making	O
them	O
sleep	O
with	O
wet	O
clothes	O
,	O
beating	O
them	O
,	O
sending	O
them	O
to	O
make	O
tripods	O
,	O
or	O
putting	O
wood	O
between	O
their	O
fingers	O
and	O
toes	O
to	O
then	O
squeeze	O
them	O
.	O

Maltreatment	O
may	O
also	O
include	O
isolation	O
and	O
excessive	O
physical	O
activities	O
.	O

Cadets	O
are	O
deprived	O
of	O
their	O
days	O
off	O
.	O

â	O
One	O
was	O
made	O
to	O
lie	O
down	O
and	O
get	O
up	O
from	O
the	O
floor	O
1,500	O
times	O
for	O
not	O
knowing	O
the	O
name	O
of	O
the	O
corps	O
commander	O
,	O
â	O
one	O
interviewee	O
told	O
the	O
authors	O
of	O
the	O
report	O
.	O

Some	O
cadets	O
are	O
also	O
made	O
to	O
exercise	O
until	O
they	O
vomit	O
.	O

As	O
for	O
humiliating	O
treatment	O
,	O
38.46	O
%	O
said	O
they	O
were	O
insulted	O
or	O
humiliated	O
,	O
even	O
in	O
the	O
presence	O
of	O
other	O
people	O
.	O

They	O
also	O
referred	O
to	O
having	O
seen	O
other	O
people	O
being	O
beaten	O
and	O
insulted	O
inside	O
the	O
academy	O
.	O

The	O
report	O
also	O
describes	O
various	O
forms	O
of	O
physical	O
punishment	O
and	O
torture	O
as	O
well	O
as	O
the	O
Academil	B-ORGANIZATION
slang	O
names	O
they	O
are	O
known	O
by	O
.	O

Punishments	O
are	O
usually	O
earned	O
through	O
far	O
-	O
fetched	O
interpretations	O
of	O
the	O
length	O
of	O
the	O
hair	O
or	O
the	O
folding	O
of	O
the	O
handkerchief	O
,	O
among	O
other	O
facts	O
.	O

Depriving	O
cadets	O
of	O
their	O
days	O
off	O
is	O
widely	O
used	O
despite	O
its	O
psychological	O
implications	O
and	O
is	O
accepted	O
as	O
a	O
natural	O
thing	O
,	O
as	O
are	O
verbal	O
abuse	O
,	O
shouting	O
,	O
humiliation	O
,	O
and	O
threats	O
in	O
order	O
to	O
intimidate	O
a	O
person	O
,	O
causing	O
fear	O
and	O
anguish	O
.	O

â	O
They	O
locked	O
him	O
in	O
the	O
bathroom	O
and	O
denigrated	O
him	O
and	O
they	O
were	O
not	O
going	O
to	O
let	O
him	O
go	O
until	O
he	O
cried	O
,	O
â	O
a	O
witness	O
said	O
.	O

Family	O
members	O
have	O
received	O
death	O
threats	O
too	O
.	O

The	O
affected	O
cadets	O
avoid	O
going	O
to	O
the	O
health	O
service	O
for	O
treatment	O
of	O
their	O
injuries	O
,	O
as	O
this	O
is	O
seen	O
as	O
a	O
weakness	O
even	O
by	O
the	O
health	O
service	O
and	O
a	O
sort	O
of	O
law	O
of	O
silence	O
prevails	O
,	O
according	O
to	O
the	O
report	O
.	O

The	O
report	O
was	O
drafted	O
by	O
the	O
Mechanism	B-ORGANIZATION
for	I-ORGANIZATION
the	I-ORGANIZATION
Prevention	I-ORGANIZATION
of	I-ORGANIZATION
Torture	I-ORGANIZATION
,	O
with	O
inter	O
-	O
institutional	O
support	O
from	O
the	O
Human	B-ORGANIZATION
Rights	I-ORGANIZATION
Committee	I-ORGANIZATION
of	O
both	O
Houses	B-ORGANIZATION
of	I-ORGANIZATION
Congress	I-ORGANIZATION
.	O

