A	O
Paraguayan	B-AFFILIATION
indigenous	O
community	O
in	O
the	O
Chaco	B-LOCATION
region	O
has	O
turned	O
to	O
Spain	B-LOCATION
for	O
help	O
with	O
the	O
supply	O
of	O
drinking	O
water	O
and	O
other	O
basic	O
resources	O
following	O
a	O
lack	O
of	O
attention	O
from	O
local	O
authorities	O
,	O
it	O
was	O
reported	O
.	O

The	O
community	O
of	O
Casanillo	B-LOCATION
in	O
the	O
district	O
of	O
Manuel	B-GIVEN_NAME
Irala	B-FAMILY_NAME
FernÃ¡ndez	I-FAMILY_NAME
,	O
Department	O
of	O
Presidente	O
Hayes	B-GIVEN_NAME
,	O
has	O
turned	O
to	O
the	O
Spanish	B-ORGANIZATION|B-AFFILIATION
Government	I-ORGANIZATION
,	O
where	O
their	O
claims	O
reached	O
the	O
Senate	B-ORGANIZATION
,	O
according	O
to	O
n	O
's	O
Ãltima	B-ORGANIZATION
Hora	I-ORGANIZATION
.	O

In	O
addition	O
to	O
the	O
lack	O
of	O
water	O
,	O
the	O
community	O
also	O
suffers	O
from	O
food	O
shortages	O
,	O
poor	O
education	O
,	O
lack	O
of	O
medicines	O
,	O
and	O
the	O
absence	O
of	O
medical	O
professionals	O
,	O
the	O
Paraguayan	B-AFFILIATION
newspaper	O
said	O
.	O

In	O
addition	O
to	O
that	O
,	O
many	O
indigenous	O
people	O
also	O
lack	O
identity	O
documents	O
and	O
the	O
indigenous	O
card	O
issued	O
by	O
the	O
Paraguayan	B-AFFILIATION
Indigenous	B-ORGANIZATION
Institute	I-ORGANIZATION
(	O
INDI	B-ORGANIZATION
)	O
.	O

The	O
group	O
has	O
only	O
been	O
assisted	O
by	O
private	O
citizens	O
and	O
by	O
Sister	O
Graciela	B-GIVEN_NAME
Ponce	B-FAMILY_NAME
,	O
a	O
nun	O
who	O
has	O
been	O
visiting	O
the	O
villages	O
since	O
2016	B-DATE
,	O
bringing	O
bottles	O
of	O
water	O
and	O
luring	O
Spanish	B-AFFILIATION
Senator	O
Carles	B-GIVEN_NAME
Mulet	B-FAMILY_NAME
into	O
helping	O
the	O
community	O
.	O

The	O
native	O
group	O
has	O
turned	O
to	O
the	O
Spanish	B-AFFILIATION
Agency	B-ORGANIZATION
for	I-ORGANIZATION
International	I-ORGANIZATION
Development	I-ORGANIZATION
Cooperation	I-ORGANIZATION
(	O
Aecid	B-ORGANIZATION
)	O
for	O
further	O
help	O
,	O
Ãltima	B-ORGANIZATION
Hora	I-ORGANIZATION
explained	O
.	O

Sister	O
Ponce	B-GIVEN_NAME
is	O
to	O
hold	O
a	O
press	O
conference	O
Wednesday	B-DATE
to	O
elaborate	O
on	O
the	O
needs	O
of	O
the	O
group	O
.	O

The	O
Casanillo	B-LOCATION
indigenous	O
community	O
of	O
the	O
Paraguayan	B-AFFILIATION
Chaco	B-LOCATION
is	O
composed	O
of	O
about	O
3,000	O
natives	O
of	O
various	O
ethnic	O
groups	O
,	O
among	O
which	O
are	O
Toba	B-AFFILIATION
Maskoy	I-AFFILIATION
,	O
Enxet	B-AFFILIATION
,	O
SanapanÃ¡	B-AFFILIATION
,	O
and	O
Angaite	B-AFFILIATION
,	O
which	O
in	O
turn	O
are	O
subdivided	O
into	O
a	O
total	O
of	O
five	O
villages	O
.	O

