Former	O
Paraguay	B-LOCATION
national	O
team	O
captain	O
JosÃ©	B-GIVEN_NAME
Luis	B-FAMILY_NAME
Chilavert	I-FAMILY_NAME
Thursday	B-DATE
launched	O
his	O
presidential	O
bid	O
on	O
behalf	O
of	O
the	O
Youth	B-ORGANIZATION
Party	I-ORGANIZATION
,	O
a	O
movement	O
created	O
a	O
few	O
years	O
ago	O
.	O

The	O
now	O
-	O
retired	O
goalkeeper	O
,	O
who	O
played	O
the	O
most	O
significant	O
years	O
of	O
his	O
club	O
career	O
at	O
Argentina	B-LOCATION
's	O
VÃ©lez	B-ORGANIZATION
Sarsfield	I-ORGANIZATION
and	O
San	B-ORGANIZATION
Lorenzo	I-ORGANIZATION
,	O
argued	O
that	O
he	O
felt	O
â	O
the	O
responsibility	O
of	O
building	O
a	O
better	O
Paraguay	B-LOCATION
.	O
â	O

â	O
We	O
are	O
aware	O
that	O
there	O
will	O
be	O
difficulties	O
,	O
but	O
we	O
also	O
know	O
that	O
in	O
a	O
presidential	O
period	O
we	O
can	O
leave	O
a	O
mark	O
,	O
a	O
footprint	O
from	O
our	O
hearts	O
for	O
the	O
new	O
history	O
of	O
our	O
beloved	O
Paraguay	B-LOCATION
,	O
â	O
he	O
added	O
.	O

His	O
campaign	O
motto	O
will	O
be	O
â	O
Proud	O
to	O
be	O
Paraguayan	B-AFFILIATION
.	O
â	O

The	O
former	O
footballer	O
explained	O
that	O
if	O
he	O
wins	O
,	O
â	O
the	O
economy	O
will	O
migrate	O
towards	O
digital	O
â	O
,	O
and	O
there	O
will	O
be	O
a	O
â	O
strengthening	O
of	O
education	O
as	O
a	O
pillar	O
of	O
the	O
integral	O
development	O
of	O
Paraguay	B-LOCATION
,	O
the	O
defense	O
of	O
human	O
rights	O
,	O
the	O
welfare	O
and	O
security	O
of	O
all	O
Paraguayans	B-AFFILIATION
,	O
and	O
economic	O
and	O
labor	O
development	O
.	O
â	O

â	O
It	O
is	O
time	O
for	O
a	O
change	O
;	O
we	O
are	O
the	O
generation	O
that	O
will	O
promote	O
it	O
.	O

We	O
are	O
committed	O
to	O
the	O
young	O
people	O
who	O
are	O
following	O
in	O
our	O
footsteps	O
and	O
to	O
the	O
future	O
ones	O
to	O
come	O
,	O
â	O
Chilavert	B-GIVEN_NAME
stressed	O
.	O

â	O
It	O
is	O
urgent	O
to	O
assume	O
the	O
commitment	O
to	O
build	O
a	O
better	O
Paraguay	B-LOCATION
among	O
all	O
of	O
us	O
,	O
vindicating	O
the	O
value	O
of	O
the	O
word	O
,	O
so	O
many	O
times	O
violated	O
by	O
unfulfilled	O
promises	O
.	O

It	O
is	O
our	O
duty	O
to	O
back	O
up	O
with	O
deeds	O
the	O
commitments	O
made	O
and	O
fulfill	O
the	O
objectives	O
set	O
,	O
â	O
he	O
added	O
.	O

Chilavert	B-GIVEN_NAME
was	O
last	O
month	O
handed	O
down	O
a	O
one	O
-	O
year	O
suspended	O
prison	O
sentence	O
for	O
acts	O
of	O
defamation	O
against	O
South	B-ATTRIBUTE|B-AFFILIATION
American	I-ATTRIBUTE|I-AFFILIATION
Football	B-ORGANIZATION
Confederation	I-ORGANIZATION
(	O
Conmebol	B-ORGANIZATION
)	O
President	O
Alejandro	B-GIVEN_NAME
DomÃ­nguez	B-FAMILY_NAME
,	O
whom	O
he	O
has	O
repeatedly	O
accused	O
of	O
being	O
â	O
corrupt	O
.	O
â	O

Chilavert	B-GIVEN_NAME
's	O
political	O
stance	O
is	O
aligned	O
with	O
that	O
of	O
Argentine	B-AFFILIATION
Congressman	O
Javier	B-GIVEN_NAME
Milei	B-FAMILY_NAME
,	O
who	O
not	O
so	O
long	O
ago	O
looked	O
unstoppable	O
on	O
his	O
way	O
to	O
Casa	B-ORGANIZATION
Rosada	I-ORGANIZATION
,	O
but	O
whose	O
popularity	O
has	O
gone	O
up	O
in	O
smoke	O
after	O
speaking	O
in	O
favor	O
of	O
trading	O
human	O
organs	O
.	O

Chilavert	B-GIVEN_NAME
and	O
Milei	B-GIVEN_NAME
have	O
held	O
various	O
dinner	O
meetings	O
and	O
posted	O
on	O
social	O
media	O
pictures	O
of	O
those	O
encounters	O
during	O
which	O
they	O
discussed	O
â	O
the	O
pandemic	O
[	O
and	O
]	O
the	O
need	O
to	O
generate	O
credibility	O
so	O
that	O
investors	O
can	O
come	O
to	O
our	O
countries	O
;	O
in	O
short	O
,	O
people	O
must	O
be	O
taught	O
to	O
work	O
,	O
â	O
in	O
Chilavert	B-GIVEN_NAME
's	O
own	O
words	O
.	O

