Starting	O
August	B-DATE
1	I-DATE
this	O
year	O
,	O
visitors	O
'	O
access	O
to	O
the	O
Historic	B-LOCATION
Sanctuary	I-LOCATION
of	I-LOCATION
Machu	I-LOCATION
Picchu	I-LOCATION
â	O
via	O
the	O
Amazon	B-LOCATION
route	O
(	O
the	O
Hidroelectrica	B-LOCATION
area	O
)	O
â	O
will	O
be	O
available	O
through	O
authorized	O
travel	O
and	O
tourism	O
agencies	O
registered	O
in	O
the	O
virtual	O
platform	O
of	O
the	O
National	B-ORGANIZATION
Service	I-ORGANIZATION
for	I-ORGANIZATION
Natural	I-ORGANIZATION
Areas	I-ORGANIZATION
Protected	I-ORGANIZATION
by	I-ORGANIZATION
the	I-ORGANIZATION
State	I-ORGANIZATION
(	O
Sernanp	B-ORGANIZATION
)	O
.	O

This	O
was	O
disclosed	O
in	O
a	O
statement	O
issued	O
by	O
the	O
central	O
office	O
of	O
the	O
Historic	B-LOCATION
Sanctuary	I-LOCATION
of	I-LOCATION
Machu	I-LOCATION
Picchu	I-LOCATION
managed	O
by	O
Sernanp	B-ORGANIZATION
and	O
the	O
Decentralized	B-ORGANIZATION
Culture	I-ORGANIZATION
Directorate	I-ORGANIZATION
in	O
Cusco	B-LOCATION
(	O
DDC	B-ORGANIZATION
Cusco	I-ORGANIZATION|B-LOCATION
)	O
.	O

Travel	O
and	O
tourism	O
agencies	O
must	O
submit	O
the	O
following	O
documentation	O
â	O
in	O
PDF	O
format	O
â	O
for	O
registration	O
:	O
a	O
valid	O
Gercetur	B-ORGANIZATION
certificate	O
,	O
as	O
well	O
as	O
their	O
COVID	B-BRANDS
-	B-MISC
19	I-MISC
surveillance	O
,	O
prevention	O
and	O
control	O
plan	O
at	O
work	O
.	O

Likewise	O
,	O
the	O
agencies	O
must	O
include	O
the	O
corresponding	O
annex	O
in	O
the	O
reservation	O
system	O
of	O
DDC	B-ORGANIZATION
Cusco	I-ORGANIZATION|B-LOCATION
,	O
which	O
has	O
been	O
implemented	O
as	O
of	O
July	B-DATE
20	I-DATE
.	O

To	O
gain	O
entry	O
into	O
the	O
llaqta	B-AFFILIATION
or	O
Inca	B-AFFILIATION
citadel	O
of	O
Machu	B-LOCATION
Picchu	I-LOCATION
,	O
visitors	O
must	O
show	O
their	O
ticket	O
,	O
which	O
will	O
be	O
verified	O
by	O
Sernanp	B-ORGANIZATION
park	O
rangers	O
and	O
DDC	B-ORGANIZATION
Cusco	I-ORGANIZATION|B-LOCATION
controllers	O
at	O
the	O
Intihuatana	B-LOCATION
surveillance	O
and	O
control	O
site	O
located	O
in	O
the	O
Hidroelectrica	B-LOCATION
area	I-LOCATION
.	O

The	O
statement	O
indicates	O
that	O
the	O
updated	O
list	O
of	O
authorized	O
agencies	O
is	O
available	O
on	O
the	O
website	O
of	O
Sernanp	B-ORGANIZATION
,	O
in	O
the	O
section	O
entitled	O
"	O
Resultados	B-BRANDS
Finales	B-MISC
"	O
(	O
Final	B-BRANDS
Results	B-MISC
)	O
,	O
under	O
the	O
heading	O
"	O
Agencias	B-BRANDS
"	O
(	O
Agencies	B-BRANDS
)	O
.	O

Last	O
Sunday	B-DATE
,	O
the	O
Ministry	B-ORGANIZATION
of	I-ORGANIZATION
Culture	I-ORGANIZATION
officially	O
increased	O
the	O
quota	O
of	O
visitors	O
to	O
4,044	O
people	O
per	O
day	O
.	O

This	O
increase	O
will	O
be	O
valid	O
thru	O
December	B-DATE
31	I-DATE
,	I-DATE
2022	I-DATE
.	O

This	O
measure	O
will	O
accelerate	O
the	O
reactivation	O
of	O
tourism	O
in	O
Cusco	B-LOCATION
and	O
throughout	O
Peru	B-LOCATION
.	O

"	O
This	O
is	O
great	O
news	O
for	O
Peruvian	B-AFFILIATION
tourism	O
.	O

Through	O
this	O
regulation	O
,	O
the	O
capacity	O
for	O
admission	O
to	O
the	O
Inca	B-AFFILIATION
sanctuary	O
will	O
increase	O
from	O
3,044	O
to	O
4,044	O
visitors	O
per	O
day	O
,	O
"	O
Foreign	O
Trade	O
and	O
Tourism	O
Minister	O
Roberto	B-GIVEN_NAME
Sanchez	B-FAMILY_NAME
said	O
at	O
that	O
time	O
.	O

