Doha	B-LOCATION
:	O
The	O
Qatari	B-ORGANIZATION|B-AFFILIATION
Forum	I-ORGANIZATION
for	I-ORGANIZATION
Authors	I-ORGANIZATION
highlighted	O
the	O
importance	O
of	O
book	O
marketing	O
,	O
which	O
came	O
within	O
a	O
new	O
session	O
of	O
authors	O
roundtable	O
with	O
the	O
participation	O
of	O
several	O
forum	O
members	O
.	O

At	O
the	O
opening	O
of	O
the	O
session	O
,	O
Qatari	B-AFFILIATION
author	O
Jamal	B-GIVEN_NAME
Fayez	B-FAMILY_NAME
stressed	O
the	O
importance	O
of	O
marketing	O
the	O
literary	O
product	O
and	O
the	O
need	O
to	O
change	O
the	O
common	O
thought	O
that	O
the	O
writerÃ¢	O
â¬	O
â¢	O
s	O
work	O
ends	O
as	O
soon	O
as	O
his	O
book	O
is	O
published	O
.	O

He	O
pointed	O
out	O
that	O
there	O
are	O
many	O
elements	O
that	O
the	O
writer	O
has	O
to	O
take	O
into	O
account	O
during	O
the	O
marketing	O
process	O
.	O

Dr	O
.	O
Zakaria	B-GIVEN_NAME
Matar	B-FAMILY_NAME
discussed	O
the	O
importance	O
of	O
the	O
marketing	O
process	O
as	O
a	O
science	O
;	O
its	O
awareness	O
is	O
increased	O
academically	O
.	O

He	O
noted	O
the	O
importance	O
of	O
differentiating	O
between	O
traditional	O
and	O
e	O
-	O
book	O
marketing	O
,	O
the	O
importance	O
of	O
market	O
study	O
and	O
identifying	O
the	O
nature	O
of	O
the	O
recipient	O
,	O
and	O
for	O
the	O
writer	O
or	O
marketing	O
specialist	O
to	O
have	O
a	O
forward	O
-	O
looking	O
and	O
the	O
ability	O
to	O
predict	O
market	O
needs	O
.	O

In	O
the	O
same	O
context	O
,	O
Dr	O
.	O
Dhafer	B-GIVEN_NAME
Darkoshi	B-FAMILY_NAME
explained	O
the	O
need	O
to	O
focus	O
on	O
the	O
quality	O
of	O
the	O
cultural	O
product	O
and	O
then	O
its	O
access	O
to	O
the	O
media	O
.	O

Therefore	O
,	O
it	O
is	O
important	O
to	O
study	O
the	O
feasibility	O
of	O
the	O
cultural	O
product	O
;	O
study	O
the	O
environment	O
,	O
the	O
nature	O
of	O
the	O
market	O
and	O
its	O
needs	O
,	O
the	O
local	O
culture	O
and	O
community	O
interests	O
.	O

The	O
writer	O
Sondos	B-GIVEN_NAME
Al	B-FAMILY_NAME
Shawi	I-FAMILY_NAME
highlighted	O
the	O
challenges	O
facing	O
the	O
book	O
during	O
the	O
marketing	O
process	O
,	O
specially	O
the	O
financial	O
ones	O
as	O
they	O
tend	O
to	O
be	O
expensive	O
in	O
case	O
of	O
paid	O
advertisements	O
.	O

She	O
stressed	O
the	O
importance	O
of	O
choosing	O
the	O
title	O
and	O
the	O
cover	O
-	O
page	O
carefully	O
as	O
they	O
are	O
the	O
first	O
means	O
to	O
attract	O
the	O
reader	O
and	O
marketing	O
of	O
the	O
book	O
.	O

She	O
also	O
stressed	O
the	O
importance	O
of	O
choosing	O
topics	O
that	O
discuss	O
current	O
and	O
community	O
issues	O
,	O
as	O
well	O
as	O
specialisation	O
in	O
the	O
fields	O
of	O
writing	O
.	O

In	O
the	O
same	O
context	O
,	O
the	O
writer	O
Awatef	B-GIVEN_NAME
Abdul	B-FAMILY_NAME
Rahman	I-FAMILY_NAME
discussed	O
the	O
role	O
of	O
social	O
media	O
in	O
marketing	O
literary	O
works	O
.	O

Director	O
of	O
Programs	O
at	O
the	O
Qatari	B-ORGANIZATION|B-AFFILIATION
Forum	I-ORGANIZATION
for	I-ORGANIZATION
Authors	I-ORGANIZATION
Saleh	B-GIVEN_NAME
Gharib	B-FAMILY_NAME
stressed	O
the	O
importance	O
of	O
the	O
role	O
played	O
by	O
Qatari	B-AFFILIATION
publishing	O
houses	O
in	O
promoting	O
Qatari	B-AFFILIATION
books	O
through	O
Arab	B-AFFILIATION
and	O
international	O
book	O
fairs	O
which	O
facilitates	O
the	O
writerÃ¢	O
â¬	O
â¢	O
s	O
marketing	O
process	O
and	O
contributes	O
to	O
the	O
further	O
spread	O
of	O
Qatari	B-AFFILIATION
literary	O
product	O
.	O

He	O
called	O
on	O
writers	O
to	O
publish	O
their	O
work	O
through	O
various	O
media	O
channels	O
and	O
social	O
media	O
and	O
not	O
to	O
depend	O
totally	O
on	O
publishing	O
houses	O
.	O

