As	O
part	O
of	O
its	O
commitment	O
to	O
its	O
social	O
responsibilities	O
and	O
support	O
of	O
the	O
various	O
needy	O
segments	O
of	O
society	O
,	O
the	O
Jassim	B-ORGANIZATION|B-GIVEN_NAME
and	I-ORGANIZATION
Hamad	I-ORGANIZATION|B-GIVEN_NAME
bin	I-ORGANIZATION|B-FAMILY_NAME
Jassim	I-ORGANIZATION|I-FAMILY_NAME
Charitable	I-ORGANIZATION
Foundation	I-ORGANIZATION
has	O
revealed	O
its	O
monthly	O
aid	O
that	O
it	O
provided	O
during	O
the	O
first	O
half	O
of	O
this	O
year	O
,	O
which	O
included	O
health	O
,	O
educational	O
and	O
social	O
aid	O
,	O
as	O
well	O
as	O
financial	O
(	O
regular	O
and	O
occasional	O
)	O
aid	O
to	O
a	O
number	O
of	O
needy	O
individuals	O
and	O
families	O
.	O

The	O
Foundation	B-ORGANIZATION
,	O
through	O
this	O
monthly	O
activity	O
,	O
enhances	O
its	O
social	O
presence	O
in	O
supporting	O
these	O
groups	O
within	O
the	O
State	O
and	O
supports	O
their	O
aspirations	O
to	O
live	O
a	O
decent	O
and	O
stable	O
life	O
,	O
by	O
relying	O
entirely	O
on	O
the	O
capabilities	O
of	O
the	O
Foundation	B-ORGANIZATION
to	O
finance	O
all	O
its	O
charitable	O
activities	O
,	O
ensuring	O
continuity	O
and	O
reaching	O
those	O
entitled	O
to	O
support	O
on	O
ongoing	O
basis	O
.	O

The	O
total	O
aid	O
over	O
the	O
first	O
six	O
months	O
of	O
2022	B-TIME
am	I-TIME
ounted	O
to	O
QR	B-MONEY
4,172,393	I-MONEY
reaching	O
more	O
than	O
1,554	O
beneficiaries	O
.	O

This	O
monthly	O
and	O
continuous	O
aid	O
comes	O
throughout	O
the	O
year	O
,	O
due	O
to	O
great	O
interest	O
that	O
the	O
Foundation	B-ORGANIZATION
gives	O
to	O
charitable	O
initiatives	O
and	O
projects	O
within	O
Qatar	B-LOCATION
,	O
which	O
are	O
at	O
the	O
top	O
of	O
its	O
priority	O
map	O
.	O

Development	O
Efforts	O

In	O
this	O
context	O
,	O
Saeed	B-GIVEN_NAME
Mathkar	B-FAMILY_NAME
Al	I-FAMILY_NAME
Hajri	I-FAMILY_NAME
,	O
CEO	O
of	O
the	O
Jassim	B-ORGANIZATION|B-GIVEN_NAME
and	I-ORGANIZATION
Hamad	I-ORGANIZATION|B-GIVEN_NAME
bin	I-ORGANIZATION|B-FAMILY_NAME
Jassim	I-ORGANIZATION|I-FAMILY_NAME
Charitable	I-ORGANIZATION
Foundation	I-ORGANIZATION
,	O
confirmed	O
that	O
the	O
Foundation	B-ORGANIZATION
continues	O
to	O
make	O
unremitting	O
efforts	O
to	O
support	O
the	O
various	O
segments	O
of	O
society	O
in	O
Qatar	B-LOCATION
,	O
which	O
is	O
at	O
the	O
top	O
of	O
the	O
Foundation	B-ORGANIZATION
's	O
priority	O
map	O
.	O

â	O
The	O
initiatives	O
and	O
activities	O
supported	O
by	O
the	O
Foundation	B-ORGANIZATION
vary	O
to	O
reach	O
various	O
segments	O
of	O
society	O
,	O
in	O
addition	O
to	O
strengthening	O
the	O
developmental	O
role	O
played	O
by	O
the	O
Foundation	B-ORGANIZATION
by	O
supporting	O
the	O
health	O
and	O
education	O
sectors	O
and	O
supporting	O
the	O
activities	O
of	O
civil	O
society	O
organizations	O
to	O
devote	O
the	O
sustainable	O
development	O
impact	O
that	O
the	O
Foundation	B-ORGANIZATION
seeks	O
to	O
crystallize	O
through	O
its	O
various	O
initiatives	O
,	O
which	O
are	O
formulated	O
based	O
on	O
aims	O
of	O
Qatar	B-LOCATION|B-LOCATION
National	B-MISC
Vision	I-MISC
2030	I-MISC|B-BRANDS
,	O
â	O
he	O
added	O
.	O

Al	B-GIVEN_NAME
Hajri	B-FAMILY_NAME
added	O
that	O
the	O
Foundation	B-ORGANIZATION
's	O
vision	O
â	O
Health	O
and	O
Education	O
for	O
a	O
Better	O
Life	O
â	O
reflects	O
its	O
consistent	O
strategy	O
in	O
supporting	O
various	O
development	O
efforts	O
within	O
the	O
country	O
,	O
in	O
implementation	O
of	O
the	O
directives	O
of	O
H	O
E	O
Sheikh	O
Hamad	B-GIVEN_NAME
bin	B-FAMILY_NAME
Jassim	I-FAMILY_NAME
bin	I-FAMILY_NAME
Jabor	I-FAMILY_NAME
Al	I-FAMILY_NAME
Thani	I-FAMILY_NAME
-	O
the	O
founding	O
member	O
and	O
seeking	O
to	O
participate	O
through	O
building	O
effective	O
partnerships	O
from	O
various	O
operating	O
institutions	O
in	O
the	O
State	O
.	O

Health	O
and	O
Education	O

Given	O
that	O
the	O
fields	O
of	O
health	O
and	O
education	O
reflect	O
the	O
vision	O
of	O
the	O
Foundation	B-ORGANIZATION
,	O
the	O
first	O
half	O
of	O
this	O
year	O
witnessed	O
the	O
provision	O
of	O
aid	O
in	O
the	O
field	O
of	O
health	O
and	O
education	O
whose	O
total	O
value	O
exceeded	O
QR	B-MONEY
695,118	I-MONEY
,	O
which	O
included	O
the	O
payment	O
of	O
tuition	O
fees	O
for	O
students	O
of	O
various	O
educational	O
levels	O
in	O
private	O
schools	O
and	O
community	O
schools	O
.	O

In	O
addition	O
to	O
universities	O
and	O
private	O
academies	O
,	O
with	O
the	O
aim	O
of	O
meeting	O
the	O
necessary	O
needs	O
of	O
this	O
segment	O
,	O
which	O
would	O
enable	O
them	O
to	O
continue	O
their	O
educational	O
and	O
academic	O
achievement	O
without	O
any	O
financial	O
obstacles	O
.	O

The	O
Jassim	B-ORGANIZATION|B-GIVEN_NAME
and	I-ORGANIZATION
Hamad	I-ORGANIZATION|B-GIVEN_NAME
bin	I-ORGANIZATION|B-FAMILY_NAME
Jassim	I-ORGANIZATION|I-FAMILY_NAME
Charitable	I-ORGANIZATION
Foundation	I-ORGANIZATION
also	O
provided	O
financial	O
aid	O
within	O
the	O
framework	O
of	O
the	O
agreement	O
with	O
the	O
Hamad	B-ORGANIZATION|B-GIVEN_NAME
Medical	I-ORGANIZATION
Corporation	I-ORGANIZATION
(	O
HMC	B-ORGANIZATION
)	O
for	O
many	O
sick	O
cases	O
of	O
people	O
in	O
need	O
whose	O
health	O
conditions	O
impose	O
financial	O
burdens	O
on	O
them	O
beyond	O
their	O
means	O
.	O

Financial	O
Aid	O

Through	O
its	O
constant	O
endeavor	O
to	O
provide	O
financial	O
assistance	O
to	O
those	O
who	O
deserve	O
it	O
,	O
the	O
Jassim	B-ORGANIZATION|B-GIVEN_NAME
and	I-ORGANIZATION
Hamad	I-ORGANIZATION|B-GIVEN_NAME
bin	I-ORGANIZATION|B-FAMILY_NAME
Jassim	I-ORGANIZATION|I-FAMILY_NAME
Charitable	I-ORGANIZATION
Foundation	I-ORGANIZATION
realizes	O
the	O
importance	O
of	O
that	O
supports	O
in	O
achieving	O
comprehensive	O
community	O
development	O
.	O

Whereas	O
,	O
the	O
Jassim	B-ORGANIZATION|B-GIVEN_NAME
and	I-ORGANIZATION
Hamad	I-ORGANIZATION|B-GIVEN_NAME
bin	I-ORGANIZATION|B-FAMILY_NAME
Jassim	I-ORGANIZATION|I-FAMILY_NAME
Charitable	I-ORGANIZATION
Foundation	I-ORGANIZATION
is	O
adopting	O
a	O
flexible	O
and	O
effective	O
mechanism	O
that	O
aims	O
to	O
support	O
the	O
largest	O
segment	O
of	O
those	O
groups	O
in	O
need	O
,	O
and	O
to	O
diversify	O
forms	O
of	O
financial	O
support	O
between	O
financial	O
and	O
lump	O
-	O
sum	O
assistance	O
and	O
in	O
-	O
kind	O
assistance	O
,	O
according	O
to	O
the	O
needs	O
of	O
each	O
individual	O
or	O
family	O
.	O

The	O
value	O
of	O
the	O
financial	O
aid	O
provided	O
by	O
the	O
Jassim	B-ORGANIZATION|B-GIVEN_NAME
and	I-ORGANIZATION
Hamad	I-ORGANIZATION|B-GIVEN_NAME
bin	I-ORGANIZATION|B-FAMILY_NAME
Jassim	I-ORGANIZATION|I-FAMILY_NAME
Charitable	I-ORGANIZATION
Foundation	I-ORGANIZATION
during	O
the	O
first	O
half	O
of	O
this	O
year	O
amounted	O
to	O
QR	B-MONEY
2,311,022	I-MONEY
,	O
while	O
the	O
total	O
cost	O
of	O
in	O
-	O
kind	O
aid	O
was	O
QR	B-MONEY
1,166,253	I-MONEY
,	O
reaching	O
a	O
large	O
segment	O
of	O
needy	O
families	O
,	O
which	O
aims	O
to	O
secure	O
their	O
basic	O
needs	O
and	O
which	O
contributes	O
to	O
achieving	O
financial	O
stability	O
of	O
those	O
families	O
and	O
ensures	O
a	O
decent	O
life	O
for	O
them	O
.	O

Social	O
Security	O

The	O
charitable	O
initiatives	O
and	O
projects	O
implemented	O
by	O
the	O
Jassim	B-ORGANIZATION|B-GIVEN_NAME
and	I-ORGANIZATION
Hamad	I-ORGANIZATION|B-GIVEN_NAME
bin	I-ORGANIZATION|B-FAMILY_NAME
Jassim	I-ORGANIZATION|I-FAMILY_NAME
Charitable	I-ORGANIZATION
Foundation	I-ORGANIZATION
are	O
sustainable	O
because	O
they	O
are	O
self	O
-	O
financing	O
,	O
and	O
devote	O
in	O
their	O
orientations	O
the	O
principle	O
of	O
social	O
security	O
,	O
by	O
ensuring	O
continuous	O
social	O
assistance	O
to	O
needy	O
and	O
needy	O
families	O
and	O
alleviating	O
the	O
financial	O
burdens	O
they	O
face	O
.	O

The	O
Jassim	B-ORGANIZATION|B-GIVEN_NAME
and	I-ORGANIZATION
Hamad	I-ORGANIZATION|B-GIVEN_NAME
bin	I-ORGANIZATION|B-FAMILY_NAME
Jassim	I-ORGANIZATION|I-FAMILY_NAME
Charitable	I-ORGANIZATION
Foundation	I-ORGANIZATION
also	O
evaluates	O
cases	O
that	O
request	O
social	O
assistance	O
from	O
needy	O
and	O
needy	O
families	O
through	O
the	O
Department	B-ORGANIZATION
of	I-ORGANIZATION
Charitable	I-ORGANIZATION
Operations	I-ORGANIZATION
in	O
the	O
Foundation	B-ORGANIZATION
after	O
conducting	O
an	O
integrated	O
and	O
comprehensive	O
study	O
of	O
the	O
cases	O
.	O

It	O
also	O
and	O
conducting	O
field	O
research	O
for	O
aid	O
-	O
seekers	O
through	O
a	O
group	O
of	O
qualified	O
social	O
researchers	O
in	O
this	O
field	O
and	O
gathering	O
the	O
necessary	O
information	O
on	O
the	O
cases	O
that	O
apply	O
for	O
support	O
,	O
studying	O
the	O
financial	O
and	O
social	O
aspects	O
of	O
each	O
case	O
separately	O
and	O
then	O
submits	O
recommendations	O
to	O
the	O
Executive	O
Committee	O
for	O
decision	O
-	O
making	O
,	O
accompanied	O
by	O
all	O
documents	O
related	O
to	O
the	O
case	O
.	O

Number	O
of	O
beneficiaries	O
reached	O
over	O
175	O
cases	O

As	O
part	O
of	O
its	O
commitment	O
to	O
its	O
social	O
responsibilities	O
and	O
to	O
support	O
the	O
various	O
needy	O
segments	O
of	O
society	O
,	O
the	O
Jassim	B-ORGANIZATION|B-GIVEN_NAME
and	I-ORGANIZATION
Hamad	I-ORGANIZATION|B-GIVEN_NAME
bin	I-ORGANIZATION|B-FAMILY_NAME
Jassim	I-ORGANIZATION|I-FAMILY_NAME
Charitable	I-ORGANIZATION
Foundation	I-ORGANIZATION
provided	O
financial	O
and	O
lump	O
-	O
sum	O
assistance	O
during	O
the	O
month	O
of	O
June	B-DATE
to	O
a	O
number	O
of	O
needy	O
individuals	O
and	O
families	O
.	O

Through	O
this	O
monthly	O
activity	O
,	O
the	O
Foundation	B-ORGANIZATION
enhanced	O
its	O
social	O
presence	O
in	O
supporting	O
these	O
groups	O
within	O
the	O
country	O
.	O

And	O
it	O
supports	O
their	O
aspirations	O
to	O
live	O
a	O
decent	O
and	O
stable	O
life	O
by	O
relying	O
on	O
the	O
capabilities	O
of	O
self	O
financing	O
by	O
the	O
Foundation	B-ORGANIZATION
to	O
finance	O
its	O
charitable	O
activities	O
,	O
with	O
a	O
total	O
of	O
QR	B-MONEY
608,125	I-MONEY
in	O
aid	O
in	O
June	B-DATE
this	O
year	O
.	O

The	O
value	O
of	O
the	O
financial	O
aid	O
provided	O
by	O
the	O
Foundation	B-ORGANIZATION
during	O
last	O
June	B-DATE
amounted	O
to	O
more	O
than	O
QR	B-MONEY
568,375	I-MONEY
,	O
while	O
the	O
total	O
cost	O
of	O
in	O
-	O
kind	O
aid	O
exceeded	O
QR	B-MONEY
39,750	I-MONEY
,	O
and	O
the	O
number	O
of	O
beneficiaries	O
of	O
the	O
total	O
assistance	O
exceeded	O
175	O
cases	O
,	O
including	O
citizens	O
and	O
residents	O
.	O

