Doha	B-LOCATION
:	O
Based	O
on	O
the	O
vision	O
of	O
the	O
Qatar	B-ORGANIZATION|B-LOCATION
Diabetes	I-ORGANIZATION
Association	I-ORGANIZATION
,	O
a	O
member	O
of	O
Qatar	B-ORGANIZATION|B-LOCATION
Foundation	I-ORGANIZATION
,	O
aimed	O
at	O
promoting	O
the	O
health	O
of	O
members	O
of	O
the	O
community	O
,	O
raising	O
awareness	O
of	O
diabetes	O
prevention	O
,	O
and	O
providing	O
care	O
for	O
people	O
living	O
with	O
diabetes	O
,	O
Qatar	B-ORGANIZATION|B-LOCATION
Diabetes	I-ORGANIZATION
Association	I-ORGANIZATION
has	O
organised	O
three	O
diabetes	O
campaigns	O
over	O
the	O
past	O
week	O
,	O
two	O
campaigns	O
in	O
collaboration	O
with	O
Al	B-ORGANIZATION
Meera	I-ORGANIZATION
for	O
its	O
clients	O
in	O
Al	B-LOCATION
Qatifiya	I-LOCATION
branch	O
and	O
another	O
targeting	O
Al	B-ORGANIZATION
Meera	I-ORGANIZATION
staff	O
at	O
Qatar	B-LOCATION|B-LOCATION
Tower	I-LOCATION
.	O

The	O
Medical	O
Team	O
of	O
Qatar	B-ORGANIZATION|B-LOCATION
Diabetes	I-ORGANIZATION
Association	I-ORGANIZATION
conducted	O
a	O
blood	O
sugar	O
test	O
,	O
pressure	O
measurement	O
,	O
height	O
,	O
weight	O
,	O
and	O
waist	O
circumference	O
measurements	O
,	O
provided	O
the	O
necessary	O
health	O
education	O
and	O
consultations	O
on	O
how	O
to	O
prevent	O
diabetes	O
,	O
healthy	O
eating	O
,	O
and	O
the	O
importance	O
of	O
physical	O
activity	O
,	O
and	O
distributed	O
educational	O
bulletins	O
on	O
prevention	O
and	O
diabetes	O
care	O
.	O

Two	O
cases	O
of	O
severe	O
high	O
blood	O
sugar	O
have	O
been	O
detected	O
and	O
they	O
do	O
not	O
report	O
their	O
injuries	O
.	O

They	O
were	O
transferred	O
to	O
the	O
health	O
center	O
and	O
followed	O
up	O
at	O
the	O
Qatar	B-ORGANIZATION|B-LOCATION
Diabetes	I-ORGANIZATION
Association	I-ORGANIZATION
clinics	O
.	O

On	O
the	O
sidelines	O
of	O
the	O
campaign	O
event	O
,	O
Dr	O
.	O
Abdullah	B-GIVEN_NAME
Al	B-FAMILY_NAME
Hamaq	I-FAMILY_NAME
,	O
Executive	O
Director	O
of	O
Qatar	B-ORGANIZATION|B-LOCATION
Diabetes	I-ORGANIZATION
Association	I-ORGANIZATION
,	O
said	O
,	O
â	O
Diabetes	B-BRANDS
is	O
one	O
of	O
the	O
major	O
health	O
and	O
development	O
challenges	O
of	O
this	O
century	O
.	O

It	O
is	O
responsible	O
for	O
millions	O
of	O
deaths	O
annually	O
,	O
weakening	O
complications	O
,	O
and	O
an	O
incalculable	O
impact	O
on	O
the	O
well	O
-	O
being	O
of	O
the	O
people	O
living	O
with	O
it	O
.	O

No	O
country	O
,	O
rich	O
or	O
poor	O
,	O
is	O
immune	O
to	O
it	O
.	O

Therefore	O
,	O
as	O
a	O
voice	O
for	O
people	O
diagnosed	O
with	O
it	O
or	O
who	O
are	O
in	O
the	O
pre	O
-	O
diabetes	O
stage	O
,	O
we	O
work	O
hard	O
with	O
our	O
partners	O
in	O
the	O
field	O
of	O
health	O
to	O
change	O
this	O
situation	O
through	O
many	O
educational	O
services	O
and	O
clinics	O
of	O
the	O
QDA	B-ORGANIZATION
and	O
also	O
intensify	O
such	O
awareness	O
campaigns	O
directed	O
to	O
the	O
general	O
public	O
,	O
â	O
he	O
said	O
.	O

Dr	O
.	O
Al	B-GIVEN_NAME
Hamaq	B-FAMILY_NAME
also	O
appreciated	O
the	O
Al	B-LOCATION
Meera	I-LOCATION
and	O
Mall	B-LOCATION
Hayat	I-LOCATION
Plaza	I-LOCATION
for	O
their	O
effective	O
cooperation	O
in	O
the	O
success	O
of	O
the	O
awareness	O
campaigns	O
.	O

