Doha	B-LOCATION
:	O
As	O
per	O
Law	O
No	O
.	O
(	O
10	O
)	O
of	O
2021	B-DATE
regarding	O
measures	O
to	O
host	O
the	O
World	B-BRANDS
Cup	B-MISC
,	O
a	O
fine	O
of	O
no	O
more	O
than	O
QR	B-MONEY
250,000	I-MONEY
will	O
be	O
imposed	O
on	O
anyone	O
who	O
issues	O
,	O
sells	O
,	O
resells	O
,	O
or	O
exchanges	O
tickets	O
without	O
permission	O
from	O
FIFA	B-ORGANIZATION
,	O
Ministry	B-ORGANIZATION
of	I-ORGANIZATION
Justice	I-ORGANIZATION
said	O
in	O
a	O
post	O
on	O
Twitter	B-BRANDS
.	O

According	O
to	O
the	O
FIFA	B-ORGANIZATION
website	O
,	O
â	O
you	O
may	O
not	O
,	O
whether	O
physically	O
or	O
online	O
,	O
offer	O
for	O
sale	O
,	O
sell	O
,	O
offer	O
at	O
auctions	O
,	O
give	O
away	O
or	O
otherwise	O
transfer	O
or	O
attempt	O
to	O
transfer	O
,	O
or	O
engage	O
a	O
third	O
party	O
to	O
facilitate	O
or	O
solicit	O
offers	O
for	O
the	O
transfer	O
of	O
tickets	O
under	O
any	O
circumstances	O
,	O
including	O
any	O
use	O
or	O
attempted	O
use	O
of	O
tickets	O
for	O
advertising	O
,	O
promotions	O
,	O
incentive	O
programmes	O
,	O
sweepstakes	O
,	O
contests	O
,	O
giveaways	O
or	O
raffles	O
or	O
as	O
part	O
of	O
hotel	O
,	O
flight	O
,	O
hospitality	O
or	O
travel	O
packages	O
,	O
or	O
other	O
commercial	O
purposes	O
,	O
except	O
as	O
expressly	O
authorised	O
in	O
writing	O
by	O
FIFA	B-ORGANIZATION
Ticketing	O
,	O
or	O
as	O
permitted	O
by	O
the	O
Ticket	O
Terms	O
of	O
Use	O
.	O

â	O
Tickets	O
that	O
have	O
been	O
impermissibly	O
transferred	O
are	O
not	O
valid	O
and	O
may	O
be	O
cancelled	O
at	O
any	O
time	O
without	O
notice	O
.	O

Any	O
actual	O
or	O
attempted	O
transfer	O
of	O
any	O
tickets	O
in	O
violation	O
of	O
the	O
Ticket	O
Terms	O
of	O
Use	O
may	O
result	O
in	O
civil	O
and	O
criminal	O
fines	O
and	O
penalties	O
.	O
â	O

The	O
website	O
clarified	O
that	O
if	O
someone	O
is	O
not	O
able	O
to	O
attend	O
a	O
match	O
then	O
they	O
may	O
put	O
all	O
their	O
tickets	O
up	O
for	O
resale	O
on	O
the	O
official	O
FIFA	B-ORGANIZATION
Resale	I-ORGANIZATION
Platform	I-ORGANIZATION
.	O

Regarding	O
transfering	O
the	O
tickets	O
of	O
guests	O
,	O
they	O
said	O
that	O
â	O
a	O
ticket	O
applicant	O
is	O
only	O
permitted	O
to	O
assign	O
tickets	O
to	O
guests	O
either	O
free	O
of	O
charge	O
or	O
for	O
an	O
amount	O
no	O
greater	O
than	O
the	O
face	O
value	O
of	O
the	O
ticket	O
.	O

In	O
accordance	O
with	O
the	O
Ticket	O
Terms	O
of	O
Use	O
,	O
guests	O
are	O
not	O
permitted	O
to	O
transfer	O
tickets	O
under	O
any	O
circumstances	O
.	O

If	O
a	O
guest	O
can	O
no	O
longer	O
use	O
a	O
ticket	O
,	O
it	O
must	O
be	O
returned	O
to	O
the	O
ticket	O
applicant	O
.	O

Only	O
the	O
main	O
ticket	O
applicant	O
is	O
permitted	O
to	O
reassign	O
a	O
ticket	O
to	O
another	O
guest	O
.	O
â	O

