Cape	B-LOCATION
Town	I-LOCATION
-	O
After	O
President	O
Cyril	B-GIVEN_NAME
Ramaphosa	B-FAMILY_NAME
âs	O
response	O
to	O
the	O
energy	O
crisis	O
on	O
Monday	B-BRANDS
night	O
,	O
energy	O
and	O
environmental	O
stakeholders	O
welcomed	O
the	O
measures	O
,	O
particularly	O
the	O
decision	O
to	O
remove	O
the	O
arbitrary	O
threshold	O
for	O
renewable	O
energy	O
generation	O
and	O
the	O
removal	O
of	O
red	O
tape	O
to	O
allow	O
for	O
the	O
immediate	O
start	O
of	O
numerous	O
energy	O
projects	O
.	O

However	O
,	O
some	O
remained	O
sceptical	O
about	O
certain	O
measures	O
and	O
the	O
implementation	O
of	O
this	O
energy	O
security	O
roadmap	O
.	O

Ramaphosa	B-GIVEN_NAME
said	O
the	O
government	O
intended	O
to	O
accelerate	O
the	O
procurement	O
of	O
new	O
generation	O
capacity	O
through	O
numerous	O
measures	O
â	O
such	O
as	O
ensuring	O
that	O
all	O
projects	O
from	O
Bid	B-BRANDS
Window	B-MISC
5	I-MISC
of	O
the	O
renewable	O
energy	O
programme	O
started	O
construction	O
on	O
schedule	O
,	O
and	O
doubling	O
the	O
amount	O
of	O
new	O
generation	O
capacity	O
procured	O
through	O
Bid	B-BRANDS
Window	B-MISC
6	I-MISC
for	O
wind	O
and	O
solar	O
power	O
from	O
2	O
600	O
MW	O
to	O
5	O
200	O
MW	O
.	O

The	O
government	O
would	O
also	O
enable	O
and	O
incentivise	O
businesses	O
and	O
households	O
to	O
invest	O
in	O
rooftop	O
solar	O
to	O
generate	O
electricity	O
.	O

These	O
moves	O
were	O
massively	O
supported	O
by	O
civil	O
society	O
and	O
organisations	O
,	O
including	O
the	O
South	B-AFFILIATION|B-AFFILIATION
African	I-AFFILIATION|I-AFFILIATION
Wind	I-ORGANIZATION
Energy	I-ORGANIZATION
Association	I-ORGANIZATION
(	O
Sawea	B-ORGANIZATION
)	O
.	O

Sawea	B-ORGANIZATION
CEO	O

Niveshen	B-GIVEN_NAME
Govender	B-FAMILY_NAME
said	O
that	O
to	O
deliver	O
on	O
the	O
required	O
generation	O
capacity	O
,	O
as	O
outlined	O
,	O
it	O
was	O
necessary	O
to	O
urgently	O
address	O
and	O
prioritise	O
the	O
grid	O
capacity	O
challenges	O
.	O

Premier	O
Alan	B-GIVEN_NAME
Winde	B-FAMILY_NAME
and	O
Cape	B-LOCATION
Town	I-LOCATION
mayor	O
Geordin	B-GIVEN_NAME
Hill	B-FAMILY_NAME
-	I-FAMILY_NAME
Lewis	I-FAMILY_NAME
were	O
both	O
cautiously	O
optimistic	O
about	O
the	O
president	O
âs	O
plan	O
.	O

Winde	B-GIVEN_NAME
said	O
:	O
â	O
It	O
is	O
currently	O
not	O
clear	O
whether	O
the	O
proposed	O
streamlining	O
of	O
legislation	O
and	O
regulations	O
includes	O
processes	O
for	O
municipal	O
independent	O
power	O
producer	O
(	O
IPP	O
)	O
procurement	O
.	O

â	O
This	O
will	O
need	O
to	O
be	O
clarified	O
.	O
In	O
the	O
Western	B-LOCATION
Cape	I-LOCATION
,	O
we	O
are	O
working	O
closely	O
with	O
municipalities	O
so	O
they	O
can	O
develop	O
the	O
capacity	O
to	O
procure	O
directly	O
from	O
IPPs	B-BRANDS
,	O
through	O
our	O
Municipal	B-BRANDS
Energy	B-MISC
Resilience	I-MISC
Programme	I-MISC
,	O
and	O
so	O
this	O
is	O
important	O
.	O
â	O

Hill	B-GIVEN_NAME
-	B-FAMILY_NAME
Lewis	I-FAMILY_NAME
said	O
the	O
City	O
would	O
continue	O
with	O
its	O
plans	O
to	O
become	O
independent	O
of	O
Eskom	B-ORGANIZATION
and	O
ultimately	O
end	O
load	O
shedding	O
in	O
Cape	B-LOCATION
Town	I-LOCATION
.	O

â	O
I	O
âm	O
concerned	O
that	O
the	O
president	O
âs	O
plan	O
continues	O
to	O
double	O
down	O
on	O
Eskom	B-ORGANIZATION
as	O
the	O
primary	O
solution	O
to	O
the	O
nation	O
âs	O
power	O
crisis	O
â	O
when	O
it	O
is	O
,	O
in	O
fact	O
,	O
the	O
cause	O
.	O

â	O
The	O
fundamental	O
and	O
systemic	O
problems	O
at	O
Eskom	B-ORGANIZATION
will	O
not	O
be	O
solved	O
overnight	O
,	O
â	O
he	O
said	O
.	O

After	O
years	O
of	O
campaigning	O
for	O
more	O
renewable	O
energy	O
generation	O
,	O
civil	O
society	O
groups	O
supported	O
the	O
measures	O
to	O
increase	O
renewable	O
energy	O
systems	O
and	O
to	O
allow	O
for	O
households	O
and	O
businesses	O
to	O
feed	O
power	O
to	O
the	O
national	O
power	O
grid	O
.	O

