Pretoria	B-LOCATION
â	O
Embattled	O
former	O
South	B-AFFILIATION|B-AFFILIATION
African	I-AFFILIATION|I-AFFILIATION
Airways	I-ORGANIZATION
(	O
SAA	B-ORGANIZATION
)	O
board	O
chair	O
Dudu	B-GIVEN_NAME
Myeni	B-FAMILY_NAME
pleaded	O
guilty	O
when	O
she	O
appeared	O
in	O
the	O
Johannesburg	B-ORGANIZATION|B-LOCATION
Magistrate	I-ORGANIZATION
âs	I-ORGANIZATION
Court	I-ORGANIZATION
on	O
charges	O
of	O
defeating	O
the	O
administration	O
of	O
justice	O
.	O

She	O
was	O
reportedly	O
sentenced	O
to	O
two	B-DURATION
years	I-DURATION
in	O
jail	O
with	O
an	O
option	O
of	O
paying	O
a	O
fine	O
of	O
R	B-MONEY
120	I-MONEY
000	I-MONEY
.	O

Broadcaster	O
eNCA	B-ORGANIZATION
reported	O
Myeni	B-GIVEN_NAME
pleaded	O
guilty	O
after	O
getting	O
into	O
a	O
settlement	O
with	O
the	O
National	B-ORGANIZATION
Prosecuting	I-ORGANIZATION
Authority	I-ORGANIZATION
(	O
NPA	B-ORGANIZATION
)	O
.	O

In	O
the	O
indictment	O
,	O
the	O
State	B-ORGANIZATION
alleged	O
that	O
Myeni	B-ORGANIZATION
was	O
guilty	O
of	O
the	O
crime	O
of	O
defeating	O
or	O
obstructing	O
the	O
administration	O
of	O
justice	O
,	O
read	O
with	O
Section	B-BRANDS
256	B-MISC
of	I-MISC
the	I-MISC
Criminal	I-MISC
Procedure	I-MISC
Act	I-MISC
51	I-MISC
of	I-MISC
1977	B-DATE
.	O

The	O
State	B-ORGANIZATION
alleges	O
that	O
on	O
November	B-DATE
5	I-DATE
,	I-DATE
2020	I-DATE
,	O
near	O
Johannesburg	B-LOCATION
in	O
the	O
regional	O
division	O
of	O
Gauteng	B-LOCATION
,	O
Myeni	B-GIVEN_NAME
did	O
,	O
unlawfully	O
and	O
with	O
the	O
intent	O
to	O
defeat	O
or	O
obstruct	O
the	O
administration	O
of	O
justice	O
,	O
at	O
the	O
hearing	O
of	O
the	O
Commission	O
,	O
disclose	O
the	O
identity	O
and	O
/	O
or	O
name	O
of	O
a	O
witness	O
that	O
the	O
chairperson	O
,	O
Chief	O
Justice	O
Raymond	B-GIVEN_NAME
Zondo	B-FAMILY_NAME
,	O
had	O
ordered	O
should	O
not	O
be	O
disclosed	O
or	O
published	O
.	O

Zondo	B-GIVEN_NAME
had	O
instructed	O
that	O
the	O
witness	O
be	O
referred	O
to	O
as	O
Mr	O
X	B-GIVEN_NAME
during	O
the	O
State	B-ORGANIZATION|B-ORGANIZATION
Capture	B-MISC
Commission	I-MISC
.	O

In	O
May	B-DATE
,	O
Myeni	B-GIVEN_NAME
was	O
threatened	O
with	O
arrest	O
after	O
she	O
failed	O
to	O
appear	O
in	O
the	O
Johannesburg	B-ORGANIZATION|B-LOCATION
Magistrate	I-ORGANIZATION
âs	I-ORGANIZATION
Court	I-ORGANIZATION
.	O

At	O
the	O
time	O
,	O
her	O
lawyer	O
told	O
the	O
court	O
that	O
she	O
was	O
absent	O
due	O
to	O
a	O
medical	O
condition	O
.	O

However	O
,	O
a	O
warrant	O
of	O
arrest	O
was	O
issued	O
against	O
Myeni	B-GIVEN_NAME
for	O
her	O
failure	O
to	O
appear	O
in	O
the	O
court	O
,	O
but	O
it	O
was	O
put	O
on	O
hold	O
with	O
the	O
condition	O
that	O
it	O
would	O
be	O
effected	O
only	O
if	O
she	O
failed	O
to	O
attend	O
court	O
on	O
her	O
next	O
appearance	O
.	O

