The	O
SA	B-ORGANIZATION|B-LOCATION
Health	I-ORGANIZATION
Products	I-ORGANIZATION
Regulatory	I-ORGANIZATION
Authority	I-ORGANIZATION
(	O
SAHPRA	B-ORGANIZATION
)	O
chief	O
executive	O
Dr	O
Boitumelo	B-GIVEN_NAME
Semete	B-FAMILY_NAME
-	I-FAMILY_NAME
Makokotlela	I-FAMILY_NAME
clinched	O
a	O
management	O
award	O
at	O
the	O
recent	O
â	O
Science	B-BRANDS
Oscars	B-MISC
â	O
.	O

Semete	B-GIVEN_NAME
-	B-FAMILY_NAME
Makokotlela	I-FAMILY_NAME
was	O
recognised	O
with	O
a	O
management	O
award	O
at	O
the	O
24th	B-BRANDS
National	B-MISC|B-ORGANIZATION
Science	I-MISC|I-ORGANIZATION
and	I-MISC|I-ORGANIZATION
Technology	I-MISC|I-ORGANIZATION
Forum	I-MISC|I-ORGANIZATION
(	I-MISC
NSTF	I-MISC
)	I-MISC
Awards	I-MISC
ceremony	O
on	O
Thursday	B-DATE
.	O

The	O
finalists	O
and	O
awardees	O
were	O
honoured	O
,	O
and	O
celebrated	O
at	O
award	O
ceremonies	O
in	O
Joburg	B-LOCATION
and	O
Cape	B-LOCATION
Town	I-LOCATION
simultaneously	O
,	O
via	O
live	O
broadcast	O
on	O
the	O
NSTF	B-ORGANIZATION
YouTube	B-ORGANIZATION
channel	O
.	O

The	O
NSTF	B-BRANDS
Awards	B-MISC
,	O
known	O
as	O
the	O
â	O
Science	B-BRANDS
Oscars	B-MISC
â	O
,	O
recognises	O
outstanding	O
contributions	O
to	O
science	B-BRANDS
,	B-MISC
engineering	I-MISC
and	I-MISC
technology	I-MISC
(	O
SET	B-BRANDS
)	O
,	O
and	O
innovation	O
.	O

The	O
award	O
showcases	O
the	O
research	O
and	O
development	O
capacity	O
of	O
South	B-LOCATION
Africa	I-LOCATION
and	O
the	O
winners	O
support	O
South	B-LOCATION
Africa	I-LOCATION
âs	O
advancement	O
,	O
economic	O
growth	O
and	O
the	O
social	O
upliftment	O
of	O
the	O
South	B-AFFILIATION
African	I-AFFILIATION
people	O
.	O

â	O
As	O
the	O
head	O
of	O
SAHPRA	B-ORGANIZATION
,	O
Dr	O
Semete	B-GIVEN_NAME
-	O
Makokotlela	B-GIVEN_NAME
,	O
successfully	O
led	O
the	O
authorisation	O
of	O
a	O
number	O
of	O
Covid	B-BRANDS
-	B-MISC
19	I-MISC
diagnostic	O
tests	O
,	O
vaccines	O
and	O
therapies	O
during	O
the	O
Covid	B-BRANDS
-	B-MISC
19	I-MISC
pandemic	O
,	O
in	O
a	O
sterling	O
testament	O
to	O
her	O
drive	O
and	O
passion	O
to	O
ensure	O
that	O
the	O
regulator	O
is	O
an	O
enabler	O
,	O
â	O
according	O
to	O
NSTF	B-ORGANIZATION
.	O

SAHPRA	B-ORGANIZATION
said	O
the	O
chief	O
executive	O
was	O
up	O
against	O
nominees	O
within	O
the	O
Management	O
category	O
from	O
various	O
South	B-AFFILIATION
African	I-AFFILIATION
universities	O
countrywide	O
.	O

â	O
The	O
head	O
of	O
SAHPRA	B-ORGANIZATION
praised	O
and	O
acknowledged	O
her	O
family	O
,	O
her	O
team	O
and	O
the	O
board	O
for	O
their	O
support	O
and	O
commitment	O
,	O
as	O
her	O
victory	O
is	O
not	O
only	O
reflective	O
of	O
her	O
leadership	O
and	O
drive	O
but	O
also	O
the	O
abilities	O
,	O
dedication	O
,	O
and	O
endeavours	O
from	O
the	O
organisation	O
and	O
its	O
workforce	O
,	O
â	O
the	O
SAHPRA	B-ORGANIZATION
team	O
said	O
.	O

The	O
other	O
categories	O
included	O
scientific	O
research	O
,	O
innovation	O
,	O
SET	B-BRANDS
management	O
and	O
related	O
activities	O
,	O
capacity	O
development	O
in	O
engineering	O
research	O
,	O
environmental	O
sustainability	O
and	O
biodiversity	O
conservation	O
,	O
water	O
research	O
and	O
innovation	O
,	O
data	O
for	O
research	O
,	O
and	O
science	O
communication	O
.	O

The	O
Wits	B-ORGANIZATION
University	I-ORGANIZATION
dean	O
of	O
the	O
faculty	O
of	O
health	O
sciences	O
;	O
director	O
of	O
the	O
SA	B-ORGANIZATION|B-LOCATION
Medical	I-ORGANIZATION
Research	I-ORGANIZATION
Council	I-ORGANIZATION
âs	O
(	O
SAMRC	B-ORGANIZATION
)	O
Vaccine	B-ORGANIZATION
and	I-ORGANIZATION
Infectious	I-ORGANIZATION
Diseases	I-ORGANIZATION
Analytics	I-ORGANIZATION
Research	I-ORGANIZATION
Unit	I-ORGANIZATION
(	O
Wits	B-ORGANIZATION
-	I-ORGANIZATION
VIDA	I-ORGANIZATION
)	O
and	O
co	O
-	O
director	O
of	O
the	O
African	B-ORGANIZATION|B-AFFILIATION
Leadership	I-ORGANIZATION
in	I-ORGANIZATION
Vaccinology	I-ORGANIZATION
Expertise	I-ORGANIZATION
,	O
Professor	O
Shabir	B-GIVEN_NAME
Madhi	B-FAMILY_NAME
was	O
recognised	O
with	O
a	O
Lifetime	B-BRANDS
Award	B-MISC
at	O
the	O
event	O
.	O

â	O
For	O
his	O
leadership	O
in	O
research	O
on	O
vaccines	O
against	O
life	O
-	O
threatening	O
diseases	O
in	O
Africa	B-LOCATION
and	O
globally	O
,	O
and	O
he	O
has	O
been	O
at	O
the	O
cutting	O
edge	O
of	O
research	O
in	O
this	O
area	O
since	O
1997	B-DATE
,	O
â	O
NSTF	B-ORGANIZATION
said	O
.	O

A	O
Special	B-BRANDS
Annual	B-MISC
Theme	I-MISC
Award	I-MISC
was	O
made	O
for	O
outstanding	O
contribution	O
to	O
SET	B-BRANDS
and	O
innovation	O
towards	O
basic	O
sciences	O
for	O
sustainable	O
development	O
to	O
Professor	O
Marianne	B-GIVEN_NAME
Vanderschuren	B-FAMILY_NAME
for	O
her	O
role	O
in	O
improving	O
the	O
quality	O
of	O
life	O
of	O
vulnerable	O
road	O
-	O
users	O
,	O
using	O
Smart	B-BRANDS
Mobility	B-MISC
through	O
research	O
solutions	O
in	O
the	O
basic	O
sciences	O
.	O

