The	O
ATM	B-ORGANIZATION
said	O
it	O
is	O
appalled	O
at	O
what	O
they	O
said	O
appears	O
to	O
be	O
a	O
blatant	O
display	O
of	O
Judicial	B-BRANDS
Capture	B-MISC
.	O

Late	O
on	O
Monday	B-BRANDS
night	O
,	O
the	O
Judicial	B-ORGANIZATION
Service	I-ORGANIZATION
Commission	I-ORGANIZATION
(	O
JSC	B-ORGANIZATION
)	O
issued	O
a	O
media	O
statement	O
recommending	O
that	O
Judge	O
President	O
of	O
the	O
Western	B-ORGANIZATION|B-LOCATION
Cape	I-ORGANIZATION|I-LOCATION
Division	I-ORGANIZATION
of	I-ORGANIZATION
the	I-ORGANIZATION
High	I-ORGANIZATION
Court	I-ORGANIZATION
of	I-ORGANIZATION
South	I-ORGANIZATION|B-LOCATION
Africa	I-ORGANIZATION|I-LOCATION
,	O
John	O
Hlophe	B-GIVEN_NAME
,	O
be	O
suspended	O
by	O
President	O
Cyril	B-GIVEN_NAME
Ramaphosa	B-FAMILY_NAME
.	O

The	O
commission	O
met	O
at	O
a	O
meeting	O
on	O
Monday	B-DATE
,	O
constituted	O
without	O
members	O
designated	O
by	O
the	O
National	B-ORGANIZATION
Assembly	I-ORGANIZATION
and	O
National	B-ORGANIZATION
Council	I-ORGANIZATION
of	I-ORGANIZATION
Provinces	I-ORGANIZATION
.	O

â	O
The	O
JSC	B-ORGANIZATION
deliberated	O
and	O
resolved	O
to	O
advise	O
the	O
president	O
to	O
suspend	O
(	O
Judge	O
)	O
Hlophe	B-GIVEN_NAME
in	O
terms	O
of	O
section	B-BRANDS
177	B-MISC
(	I-MISC
3	I-MISC
)	O
of	O
the	O
Constitution	B-BRANDS
.	O

This	O
is	O
following	O
the	O
decision	O
of	O
the	O
JSC	B-ORGANIZATION
on	O
August	B-DATE
25	I-DATE
,	I-DATE
2021	I-DATE
made	O
in	O
terms	O
of	O
section	O
20	O
(	O
3	O
)	O
of	O
the	O
JSC	B-BRANDS|B-ORGANIZATION
Act	B-MISC
9	I-MISC
of	I-MISC
1994	I-MISC|B-BRANDS
that	O
(	O
Judge	O
)	O
Hlophe	B-GIVEN_NAME
is	O
guilty	O
of	O
gross	O
misconduct	O
,	O
â	O
said	O
the	O
commission	O
.	O

This	O
morning	O
the	O
ATM	B-ORGANIZATION
said	O
the	O
power	O
of	O
the	O
president	O
to	O
suspend	O
in	O
terms	O
of	O
s	O
177	O
(	O
3	O
)	O
cannot	O
be	O
exercised	O
as	O
yet	O
because	O
the	O
ground	O
on	O
which	O
the	O
suspension	O
is	O
based	O
is	O
still	O
pending	O
at	O
the	O
Supreme	B-ORGANIZATION
Court	I-ORGANIZATION
of	I-ORGANIZATION
Appeal	I-ORGANIZATION
.	O

The	O
party	O
said	O
Ramaphosa	B-GIVEN_NAME
is	O
not	O
compelled	O
to	O
suspend	O
,	O
because	O
the	O
relevant	O
section	O
in	O
the	O
Constitution	B-BRANDS
does	O
not	O
say	O
â	O
must	O
â	O
,	O
it	O
says	O
â	O
may	O
â	O
.	O

â	O
The	O
ATM	B-ORGANIZATION
calls	O
on	O
Ramaphosa	B-GIVEN_NAME
not	O
to	O
act	O
irrationally	O
and	O
to	O
bear	O
in	O
mind	O
that	O
he	O
is	O
in	O
fact	O
conflicted	O
as	O
far	O
as	O
the	O
Western	B-ORGANIZATION|B-LOCATION
Cape	I-ORGANIZATION|I-LOCATION
High	I-ORGANIZATION
Court	I-ORGANIZATION
is	O
concerned	O
.	O

Ramaphosa	B-GIVEN_NAME
has	O
cases	O
pending	O
in	O
the	O
Western	B-ORGANIZATION|B-LOCATION
Cape	I-ORGANIZATION|I-LOCATION
High	I-ORGANIZATION
Court	I-ORGANIZATION
,	O
including	O
the	O
Phala	B-ORGANIZATION
-	I-ORGANIZATION
Phala	I-ORGANIZATION
farmgate	O
questions	O
,	O
the	O
ATM	B-ORGANIZATION
âs	O
secret	O
ballot	O
case	O
on	O
the	O
no	O
confidence	O
motion	O
in	O
him	O
,	O
and	O
the	O
Public	O
Protector	O
case	O
,	O
â	O
said	O
ATM	B-ORGANIZATION
national	O
spokesperson	O
Sibusiso	B-GIVEN_NAME
Mncwabe	B-FAMILY_NAME
.	O

â	O
Any	O
decision	O
to	O
entertain	O
the	O
recommendation	O
of	O
the	O
JSC	B-ORGANIZATION
should	O
be	O
deemed	O
interference	O
by	O
the	O
executive	O
on	O
judicial	O
processes	O
â	O
.	O

Mncwane	B-GIVEN_NAME
said	O
one	O
would	O
have	O
thought	O
that	O
the	O
members	O
of	O
the	O
JSC	B-ORGANIZATION
would	O
be	O
the	O
first	O
people	O
to	O
respect	O
processes	O
pending	O
in	O
the	O
courts	O
.	O

â	O
It	O
is	O
indeed	O
shocking	O
that	O
the	O
JSC	B-ORGANIZATION
decided	O
to	O
undermine	O
judicial	O
protocols	O
.	O

This	O
action	O
by	O
the	O
JSC	B-ORGANIZATION
unfortunately	O
has	O
unintended	O
consequences	O
of	O
giving	O
credence	O
to	O
allegations	O
of	O
judicial	O
capture	O
.	O

What	O
or	O
who	O
exactly	O
is	O
putting	O
the	O
JSC	B-ORGANIZATION
under	O
pressure	O
at	O
the	O
risk	O
of	O
destroying	O
the	O
credibility	O
of	O
our	O
judiciary	O
?	O
â	O
he	O
asked	O
.	O

Mncwabe	B-GIVEN_NAME
said	O
this	O
complaint	O
against	O
Hlophe	B-GIVEN_NAME
is	O
more	O
than	O
a	O
decade	O
old	O
and	O
has	O
no	O
bearing	O
on	O
his	O
day	O
-	O
to	O
-	O
day	O
duties	O
and	O
thus	O
the	O
issue	O
of	O
him	O
interfering	O
with	O
the	O
investigation	O
â	O
does	O
not	O
even	O
arise	O
â	O
.	O

â	O
Ramaphosa	B-GIVEN_NAME
must	O
reject	O
this	O
approach	O
by	O
the	O
JSC	B-ORGANIZATION
and	O
prevail	O
upon	O
them	O
to	O
respect	O
the	O
ongoing	O
court	O
process	O
,	O
and	O
the	O
presumption	O
(	O
Judge	O
)	O
Hlophe	B-GIVEN_NAME
's	O
innocence	O
â	O
Mncwabe	B-GIVEN_NAME
said	O
.	O

Recently	O
the	O
country	O
saw	O
Public	O
Protector	O
advocate	O
Busisiwe	B-GIVEN_NAME
Mkhwebane	B-FAMILY_NAME
suspended	O
less	O
than	O
2	O
4	B-DURATION
hours	I-DURATION
after	O
she	O
submitted	O
31	O
questions	O
to	O
Ramaphosa	B-GIVEN_NAME
regarding	O
the	O
Phala	B-ORGANIZATION
-	I-ORGANIZATION
Phala	I-ORGANIZATION
farm	I-ORGANIZATION
matter	O
and	O
there	O
was	O
no	O
valid	O
explanation	O
given	O
.	O

There	O
are	O
reports	O
alleging	O
that	O
Ramaphosa	B-GIVEN_NAME
does	O
not	O
want	O
to	O
be	O
scrutinised	O
regarding	O
his	O
responses	O
to	O
Mkhwebane	B-GIVEN_NAME
âs	O
31	O
questions	O
;	O
in	O
this	O
case	O
,	O
it	O
is	O
suspected	O
that	O
(	O
Judge	O
)	O
Hlophe	B-GIVEN_NAME
can	O
be	O
a	O
diversion	O
.	O

