SIYABONGA	B-GIVEN_NAME
SITHOLE	B-FAMILY_NAME

Businessman	O
and	O
founder	O
of	O
Thami	B-ORGANIZATION|B-GIVEN_NAME
Ndlala	I-ORGANIZATION|B-FAMILY_NAME
Holdings	I-ORGANIZATION
,	O
Thami	B-GIVEN_NAME
Ndlala	B-FAMILY_NAME
,	O
says	O
there	O
is	O
a	O
witch	O
-	O
hunt	O
against	O
him	O
and	O
his	O
business	O
endeavours	O
following	O
accusations	O
that	O
his	O
development	O
of	O
a	O
Northcliff	B-LOCATION
property	O
into	O
a	O
hotel	O
was	O
operating	O
without	O
a	O
permit	O
from	O
the	O
City	B-LOCATION
of	I-LOCATION
Johannesburg	I-LOCATION
.	O

This	O
comes	O
as	O
concerned	O
residents	O
and	O
neighbours	O
of	O
his	O
boutique	O
hotel	O
in	O
Northcliff	B-LOCATION
,	I-LOCATION
Randburg	I-LOCATION
,	O
have	O
accused	O
Ndlala	B-GIVEN_NAME
of	O
building	O
a	O
hotel	O
in	O
the	O
middle	O
of	O
a	O
residential	O
area	O
,	O
with	O
no	O
permit	O
.	O

Some	O
of	O
the	O
neighbours	O
claim	O
that	O
this	O
development	O
will	O
devalue	O
the	O
suburb	O
and	O
the	O
value	O
of	O
their	O
homes	O
.	O

The	O
flamboyant	O
businessman	O
recently	O
bought	O
a	O
bed	O
and	O
breakfast	O
which	O
he	O
has	O
upgraded	O
to	O
a	O
luxury	O
boutique	O
hotel	O
called	O
12	B-LOCATION
on	I-LOCATION
Hill	I-LOCATION
El	I-LOCATION
Villa	I-LOCATION
and	I-LOCATION
Spa	I-LOCATION
in	O
Northcliff	B-LOCATION
.	O

This	O
hotel	O
which	O
is	O
yet	O
to	O
be	O
opened	O
to	O
the	O
public	O
has	O
in	O
the	O
past	O
six	O
months	O
caused	O
an	O
uproar	O
among	O
concerned	O
property	O
owners	O
who	O
accused	O
Ndlala	B-GIVEN_NAME
of	O
using	O
his	O
power	O
and	O
influence	O
to	O
build	O
his	O
empire	O
against	O
the	O
wishes	O
of	O
the	O
community	O
.	O

A	O
community	O
member	O
,	O
who	O
spoke	O
to	O
The	B-ORGANIZATION
Star	I-ORGANIZATION
on	O
condition	O
of	O
anonymity	O
,	O
said	O
that	O
he	O
and	O
more	O
than	O
45	O
other	O
residents	O
signed	O
a	O
petition	O
and	O
a	O
refusal	O
order	O
which	O
they	O
submitted	O
to	O
the	O
City	B-LOCATION
of	I-LOCATION
Joburg	I-LOCATION
disapproving	O
of	O
the	O
development	O
which	O
they	O
say	O
will	O
devalue	O
their	O
properties	O
.	O

â	O
If	O
I	O
wanted	O
to	O
stay	O
in	O
a	O
business	O
area	O
with	O
high	O
noise	O
levels	O
,	O
I	O
would	O
have	O
bought	O
property	O
in	O
Randburg	B-LOCATION
.	O

I	O
stay	O
here	O
because	O
it	O
is	O
a	O
quiet	O
suburb	O
and	O
that	O
is	O
what	O
I	O
want	O
for	O
my	O
family	O
.	O

â	O
This	O
development	O
which	O
we	O
have	O
objected	O
to	O
is	O
going	O
to	O
devalue	O
our	O
properties	O
and	O
make	O
it	O
difficult	O
for	O
us	O
to	O
enjoy	O
the	O
peace	O
and	O
tranquillity	O
that	O
come	O
with	O
this	O
neighbourhood	O
.	O

â	O
More	O
than	O
45	O
residents	O
complied	O
with	O
the	O
deadline	O
to	O
halt	O
this	O
development	O
by	O
approaching	O
the	O
City	B-ORGANIZATION|B-LOCATION
of	I-ORGANIZATION|I-LOCATION
Johannesburg	I-ORGANIZATION|I-LOCATION
Development	I-ORGANIZATION
Planning	I-ORGANIZATION
to	O
object	O
to	O
this	O
rezoning	O
of	O
the	O
property	O
from	O
a	O
bed	O
and	O
breakfast	O
to	O
a	O
hotel	O
,	O
"	O
he	O
said	O
.	O

A	O
fellow	O
resident	O
said	O
Ndlala	B-GIVEN_NAME
had	O
in	O
his	O
development	O
of	O
the	O
hotel	O
destroyed	O
indigenous	O
trees	O
belonging	O
to	O
the	O
city	O
,	O
adding	O
that	O
the	O
businessman	O
does	O
not	O
care	O
about	O
following	O
the	O
rules	O
as	O
he	O
has	O
friends	O
in	O
high	O
places	O
.	O

â	O
His	O
reputation	O
precedes	O
him	O
.	O

We	O
all	O
know	O
that	O
he	O
is	O
well	O
-	O
connected	O
.	O

He	O
even	O
dared	O
me	O
and	O
told	O
me	O
even	O
with	O
our	O
objection	O
,	O
he	O
will	O
get	O
the	O
permission	O
.	O

â	O
He	O
even	O
came	O
to	O
my	O
home	O
and	O
asked	O
me	O
to	O
let	O
him	O
in	O
which	O
I	O
objected	O
to	O
.	O

Luckily	O
he	O
could	O
not	O
get	O
in	O
because	O
of	O
the	O
security	O
system	O
.	O

However	O
,	O
I	O
still	O
do	O
not	O
feel	O
safe	O
,	O
especially	O
because	O
I	O
have	O
a	O
wife	O
and	O
children	O
who	O
stay	O
behind	O
when	O
I	O
am	O
at	O
work	O
,	O
â	O
the	O
neighbour	O
said	O
.	O

Ndlala	B-GIVEN_NAME
is	O
also	O
accused	O
of	O
bribing	O
a	O
Joburg	B-LOCATION
metro	O
officer	O
and	O
ignoring	O
the	O
by	O
-	O
laws	O
.	O

He	O
was	O
fined	O
R	B-MONEY
120	I-MONEY
000	I-MONEY
by	O
the	O
city	O
after	O
removing	O
more	O
than	O
six	O
indigenous	O
trees	O
during	O
his	O
development	O
of	O
the	O
property	O
.	O

However	O
,	O
speaking	O
to	O
this	O
newspaper	O
,	O
Ndlala	B-GIVEN_NAME
,	O
who	O
is	O
married	O
to	O
media	O
personality	O
Lerato	B-GIVEN_NAME
Kganyago	B-FAMILY_NAME
,	O
says	O
this	O
is	O
all	O
a	O
witch	O
-	O
hunt	O
and	O
a	O
concerted	O
effort	O
to	O
push	O
a	O
negative	O
narrative	O
of	O
his	O
business	O
.	O

No	O
one	O
is	O
talking	O
about	O
the	O
number	O
of	O
jobs	O
this	O
development	O
stands	O
to	O
create	O
,	O
he	O
said	O
.	O

â	O
What	O
is	O
your	O
story	O
?	O

If	O
you	O
want	O
a	O
story	O
I	O
can	O
give	O
you	O
a	O
story	O
.	O

The	O
application	O
for	O
zoning	O
for	O
this	O
property	O
is	O
ongoing	O
and	O
there	O
is	O
yet	O
a	O
process	O
that	O
must	O
unfold	O
for	O
the	O
permit	O
to	O
be	O
approved	O
.	O

â	O
Are	O
you	O
trying	O
to	O
now	O
jump	O
the	O
gun	O
and	O
play	O
God	O
with	O
people	O
âs	O
lives	O
.	O
Who	O
said	O
this	O
will	O
be	O
a	O
shebeen	O
that	O
will	O
cause	O
noise	O
pollution	O
and	O
other	O
things	O
those	O
objecting	O
to	O
this	O
development	O
are	O
saying	O
,	O
â	O
Ndlala	B-GIVEN_NAME
said	O
.	O

He	O
said	O
his	O
hotel	O
is	O
not	O
the	O
first	O
hotel	O
developed	O
within	O
a	O
residential	O
area	O
,	O
adding	O
that	O
Saxon	B-LOCATION
,	O
Sandton	B-LOCATION
and	O
other	O
suburbs	O
have	O
similar	O
developments	O
.	O

â	O
This	O
is	O
not	O
the	O
first	O
hotel	O
being	O
built	O
in	O
a	O
residential	O
area	O
.	O
Why	O
are	O
they	O
objecting	O
to	O
this	O
one	O
as	O
if	O
it	O
is	O
the	O
first	O
development	O
of	O
this	O
kind	O
?	O

â	O
I	O
would	O
be	O
happy	O
to	O
give	O
you	O
a	O
story	O
but	O
here	O
you	O
are	O
just	O
pushing	O
an	O
agenda	O
and	O
a	O
narrative	O
.	O
Do	O
you	O
know	O
how	O
many	O
jobs	O
this	O
development	O
stands	O
to	O
create	O
?	O

â	O
The	O
hospitality	O
industry	O
is	O
one	O
of	O
the	O
worst	O
affected	O
sectors	O
reeling	O
from	O
the	O
Covid	B-BRANDS
-	B-MISC
19	I-MISC
pandemic	O
.	O
I	O
have	O
invested	O
my	O
money	O
with	O
the	O
hope	O
to	O
help	O
create	O
jobs	O
,	O
but	O
this	O
is	O
what	O
you	O
want	O
to	O
do	O
as	O
the	O
media	O
,	O
â	O
he	O
said	O
.	O

Loyiso	B-GIVEN_NAME
Tunce	B-FAMILY_NAME
of	O
the	O
City	B-ORGANIZATION|B-LOCATION
of	I-ORGANIZATION|I-LOCATION
Joburg	I-ORGANIZATION|I-LOCATION
development	I-ORGANIZATION
and	I-ORGANIZATION
planning	I-ORGANIZATION
department	I-ORGANIZATION
confirmed	O
that	O
more	O
than	O
30	O
residents	O
of	O
the	O
suburb	O
had	O
objected	O
to	O
the	O
development	O
of	O
the	O
property	O
which	O
is	O
currently	O
being	O
considered	O
for	O
a	O
rezoning	O
permit	O
so	O
that	O
it	O
complies	O
with	O
the	O
by	O
-	O
laws	O
of	O
the	O
city	O
.	O

â	O
A	O
rezoning	O
application	O
for	O
Erf	B-ORGANIZATION
188	I-ORGANIZATION
in	O
Northcliff	B-LOCATION
has	O
been	O
received	O
by	O
the	O
city	O
to	O
allow	O
the	O
building	O
of	O
a	O
hotel	O
on	O
the	O
site	O
.	O
Such	O
an	O
application	O
needs	O
to	O
be	O
advertised	O
and	O
circulated	O
for	O
comments	O
in	O
terms	O
of	O
of	O
the	O
municipal	O
by	O
-	O
laws	O
and	O
thereafter	O
evaluated	O
.	O

â	O
As	O
things	O
stand	O
,	O
the	O
site	O
permits	O
a	O
guest	O
house	O
as	O
per	O
zoning	O
rights	O
obtained	O
in	O
terms	O
of	O
the	O
amendment	O
schemes	O
.	O
The	O
rights	O
restrict	O
the	O
number	O
of	O
guests	O
to	O
20	O
people	O
or	O
25	O
suites	O
with	O
no	O
bar	O
or	O
public	O
facilities	O
allowed	O
on	O
the	O
site	O
and	O
it	O
cannot	O
be	O
used	O
for	O
functions	O
either	O
,	O
â	O
Tunce	B-GIVEN_NAME
said	O
.	O

