SIYABONGA	B-GIVEN_NAME
SITHOLE	B-FAMILY_NAME

Informal	O
traders	O
belonging	O
to	O
the	O
African	B-ORGANIZATION
Traders	I-ORGANIZATION
Organisation	I-ORGANIZATION
(	O
ATO	B-ORGANIZATION
)	O
and	O
the	O
SA	B-ORGANIZATION|B-LOCATION
Informal	I-ORGANIZATION
Traders	I-ORGANIZATION
Forum	I-ORGANIZATION
(	O
SAITF	B-ORGANIZATION
)	O
took	O
the	O
City	B-ORGANIZATION
of	I-ORGANIZATION
Joburg	I-ORGANIZATION|B-LOCATION
Metro	I-ORGANIZATION
Municipality	I-ORGANIZATION
to	O
court	O
on	O
Tuesday	B-DATE
after	O
being	O
removed	O
from	O
their	O
stalls	O
on	O
De	B-LOCATION|B-GIVEN_NAME
Villiers	I-LOCATION|B-FAMILY_NAME
Street	I-LOCATION
in	O
town	O
.	O

According	O
to	O
ATO	B-ORGANIZATION
,	O
more	O
than	O
200	O
of	O
their	O
members	O
are	O
loitering	O
in	O
the	O
streets	O
after	O
members	O
of	O
the	O
JMPD	B-ORGANIZATION
and	O
other	O
officials	O
ordered	O
them	O
to	O
vacate	O
their	O
stalls	O
last	O
week	O
.	O

This	O
comes	O
as	O
the	O
city	O
says	O
it	O
is	O
enforcing	O
by	O
-	O
laws	O
and	O
verifying	O
permits	O
for	O
trading	O
along	O
De	B-LOCATION|B-GIVEN_NAME
Villiers	I-LOCATION|B-FAMILY_NAME
Street	I-LOCATION
and	O
has	O
called	O
for	O
those	O
affected	O
to	O
come	O
forward	O
and	O
apply	O
for	O
new	O
permits	O
.	O

However	O
,	O
traders	O
say	O
the	O
city	O
is	O
acting	O
in	O
bad	O
faith	O
as	O
it	O
has	O
no	O
intention	O
to	O
see	O
them	O
back	O
in	O
their	O
stalls	O
and	O
has	O
no	O
plan	O
to	O
verify	O
whether	O
they	O
have	O
the	O
right	O
to	O
trade	O
or	O
not	O
.	O

An	O
affected	O
trader	O
and	O
member	O
of	O
ATO	B-ORGANIZATION
,	O
Alex	B-GIVEN_NAME
Ngene	B-FAMILY_NAME
,	O
told	O
this	O
newspaper	O
that	O
he	O
and	O
many	O
of	O
his	O
colleagues	O
are	O
now	O
unsure	O
about	O
what	O
will	O
happen	O
to	O
their	O
stalls	O
and	O
whether	O
they	O
will	O
be	O
allowed	O
to	O
trade	O
once	O
the	O
verification	O
process	O
has	O
ended	O
.	O

â	O
I	O
have	O
been	O
working	O
on	O
De	B-LOCATION|B-GIVEN_NAME
Villiers	I-LOCATION|B-FAMILY_NAME
Street	I-LOCATION
since	O
2012	B-DATE
and	O
have	O
been	O
paying	O
rent	O
for	O
my	O
stall	O
.	O

How	O
come	O
they	O
are	O
demanding	O
that	O
we	O
give	O
them	O
proof	O
that	O
we	O
are	O
eligible	O
traders	O
when	O
they	O
have	O
our	O
information	O
with	O
them	O
?	O

They	O
can	O
use	O
the	O
same	O
information	O
to	O
find	O
out	O
if	O
we	O
have	O
permits	O
or	O
not	O
,	O
â	O
Ngene	B-GIVEN_NAME
said	O
.	O

The	O
trader	O
,	O
who	O
speaks	O
for	O
more	O
than	O
100	O
of	O
his	O
affected	O
colleagues	O
,	O
lamented	O
suggestions	O
that	O
only	O
Nigerians	B-AFFILIATION
trade	O
on	O
De	B-GIVEN_NAME
Villiers	B-FAMILY_NAME
as	O
there	O
are	O
South	B-AFFILIATION
African	I-AFFILIATION
traders	O
and	O
traders	O
from	O
Zimbabwe	B-LOCATION
and	O
other	O
African	B-AFFILIATION
countries	O
who	O
belong	O
to	O
ATO	B-ORGANIZATION
who	O
were	O
affected	O
by	O
the	O
removals	O
.	O

In	O
their	O
submissions	O
to	O
the	O
city	O
,	O
members	O
of	O
ATO	B-ORGANIZATION
said	O
they	O
want	O
to	O
be	O
consulted	O
and	O
involved	O
in	O
the	O
design	O
of	O
stalls	O
and	O
other	O
plans	O
by	O
the	O
city	O
.	O

â	O
We	O
are	O
waiting	O
for	O
the	O
court	O
case	O
to	O
tell	O
us	O
what	O
is	O
the	O
way	O
forward	O
.	O

We	O
have	O
been	O
paying	O
for	O
cleaners	O
and	O
security	O
from	O
our	O
own	O
pockets	O
as	O
traders	O
and	O
we	O
employ	O
locals	O
and	O
other	O
people	O
in	O
our	O
businesses	O
.	O

We	O
want	O
to	O
be	O
included	O
and	O
be	O
given	O
a	O
platform	O
to	O
be	O
involved	O
in	O
the	O
design	O
of	O
new	O
stalls	O
,	O
â	O
he	O
said	O
.	O

One	B-ORGANIZATION
Voice	I-ORGANIZATION
Hawkers	I-ORGANIZATION
Association	I-ORGANIZATION
and	O
ATO	B-ORGANIZATION
confirmed	O
that	O
they	O
have	O
made	O
submissions	O
to	O
the	O
City	B-LOCATION
of	I-LOCATION
Joburg	I-LOCATION
for	O
a	O
planned	O
march	O
to	O
the	O
city	O
this	O
week	O
.	O

ATO	B-ORGANIZATION
,	O
which	O
represents	O
mostly	O
second	O
-	O
hand	O
traders	O
,	O
said	O
they	O
want	O
to	O
be	O
provided	O
with	O
a	O
market	O
-	O
like	O
structure	O
and	O
not	O
buildings	O
or	O
separate	O
shops	O
as	O
their	O
business	O
depends	O
on	O
attracting	O
customers	O
thanks	O
to	O
the	O
â	O
street	O
vibe	O
â	O
.	O

Julekha	B-GIVEN_NAME
Latib	B-FAMILY_NAME
of	O
One	B-ORGANIZATION
Voice	I-ORGANIZATION
For	I-ORGANIZATION
All	I-ORGANIZATION
Hawkers	I-ORGANIZATION
Association	I-ORGANIZATION
said	O
consultation	O
with	O
all	O
other	O
organisations	O
representing	O
informal	O
traders	O
was	O
important	O
to	O
find	O
common	O
solutions	O
to	O
problems	O
.	O

â	O
We	O
support	O
ATO	B-ORGANIZATION
and	O
other	O
traders	O
as	O
they	O
seek	O
to	O
have	O
their	O
views	O
heard	O
by	O
the	O
City	B-LOCATION
of	I-LOCATION
Joburg	I-LOCATION
.	O

The	O
policy	O
is	O
discriminating	O
against	O
immigrants	O
who	O
are	O
now	O
struggling	O
to	O
provide	O
for	O
their	O
families	O
.	O

We	O
are	O
scared	O
that	O
some	O
of	O
them	O
will	O
not	O
be	O
allowed	O
to	O
trade	O
because	O
of	O
the	O
policy	O
,	O
â	O
Latib	B-GIVEN_NAME
said	O
.	O

MMC	B-ORGANIZATION
for	I-ORGANIZATION
Economic	I-ORGANIZATION
Development	I-ORGANIZATION
Nkululeko	B-GIVEN_NAME
Mbundu	B-FAMILY_NAME
said	O
in	O
a	O
statement	O
that	O
the	O
city	O
had	O
undertaken	O
a	O
process	O
of	O
verifying	O
trading	O
permits	O
from	O
more	O
than	O
200	O
informal	O
traders	O
trading	O
within	O
the	O
CBD	B-ORGANIZATION
.	O

Mbundu	B-GIVEN_NAME
said	O
following	O
the	O
call	O
for	O
traders	O
to	O
apply	O
for	O
new	O
permits	O
,	O
fewer	O
than	O
20	O
traders	O
had	O
come	O
forward	O
.	O

â	O
We	O
encourage	O
traders	O
who	O
have	O
not	O
presented	O
themselves	O
to	O
do	O
so	O
in	O
good	O
time	O
as	O
this	O
will	O
ensure	O
that	O
they	O
are	O
able	O
to	O
return	O
and	O
conduct	O
their	O
daily	O
business	O
in	O
accordance	O
with	O
the	O
by	O
-	O
laws	O
,	O
â	O
Mbundu	B-GIVEN_NAME
said	O
.	O

Mbundu	B-GIVEN_NAME
âs	O
spokesperson	O
,	O
Tamlyn	B-GIVEN_NAME
Geldenhuis	B-FAMILY_NAME
,	O
confirmed	O
that	O
informal	O
traders	O
belonging	O
to	O
ATO	B-ORGANIZATION
and	O
the	O
ITF	B-ORGANIZATION
had	O
taken	O
the	O
city	O
to	O
court	O
.	O

â	O
The	O
city	O
is	O
currently	O
studying	O
their	O
founding	O
affidavit	O
.	O

There	O
has	O
nât	O
been	O
an	O
outcome	O
yet	O
and	O
the	O
matter	O
is	O
now	O
sub	O
judice	O
and	O
as	O
such	O
we	O
cannot	O
provide	O
a	O
comment	O
further	O
,	O
â	O
she	O
said	O
.	O

