RIYADH	B-LOCATION
â	O
Upon	O
the	O
directives	O
of	O
Custodian	O
of	O
the	O
Two	O
Holy	O
Mosques	O
King	O
Salman	B-GIVEN_NAME
and	O
the	O
Crown	O
Prince	O
to	O
allocate	O
a	O
grant	O
from	O
the	O
government	O
of	O
Saudi	B-LOCATION
Arabia	I-LOCATION
through	O
the	O
Saudi	B-ORGANIZATION|B-AFFILIATION
Fund	I-ORGANIZATION
for	I-ORGANIZATION
Development	I-ORGANIZATION
(	O
SFD	B-ORGANIZATION
)	O
to	O
finance	O
the	O
renovation	O
project	O
of	O
Ibn	B-ORGANIZATION|B-GIVEN_NAME
Al	I-ORGANIZATION|B-FAMILY_NAME
Khatib	I-ORGANIZATION|I-FAMILY_NAME
Hospital	I-ORGANIZATION
in	O
Baghdad	B-LOCATION
,	O
SFD	B-ORGANIZATION
âs	O
CEO	O
Sultan	B-GIVEN_NAME
A.	B-FAMILY_NAME
Al	I-FAMILY_NAME
-	I-FAMILY_NAME
Marshad	I-FAMILY_NAME
signed	O
a	O
memorandum	O
of	O
understanding	O
(	O
MoU	O
)	O
to	O
finance	O
the	O
project	O
.	O

On	O
behalf	O
of	O
the	O
Iraqi	B-ORGANIZATION|B-AFFILIATION
Ministry	I-ORGANIZATION
of	I-ORGANIZATION
Finance	I-ORGANIZATION
,	O
the	O
Ambassador	O
of	O
Iraq	B-LOCATION
Dr	O
.	O
Abdul	B-GIVEN_NAME
Sattar	B-FAMILY_NAME
Hadi	I-FAMILY_NAME
Al	I-FAMILY_NAME
-	I-FAMILY_NAME
Janabi	I-FAMILY_NAME
signed	O
the	O
MoU	O
at	O
SFD	B-ORGANIZATION
headquarters	O
in	O
Riyadh	B-LOCATION
.	O

The	O
meeting	O
was	O
also	O
attended	O
by	O
the	O
Ambassador	O
of	O
Saudi	B-LOCATION
Arabia	I-LOCATION
in	O
Baghdad	B-LOCATION
Abdulaziz	B-GIVEN_NAME
Bin	B-FAMILY_NAME
Khalid	I-FAMILY_NAME
Al	I-FAMILY_NAME
-	I-FAMILY_NAME
Shammari	I-FAMILY_NAME
.	O

This	O
MoU	O
continues	O
the	O
close	O
and	O
exceptional	O
historical	O
relations	O
between	O
the	O
two	O
brotherly	O
nations	O
,	O
as	O
the	O
grant	O
comes	O
to	O
support	O
Iraq	B-LOCATION
and	O
Iraqis	B-AFFILIATION
in	O
overcoming	O
the	O
fire	O
incident	O
.	O

It	O
strengthens	O
and	O
enhances	O
constructive	O
development	O
cooperation	O
between	O
the	O
two	O
nations	O
and	O
promotes	O
the	O
development	O
and	O
prosperity	O
of	O
Iraq	B-LOCATION
's	O
social	O
structure	O
.	O

During	O
the	O
meeting	O
,	O
Ambassador	O
Al	B-GIVEN_NAME
-	B-FAMILY_NAME
Janabi	I-FAMILY_NAME
praised	O
the	O
critical	O
role	O
played	O
by	O
the	O
Kingdom	B-ORGANIZATION
through	O
the	O
SFD	B-ORGANIZATION
in	O
supporting	O
the	O
health	O
sector	O
and	O
the	O
infrastructure	O
in	O
Iraq	B-LOCATION
.	O

He	O
highlighted	O
the	O
importance	O
of	O
the	O
present	O
project	O
in	O
enhancing	O
the	O
livelihood	O
of	O
many	O
Iraqis	B-AFFILIATION
and	O
their	O
access	O
to	O
essential	O
health	O
services	O
.	O

For	O
his	O
part	O
,	O
the	O
SFD	B-ORGANIZATION
âs	O
CEO	O
affirmed	O
that	O
the	O
MoU	O
reflects	O
the	O
keen	O
interest	O
of	O
the	O
Kingdom	O
to	O
support	O
Iraq	B-LOCATION
,	O
strengthen	O
development	O
relations	O
,	O
and	O
address	O
the	O
challenges	O
that	O
face	O
the	O
infrastructure	O
and	O
the	O
health	O
sector	O
in	O
Iraq	B-LOCATION
through	O
financing	O
projects	O
that	O
contribute	O
to	O
the	O
social	O
and	O
economic	O
development	O
of	O
Iraq	B-LOCATION
.	O

In	O
past	O
years	O
,	O
and	O
during	O
the	O
Kuwait	B-LOCATION|B-LOCATION
International	B-MISC
Conference	I-MISC
for	I-MISC
the	I-MISC
Reconstruction	I-MISC
of	I-MISC
Iraq	I-MISC|B-LOCATION
,	O
the	O
Kingdom	O
has	O
announced	O
the	O
allocation	O
of	O
$	B-MONEY
1.5	I-MONEY
billion	I-MONEY
for	O
soft	O
loans	O
through	O
SFD	B-ORGANIZATION
to	O
support	O
development	O
in	O
Iraq	B-LOCATION
.	O

Two	O
development	O
projects	O
amounting	O
to	O
more	O
than	O
$	B-MONEY
40	I-MONEY
million	I-MONEY
have	O
already	O
been	O
signed	O
to	O
finance	O
two	O
projects	O
in	O
the	O
health	O
and	O
agriculture	O
sectors	O
,	O
including	O
the	O
establishment	O
of	O
Al	B-ORGANIZATION
-	I-ORGANIZATION
Saqlawiya	I-ORGANIZATION
Hospital	I-ORGANIZATION
in	O
the	O
western	O
governorate	O
of	O
Al	B-LOCATION
-	I-LOCATION
Anbar	I-LOCATION
and	O
the	O
establishment	O
of	O
grain	O
silos	O
in	O
the	O
southern	O
governorate	O
of	O
Diwaniya	B-LOCATION
.	O

The	O
supported	O
projects	O
aim	O
to	O
achieve	O
food	O
security	O
and	O
self	O
-	O
sufficiency	O
for	O
Iraq	B-LOCATION
as	O
well	O
as	O
enhance	O
,	O
improve	O
,	O
and	O
support	O
basic	O
healthcare	O
services	O
for	O
the	O
people	O
of	O
Iraq	B-LOCATION
.	O
â	O
SPA	B-ORGANIZATION

