RIYADH	B-LOCATION
â	O
Saudi	B-LOCATION
Arabia	I-LOCATION
has	O
canceled	O
the	O
â	O
Host	B-BRANDS
Umrah	B-MISC
â	O
scheme	O
,	O
which	O
enabled	O
Saudi	B-AFFILIATION
citizens	O
and	O
expatriates	O
to	O
bring	O
in	O
and	O
host	O
three	O
to	O
five	O
foreign	O
pilgrims	O
to	O
perform	O
Umrah	B-BRANDS
.	O

Speaking	O
to	O
Okaz	B-ORGANIZATION
/	I-ORGANIZATION
Saudi	I-ORGANIZATION|B-AFFILIATION
Gazette	I-ORGANIZATION
,	O
Hisham	B-GIVEN_NAME
Bin	B-FAMILY_NAME
Saeed	I-FAMILY_NAME
,	O
spokesman	O
of	O
the	O
Ministry	B-ORGANIZATION
of	I-ORGANIZATION
Hajj	I-ORGANIZATION|B-BRANDS
and	I-ORGANIZATION
Umrah	I-ORGANIZATION|B-BRANDS
,	O
said	O
that	O
the	O
project	O
has	O
been	O
canceled	O
and	O
will	O
not	O
be	O
implemented	O
.	O

The	O
ministry	O
started	O
implementing	O
this	O
project	O
three	B-DURATION
years	I-DURATION
ago	O
.	O

Under	O
the	O
scheme	O
,	O
a	O
citizen	O
can	O
host	O
any	O
Muslim	B-AFFILIATION
from	O
outside	O
the	O
Kingdom	B-ORGANIZATION
while	O
expatriates	O
can	O
host	O
their	O
first	O
-	O
degree	O
relatives	O
to	O
perform	O
the	O
Umrah	B-BRANDS
pilgrimage	O
.	O

The	O
ministry	O
will	O
issue	O
visas	O
to	O
citizens	O
based	O
on	O
their	O
civil	O
registry	O
while	O
foreign	O
residents	O
through	O
their	O
residency	O
permit	O
(	O
iqama	O
)	O
.	O

The	O
scheme	O
required	O
citizens	O
and	O
residents	O
to	O
take	O
care	O
of	O
and	O
serve	O
those	O
who	O
have	O
been	O
hosted	O
to	O
the	O
Kingdom	O
to	O
perform	O
Umrah	B-BRANDS
until	O
their	O
departure	O
,	O
with	O
the	O
possibility	O
of	O
repeating	O
the	O
hosting	O
process	O
three	O
times	O
a	O
year	O
.	O

It	O
is	O
noteworthy	O
that	O
the	O
Ministry	B-ORGANIZATION
of	I-ORGANIZATION
Hajj	I-ORGANIZATION|B-BRANDS
and	I-ORGANIZATION
Umrah	I-ORGANIZATION|B-BRANDS
announced	O
earlier	O
that	O
it	O
had	O
canceled	O
the	O
Umrah	B-BRANDS
host	O
visa	O
while	O
noting	O
that	O
it	O
would	O
announce	O
through	O
its	O
official	O
channels	O
if	O
there	O
are	O
any	O
new	O
developments	O
in	O
this	O
regard	O
.	O

