More	O
than	O
252,000	O
Pilgrims	O
Arrived	O
in	O
Madinah	B-LOCATION
after	O
Performing	O
Hajj	B-BRANDS

A	O
total	O
of	O
252,163	O
pilgrims	O
have	O
arrived	O
in	O
Madinah	B-LOCATION
until	O
yesterday	O
from	O
several	O
nationalities	O
after	O
performing	O
Hajj	B-BRANDS
this	O
year	O
.	O

The	O
Ministry	B-ORGANIZATION
of	I-ORGANIZATION
Hajj	I-ORGANIZATION|B-BRANDS
and	I-ORGANIZATION
Umrah	I-ORGANIZATION|B-BRANDS
âs	O
statistics	O
on	O
arriving	O
and	O
departing	O
pilgrims	O
in	O
Madinah	B-LOCATION
showed	O
that	O
169,837	O
pilgrims	O
have	O
left	O
Madinah	B-LOCATION
through	O
Prince	B-LOCATION
Muhammad	I-LOCATION|B-GIVEN_NAME
bin	I-LOCATION|B-FAMILY_NAME
Abdulaziz	I-LOCATION|I-FAMILY_NAME
International	I-LOCATION
Airport	I-LOCATION
and	O
the	O
Hajj	B-LOCATION|B-BRANDS
Land	I-LOCATION
Center	I-LOCATION
.	O

Statistics	O
also	O
showed	O
that	O
the	O
number	O
of	O
pilgrims	O
staying	O
in	O
Madinah	B-LOCATION
until	O
yesterday	O
totaled	O
82,326	O
pilgrims	O
from	O
various	O
nationalities	O
.	O

