Separation	O
Surgery	O
for	O
Yemeni	B-AFFILIATION
Conjoined	O
Twins	O
â	O
Mauda	B-GIVEN_NAME
and	O
Rahma	B-GIVEN_NAME
â	O
Begins	O
in	O
Riyadh	B-LOCATION

The	O
medical	O
and	O
surgical	O
team	O
specialized	O
in	O
separating	O
Siamese	B-AFFILIATION
twins	O
,	O
led	O
by	O
Advisor	O
at	O
the	O
Royal	B-ORGANIZATION
Court	I-ORGANIZATION
and	O
Supervisor	O
General	O
of	O
King	B-ORGANIZATION
Salman	I-ORGANIZATION|B-GIVEN_NAME
Humanitarian	I-ORGANIZATION
Aid	I-ORGANIZATION
and	I-ORGANIZATION
Relief	I-ORGANIZATION
Center	I-ORGANIZATION
(	O
KSrelief	B-ORGANIZATION
)	O
Dr	O
.	O
Abdullah	B-GIVEN_NAME
bin	B-FAMILY_NAME
Abdulaziz	I-FAMILY_NAME
Al	I-FAMILY_NAME
Rabeeah	I-FAMILY_NAME
,	O
started	O
this	O
morning	O
a	O
surgery	O
to	O
separate	O
Yemeni	B-AFFILIATION
conjoined	O
twins	O
â	O
Mauda	B-GIVEN_NAME
and	O
Rahma	B-GIVEN_NAME
â	O
.	O

The	O
surgery	O
comes	O
in	O
implementation	O
of	O
the	O
directives	O
of	O
the	O
Custodian	O
of	O
the	O
Two	O
Holy	O
Mosques	O
King	O
Salman	B-GIVEN_NAME
bin	B-FAMILY_NAME
Abdulaziz	I-FAMILY_NAME
Al	I-FAMILY_NAME
Saud	I-FAMILY_NAME
and	O
is	O
being	O
performed	O
at	O
King	B-LOCATION
Abdullah	I-LOCATION|B-GIVEN_NAME
Specialized	I-LOCATION
Children	I-LOCATION
âs	I-LOCATION
Hospital	I-LOCATION
(	O
KASCH	B-LOCATION
)	O
.	O

The	O
surgery	O
is	O
expected	O
to	O
take	O
around	O
11	B-DURATION
hours	I-DURATION
and	O
is	O
implemented	O
in	O
six	O
surgical	O
phases	O
,	O
where	O
a	O
medical	O
staff	O
of	O
twenty	O
-	O
eight	O
doctors	O
and	O
specialists	O
,	O
in	O
addition	O
to	O
technicians	O
and	O
nursing	O
staff	O
,	O
are	O
taking	O
part	O
in	O
it	O
.	O

The	O
twins	O
are	O
conjoined	O
in	O
the	O
lower	O
chest	O
and	O
abdomen	O
,	O
and	O
according	O
to	O
pre	O
-	O
surgical	O
examinations	O
,	O
they	O
share	O
the	O
liver	O
and	O
intestines	O
.	O

With	O
today	O
âs	O
surgery	O
,	O
twin	O
separation	O
surgeries	O
total	O
52	O
as	O
part	O
of	O
the	O
Saudi	B-ORGANIZATION|B-AFFILIATION
Program	I-ORGANIZATION
for	I-ORGANIZATION
Separating	I-ORGANIZATION
Conjoined	I-ORGANIZATION
Twins	I-ORGANIZATION
that	O
included	O
studying	O
more	O
than	O
124	O
Siamese	B-AFFILIATION
twins	O
cases	O
from	O
23	O
countries	O
in	O
three	O
continents	O
.	O

