KSrelief	B-ORGANIZATION
Delivers	O
A	O
Gift	O
of	O
25	O
Tons	O
of	O
Dates	O
from	O
Saudi	B-LOCATION
Arabia	I-LOCATION
to	O
Tanzania	B-LOCATION

King	B-ORGANIZATION
Salman	I-ORGANIZATION
Humanitarian	I-ORGANIZATION
Aid	I-ORGANIZATION
and	I-ORGANIZATION
Relief	I-ORGANIZATION
Center	I-ORGANIZATION
(	O
KSrelief	B-ORGANIZATION
)	O
has	O
handed	O
over	O
here	O
the	O
gift	O
of	O
the	O
Kingdom	B-ORGANIZATION
of	I-ORGANIZATION
Saudi	I-ORGANIZATION|B-LOCATION
Arabia	I-ORGANIZATION|I-LOCATION
to	O
the	O
Republic	B-ORGANIZATION
of	I-ORGANIZATION
Tanzania	I-ORGANIZATION|B-LOCATION
,	O
which	O
contained	O
25	O
tons	O
of	O
dates	O
,	O
in	O
the	O
presence	O
of	O
Saudi	B-AFFILIATION
Ambassador	O
to	O
the	O
the	O
Republic	B-ORGANIZATION
of	I-ORGANIZATION
Tanzania	I-ORGANIZATION|B-LOCATION
Abdullah	B-GIVEN_NAME
bin	B-FAMILY_NAME
Ali	I-FAMILY_NAME
Al	I-FAMILY_NAME
-	I-FAMILY_NAME
Sheryan	I-FAMILY_NAME
,	O
a	O
representative	O
from	O
the	O
Ministry	B-ORGANIZATION
of	I-ORGANIZATION
Finance	I-ORGANIZATION
,	O
the	O
KSrelief	B-ORGANIZATION
âs	O
team	O
,	O
and	O
Tanzanian	B-AFFILIATION
Foreign	O
Minister	O
Liberata	B-GIVEN_NAME
Mulamula	B-FAMILY_NAME
.	O

The	O
gift	O
comes	O
within	O
the	O
framework	O
of	O
programs	O
provided	O
by	O
the	O
Government	B-ORGANIZATION
of	I-ORGANIZATION
the	I-ORGANIZATION
Custodian	I-ORGANIZATION
of	I-ORGANIZATION
the	I-ORGANIZATION
Two	I-ORGANIZATION
Holy	I-ORGANIZATION
Mosques	I-ORGANIZATION
King	O
Salman	B-GIVEN_NAME
bin	B-FAMILY_NAME
Abdulaziz	I-FAMILY_NAME
Al	I-FAMILY_NAME
Saud	I-FAMILY_NAME
and	O
His	O
Royal	O
Highness	O
the	O
Crown	O
Prince	O
for	O
a	O
number	O
of	O
brotherly	O
and	O
friendly	O
countries	O
,	O
to	O
help	O
the	O
most	O
needy	O
families	O
in	O
different	O
parts	O
of	O
the	O
world	O
.	O

