Bahri	B-ORGANIZATION
Line	I-ORGANIZATION
signs	O
contract	O
with	O
Caterpillar	B-ORGANIZATION
to	O
launch	O
new	O
liner	O
service	O
to	O
Indonesia	B-LOCATION
âs	O
Jakarta	B-LOCATION

As	O
part	O
of	O
its	O
business	O
expansion	O
and	O
growth	O
plan	O
,	O
Bahri	B-ORGANIZATION
Line	I-ORGANIZATION
,	O
a	O
new	O
business	O
unit	O
under	O
Bahri	B-ORGANIZATION
Logistics	I-ORGANIZATION
,	O
has	O
extended	O
its	O
liner	O
service	O
to	O
Jakarta	B-LOCATION
in	I-LOCATION
Indonesia	I-LOCATION
after	O
signing	O
a	O
contract	O
with	O
Caterpillar	B-ORGANIZATION
,	O
the	O
world	O
âs	O
leading	O
manufacturer	O
of	O
construction	O
and	O
mining	O
equipment	O
,	O
off	O
-	O
highway	O
diesel	O
and	O
natural	O
gas	O
engines	O
,	O
industrial	O
gas	O
turbines	O
,	O
and	O
diesel	O
-	O
electric	O
locomotives	O
.	O

Marking	O
the	O
launch	O
of	O
the	O
new	O
service	O
,	O
Bahri	B-ORGANIZATION
Abha	I-ORGANIZATION
RoCon	I-ORGANIZATION
vessel	O
(	O
IMO	O
:	O
9620944	O
,	O
MMSI	O
403520001	O
)	O
sailing	O
under	O
the	O
flag	O
of	O
Saudi	B-LOCATION
Arabia	I-LOCATION
recently	O
called	O
the	O
Port	B-LOCATION
of	I-LOCATION
Tanjung	I-LOCATION|B-LOCATION
Priok	I-LOCATION|I-LOCATION
situated	O
north	O
of	O
the	O
capital	O
city	O
.	O

With	O
the	O
new	O
move	O
,	O
Bahri	B-ORGANIZATION
Line	I-ORGANIZATION
will	O
offer	O
direct	O
service	O
from	O
the	O
Mediterranean	B-LOCATION
,	O
the	O
Middle	B-LOCATION
East	I-LOCATION
,	O
and	O
India	B-LOCATION
to	O
Jakarta	B-LOCATION
,	I-LOCATION
Indonesia	I-LOCATION
.	O
The	O
company	O
will	O
also	O
offer	O
direct	O
service	O
to	O
the	O
United	B-LOCATION
States	I-LOCATION
from	O
the	O
Southeast	B-AFFILIATION
Asian	I-AFFILIATION
city	O
.	O
The	O
one	O
-	O
year	O
contract	O
will	O
allow	O
Caterpillar	B-ORGANIZATION
to	O
load	O
its	O
heavy	O
vehicle	O
shipments	O
from	O
Chennai	B-LOCATION
,	I-LOCATION
India	I-LOCATION
to	O
Jakarta	B-LOCATION
on	O
every	O
Bahri	B-ORGANIZATION
Line	I-ORGANIZATION
vessel	O
.	O

Commenting	O
on	O
the	O
announcement	O
,	O
Mr.	O
Soror	B-GIVEN_NAME
Basalom	B-FAMILY_NAME
,	O
President	O
of	O
Bahri	B-ORGANIZATION
Logistics	I-ORGANIZATION
,	O
said	O
:	O
â	O
With	O
the	O
launch	O
of	O
the	O
new	O
direct	O
liner	O
service	O
to	O
Jakarta	B-LOCATION
through	O
a	O
strategic	O
partnership	O
with	O
Caterpillar	B-BRANDS
,	O
we	O
have	O
made	O
a	O
great	O
leap	O
in	O
our	O
efforts	O
to	O
expand	O
Bahri	B-ORGANIZATION
Line	I-ORGANIZATION
âs	O
liner	O
network	O
and	O
market	O
presence	O
.	O
The	O
new	O
port	O
call	O
further	O
bolsters	O
our	O
globally	O
leading	O
service	O
connecting	O
the	O
US	B-LOCATION
,	O
Europe	B-LOCATION
,	O
the	O
Mediterranean	B-LOCATION
,	O
the	O
Middle	B-LOCATION
East	I-LOCATION
,	O
the	O
Indian	B-AFFILIATION
sub	O
-	O
continent	O
,	O
and	O
the	O
Far	B-LOCATION
East	I-LOCATION
and	O
demonstrates	O
our	O
commitment	O
to	O
providing	O
services	O
of	O
the	O
highest	O
standards	O
for	O
our	O
customers	O
around	O
the	O
world	O
with	O
a	O
vision	O
to	O
become	O
their	O
carrier	O
of	O
choice	O
.	O
â	O

The	O
first	O
of	O
six	O
business	O
units	O
within	O
Bahri	B-ORGANIZATION
,	O
a	O
global	O
leader	O
in	O
logistics	O
and	O
transportation	O
,	O
Bahri	B-ORGANIZATION
Logistics	I-ORGANIZATION
is	O
one	O
of	O
the	O
top	O
10	O
break	O
bulk	O
carriers	O
in	O
the	O
world	O
and	O
ranks	O
among	O
the	O
top	O
5	O
in	O
Europe	B-LOCATION
.	O
It	O
owns	O
and	O
operates	O
an	O
impressive	O
fleet	O
of	O
six	O
state	O
-	O
of	O
-	O
the	O
-	O
art	O
multipurpose	O
vessels	O
on	O
a	O
regular	O
liner	O
schedule	O
.	O
Bringing	O
over	O
forty	B-DURATION
years	I-DURATION
of	O
maritime	O
logistics	O
experience	O
,	O
the	O
business	O
division	O
combines	O
all	O
modes	O
of	O
transportation	O
,	O
including	O
sea	O
,	O
air	O
,	O
rail	O
,	O
and	O
road	O
,	O
to	O
provide	O
industry	O
-	O
leading	O
door	O
-	O
to	O
-	O
door	O
,	O
express	O
freight	O
forwarding	O
and	O
logistics	O
services	O
.	O

