Deputy	O
Prime	O
Minister	O
and	O
Palang	B-ORGANIZATION
Pracharath	I-ORGANIZATION
Party	I-ORGANIZATION
(	O
PPRP	B-ORGANIZATION
)	O
leader	O
Prawit	B-GIVEN_NAME
Wongsuwon	B-FAMILY_NAME
on	O
Monday	B-DATE
cleared	O
the	O
air	O
with	O
six	O
party	O
MPs	O
who	O
voted	O
against	O
Interior	O
Minister	O
Anupong	B-ORGANIZATION
Paojinda	I-ORGANIZATION
and	O
Labour	O
Minister	O
Suchart	B-ORGANIZATION
Chomklin	I-ORGANIZATION
.	O

They	O
addressed	O
the	O
issue	O
when	O
Gen	O
Prawit	B-ORGANIZATION
showed	O
up	O
in	O
Samut	B-LOCATION
Prakan	I-LOCATION
's	I-LOCATION
Muang	I-LOCATION
district	O
for	O
a	O
meeting	O
on	O
water	O
management	O
.	O

Krungsriwilai	B-GIVEN_NAME
Sutinphuak	B-FAMILY_NAME
,	O
one	O
of	O
the	O
six	O
MPs	O
,	O
was	O
seen	O
prostrating	O
to	O
perform	O
a	O
krab	O
as	O
Gen	O
Prawit	B-GIVEN_NAME
got	O
out	O
of	O
his	O
car	O
.	O

Emerging	O
from	O
the	O
meeting	O
,	O
Gen	O
Prawit	B-GIVEN_NAME
said	O
he	O
and	O
the	O
MPs	O
had	O
cleared	O
the	O
air	O
with	O
the	O
group	O
apologising	O
for	O
not	O
toeing	O
the	O
party	O
line	O
.	O

He	O
said	O
there	O
was	O
no	O
need	O
to	O
set	O
up	O
a	O
committee	O
to	O
investigate	O
and	O
the	O
issue	O
would	O
now	O
be	O
considered	O
by	O
the	O
party	O
board	O
to	O
determine	O
if	O
they	O
would	O
face	O
actions	O
.	O

Before	O
the	O
Saturday	B-DATE
vote	O
took	O
place	O
,	O
Gen	O
Prawit	B-GIVEN_NAME
instructed	O
PPRP	B-ORGANIZATION
MPs	O
to	O
cast	O
votes	O
of	O
confidence	O
in	O
favour	O
of	O
Prime	O
Minister	O
Gen	O
Prayut	B-GIVEN_NAME
Chan	B-FAMILY_NAME
-	I-FAMILY_NAME
o	I-FAMILY_NAME
-	I-FAMILY_NAME
cha	I-FAMILY_NAME
and	O
10	O
cabinet	O
ministers	O
targeted	O
in	O
the	O
no	O
-	O
confidence	O
debate	O
.	O

However	O
,	O
six	O
PPRP	B-ORGANIZATION
MPs	O
-	O
-	O
Krungsriwilai	B-GIVEN_NAME
,	O
Thapakorn	B-GIVEN_NAME
Kulcharoen	B-FAMILY_NAME
,	O
Prim	B-GIVEN_NAME
Pooncharoen	B-FAMILY_NAME
,	O
Yongyuth	B-GIVEN_NAME
Suwanbutr	B-FAMILY_NAME
and	O
Akarawat	B-GIVEN_NAME
Asavahame	B-FAMILY_NAME
,	O
all	O
Samut	B-LOCATION
Prakan	I-LOCATION
MPs	O
under	O
the	O
Pak	B-ORGANIZATION
Nam	I-ORGANIZATION
Group	I-ORGANIZATION
,	O
along	O
with	O
list	O
-	O
MP	O
Torsak	B-GIVEN_NAME
Asvahame	B-FAMILY_NAME
-	O
-	O
voted	O
against	O
Gen	O
Anupong	B-GIVEN_NAME
and	O
Mr	O
Suchart	B-GIVEN_NAME
.	O

Before	O
Gen	O
Prawit	B-GIVEN_NAME
's	O
arrival	O
,	O
Mr	O
Krungsriwilai	B-GIVEN_NAME
told	O
reporters	O
that	O
the	O
group	O
's	O
no	O
-	O
confidence	O
vote	O
was	O
intended	O
as	O
a	O
nudge	O
to	O
Gen	O
Anupong	B-GIVEN_NAME
who	O
they	O
believed	O
has	O
turned	O
a	O
deaf	O
ear	O
to	O
the	O
demands	O
of	O
people	O
in	O
Samut	B-LOCATION
Prakan	I-LOCATION
.	O

He	O
said	O
that	O
the	O
group	O
wanted	O
Gen	O
Prawit	B-GIVEN_NAME
to	O
take	O
over	O
as	O
interior	O
minister	O
.	O

"	O
We	O
're	O
being	O
straightforward	O
.	O
Our	O
demands	O
have	O
n't	O
been	O
replied	O
to	O
.	O
It	O
's	O
not	O
just	O
Gen	O
Anupong	B-GIVEN_NAME
,	O
if	O
the	O
prime	O
minister	O
does	O
something	O
wrong	O
,	O
I	O
'll	O
discuss	O
it	O
in	O
public	O
...	O
We	O
want	O
Gen	O
Prawit	B-GIVEN_NAME
as	O
interior	O
minister	O
.	O
Gen	O
Anupong	B-GIVEN_NAME
never	O
responds	O
to	O
our	O
project	O
proposals	O
...	O
never	O
approves	O
funds	O
.	O
That	O
's	O
why	O
the	O
six	O
MPs	O
voted	O
against	O
him	O
,	O
"	O
he	O
said	O
.	O

Mr	O
Akarawat	B-GIVEN_NAME
told	O
reporters	O
that	O
his	O
faction	O
respected	O
Gen	O
Prawit	B-GIVEN_NAME
and	O
they	O
had	O
their	O
reasons	O
for	O
voting	O
against	O
the	O
interior	O
minister	O
and	O
the	O
labour	O
minister	O
.	O

Meanwhile	O
,	O
Gen	O
Prawit	B-GIVEN_NAME
assured	O
residents	O
during	O
his	O
visit	O
that	O
there	O
would	O
be	O
a	O
cabinet	O
minister	O
from	O
Samut	B-LOCATION
Prakan	I-LOCATION
in	O
any	O
future	O
reshuffle	O
.	O

