Prime	O
Minister	O
Prayut	B-GIVEN_NAME
Chan	B-FAMILY_NAME
-	I-FAMILY_NAME
o	I-FAMILY_NAME
-	I-FAMILY_NAME
cha	I-FAMILY_NAME
has	O
denied	O
speculation	O
of	O
a	O
possible	O
cabinet	O
reshuffle	O
in	O
the	O
wake	O
of	O
the	O
censure	O
debate	O
,	O
with	O
a	O
vote	O
of	O
confidence	O
to	O
be	O
held	O
on	O
Saturday	B-DATE
.	O

Asked	O
about	O
a	O
report	O
that	O
the	O
ruling	O
Palang	B-ORGANIZATION
Pracharath	I-ORGANIZATION
Party	I-ORGANIZATION
(	O
PPRP	B-ORGANIZATION
)	O
and	O
the	O
Democrat	B-ORGANIZATION
Party	I-ORGANIZATION
were	O
pressing	O
him	O
for	O
a	O
cabinet	O
shake	O
-	O
up	O
,	O
Gen	O
Prayut	B-ORGANIZATION
said	O
he	O
would	O
have	O
the	O
final	O
say	O
on	O
the	O
matter	O
.	O

"	O
No	O
reshuffle	O
.	O

I	O
am	O
not	O
thinking	O
about	O
it	O
yet	O
,	O
"	O
he	O
said	O
.	O

Peerawit	B-GIVEN_NAME
Ruangluedolphak	B-FAMILY_NAME
,	O
a	O
list	O
MP	O
from	O
the	O
Thai	B-ORGANIZATION|B-AFFILIATION
Rak	I-ORGANIZATION
Tham	I-ORGANIZATION
Party	I-ORGANIZATION
,	O
a	O
member	O
of	O
the	O
so	O
-	O
called	O
Group	B-BRANDS
of	B-MISC
16	I-MISC
made	O
up	O
of	O
MPs	O
mostly	O
from	O
small	O
parties	O
,	O
on	O
Friday	B-DATE
reiterated	O
they	O
would	O
vote	O
against	O
at	O
least	O
two	O
cabinet	O
ministers	O
.	O

The	O
two	O
cabinet	O
ministers	O
who	O
will	O
not	O
get	O
their	O
votes	O
of	O
confidence	O
are	O
Social	O
Development	O
and	O
Human	O
Security	O
Minister	O
Chuti	B-GIVEN_NAME
Krairiksh	B-FAMILY_NAME
and	O
Deputy	O
Finance	O
Minister	O
Santi	B-GIVEN_NAME
Promphat	B-FAMILY_NAME
.	O

However	O
,	O
after	O
the	O
group	O
declared	O
their	O
stance	O
on	O
Thursday	B-DATE
,	O
Gen	O
Prayut	B-GIVEN_NAME
then	O
met	O
Pichet	B-GIVEN_NAME
Sathirachawal	B-FAMILY_NAME
,	O
a	O
list	O
MP	O
for	O
the	O
PPRP	B-ORGANIZATION
,	O
and	O
head	O
of	O
the	O
Group	B-BRANDS
of	B-MISC
16	I-MISC
,	O
for	O
talks	O
,	O
during	O
which	O
he	O
asked	O
Mr	O
Pichet	B-GIVEN_NAME
and	O
the	O
group	O
to	O
back	O
the	O
11	O
cabinet	O
members	O
in	O
the	O
no	O
-	O
confidence	O
motion	O
,	O
Mr	O
Peerawit	B-GIVEN_NAME
said	O
.	O

"	O
I	O
have	O
to	O
admit	O
that	O
we	O
feel	O
uncomfortable	O
.	O

We	O
have	O
been	O
asked	O
to	O
maintain	O
the	O
coalition	O
government	O
's	O
unity	O
by	O
voting	O
for	O
the	O
11	O
cabinet	O
ministers	O
.	O

But	O
a	O
few	O
[	O
small	O
]	O
parties	O
may	O
disagree	O
.	O

"	O
If	O
they	O
are	O
forced	O
to	O
do	O
so	O
,	O
they	O
may	O
decide	O
to	O
vote	O
against	O
the	O
censure	O
targets	O
and	O
pull	O
out	O
of	O
the	O
government	O
.	O

"	O
As	O
a	O
PPRP	B-ORGANIZATION
MP	O
and	O
head	O
of	O
the	O
Group	B-BRANDS
of	B-MISC
16	I-MISC
,	O
Mr	O
Pichet	B-GIVEN_NAME
may	O
be	O
asked	O
to	O
vote	O
for	O
the	O
cabinet	O
ministers	O
alone	O
to	O
maintain	O
the	O
ties	O
with	O
the	O
PPRP	B-ORGANIZATION
,	O
"	O
Mr	O
Peerawit	B-GIVEN_NAME
said	O
.	O

In	O
addition	O
to	O
Gen	O
Prayut	B-GIVEN_NAME
,	O
the	O
group	O
also	O
held	O
talks	O
with	O
Interior	O
Minister	O
Anupong	B-GIVEN_NAME
Paojinda	B-FAMILY_NAME
who	O
promised	O
to	O
be	O
more	O
accessible	O
and	O
offered	O
his	O
personal	O
telephone	O
number	O
for	O
direct	O
contact	O
,	O
Mr	O
Peerawit	B-GIVEN_NAME
said	O
.	O

He	O
also	O
confirmed	O
as	O
true	O
a	O
previous	O
report	O
that	O
the	O
PPRP	B-ORGANIZATION
had	O
supported	O
Deputy	O
Prime	O
Minister	O
and	O
PPRP	B-ORGANIZATION
leader	O
Prawit	B-GIVEN_NAME
Wongsuwon	B-FAMILY_NAME
to	O
replace	O
Gen	O
Anupong	B-GIVEN_NAME
as	O
Interior	O
Minister	O
because	O
divisions	O
are	O
deepening	O
within	O
the	O
ruling	O
party	O
and	O
several	O
of	O
its	O
MPs	O
were	O
unhappy	O
with	O
Gen	O
Anupong	B-GIVEN_NAME
,	O
who	O
is	O
a	O
non	O
-	O
MP	O
outsider	O
.	O

Meanwhile	O
,	O
the	O
Democrat	B-ORGANIZATION
Party	I-ORGANIZATION
,	O
another	O
coalition	O
partner	O
,	O
has	O
also	O
been	O
rocked	O
by	O
internal	O
rifts	O
,	O
with	O
a	O
deputy	O
party	O
leader	O
trying	O
to	O
persuade	O
party	O
MPs	O
to	O
abstain	O
from	O
voting	O
in	O
support	O
of	O
Mr	O
Chuti	B-GIVEN_NAME
,	O
a	O
party	O
source	O
said	O
.	O

The	O
deputy	O
leader	O
claimed	O
Mr	O
Chuti	B-GIVEN_NAME
rarely	O
took	O
part	O
in	O
party	O
activities	O
and	O
he	O
also	O
reportedly	O
planned	O
to	O
defect	O
to	O
a	O
new	O
party	O
,	O
the	O
source	O
said	O
.	O

However	O
,	O
another	O
group	O
of	O
MPs	O
,	O
and	O
former	O
members	O
of	O
the	O
now	O
-	O
defunct	O
People	B-ORGANIZATION
's	I-ORGANIZATION
Democratic	I-ORGANIZATION
Reform	I-ORGANIZATION
Committee	I-ORGANIZATION
(	O
PDRC	B-ORGANIZATION
)	O
protest	O
movement	O
,	O
has	O
threatened	O
to	O
abstain	O
from	O
voting	O
for	O
Commerce	O
Minister	O
and	O
Democrat	B-AFFILIATION
leader	O
Jurin	B-GIVEN_NAME
Laksanawisit	B-FAMILY_NAME
and	O
Deputy	O
Interior	O
Minister	O
and	O
deputy	O
Democrat	B-AFFILIATION
leader	O
Niphon	B-GIVEN_NAME
Bunyamanee	B-FAMILY_NAME
in	O
a	O
tit	O
-	O
for	O
-	O
tat	O
for	O
the	O
move	O
against	O
Mr	O
Chuti	B-GIVEN_NAME
,	O
the	O
source	O
said	O
.	O

This	O
prompted	O
Mr	O
Jurin	B-GIVEN_NAME
to	O
call	O
an	O
internal	O
meeting	O
ahead	O
of	O
the	O
vote	O
of	O
confidence	O
today	O
,	O
the	O
source	O
said	O
.	O

However	O
,	O
academics	O
believe	O
there	O
will	O
be	O
no	O
cabinet	O
reshuffle	O
after	O
the	O
vote	O
.	O

Wanwichit	B-GIVEN_NAME
Boonprong	B-FAMILY_NAME
,	O
a	O
political	O
science	O
lecturer	O
at	O
Rangsit	B-ORGANIZATION
University	I-ORGANIZATION
,	O
said	O
that	O
the	O
government	O
is	O
expected	O
to	O
survive	O
the	O
vote	O
of	O
confidence	O
after	O
a	O
round	O
of	O
lobbying	O
in	O
support	O
of	O
the	O
censure	O
targets	O
.	O

However	O
,	O
after	O
the	O
debate	O
,	O
the	O
public	O
may	O
still	O
have	O
lingering	O
doubts	O
,	O
he	O
said	O
.	O

Mr	O
Wanwichit	B-GIVEN_NAME
also	O
said	O
that	O
small	O
parties	O
did	O
not	O
have	O
enough	O
clout	O
to	O
press	O
for	O
a	O
cabinet	O
reshuffle	O
,	O
though	O
the	O
internal	O
rift	O
within	O
the	O
Democrat	B-ORGANIZATION
Party	I-ORGANIZATION
is	O
now	O
becoming	O
a	O
factor	O
that	O
could	O
force	O
a	O
reshuffle	O
.	O

However	O
,	O
Gen	O
Prayut	B-GIVEN_NAME
is	O
reluctant	O
to	O
reshuffle	O
the	O
cabinet	O
because	O
the	O
government	O
's	O
tenure	O
will	O
expire	O
next	O
year	O
,	O
Mr	O
Wanwichit	B-GIVEN_NAME
said	O

Yutthaporn	B-GIVEN_NAME
Isarachai	B-FAMILY_NAME
,	O
a	O
political	O
scientist	O
from	O
Sukhothai	B-ORGANIZATION
Thammathirat	I-ORGANIZATION
Open	I-ORGANIZATION
University	I-ORGANIZATION
,	O
also	O
agreed	O
that	O
the	O
censure	O
debate	O
would	O
not	O
have	O
an	O
impact	O
on	O
the	O
coalition	O
government	O
as	O
some	O
of	O
the	O
information	O
presented	O
by	O
the	O
opposition	O
in	O
parliament	O
had	O
failed	O
to	O
carry	O
enough	O
weight	O
to	O
rock	O
the	O
government	O
.	O

However	O
,	O
some	O
of	O
the	O
targeted	O
ministers	O
could	O
not	O
provide	O
clear	O
responses	O
to	O
the	O
accusations	O
made	O
by	O
the	O
opposition	O
,	O
Mr	O
Yutthaporn	B-GIVEN_NAME
said	O
.	O

He	O
also	O
believed	O
that	O
small	O
parties	O
would	O
not	O
break	O
ranks	O
during	O
the	O
vote	O
of	O
confidence	O
as	O
they	O
would	O
have	O
already	O
struck	O
deals	O
with	O
those	O
in	O
power	O
.	O

He	O
also	O
agreed	O
that	O
a	O
cabinet	O
reshuffle	O
is	O
unlikely	O
as	O
the	O
government	O
is	O
nearing	O
the	O
end	O
of	O
its	O
tenure	O
while	O
it	O
remains	O
to	O
be	O
seen	O
whether	O
the	O
conflict	O
among	O
the	O
Democrats	B-AFFILIATION
will	O
have	O
a	O
domino	O
effect	O
on	O
the	O
government	O
.	O

