Thai	B-AFFILIATION
steel	O
manufacturers	O
have	O
fresh	O
concerns	O
over	O
the	O
impact	O
of	O
the	O
suspension	O
of	O
foreign	O
loan	O
payments	O
in	O
Myanmar	B-LOCATION
on	O
steel	O
exports	O
to	O
Myanmar	B-LOCATION
.	O

Myanmar	B-LOCATION
's	O
central	O
bank	O
instructed	O
companies	O
and	O
individual	O
borrowers	O
to	O
suspend	O
paying	O
principal	O
and	O
interest	O
to	O
foreign	O
lenders	O
in	O
a	O
move	O
to	O
slow	O
the	O
country	O
's	O
decreasing	O
foreign	O
exchange	O
reserves	O
.	O

Authorities	O
ordered	O
companies	O
with	O
up	O
to	O
35	O
%	O
foreign	O
ownership	O
to	O
convert	O
foreign	O
exchange	O
into	O
the	O
kyat	B-MONEY
-	O
-	O
Myanmar	B-LOCATION
's	O
national	O
currency	O
-	O
-	O
state	O
media	O
reported	O
earlier	O
last	O
week	O
,	O
extending	O
a	O
rule	O
aimed	O
at	O
relieving	O
pressure	O
on	O
the	O
unit	O
by	O
including	O
more	O
businesses	O
.	O

Exports	O
of	O
steel	O
and	O
other	O
products	O
from	O
Thailand	B-LOCATION
to	O
Myanmar	B-LOCATION
are	O
paid	O
for	O
in	O
US	B-MONEY|B-LOCATION
dollars	I-MONEY
while	O
payments	O
for	O
border	O
trade	O
are	O
usually	O
made	O
in	O
baht	B-MONEY
,	O
said	O
Pravit	B-GIVEN_NAME
Horungruang	B-FAMILY_NAME
,	O
a	O
committee	O
member	O
of	O
the	O
EAF	B-ORGANIZATION
Long	I-ORGANIZATION
Product	I-ORGANIZATION
Steel	I-ORGANIZATION
Producers	I-ORGANIZATION
Association	I-ORGANIZATION
.	O

Thailand	B-LOCATION
is	O
Myanmar	B-LOCATION
's	O
second	O
-	O
largest	O
trading	O
partner	O
after	O
China	B-LOCATION
.	O

Other	O
than	O
steel	O
,	O
Myanmar	B-LOCATION
also	O
imports	O
building	O
materials	O
,	O
food	O
as	O
well	O
as	O
consumer	O
products	O
from	O
Thailand	B-LOCATION
.	O

The	O
kyat	B-MONEY
has	O
continued	O
to	O
weaken	O
against	O
the	O
US	B-MONEY|B-LOCATION
dollar	I-MONEY
.	O

This	O
has	O
sparked	O
concerns	O
that	O
it	O
may	O
affect	O
Thai	B-AFFILIATION
companies	O
trading	O
with	O
Myanmar	B-LOCATION
,	O
according	O
to	O
the	O
Federation	B-ORGANIZATION
of	I-ORGANIZATION
Thai	I-ORGANIZATION|B-AFFILIATION
Industries	I-ORGANIZATION
.	O

"	O
We	O
are	O
closely	O
monitoring	O
the	O
impact	O
.	O

Many	O
Thai	B-AFFILIATION
steel	O
companies	O
are	O
also	O
finding	O
ways	O
to	O
deal	O
with	O
foreign	O
currency	O
exchange	O
problems	O
,	O
"	O
said	O
Mr	O
Pravit	B-GIVEN_NAME
.	O

The	O
association	O
expects	O
the	O
suspension	O
order	O
to	O
be	O
in	O
place	O
temporarily	O
as	O
it	O
believes	O
Myanmar	B-LOCATION
is	O
also	O
aware	O
of	O
the	O
impact	O
on	O
its	O
economy	O
.	O

SET	O
-	O
listed	O
Millcon	B-ORGANIZATION
Steel	I-ORGANIZATION
,	O
a	O
Thai	B-AFFILIATION
steel	O
manufacturer	O
which	O
is	O
running	O
steel	O
manufacturing	O
operations	O
in	O
Myanmar	B-LOCATION
has	O
yet	O
to	O
see	O
impact	O
of	O
the	O
order	O
on	O
its	O
business	O
,	O
said	O
Mr	O
Pravit	B-GIVEN_NAME
,	O
who	O
is	O
also	O
chief	O
executive	O
of	O
Millcon	B-ORGANIZATION
.	O

The	O
company	O
formed	O
a	O
joint	O
venture	O
"	O
Millcon	B-ORGANIZATION
Thiha	I-ORGANIZATION
Co	I-ORGANIZATION
"	O
under	O
an	O
investment	O
worth	O
US	B-MONEY|B-LOCATION
$	I-MONEY
12	I-MONEY
million	I-MONEY
to	O
produce	O
structural	O
steel	O
to	O
serve	O
rising	O
demand	O
in	O
Myanmar	B-LOCATION
since	O
2016	B-DATE
.	O

Millcon	B-ORGANIZATION
owns	O
a	O
45	O
%	O
stake	O
in	O
the	O
joint	O
venture	O
,	O
while	O
General	B-ORGANIZATION
Engineering	I-ORGANIZATION
Co	I-ORGANIZATION
holds	O
45	O
%	O
and	O
10	O
%	O
is	O
held	O
by	O
the	O
Thiha	B-ORGANIZATION
Group	I-ORGANIZATION
.	O

Most	O
steel	O
products	O
from	O
Millcon	B-ORGANIZATION
Thiha	I-ORGANIZATION
are	O
sold	O
domestically	O
,	O
with	O
some	O
exported	O
to	O
Cambodia	B-LOCATION
,	O
Laos	B-LOCATION
and	O
Vietnam	B-LOCATION
.	O

Meanwhile	O
,	O
Scan	B-ORGANIZATION
Inter	I-ORGANIZATION
Plc	I-ORGANIZATION
(	O
SCN	B-ORGANIZATION
)	O
,	O
a	O
Thai	B-AFFILIATION
clean	O
energy	O
developer	O
and	O
trader	O
,	O
said	O
its	O
investment	O
in	O
a	O
solar	O
power	O
project	O
in	O
Myanmar	B-LOCATION
's	I-LOCATION
Minbu	I-LOCATION
township	O
will	O
not	O
be	O
affected	O
by	O
the	O
recent	O
order	O
issued	O
by	O
the	O
government	O
of	O
Myanmar	B-LOCATION
.	O

SCN	B-ORGANIZATION
is	O
co	O
-	O
developing	O
a	O
solar	O
power	O
plant	O
valued	O
at	O
10	B-MONEY
billion	I-MONEY
baht	I-MONEY
.	O

It	O
divided	O
the	O
development	O
into	O
four	O
phases	O
,	O
with	O
the	O
aim	O
of	O
making	O
its	O
on	O
-	O
ground	O
solar	O
farm	O
,	O
with	O
installed	O
electricity	O
generation	O
capacity	O
of	O
220	O
megawatts	O
,	O
the	O
largest	O
solar	O
power	O
facility	O
in	O
Southeast	B-LOCATION
Asia	I-LOCATION
.	O

The	O
plant	O
started	O
operations	O
,	O
with	O
a	O
capacity	O
of	O
50	O
MW	O
,	O
under	O
the	O
first	O
phase	O
in	O
September	B-DATE
2019	I-DATE
.	O

"	O
Our	O
project	O
does	O
not	O
depend	O
on	O
overseas	O
loans	O
,	O
"	O
said	O
Littee	B-GIVEN_NAME
Kitpipit	B-FAMILY_NAME
,	O
managing	O
director	O
of	O
SCN	B-ORGANIZATION
.	O

"	O
Electricity	O
in	O
Myanmar	B-LOCATION
is	O
also	O
crucial	O
to	O
serve	O
demand	O
in	O
the	O
nation	O
,	O
so	O
our	O
company	O
is	O
facing	O
no	O
impact	O
.	O
"	O

