The	O
shortage	O
of	O
airline	O
seats	O
remains	O
a	O
major	O
obstacle	O
for	O
the	O
recovery	O
of	O
Thai	B-AFFILIATION
tourism	O
as	O
most	O
European	B-AFFILIATION
flag	O
carriers	O
have	O
n't	O
resumed	O
flights	O
and	O
frequencies	O
to	O
the	O
pre	O
-	O
Covid	B-BRANDS
level	O
.	O

Tourism	B-ORGANIZATION
Authority	I-ORGANIZATION
of	I-ORGANIZATION
Thailand	I-ORGANIZATION|B-LOCATION
(	O
TAT	B-ORGANIZATION
)	O
governor	O
Yuthasak	B-GIVEN_NAME
Supasorn	B-FAMILY_NAME
said	O
the	O
agency	O
met	O
the	O
Civil	B-ORGANIZATION
Aviation	I-ORGANIZATION
Authority	I-ORGANIZATION
of	O
Thailand	B-LOCATION
last	O
week	O
and	O
was	O
informed	O
that	O
Thailand	B-LOCATION
might	O
secure	O
just	O
30.9	O
%	O
international	O
seat	O
capacity	O
of	O
the	O
pre	O
-	O
pandemic	O
level	O
in	O
the	O
upcoming	O
high	O
season	O
.	O

At	O
present	O
,	O
international	O
airlines	O
,	O
mostly	O
from	O
major	O
long	O
-	O
haul	O
destinations	O
,	O
have	O
not	O
resumed	O
flights	O
as	O
usual	O
,	O
leaving	O
a	O
limited	O
choice	O
for	O
travellers	O
who	O
want	O
convenient	O
direct	O
flights	O
.	O

The	O
TAT	B-ORGANIZATION
has	O
prepared	O
a	O
marketing	O
plan	O
to	O
support	O
airlines	O
to	O
bring	O
passengers	O
to	O
Thailand	B-LOCATION
,	O
particularly	O
from	O
Russia	B-LOCATION
and	O
other	O
countries	O
in	O
Europe	B-LOCATION
,	O
but	O
it	O
depends	O
on	O
the	O
additional	O
budget	O
it	O
requested	O
.	O

British	B-ORGANIZATION|B-AFFILIATION
Airways	I-ORGANIZATION
'	O
2022	B-DATE
winter	O
schedule	O
was	O
announced	O
without	O
the	O
London	B-LOCATION
-	O
Bangkok	B-LOCATION
route	O
and	O
the	O
airline	O
said	O
it	O
would	O
not	O
resume	O
a	O
direct	O
service	O
for	O
this	O
route	O
until	O
2023	B-DATE
.	O

Prior	O
to	O
the	O
pandemic	O
,	O
the	O
airline	O
served	O
a	O
daily	O
flight	O
from	O
London	B-LOCATION
to	O
Bangkok	B-LOCATION
.	O

It	O
currently	O
operates	O
only	O
London	B-LOCATION
-	O
Singapore	B-LOCATION
in	O
Southeast	B-LOCATION
Asia	I-LOCATION
,	O
with	O
a	O
daily	O
flight	O
,	O
a	O
decrease	O
from	O
twice	O
daily	O
before	O
Covid	B-BRANDS
struck	O
.	O

In	O
2019	B-DATE
,	O
Thailand	B-LOCATION
had	O
a	O
seat	O
capacity	O
of	O
56.2	O
million	O
,	O
before	O
plunging	O
to	O
14.8	O
million	O
in	O
2020	B-DATE
and	O
4.9	O
million	O
in	O
2021	B-DATE
.	O

Tassapon	B-GIVEN_NAME
Bijleveld	B-FAMILY_NAME
,	O
executive	O
chairman	O
of	O
Thai	B-ORGANIZATION|B-AFFILIATION
AirAsia	I-ORGANIZATION
and	O
acting	O
chief	O
executive	O
of	O
Thai	B-ORGANIZATION|B-AFFILIATION
AirAsia	I-ORGANIZATION
X	I-ORGANIZATION
,	O
said	O
most	O
airlines	O
are	O
facing	O
extremely	O
high	O
operational	O
costs	O
and	O
insufficient	O
manpower	O
and	O
aircraft	O
.	O

"	O
The	O
aviation	O
business	O
cannot	O
pick	O
up	O
overnight	O
,	O
particularly	O
for	O
those	O
who	O
slashed	O
their	O
workforce	O
during	O
Covid	B-DATE
-	I-DATE
19	I-DATE
,	O
"	O
said	O
Mr	O
Tassapon	B-GIVEN_NAME
.	O

He	O
said	O
Thai	B-ORGANIZATION|B-AFFILIATION
AirAsia	I-ORGANIZATION
maintained	O
all	O
staff	O
in	O
the	O
past	O
two	B-DURATION
years	I-DURATION
to	O
avoid	O
such	O
circumstances	O
during	O
the	O
recovery	O
period	O
as	O
commercial	O
pilots	O
have	O
to	O
extend	O
their	O
licences	O
every	O
six	O
months	O
by	O
training	O
with	O
flight	O
simulators	O
.	O

However	O
,	O
airlines	O
that	O
have	O
already	O
downsized	O
have	O
to	O
deal	O
with	O
higher	O
wages	O
as	O
they	O
must	O
compete	O
for	O
trained	O
staff	O
,	O
therefore	O
,	O
they	O
have	O
to	O
plan	O
flights	O
more	O
carefully	O
by	O
selecting	O
routes	O
with	O
the	O
most	O
potential	O
amid	O
surging	O
costs	O
to	O
avoid	O
losses	O
,	O
he	O
said	O
.	O

He	O
said	O
after	O
parking	O
aircraft	O
for	O
over	O
two	B-DURATION
years	I-DURATION
,	O
all	O
engines	O
need	O
major	O
maintenance	O
work	O
before	O
taking	O
to	O
the	O
skies	O
,	O
resulting	O
in	O
long	O
queues	O
and	O
full	O
bookings	O
at	O
every	O
maintenance	O
,	O
repair	O
and	O
overhaul	O
facility	O
.	O

Mr	O
Tassapon	B-GIVEN_NAME
said	O
the	O
TAT	B-ORGANIZATION
's	O
initiative	O
to	O
help	O
airlines	O
increase	O
seat	O
capacity	O
is	O
a	O
good	O
strategy	O
to	O
boost	O
the	O
tourism	O
industry	O
.	O

In	O
the	O
past	O
,	O
governments	O
from	O
many	O
countries	O
adopted	O
similar	O
mechanisms	O
,	O
such	O
as	O
providing	O
incentives	O
for	O
airlines	O
that	O
can	O
carry	O
international	O
passengers	O
at	O
certain	O
levels	O
.	O

"	O
Providing	O
incentives	O
for	O
airlines	O
could	O
be	O
an	O
effective	O
way	O
to	O
help	O
increase	O
flight	O
capacity	O
to	O
Thailand	B-LOCATION
,	O
"	O
he	O
said	O
.	O

