An	O
officer	O
at	O
Huaping	B-LOCATION
(	O
è¯å¹³	O
)	O
police	O
station	O
of	O
the	O
Tainan	B-ORGANIZATION|B-LOCATION
Police	I-ORGANIZATION
Department	I-ORGANIZATION
âs	O
4th	O
Precinct	O
has	O
been	O
given	O
two	O
minor	O
demerits	O
for	O
accessing	O
the	O
personal	O
information	O
of	O
25	O
baseball	O
cheerleaders	O
.	O

The	O
officer	O
surnamed	O
Liu	B-GIVEN_NAME
(	O
å	O
)	O
accessed	O
the	O
household	O
registration	O
system	O
with	O
a	O
computer	O
at	O
the	O
station	O
three	O
times	O
between	O
April	B-DATE
and	O
last	O
month	O
to	O
check	O
photographs	O
of	O
the	O
cheerleaders	O
on	O
their	O
national	O
identification	O
cards	O
,	O
the	O
precinct	O
said	O
on	O
Sunday	B-DATE
following	O
an	O
investigation	O
.	O

Liu	B-GIVEN_NAME
was	O
suspended	O
from	O
accessing	O
the	O
system	O
for	O
three	O
months	O
and	O
the	O
chief	O
of	O
the	O
police	O
station	O
,	O
surnamed	O
Shih	B-GIVEN_NAME
(	O
æ½	O
)	O
,	O
was	O
given	O
a	O
warning	O
for	O
insufficient	O
oversight	O
,	O
it	O
said	O
.	O

The	O
case	O
came	O
to	O
light	O
when	O
a	O
person	O
on	O
Saturday	B-DATE
in	O
a	O
post	O
on	O
Facebook	B-ORGANIZATION
claimed	O
that	O
a	O
police	O
officer	O
in	O
Tainan	B-LOCATION
had	O
accessed	O
the	O
photographs	O
of	O
baseball	O
cheerleaders	O
,	O
but	O
had	O
seemed	O
not	O
have	O
been	O
punished	O
,	O
questioning	O
whether	O
the	O
incident	O
had	O
been	O
covered	O
up	O
.	O

The	O
precinct	O
on	O
Sunday	B-DATE
said	O
that	O
during	O
an	O
investigation	O
it	O
found	O
several	O
unusual	O
entries	O
in	O
Liu	B-GIVEN_NAME
âs	O
computer	O
search	O
history	O
.	O

Liu	B-GIVEN_NAME
,	O
who	O
is	O
in	O
his	O
20s	O
and	O
worked	O
at	O
the	O
station	O
for	O
nearly	O
six	O
months	O
,	O
told	O
investigators	O
that	O
he	O
looked	O
up	O
photographs	O
of	O
the	O
cheerleaders	O
of	O
the	O
CTBC	B-ORGANIZATION
Brothers	I-ORGANIZATION
and	O
Rakuten	B-ORGANIZATION
Monkeys	I-ORGANIZATION
during	O
working	O
hours	O
out	O
of	O
curiosity	O
,	O
it	O
said	O
.	O

He	O
said	O
that	O
he	O
did	O
not	O
forward	O
or	O
sell	O
the	O
photographs	O
to	O
others	O
and	O
showed	O
regret	O
for	O
his	O
behavior	O
,	O
the	O
precinct	O
said	O
.	O

The	O
precinct	O
said	O
that	O
it	O
had	O
found	O
no	O
evidence	O
of	O
him	O
leaking	O
confidential	O
information	O
.	O

Police	O
often	O
access	O
people	O
âs	O
personal	O
information	O
such	O
as	O
ownership	O
of	O
vehicles	O
and	O
contact	O
information	O
.	O

To	O
prevent	O
officers	O
from	O
abusing	O
the	O
authority	O
,	O
the	O
National	B-ORGANIZATION
Police	I-ORGANIZATION
Agency	I-ORGANIZATION
has	O
implemented	O
an	O
information	O
security	O
audit	O
.	O

A	O
chief	O
inspector	O
,	O
who	O
wished	O
to	O
remain	O
anonymous	O
,	O
said	O
that	O
when	O
computers	O
were	O
first	O
introduced	O
to	O
the	O
police	O
force	O
,	O
many	O
of	O
his	O
colleagues	O
would	O
look	O
up	O
celebrities	O
and	O
gossip	O
about	O
them	O
,	O
which	O
showed	O
a	O
lack	O
of	O
awareness	O
of	O
information	O
security	O
and	O
the	O
protection	O
of	O
personal	O
information	O
.	O

For	O
instance	O
,	O
when	O
then	O
-	O
Chinese	B-ORGANIZATION|B-AFFILIATION
Nationalist	I-ORGANIZATION
Party	I-ORGANIZATION
(	O
KMT	B-ORGANIZATION
)	O
legislator	O
Wu	B-GIVEN_NAME
Yu	B-FAMILY_NAME
-	I-FAMILY_NAME
sheng	I-FAMILY_NAME
(	O
å³è²æ	O
)	O
was	O
caught	O
having	O
an	O
extramarital	O
affair	O
in	O
2009	B-DATE
,	O
more	O
than	O
60	O
officers	O
nationwide	O
were	O
found	O
to	O
have	O
accessed	O
the	O
personal	O
information	O
of	O
his	O
mistress	O
,	O
drawing	O
fierce	O
criticism	O
,	O
the	O
chief	O
inspector	O
said	O
.	O

The	O
National	B-ORGANIZATION
Police	I-ORGANIZATION
Agency	I-ORGANIZATION
in	O
2008	B-DATE
and	O
2009	B-DATE
introduced	O
regulations	O
on	O
information	O
security	O
and	O
police	O
computers	O
,	O
with	O
ethics	O
and	O
supervision	O
units	O
carrying	O
out	O
information	O
security	O
audits	O
.	O

The	O
Tainan	B-ORGANIZATION|B-LOCATION
City	I-ORGANIZATION|I-LOCATION
Police	I-ORGANIZATION
Department	I-ORGANIZATION
on	O
Sunday	B-DATE
said	O
that	O
its	O
information	O
security	O
team	O
checks	O
all	O
units	O
of	O
the	O
department	O
at	O
least	O
once	O
a	O
month	O
and	O
reviews	O
search	O
histories	O
.	O

All	O
officers	O
have	O
their	O
own	O
account	O
and	O
password	O
to	O
access	O
the	O
system	O
,	O
so	O
â	O
everything	O
searched	O
leaves	O
traces	O
,	O
â	O
a	O
police	O
chief	O
said	O
.	O

