Democratic	B-ORGANIZATION|B-AFFILIATION
Progressive	I-ORGANIZATION
Party	I-ORGANIZATION
Taipei	B-LOCATION
mayoral	O
candidate	O
Chen	B-GIVEN_NAME
Shih	B-FAMILY_NAME
-	I-FAMILY_NAME
chung	I-FAMILY_NAME
(	O
é³æä¸­	O
)	O
yesterday	O
vowed	O
to	O
reintroduce	O
Double	B-BRANDS
Ninth	B-MISC
Festival	I-MISC
cash	O
gifts	O
for	O
seniors	O
in	O
the	O
capital	O
if	O
voted	O
into	O
office	O
.	O

However	O
,	O
the	O
payments	O
for	O
the	O
festival	O
,	O
which	O
is	O
held	O
in	O
honor	O
of	O
elderly	O
people	O
,	O
would	O
depend	O
on	O
the	O
city	O
âs	O
financial	O
situation	O
at	O
the	O
time	O
,	O
Chen	B-GIVEN_NAME
said	O
in	O
a	O
radio	O
interview	O
.	O

Asked	O
by	O
radio	O
host	O
Clara	B-GIVEN_NAME
Chou	B-FAMILY_NAME
(	O
å¨çè»	O
)	O
if	O
the	O
pledge	O
served	O
his	O
own	O
interests	O
,	O
as	O
he	O
would	O
be	O
eligible	O
for	O
a	O
cash	O
payment	O
,	O
68	O
-	O
year	O
-	O
old	O
Chen	B-GIVEN_NAME
said	O
he	O
would	O
donate	O
his	O
gift	O
.	O

The	O
last	O
time	O
Taipei	B-LOCATION
residents	O
aged	O
65	O
or	O
older	O
received	O
the	O
gift	O
from	O
the	O
city	O
government	O
was	O
in	O
2015	B-DATE
,	O
a	O
year	O
after	O
Taipei	B-LOCATION
Mayor	O
Ko	B-GIVEN_NAME
Wen	B-FAMILY_NAME
-	I-FAMILY_NAME
je	I-FAMILY_NAME
(	O
æ¯æå²	O
)	O
was	O
elected	O
.	O

People	O
aged	O
65	O
to	O
98	O
received	O
NT	B-MONEY
$	I-MONEY
1,500	I-MONEY
to	O
NT	B-MONEY
$	I-MONEY
5,000	I-MONEY
,	O
and	O
those	O
who	O
were	O
99	O
or	O
older	O
received	O
NT	B-MONEY
$	I-MONEY
10,000	I-MONEY
(	O
US	B-MONEY
$	I-MONEY
334	I-MONEY
)	O
.	O

In	O
April	B-DATE
2016	I-DATE
,	O
Ko	B-GIVEN_NAME
excluded	O
senior	O
citizens	O
from	O
high	O
and	O
middle	O
-	O
income	O
families	O
,	O
citing	O
the	O
need	O
to	O
use	O
the	O
funds	O
to	O
pay	O
for	O
welfare	O
benefits	O
and	O
more	O
tangible	O
aid	O
for	O
elderly	O
people	O
,	O
triggering	O
widespread	O
discontent	O
among	O
seniors	O
.	O

Chen	B-GIVEN_NAME
,	O
who	O
yesterday	O
officially	O
stepped	O
down	O
as	O
minister	O
of	O
health	O
and	O
welfare	O
,	O
said	O
the	O
city	O
government	O
should	O
not	O
penny	O
pinch	O
when	O
it	O
comes	O
to	O
spending	O
on	O
children	O
and	O
elderly	O
people	O
.	O

On	O
Wednesday	B-DATE
last	O
week	O
,	O
the	O
Taipei	B-ORGANIZATION|B-LOCATION
City	I-ORGANIZATION
Government	I-ORGANIZATION
announced	O
that	O
it	O
would	O
reintroduce	O
cash	O
gifts	O
to	O
seniors	O
for	O
next	O
year	O
âs	O
festival	O
.	O

Taipei	B-LOCATION
residents	O
aged	O
65	O
or	O
older	O
would	O
receive	O
NT	B-MONEY
$	I-MONEY
1,200	I-MONEY
,	O
Taipei	B-LOCATION
Deputy	O
Mayor	O
Vivian	B-GIVEN_NAME
Huang	B-FAMILY_NAME
(	O
é»çç	O
)	O
said	O
.	O

Taipei	B-LOCATION
residents	O
aged	O
65	O
or	O
older	O
from	O
low	O
-	O
income	O
and	O
lower	O
-	O
middle	O
income	O
households	O
would	O
receive	O
NT	B-MONEY
$	I-MONEY
1,500	I-MONEY
,	O
while	O
those	O
who	O
are	O
99	O
or	O
older	O
would	O
receive	O
NT	B-MONEY
$	I-MONEY
10,000	I-MONEY
,	O
she	O
said	O
,	O
adding	O
that	O
the	O
city	O
government	O
would	O
budget	O
NT	B-MONEY
$	I-MONEY
620	I-MONEY
million	I-MONEY
for	O
the	O
payments	O
annually	O
.	O

In	O
November	B-DATE
last	O
year	O
,	O
the	O
Taipei	B-ORGANIZATION|B-LOCATION
City	I-ORGANIZATION
Council	I-ORGANIZATION
passed	O
an	O
ordinance	O
ruling	O
that	O
cash	O
gifts	O
should	O
be	O
restored	O
.	O
Ko	B-GIVEN_NAME
appealed	O
,	O
but	O
it	O
was	O
rejected	O
by	O
the	O
city	O
council	O
.	O

Earlier	O
this	O
year	O
,	O
the	O
Taipei	B-ORGANIZATION|B-LOCATION
City	I-ORGANIZATION
Government	I-ORGANIZATION
notified	O
the	O
Executive	B-ORGANIZATION
Yuan	I-ORGANIZATION
of	O
the	O
ordinance	O
,	O
hoping	O
it	O
would	O
invalidate	O
the	O
decision	O
,	O
but	O
to	O
no	O
avail	O
.	O

The	O
Executive	B-ORGANIZATION
Yuan	I-ORGANIZATION
last	O
month	O
said	O
that	O
the	O
move	O
did	O
not	O
contravene	O
the	O
Constitution	O
or	O
other	O
laws	O
,	O
and	O
asked	O
the	O
Taipei	B-ORGANIZATION|B-LOCATION
City	I-ORGANIZATION
Government	I-ORGANIZATION
to	O
set	O
aside	O
a	O
budget	O
for	O
the	O
festival	O
.	O

