Broadcasting	B-ORGANIZATION
Corp	I-ORGANIZATION
of	I-ORGANIZATION
China	I-ORGANIZATION|B-LOCATION
chairman	O
Jaw	B-GIVEN_NAME
Shaw	B-FAMILY_NAME
-	I-FAMILY_NAME
kong	I-FAMILY_NAME
(	O
è¶å°åº·	O
)	O
yesterday	O
called	O
on	O
the	O
government	O
to	O
extend	O
the	O
use	O
of	O
the	O
Guosheng	B-LOCATION
Nuclear	I-LOCATION
Power	I-LOCATION
Plant	I-LOCATION
in	O
New	B-LOCATION
Taipei	I-LOCATION
City	I-LOCATION
âs	O
Wanli	B-LOCATION
District	I-LOCATION
(	O
è¬é	O
)	O
and	O
Maanshan	B-LOCATION
Nuclear	I-LOCATION
Power	I-LOCATION
Plant	I-LOCATION
in	O
Pingtung	B-LOCATION
County	I-LOCATION
,	O
and	O
to	O
resume	O
construction	O
of	O
the	O
mothballed	O
Fourth	B-LOCATION
Nuclear	I-LOCATION
Power	I-LOCATION
Plant	I-LOCATION
in	O
New	B-LOCATION
Taipei	I-LOCATION
City	I-LOCATION
âs	O
Gongliao	B-LOCATION
Dictrict	I-LOCATION
(	O
è²¢å¯®	O
)	O
.	O

The	O
government	O
has	O
said	O
it	O
would	O
phase	O
out	O
nuclear	O
power	O
by	O
2025	B-DATE
as	O
part	O
of	O
a	O
plan	O
to	O
shift	O
to	O
green	O
energy	O
.	O

Jaw	B-GIVEN_NAME
cited	O
a	O
report	O
by	O
the	O
European	B-AFFILIATION|B-AFFILIATION
Parliament	B-ORGANIZATION
on	O
Wednesday	B-DATE
that	O
included	O
nuclear	O
power	O
among	O
the	O
green	O
energy	O
options	O
for	O
the	O
EU	B-ORGANIZATION
to	O
encourage	O
related	O
investment	O
.	O

Jaw	B-GIVEN_NAME
said	O
the	O
administration	O
of	O
President	O
Tsai	B-GIVEN_NAME
Ing	B-FAMILY_NAME
-	I-FAMILY_NAME
wen	I-FAMILY_NAME
(	O
è¡è±æ	O
)	O
should	O
follow	O
the	O
EU	B-ORGANIZATION
âs	O
example	O
.	O

He	O
said	O
that	O
it	O
should	O
continue	O
using	O
the	O
Guosheng	B-LOCATION
and	O
Maanshan	B-LOCATION
nuclear	O
power	O
plants	O
past	O
2025	B-DATE
,	O
and	O
finish	O
construction	O
of	O
the	O
Fourth	B-LOCATION
Nuclear	I-LOCATION
Power	I-LOCATION
Plant	I-LOCATION
.	O

The	O
EU	B-ORGANIZATION
in	O
the	O
past	O
had	O
similarly	O
advocated	O
phasing	O
out	O
nuclear	O
energy	O
,	O
but	O
its	O
position	O
on	O
the	O
issue	O
has	O
changed	O
,	O
the	O
Democratic	B-ORGANIZATION|B-AFFILIATION
Progressive	I-ORGANIZATION
Party	I-ORGANIZATION
should	O
also	O
re	O
-	O
examine	O
the	O
issue	O
and	O
change	O
its	O
stance	O
on	O
nuclear	O
power	O
,	O
he	O
said	O
.	O

Jaw	B-GIVEN_NAME
cited	O
the	O
South	B-AFFILIATION
Korean	I-AFFILIATION
government	O
as	O
saying	O
that	O
it	O
would	O
increase	O
nuclear	O
-	O
power	O
generation	O
by	O
30	O
percent	O
â	O
which	O
would	O
lower	O
energy	O
costs	O
in	O
the	O
nation	O
â	O
and	O
asked	O
how	O
Taiwan	B-ORGANIZATION|B-LOCATION
Semiconductor	I-ORGANIZATION
Manufacturing	I-ORGANIZATION
Co	I-ORGANIZATION
would	O
be	O
able	O
to	O
compete	O
with	O
its	O
main	O
competitor	O
,	O
Samsung	B-ORGANIZATION
,	O
should	O
that	O
happen	O
.	O

Jaw	B-GIVEN_NAME
also	O
questioned	O
whether	O
the	O
government	O
âs	O
plan	O
to	O
build	O
a	O
liquefied	O
natural	O
gas	O
terminal	O
off	O
Keelung	B-LOCATION
,	O
near	O
the	O
city	O
âs	O
Hsieh	B-GIVEN_NAME
-	B-FAMILY_NAME
ho	I-FAMILY_NAME
(	O
åå	O
)	O
Power	B-LOCATION
Plant	I-LOCATION
,	O
would	O
be	O
safe	O
and	O
whether	O
it	O
would	O
affect	O
coastal	O
scenery	O
.	O

The	O
Environmental	B-ORGANIZATION
Protection	I-ORGANIZATION
Administration	I-ORGANIZATION
is	O
expected	O
to	O
review	O
the	O
terminal	O
âs	O
environmental	O
impact	O
assessment	O
on	O
Sept	B-DATE
.	I-DATE
30	I-DATE
after	O
the	O
proposal	O
failed	O
to	O
pass	O
a	O
review	O
on	O
Thursday	B-DATE
.	O

In	O
response	O
,	O
Minister	O
of	O
Economic	O
Affairs	O
Wang	B-GIVEN_NAME
Mei	B-FAMILY_NAME
-	I-FAMILY_NAME
hua	I-FAMILY_NAME
(	O
çç¾è±	O
)	O
said	O
that	O
the	O
government	O
was	O
not	O
rushing	O
the	O
abolition	O
of	O
nuclear	O
power	O
,	O
but	O
needed	O
to	O
resolve	O
the	O
issue	O
of	O
disposing	O
of	O
nuclear	O
waste	O
and	O
work	O
out	O
how	O
to	O
cooperate	O
with	O
local	O
governments	O
where	O
nuclear	O
plants	O
would	O
be	O
located	O
,	O
she	O
said	O
.	O

Taiwan	B-ORGANIZATION|B-LOCATION
Power	I-ORGANIZATION
Co	I-ORGANIZATION
in	O
its	O
modified	O
proposal	O
sought	O
to	O
reduce	O
the	O
environmental	O
impact	O
of	O
the	O
Keelung	B-LOCATION
project	O
,	O
particularly	O
its	O
effects	O
on	O
coral	O
and	O
scallops	O
that	O
grow	O
in	O
the	O
area	O
,	O
she	O
said	O
.	O

