Deputy	O
Minister	O
of	O
Health	O
and	O
Welfare	O
Hsueh	B-GIVEN_NAME
Jui	B-FAMILY_NAME
-	I-FAMILY_NAME
yuan	I-FAMILY_NAME
(	O
èçå	O
)	O
is	O
to	O
succeed	O
Minister	O
of	O
Health	O
and	O
Welfare	O
Chen	B-GIVEN_NAME
Shih	B-FAMILY_NAME
-	I-FAMILY_NAME
chung	I-FAMILY_NAME
(	O
é³æä¸­	O
)	O
,	O
who	O
resigned	O
on	O
Thursday	B-DATE
to	O
focus	O
on	O
his	O
Taipei	B-LOCATION
mayoral	O
election	O
campaign	O
,	O
the	O
Executive	B-ORGANIZATION
Yuan	I-ORGANIZATION
said	O
yesterday	O
.	O

Hsueh	B-GIVEN_NAME
âs	O
vacancy	O
is	O
to	O
be	O
filled	O
by	O
Hospital	B-ORGANIZATION
and	I-ORGANIZATION
Social	I-ORGANIZATION
Welfare	I-ORGANIZATION
Organizations	I-ORGANIZATION
Administration	I-ORGANIZATION
Commission	I-ORGANIZATION
Director	O
Wang	B-GIVEN_NAME
Pi	B-FAMILY_NAME
-	I-FAMILY_NAME
sheng	I-FAMILY_NAME
(	O
çå¿å	O
)	O
,	O
who	O
is	O
also	O
to	O
take	O
over	O
as	O
head	O
of	O
the	O
Central	B-ORGANIZATION
Epidemic	I-ORGANIZATION
Command	I-ORGANIZATION
Center	I-ORGANIZATION
(	O
CECC	B-ORGANIZATION
)	O
,	O
Executive	B-ORGANIZATION
Yuan	I-ORGANIZATION
spokesman	O
Lo	B-GIVEN_NAME
Ping	B-FAMILY_NAME
-	I-FAMILY_NAME
cheng	I-FAMILY_NAME
(	O
ç¾ç§æ	O
)	O
told	O
a	O
news	O
conference	O
in	O
Taipei	B-LOCATION
,	O
adding	O
that	O
the	O
changes	O
are	O
to	O
take	O
effect	O
on	O
Monday	B-DATE
.	O

CECC	B-ORGANIZATION
specialist	O
advisory	O
panel	O
convener	O
Chang	B-GIVEN_NAME
Shan	B-FAMILY_NAME
-	I-FAMILY_NAME
chwen	I-FAMILY_NAME
(	O
å¼µä¸æ·³	O
)	O
is	O
to	O
become	O
the	O
Cabinet	B-ORGANIZATION
âs	O
chief	O
pandemic	O
adviser	O
,	O
a	O
newly	O
created	O
position	O
,	O
Lo	B-GIVEN_NAME
said	O
.	O

President	O
Tsai	B-GIVEN_NAME
Ing	B-FAMILY_NAME
-	I-FAMILY_NAME
wen	I-FAMILY_NAME
(	O
è¡è±æ	O
)	O
and	O
Premier	O
Su	B-GIVEN_NAME
Tseng	B-FAMILY_NAME
-	I-FAMILY_NAME
chang	I-FAMILY_NAME
(	O
èè²æ	O
)	O
created	O
the	O
office	O
following	O
discussions	O
to	O
establish	O
a	O
task	O
force	O
similar	O
to	O
the	O
US	B-LOCATION
â	O
presidential	O
pandemic	O
response	O
team	O
,	O
he	O
said	O
.	O

Chen	B-GIVEN_NAME
said	O
that	O
Hsueh	B-GIVEN_NAME
is	O
uniquely	O
qualified	O
to	O
be	O
minister	O
,	O
as	O
he	O
is	O
licensed	O
to	O
practice	O
law	O
and	O
medicine	O
,	O
making	O
him	O
a	O
top	O
choice	O
to	O
manage	O
the	O
ministry	O
âs	O
complex	O
operations	O
.	O

Hsueh	B-GIVEN_NAME
is	O
also	O
a	O
seasoned	O
medical	O
administrator	O
,	O
having	O
served	O
in	O
the	O
Hospital	B-ORGANIZATION
and	I-ORGANIZATION
Social	I-ORGANIZATION
Welfare	I-ORGANIZATION
Organizations	I-ORGANIZATION
Administration	I-ORGANIZATION
Commission	I-ORGANIZATION
for	O
six	B-DURATION
years	I-DURATION
,	O
with	O
special	O
expertise	O
in	O
the	O
integration	O
of	O
healthcare	O
services	O
,	O
national	O
health	O
insurance	O
reform	O
and	O
long	O
-	O
term	O
care	O
,	O
he	O
said	O
.	O

Regarding	O
Wang	B-GIVEN_NAME
,	O
Chen	B-GIVEN_NAME
said	O
that	O
he	O
is	O
the	O
most	O
qualified	O
to	O
head	O
the	O
CECC	B-ORGANIZATION
,	O
as	O
he	O
proved	O
himself	O
to	O
be	O
effective	O
in	O
managing	O
the	O
government	O
âs	O
response	O
to	O
local	O
COVID	B-BRANDS
-	B-MISC
19	I-MISC
outbreaks	O
while	O
working	O
on	O
the	O
front	O
lines	O
of	O
the	O
center	O
over	O
the	O
past	O
two	B-DURATION
years	I-DURATION
.	O

