Legislative	O
Speaker	O
You	B-GIVEN_NAME
Si	B-FAMILY_NAME
-	I-FAMILY_NAME
kun	I-FAMILY_NAME
(	O
æ¸¸é«å 	O
)	O
is	O
next	O
week	O
to	O
visit	O
the	O
Czech	B-LOCATION
Republic	I-LOCATION
and	O
hold	O
a	O
joint	O
news	O
conference	O
with	O
Czech	B-ORGANIZATION|B-AFFILIATION
Senate	I-ORGANIZATION
President	O
Milos	B-GIVEN_NAME
Vystrcil	B-FAMILY_NAME
,	O
the	O
Czech	B-ORGANIZATION|B-AFFILIATION
Senate	I-ORGANIZATION
said	O
yesterday	O
.	O

At	O
Vystrcil	B-GIVEN_NAME
âs	O
invitation	O
,	O
You	B-GIVEN_NAME
is	O
to	O
lead	O
a	O
four	O
-	O
member	O
delegation	O
of	O
Taiwanese	B-AFFILIATION
lawmakers	O
to	O
Prague	B-LOCATION
from	O
Monday	B-DATE
to	O
Thursday	B-DATE
,	O
the	O
Czech	B-ORGANIZATION|B-AFFILIATION
Senate	I-ORGANIZATION
said	O
.	O

The	O
delegation	O
is	O
expected	O
to	O
depart	O
from	O
Taiwan	B-LOCATION
tomorrow	O
.	O

The	O
senate	O
said	O
that	O
after	O
You	B-GIVEN_NAME
âs	O
delegation	O
arrives	O
,	O
they	O
would	O
meet	O
with	O
Czech	B-AFFILIATION
media	O
before	O
paying	O
their	O
respects	O
to	O
late	O
Czech	B-AFFILIATION
president	O
Vaclav	B-GIVEN_NAME
Havel	B-FAMILY_NAME
by	O
presenting	O
bouquets	O
at	O
his	O
grave	O
.	O

Havel	B-GIVEN_NAME
was	O
the	O
last	O
president	O
of	O
Czechoslovakia	B-LOCATION
from	O
1989	B-DATE
until	O
its	O
dissolution	O
in	O
1992	B-DATE
,	O
and	O
was	O
then	O
the	O
first	O
president	O
of	O
the	O
Czech	B-LOCATION
Republic	I-LOCATION
from	O
1993	B-DATE
to	O
2003	B-DATE
.	O

He	O
was	O
also	O
the	O
first	O
democratically	O
elected	O
president	O
of	O
the	O
two	O
countries	O
after	O
the	O
fall	O
of	O
the	O
Soviet	B-LOCATION
Union	I-LOCATION
and	O
the	O
end	O
of	O
communist	O
rule	O
in	O
the	O
former	O
Soviet	B-AFFILIATION
satellite	O
state	O
.	O

On	O
Wednesday	B-DATE
,	O
You	B-GIVEN_NAME
and	O
his	O
delegation	O
are	O
to	O
meet	O
with	O
Vystrcil	B-GIVEN_NAME
,	O
three	O
Czech	B-ORGANIZATION|B-AFFILIATION
Senate	I-ORGANIZATION
vice	O
presidents	O
and	O
other	O
senate	O
officials	O
,	O
the	O
Czech	B-ORGANIZATION|B-AFFILIATION
Senate	I-ORGANIZATION
said	O
.	O

After	O
the	O
meeting	O
,	O
You	B-GIVEN_NAME
and	O
the	O
other	O
three	O
members	O
of	O
the	O
Taiwanese	B-AFFILIATION
delegation	O
are	O
to	O
pay	O
their	O
respects	O
to	O
former	O
Czech	B-ORGANIZATION|B-AFFILIATION
Senate	I-ORGANIZATION
president	O
Jaroslav	B-GIVEN_NAME
Kubera	B-FAMILY_NAME
,	O
who	O
served	O
from	O
2018	B-DATE
until	O
his	O
death	O
in	O
January	B-DATE
2020	I-DATE
.	O

They	O
are	O
to	O
be	O
accompanied	O
by	O
Kubera	B-GIVEN_NAME
âs	O
widow	O
,	O
Vera	B-GIVEN_NAME
Kuberova	B-FAMILY_NAME
.	O

Jaroslav	B-GIVEN_NAME
Kubera	B-FAMILY_NAME
died	O
a	O
month	O
before	O
a	O
planned	O
visit	O
to	O
Taiwan	B-LOCATION
.	O

In	O
a	O
report	O
by	O
public	O
broadcaster	O
Czech	B-ORGANIZATION|B-AFFILIATION
Television	I-ORGANIZATION
,	O
his	O
family	O
said	O
that	O
a	O
threatening	O
message	O
from	O
the	O
Chinese	B-AFFILIATION
embassy	O
and	O
Czech	B-AFFILIATION
President	O
Milos	B-GIVEN_NAME
Zeman	B-FAMILY_NAME
against	O
his	O
planned	O
visit	O
to	O
Taiwan	B-LOCATION
contributed	O
to	O
his	O
death	O
.	O

Also	O
on	O
Wednesday	B-DATE
,	O
You	B-GIVEN_NAME
and	O
Vystrcil	B-GIVEN_NAME
are	O
to	O
hold	O
a	O
joint	O
news	O
conference	O
before	O
the	O
Taiwanese	B-AFFILIATION
delegation	O
leaves	O
the	O
following	O
day	O
.	O

The	O
other	O
three	O
Taiwanese	B-AFFILIATION
lawmakers	O
in	O
the	O
delegation	O
are	O
from	O
the	O
ruling	O
Democratic	B-ORGANIZATION|B-AFFILIATION
Progressive	I-ORGANIZATION
Party	I-ORGANIZATION
and	O
the	O
opposition	O
camp	O
.	O

On	O
Tuesday	B-DATE
,	O
You	B-GIVEN_NAME
received	O
Patrick	B-GIVEN_NAME
Rumlar	B-FAMILY_NAME
,	O
the	O
head	O
of	O
the	O
Czech	B-ORGANIZATION
Economic	I-ORGANIZATION
and	I-ORGANIZATION
Cultural	I-ORGANIZATION
Office	I-ORGANIZATION
in	O
Taipei	B-LOCATION
,	O
and	O
expressed	O
his	O
gratitude	O
to	O
the	O
Czech	B-AFFILIATION
representative	O
for	O
his	O
help	O
in	O
arranging	O
the	O
trip	O
to	O
the	O
Czech	B-LOCATION
Republic	I-LOCATION
.	O

During	O
the	O
meeting	O
with	O
Rumlar	B-GIVEN_NAME
,	O
You	B-GIVEN_NAME
said	O
that	O
he	O
would	O
be	O
glad	O
to	O
work	O
with	O
the	O
Ministry	B-ORGANIZATION
of	I-ORGANIZATION
Foreign	I-ORGANIZATION
Affairs	I-ORGANIZATION
to	O
push	O
for	O
direct	O
flights	O
between	O
Taiwan	B-LOCATION
and	O
Prague	B-LOCATION
when	O
the	O
Czech	B-AFFILIATION
representative	O
raised	O
the	O
issue	O
.	O

