The	O
President	O
,	O
His	O
Highness	O
Sheikh	O
Mohamed	B-GIVEN_NAME
bin	B-FAMILY_NAME
Zayed	I-FAMILY_NAME
Al	I-FAMILY_NAME
Nahyan	I-FAMILY_NAME
,	O
shared	O
Eid	B-DATE
Al	I-DATE
Adha	I-DATE
greetings	O
on	O
Arafah	B-DATE
Day	I-DATE
.	O

In	O
a	O
tweet	O
on	O
Friday	B-DATE
,	O
the	O
President	O
greeted	O
the	O
people	O
of	O
the	O
UAE	B-LOCATION
and	O
all	O
Arab	B-AFFILIATION
and	O
Islamic	B-AFFILIATION
people	O
on	O
the	O
occasion	O
of	O
Eid	B-DATE
Al	I-DATE
Adha	I-DATE
.	O

He	O
also	O
wished	O
they	O
be	O
blessed	O
with	O
good	O
health	O
,	O
safety	O
and	O
security	O
.	O

Ã¢	O
â¬	O
Å	O
Congratulations	O
to	O
my	O
brothers	O
,	O
the	O
Rulers	O
of	O
the	O
Emirates	B-ORGANIZATION
,	O
citizens	O
and	O
residents	O
of	O
the	O
UAE	B-LOCATION
,	O
and	O
Muslims	B-AFFILIATION
around	O
the	O
world	O
on	O
the	O
occasion	O
of	O
Eid	B-DATE
Al	I-DATE
Adha	I-DATE
.	O

May	O
God	B-GIVEN_NAME
continue	O
to	O
bless	O
our	O
nation	O
and	O
bring	O
peace	O
and	O
harmony	O
to	O
the	O
people	O
of	O
the	O
world	O
.	O
Ã¢	O
â¬	O

