The	O
infamous	O
Gupta	B-GIVEN_NAME
brothers	O
,	O
who	O
were	O
arrested	O
in	O
Dubai	B-LOCATION
last	O
month	O
,	O
have	O
moved	O
a	O
step	O
closer	O
to	O
being	O
sent	O
to	O
South	B-LOCATION
Africa	I-LOCATION
and	O
stand	O
trial	O
on	O
charges	O
of	O
money	O
laundering	O
and	O
fraud	O
.	O

South	B-LOCATION
Africa	I-LOCATION
said	O
it	O
has	O
placed	O
a	O
formal	O
request	O
with	O
UAE	B-LOCATION
authorities	O
to	O
extradite	O
Rajesh	B-GIVEN_NAME
and	O
Atul	B-GIVEN_NAME
Gupta	B-FAMILY_NAME
.	O

â	O
We	O
can	O
confirm	O
that	O
the	O
extradition	O
request	O
has	O
been	O
duly	O
submitted	O
to	O
the	O
UAE	B-LOCATION
central	O
authority	O
,	O
â	O
said	O
Ronald	B-GIVEN_NAME
Lamola	B-FAMILY_NAME
,	O
South	B-LOCATION
Africa	I-LOCATION
âs	O
justice	O
minister	O
.	O

He	O
was	O
addressing	O
a	O
press	O
conference	O
on	O
Monday	B-DATE
.	O

Lamola	B-GIVEN_NAME
said	O
the	O
request	O
has	O
been	O
made	O
in	O
accordance	O
with	O
the	O
treaty	O
between	O
UAE	B-LOCATION
and	O
South	B-LOCATION
Africa	I-LOCATION
as	O
well	O
as	O
the	O
United	B-ORGANIZATION
Nations	I-ORGANIZATION
Conventions	I-ORGANIZATION
against	I-ORGANIZATION
Corruption	I-ORGANIZATION
(	O
UNCAC	B-ORGANIZATION
)	O
,	O
the	O
only	O
legally	O
binding	O
universal	O
anti	O
-	O
corruption	O
instrument	O
.	O

What	O
is	O
the	O
case	O
?	O

The	O
Indian	B-AFFILIATION
-	O
born	O
siblings	O
are	O
accused	O
of	O
using	O
their	O
ties	O
with	O
former	O
South	B-AFFILIATION
African	I-AFFILIATION
president	O
Jacob	B-GIVEN_NAME
Zuma	B-FAMILY_NAME
to	O
win	O
mega	O
contracts	O
,	O
misappropriate	O
state	O
assets	O
,	O
influence	O
cabinet	O
decisions	O
,	O
and	O
siphon	O
off	O
government	O
funds	O
worth	O
millions	B-MONEY
of	I-MONEY
dollars	I-MONEY
.	O

Court	O
documents	O
show	O
they	O
acted	O
as	O
fixers	O
for	O
multinational	O
companies	O
which	O
paid	O
them	O
kickbacks	O
in	O
return	O
for	O
government	O
businesses	O
.	O

As	O
the	O
net	O
closed	O
on	O
them	O
and	O
Jacob	B-GIVEN_NAME
Zuma	B-FAMILY_NAME
resigned	O
as	O
president	O
,	O
Ajay	B-GIVEN_NAME
and	O
Rajesh	B-GIVEN_NAME
fled	O
to	O
Dubai	B-LOCATION
in	O
2018	B-DATE
.	O
But	O
the	O
clock	O
started	O
ticking	O
on	O
them	O
when	O
an	O
extradition	O
treaty	O
between	O
South	B-LOCATION
Africa	I-LOCATION
and	O
UAE	B-LOCATION
was	O
ratified	O
in	O
2021	B-DATE
and	O
South	B-LOCATION
Africa	I-LOCATION
began	O
the	O
process	O
of	O
requesting	O
their	O
extradition	O
.	O

In	O
June	B-DATE
this	O
year	O
,	O
the	O
duo	O
âs	O
free	O
run	O
finally	O
came	O
to	O
an	O
end	O
when	O
they	O
were	O
arrested	O
in	O
Dubai	B-LOCATION
following	O
a	O
red	O
notice	O
by	O
Interpol	B-ORGANIZATION
.	O

South	B-LOCATION
Africa	I-LOCATION
âs	O
National	O
Director	O
of	O
Public	O
Prosecutions	O
(	O
NPA	O
)	O
Shamila	B-GIVEN_NAME
Batohi	B-FAMILY_NAME
said	O
the	O
fugitive	O
businessmen	O
were	O
placed	O
on	O
the	O
agency	O
âs	O
most	O
wanted	O
list	O
in	O
February	B-DATE
2022	I-DATE
.	O

She	O
said	O
a	O
multi	O
-	O
disciplinary	O
team	O
within	O
the	O
NPA	B-ORGANIZATION
led	O
the	O
legal	O
aspect	O
of	O
the	O
process	O
and	O
worked	O
in	O
a	O
focused	O
and	O
well	O
-	O
coordinated	O
manner	O
with	O
the	O
Office	B-ORGANIZATION
of	I-ORGANIZATION
the	I-ORGANIZATION
Director	I-ORGANIZATION
General	I-ORGANIZATION
of	I-ORGANIZATION
the	I-ORGANIZATION
Department	I-ORGANIZATION
of	I-ORGANIZATION
Justice	I-ORGANIZATION
and	I-ORGANIZATION
Constitutional	I-ORGANIZATION
Development	I-ORGANIZATION
,	O
designated	O
as	O
the	O
Central	B-ORGANIZATION
Authority	I-ORGANIZATION
(	O
CA	B-ORGANIZATION
)	O
for	O
extradition	O
processes	O
to	O
prepare	O
and	O
finalise	O
the	O
application	O
.	O

"	O
This	O
work	O
included	O
consultation	O
with	O
legal	O
counsel	O
and	O
some	O
team	O
members	O
meeting	O
with	O
their	O
counterparts	O
in	O
the	O
UAE	B-LOCATION
early	O
this	O
month	O
,	O
to	O
ensure	O
that	O
the	O
request	O
for	O
extradition	O
met	O
all	O
the	O
requirements	O
of	O
the	O
bilateral	O
treaty	O
,	O
that	O
it	O
was	O
in	O
accordance	O
with	O
UAE	B-LOCATION
domestic	O
laws	O
,	O
and	O
to	O
build	O
trust	O
with	O
relevant	O
law	O
enforcement	O
partners	O
,	O
"	O
NPA	B-ORGANIZATION
said	O
.	O

The	O
agency	O
said	O
the	O
submission	O
of	O
the	O
application	O
request	O
for	O
the	O
arrest	O
and	O
extradition	O
of	O
the	O
Gupta	B-GIVEN_NAME
brothers	O
was	O
"	O
an	O
important	O
milestone	O
in	O
the	O
NPA	B-ORGANIZATION
's	O
commitment	O
to	O
hold	O
accountable	O
perpetrators	O
of	O
state	O
capture	O
and	O
uphold	O
the	O
rule	O
of	O
law	O
"	O
.	O

The	O
formal	O
application	O
for	O
extradition	O
was	O
submitted	O
on	O
Monday	B-DATE
,	O
well	O
within	O
the	O
60	O
-	O
day	O
deadline	O
of	O
August	B-DATE
2	I-DATE
,	O
said	O
Batohi	B-GIVEN_NAME
.	O

She	O
said	O
the	O
process	O
of	O
getting	O
the	O
suspects	O
back	O
to	O
South	B-LOCATION
Africa	I-LOCATION
could	O
take	O
several	O
months	O
to	O
conclude	O
.	O

Extradition	O
matters	O
in	O
the	O
UAE	B-LOCATION
are	O
heard	O
by	O
a	O
special	O
tribunal	O
.	O
Their	O
decision	O
can	O
be	O
appealed	O
before	O
the	O
Court	B-ORGANIZATION
of	I-ORGANIZATION
Cassation	I-ORGANIZATION
.	O

Staggering	O
rise	O

Originally	O
from	O
Saharanpur	B-LOCATION
in	O
the	O
Indian	B-AFFILIATION
state	O
of	O
Uttar	B-LOCATION
Pradesh	I-LOCATION
,	O
the	O
Guptas	B-GIVEN_NAME
landed	O
in	O
South	B-LOCATION
Africa	I-LOCATION
in	O
1993	B-DATE
before	O
the	O
end	O
of	O
the	O
apartheid	O
and	O
started	O
off	O
humbly	O
by	O
selling	O
shoes	O
from	O
the	O
back	O
of	O
their	O
car	O
.	O

However	O
,	O
they	O
soon	O
broke	O
into	O
the	O
uppermost	O
echelons	O
of	O
political	O
power	O
and	O
became	O
one	O
of	O
the	O
country	O
âs	O
richest	O
family	O
with	O
business	O
interests	O
in	O
IT	O
,	O
media	O
,	O
mining	O
among	O
other	O
things	O
.	O

