A	O
money	O
exchange	O
house	O
operating	O
in	O
the	O
UAE	B-LOCATION
has	O
been	O
fined	O
Dh	B-MONEY
5.2	I-MONEY
million	I-MONEY
over	O
its	O
weak	O
compliance	O
with	O
regulations	O
related	O
to	O
prevention	O
of	O
money	O
laundering	O
and	O
financing	O
of	O
terrorism	O
.	O

An	O
investigation	O
conducted	O
by	O
the	O
Central	B-ORGANIZATION
Bank	I-ORGANIZATION
of	I-ORGANIZATION
the	I-ORGANIZATION
UAE	I-ORGANIZATION|B-LOCATION
(	O
CBUAE	B-ORGANIZATION
)	O
found	O
the	O
exchange	O
house	O
did	O
not	O
adhere	O
to	O
due	O
diligence	O
policies	O
and	O
procedures	O
.	O

The	O
banking	O
regulator	O
said	O
it	O
imposed	O
the	O
financial	O
penalty	O
in	O
accordance	O
with	O
Article	B-BRANDS
14	B-MISC
of	I-MISC
the	I-MISC
Federal	I-MISC
Decree	I-MISC
Law	I-MISC
No	I-MISC
.	I-MISC
(	I-MISC
20	I-MISC
)	I-MISC
of	I-MISC
2018	B-DATE
on	O
anti	O
-	O
money	O
laundering	O
and	O
combating	O
the	O
financing	O
of	O
terrorism	O
and	O
financing	O
of	O
illegal	O
organisations	O
,	O
and	O
Article	B-BRANDS
137	B-MISC
of	I-MISC
the	I-MISC
Decretal	I-MISC
Federal	I-MISC
Law	I-MISC
No	I-MISC
.	I-MISC
(	I-MISC
14	I-MISC
)	I-MISC
of	I-MISC
2018	B-DATE
regarding	O
the	O
Central	B-ORGANIZATION
Bank	I-ORGANIZATION
and	O
organisation	O
of	O
financial	O
institutions	O
and	O
activities	O
â	O
.	O

"	O
The	O
CBUAE	B-ORGANIZATION
,	O
through	O
its	O
supervisory	O
and	O
regulatory	O
mandates	O
,	O
works	O
to	O
ensure	O
that	O
all	O
exchange	O
houses	O
,	O
their	O
owners	O
and	O
staff	O
abide	O
by	O
the	O
UAE	B-LOCATION
laws	O
,	O
regulations	O
and	O
standards	O
â¦	O
to	O
safeguard	O
the	O
transparency	O
and	O
integrity	O
of	O
the	O
â¦	O
UAE	B-LOCATION
financial	O
system	O
,	O
â	O
the	O
regulator	O
said	O
.	O

