The	O
Pan	B-ORGANIZATION
American	I-ORGANIZATION|B-AFFILIATION
Health	I-ORGANIZATION
Organization	I-ORGANIZATION
(	O
PAHO	B-ORGANIZATION
)	O
has	O
sent	O
a	O
letter	O
of	O
support	O
to	O
Uruguay	B-LOCATION
's	O
Health	O
Minister	O
Daniel	B-GIVEN_NAME
Salinas	B-FAMILY_NAME
after	O
a	O
judge	O
ordered	O
all	O
vaccination	O
of	O
children	O
under	O
13	B-DURATION
years	I-DURATION
of	O
age	O
against	O
COVID	B-BRANDS
-	B-MISC
19	I-MISC
be	O
halted	O
in	O
the	O
country	O
.	O

The	O
letter	O
,	O
signed	O
by	O
PAHO	B-ORGANIZATION
Director	O
Carissa	B-GIVEN_NAME
Etienne	B-FAMILY_NAME
,	O
whom	O
Salinas	B-GIVEN_NAME
hopes	O
to	O
succeed	O
,	O
goes	O
as	O
follows	O
:	O

â	O
We	O
understand	O
that	O
the	O
Ministry	B-ORGANIZATION
of	I-ORGANIZATION
Health	I-ORGANIZATION
in	O
your	O
charge	O
has	O
decided	O
to	O
abide	O
by	O
the	O
court	O
ruling	O
and	O
will	O
be	O
promoting	O
the	O
appeal	O
of	O
the	O
sentence	O
.	O

From	O
this	O
moment	O
on	O
,	O
we	O
offer	O
you	O
,	O
should	O
you	O
deem	O
it	O
useful	O
,	O
the	O
support	O
you	O
require	O
from	O
PAHO	B-ORGANIZATION
/	O
WHO	B-ORGANIZATION
in	O
the	O
construction	O
of	O
the	O
necessary	O
arguments	O
,	O
â	O
the	O
letter	O
states	O
.	O

The	O
note	O
also	O
underlines	O
that	O
the	O
vaccine	O
from	O
the	O
U.	B-LOCATION
S.	I-LOCATION
laboratory	O
Pfizer	B-ORGANIZATION
,	O
which	O
was	O
applied	O
to	O
minors	O
in	O
Uruguay	B-LOCATION
,	O
is	O
â	O
safe	O
and	O
effective	O
for	O
all	O
persons	O
over	O
5	B-DURATION
years	I-DURATION
of	O
age	O
.	O
â	O

â	O
The	O
non	O
-	O
use	O
of	O
safe	O
and	O
effective	O
vaccines	O
in	O
children	O
can	O
generate	O
a	O
profound	O
inequity	O
and	O
deprivation	O
of	O
the	O
human	O
right	O
to	O
health	O
,	O
â	O
the	O
letter	O
further	O
explains	O
while	O
insisting	O
that	O
vaccines	O
â	O
save	O
lives	O
â	O
and	O
are	O
,	O
after	O
drinking	O
water	O
,	O
â	O
the	O
tool	O
that	O
has	O
contributed	O
the	O
most	O
to	O
the	O
prevention	O
of	O
serious	O
and	O
deadly	O
diseases	O
,	O
particularly	O
in	O
young	O
children	O
.	O
â	O

The	O
Uruguayan	B-ORGANIZATION|B-AFFILIATION
Government	I-ORGANIZATION
Monday	B-DATE
filed	O
an	O
appeal	O
against	O
the	O
ruling	O
by	O
Judge	O
Alejandro	B-GIVEN_NAME
Recarey	B-FAMILY_NAME
that	O
forced	O
the	O
suspension	O
of	O
vaccination	O
against	O
COVID	B-BRANDS
-	B-MISC
19	I-MISC
until	O
a	O
series	O
of	O
requirements	O
set	O
forth	O
by	O
the	O
magistrate	O
are	O
met	O
.	O

The	O
judge	O
ordered	O
the	O
Ministry	B-ORGANIZATION
of	I-ORGANIZATION
Public	I-ORGANIZATION
Health	I-ORGANIZATION
(	O
MSP	B-ORGANIZATION
)	O
and	O
the	O
Presidency	O
to	O
disclose	O
in	O
full	O
all	O
the	O
purchase	O
contracts	O
of	O
the	O
vaccines	O
administered	O
nationwide	O
,	O
be	O
them	O
from	O
the	O
Chinese	B-AFFILIATION
laboratory	O
Sinovac	B-ORGANIZATION
,	O
the	O
Anglo	B-AFFILIATION
-	O
Swedish	B-AFFILIATION
company	O
AstraZeneca	B-ORGANIZATION
and	O
the	O
US	B-LOCATION
pharmaceutical	O
supplier	O
Pfizer	B-ORGANIZATION
.	O

Recarey	B-GIVEN_NAME
also	O
requested	O
that	O
an	O
advisory	O
text	O
be	O
given	O
to	O
the	O
adults	O
responsible	O
for	O
the	O
minors	O
to	O
be	O
vaccinated	O
,	O
â	O
clearly	O
â	O
mentioning	O
â	O
the	O
composition	O
â	O
of	O
the	O
vaccines	O
and	O
â	O
the	O
risks	O
involved	O
.	O
â	O

Salinas	B-GIVEN_NAME
said	O
in	O
a	O
TV	O
interview	O
he	O
found	O
it	O
proper	O
to	O
inform	O
international	O
organizations	O
about	O
the	O
current	O
situation	O
of	O
vaccination	O
in	O
Uruguay	B-LOCATION
.	O

Hence	O
,	O
Etienne	B-GIVEN_NAME
's	O
response	O
underlining	O
the	O
recommendations	O
of	O
the	O
World	B-ORGANIZATION
Health	I-ORGANIZATION
Organization	I-ORGANIZATION
's	O
Strategic	B-ORGANIZATION
Advisory	I-ORGANIZATION
Group	I-ORGANIZATION
of	I-ORGANIZATION
Experts	I-ORGANIZATION
on	I-ORGANIZATION
Immunization	I-ORGANIZATION
which	O
stipulates	O
that	O
the	O
Pfizer	B-ORGANIZATION
-	O
BioNTech	B-ORGANIZATION
messenger	O
RNA	O
vaccine	O
is	O
â	O
safe	O
and	O
effective	O
for	O
all	O
persons	O
over	O
5	B-DURATION
years	I-DURATION
of	O
age	O
.	O
â	O

Etienne	B-GIVEN_NAME
further	O
argued	O
that	O
â	O
the	O
Pfizer	B-ORGANIZATION
-	O
BioNTech	B-ORGANIZATION
vaccine	O
has	O
been	O
included	O
in	O
the	O
WHO	B-BRANDS|B-ORGANIZATION
Emergency	B-MISC
Uses	I-MISC
List	I-MISC
,	O
a	O
risk	O
-	O
based	O
procedure	O
for	O
evaluating	O
and	O
listing	O
unlicensed	O
vaccines	O
,	O
therapies	O
and	O
in	O
vitro	O
diagnostics	O
with	O
the	O
ultimate	O
goal	O
of	O
accelerating	O
the	O
availability	O
of	O
these	O
products	O
to	O
people	O
affected	O
by	O
a	O
public	O
health	O
emergency	O
such	O
as	O
the	O
one	O
still	O
being	O
faced	O
,	O
â	O
which	O
â	O
allows	O
PAHO	B-ORGANIZATION
/	O
WHO	B-ORGANIZATION
Member	O
States	O
and	O
their	O
National	O
Regulatory	O
Agencies	O
to	O
formulate	O
their	O
sovereign	O
health	O
policies	O
and	O
can	O
expedite	O
regulatory	O
authorization	O
to	O
import	O
and	O
administer	O
vaccines	O
against	O
COVID	B-BRANDS
-	B-MISC
19	I-MISC
.	O
â	O

â	O
The	O
right	O
to	O
health	O
is	O
undoubtedly	O
essential	O
to	O
the	O
well	O
-	O
being	O
and	O
wealth	O
of	O
nations	O
,	O
which	O
is	O
protected	O
by	O
international	O
treaties	O
to	O
which	O
Uruguay	B-LOCATION
is	O
a	O
party	O
,	O
â	O
she	O
added	O
.	O

â	O
The	O
scientific	O
evidence	O
overwhelmingly	O
supports	O
this	O
assertion	O
.	O
â	O

