â	O
Tell	O
me	O
,	O
â	O
said	O
the	O
prosecutor	O
to	O
Carmen	B-GIVEN_NAME
Arroyo	B-FAMILY_NAME
once	O
more	O
,	O
and	O
she	O
,	O
again	O
,	O
replied	O
:	O
â	O
No	O
!	O
You	O
tell	O
me	O
!	O
â	O

Carmen	B-GIVEN_NAME
is	O
still	O
waiting	O
for	O
someone	O
to	O
tell	O
her	O
that	O
there	O
âs	O
at	O
least	O
a	O
warrant	O
for	O
the	O
arrest	O
of	O
any	O
of	O
the	O
twenty	O
officers	O
involved	O
in	O
the	O
murder	O
of	O
her	O
son	O
,	O
Christian	B-GIVEN_NAME
Charris	B-FAMILY_NAME
.	O

Yexemary	B-GIVEN_NAME
Medina	B-FAMILY_NAME
went	O
to	O
the	O
Prosecutor	B-ORGANIZATION
âs	I-ORGANIZATION
Office	I-ORGANIZATION
hoping	O
to	O
at	O
least	O
hear	O
that	O
â	O
tell	O
me	O
â	O
from	O
the	O
new	O
prosecutor	O
assigned	O
to	O
the	O
murder	O
case	O
of	O
her	O
son	O
,	O
Douglas	B-GIVEN_NAME
Escalante	B-FAMILY_NAME
;	O
but	O
the	O
prosecutor	O
did	O
nât	O
see	O
her	O
.	O

Ivonne	B-GIVEN_NAME
Parra	B-FAMILY_NAME
went	O
to	O
the	O
Prosecutor	B-ORGANIZATION
âs	I-ORGANIZATION
Office	I-ORGANIZATION
to	O
leave	O
a	O
written	O
testimony	O
saying	O
that	O
the	O
man	O
accused	O
of	O
killing	O
her	O
son	O
,	O
Guillermo	B-GIVEN_NAME
Rueda	B-FAMILY_NAME
,	O
was	O
still	O
free	O
.	O

Miyanllela	B-GIVEN_NAME
FernÃ¡ndez	B-FAMILY_NAME
went	O
too	O
,	O
believing	O
she	O
would	O
be	O
told	O
when	O
the	O
events	O
of	O
La	B-LOCATION
Vega	I-LOCATION
massacre	O
,	O
where	O
her	O
son	O
Richard	B-GIVEN_NAME
BriceÃ±o	B-FAMILY_NAME
was	O
murdered	O
,	O
would	O
be	O
reconstructed	O
.	O

Maritza	B-GIVEN_NAME
Molina	B-FAMILY_NAME
went	O
in	O
to	O
see	O
if	O
,	O
after	O
a	O
ten	O
-	O
year	O
investigation	O
,	O
she	O
would	O
at	O
least	O
hear	O
a	O
rumor	O
about	O
who	O
killed	O
her	O
son	O
,	O
Billi	O
Mascobedo	B-GIVEN_NAME
.	O

Lina	B-GIVEN_NAME
Rivera	B-FAMILY_NAME
went	O
to	O
the	O
Prosecutor	B-ORGANIZATION
âs	I-ORGANIZATION
Office	I-ORGANIZATION
to	O
waste	O
another	O
day	O
:	O
â	O
If	O
they	O
go	O
back	O
and	O
forth	O
with	O
one	O
case	O
,	O
just	O
imagine	O
â¦	O

I	O
lost	O
five	O
people	O
:	O
my	O
son	O
,	O
JesÃºs	B-GIVEN_NAME
Rivera	B-FAMILY_NAME
;	O
my	O
brother	O
,	O
Daniel	B-GIVEN_NAME
Rivera	B-FAMILY_NAME
;	O
two	O
nephews	O
,	O
Jordan	B-GIVEN_NAME
and	O
JosuÃ©	B-GIVEN_NAME
Rivera	B-FAMILY_NAME
;	O
and	O
my	O
son	O
-	O
in	O
-	O
law	O
,	O
Kevin	B-ORGANIZATION
Figueroa	I-ORGANIZATION
.	O
â	O

These	O
mothers	O
came	O
together	O
last	O
year	O
and	O
formed	O
the	O
Madres	B-ORGANIZATION
Poderosas	I-ORGANIZATION
(	O
Powerful	B-ORGANIZATION
Mothers	I-ORGANIZATION
)	O
committee	O
of	O
victims	O
.	O

â	O
There	O
âs	O
also	O
Rosa	B-GIVEN_NAME
PÃ©rez	B-FAMILY_NAME
,	O
Genyill	B-GIVEN_NAME
ChacÃ³n	B-FAMILY_NAME
âs	O
mother	O
,	O
who	O
âs	O
abroad	O
;	O
Sharon	B-GIVEN_NAME
Duque	B-FAMILY_NAME
,	O
JesÃºs	B-GIVEN_NAME
and	O
Pablo	B-GIVEN_NAME
âs	O
poderosa	O
sister	O
;	O
and	O
Samuel	B-GIVEN_NAME
GonzÃ¡lez	B-FAMILY_NAME
,	O
the	O
poderoso	O
father	O
of	O
JosÃ©	B-GIVEN_NAME
Enrique	B-FAMILY_NAME
GonzÃ¡lez	I-FAMILY_NAME
,	O
who	O
âs	O
in	O
Barrancas	B-LOCATION
del	I-LOCATION
Orinoco	I-LOCATION
,	O
â	O
Ivonne	B-GIVEN_NAME
explains	O
.	O

â	O
There	O
âs	O
only	O
a	O
few	O
of	O
us	O
,	O
but	O
ever	O
since	O
we	O
got	O
together	O
,	O
we	O
âre	O
stronger	O
,	O
because	O
we	O
understand	O
and	O
support	O
each	O
other	O
.	O
â	O

They	O
âre	O
also	O
becoming	O
more	O
visible	O
because	O
of	O
a	O
periodic	O
protest	O
they	O
hold	O
every	O
Monday	B-DATE
,	O
or	O
twice	O
a	O
week	O
,	O
or	O
every	O
two	O
weeks	O
,	O
in	O
front	O
of	O
the	O
Prosecutor	O
âs	O
Office	O
in	O
downtown	O
Caracas	O
.	O

â	O
Because	O
we	O
âre	O
all	O
united	O
!	O
â	O
says	O
Ivonne	O
.	O

â	O
If	O
we	O
have	O
to	O
go	O
to	O
the	O
courthouse	O
,	O
we	O
also	O
go	O
together	O
.	O

We	O
look	O
for	O
a	O
way	O
to	O
go	O
in	O
together	O
as	O
well	O
.	O

We	O
tell	O
each	O
other	O
what	O
we	O
âre	O
doing	O
and	O
what	O
needs	O
to	O
be	O
done	O
while	O
we	O
walk	O
from	O
one	O
prosecutor	O
âs	O
office	O
to	O
the	O
other	O
,	O
or	O
on	O
the	O
Parque	B-LOCATION
Carabobo	I-LOCATION
and	O
La	B-LOCATION
Candelaria	I-LOCATION
Square	I-LOCATION
â¦	O
if	O
one	O
ca	O
nât	O
afford	O
the	O
bus	O
fare	O
,	O
someone	O
will	O
pay	O
for	O
them	O
â¦	O
â	O

Maritza	B-GIVEN_NAME
adds	O
:	O
â	O
We	O
help	O
each	O
other	O
sharing	O
our	O
experience	O
,	O
and	O
we	O
prepare	O
,	O
we	O
learn	O
about	O
the	O
laws	O
,	O
how	O
the	O
justice	O
system	O
works	O
here	O
and	O
how	O
to	O
put	O
together	O
a	O
well	O
written	O
request	O
justifying	O
what	O
we	O
âre	O
asking	O
and	O
how	O
to	O
file	O
it	O
â¦	O

One	O
needs	O
legal	O
preparation	O
,	O
because	O
people	O
get	O
killed	O
here	O
like	O
mosquitoes	O
.	O
â	O

Most	O
importantly	O
,	O
they	O
make	O
sure	O
none	O
of	O
them	O
is	O
alone	O
.	O

Or	O
at	O
least	O
they	O
try	O
,	O
because	O
they	O
do	O
feel	O
alone	O
since	O
their	O
sons	O
are	O
no	O
longer	O
with	O
them	O
,	O
and	O
they	O
have	O
become	O
statistics	O
on	O
the	O
extrajudicial	O
execution	O
list	O
:	O
Cristian	B-GIVEN_NAME
,	O
Guillermo	B-GIVEN_NAME
,	O
JesÃºs	B-GIVEN_NAME
,	O
Daniel	B-GIVEN_NAME
,	O
Jordan	B-GIVEN_NAME
,	O
JosuÃ©	B-GIVEN_NAME
,	O
and	O
Kevin	B-GIVEN_NAME
were	O
murdered	O
by	O
the	O
special	O
operations	O
corps	O
FAES	B-ORGANIZATION
.	O

Douglas	B-GIVEN_NAME
,	O
by	O
detective	O
unit	O
CICPC	B-ORGANIZATION
.	O

Richard	B-GIVEN_NAME
by	O
the	O
National	B-ORGANIZATION
Police	I-ORGANIZATION
,	O
and	O
Billi	B-GIVEN_NAME
,	O
no	O
one	O
knows	O
.	O

Those	O
boys	O
were	O
nât	O
even	O
criminals	O
,	O
and	O
they	O
were	O
nât	O
involved	O
in	O
weird	O
stuff	O
,	O
nor	O
were	O
they	O
killed	O
in	O
shootouts	O
with	O
security	O
forces	O
.	O

Carmen	B-GIVEN_NAME
says	O
:	O
â	O
On	O
top	O
of	O
them	O
being	O
killed	O
,	O
they	O
criminalize	O
them	O
:	O
they	O
make	O
up	O
these	O
ugly	O
police	O
files	O
,	O
when	O
they	O
did	O
nât	O
even	O
have	O
a	O
record	O
in	O
SIPOL	B-ORGANIZATION
(	O
the	O
Police	B-ORGANIZATION
Investigation	I-ORGANIZATION
and	I-ORGANIZATION
Information	I-ORGANIZATION
System	I-ORGANIZATION
)	O
or	O
the	O
courthouse	O
.	O
â	O

These	O
men	O
âs	O
deaths	O
are	O
nât	O
isolated	O
murders	O
.	O

According	O
to	O
lawyer	O
Rafael	B-GIVEN_NAME
Gordon	B-FAMILY_NAME
,	O
of	O
NGO	O
Defiende	B-ORGANIZATION
Venezuela	I-ORGANIZATION|B-LOCATION
,	O
â	O
when	O
you	O
connect	O
them	O
,	O
you	O
âll	O
see	O
that	O
these	O
people	O
were	O
murdered	O
by	O
the	O
Venezuelan	B-ORGANIZATION|B-AFFILIATION
State	I-ORGANIZATION
with	O
a	O
modus	O
operandi	O
in	O
which	O
,	O
for	O
example	O
,	O
the	O
law	O
enforcement	O
unit	O
came	O
in	O
,	O
shot	O
them	O
,	O
altered	O
the	O
scene	O
,	O
and	O
then	O
they	O
obstructed	O
justice	O
.	O

These	O
cases	O
have	O
patterns	O
,	O
and	O
in	O
the	O
almost	O
two	O
thousand	O
documented	O
cases	O
the	O
systematic	O
aspect	O
has	O
become	O
very	O
clear	O
.	O

In	O
other	O
words	O
,	O
it	O
becomes	O
clear	O
that	O
there	O
was	O
an	O
organized	O
plan	O
,	O
an	O
order	O
,	O
and	O
executions	O
.	O

Executions	O
performed	O
by	O
State	O
police	O
agencies	O
.	O

So	O
these	O
events	O
can	O
be	O
considered	O
as	O
a	O
murder	O
crime	O
according	O
to	O
the	O
Rome	B-LOCATION
Statute	B-MISC
.	O
â	O

In	O
other	O
words	O
,	O
if	O
these	O
homicides	O
are	O
looked	O
at	O
as	O
isolated	O
cases	O
,	O
they	O
are	O
subject	O
to	O
the	O
statute	O
of	O
limitations	O
.	O

But	O
if	O
they	O
âre	O
understood	O
as	O
systematic	O
murders	O
,	O
per	O
the	O
relevant	O
process	O
,	O
they	O
could	O
be	O
considered	O
crimes	O
against	O
humanity	O
that	O
do	O
not	O
prescribe	O
.	O

â	O
This	O
is	O
why	O
we	O
must	O
act	O
legally	O
!	O
â	O

Lina	B-GIVEN_NAME
says	O
emphatically	O
.	O

â	O
It	O
âs	O
the	O
first	O
thing	O
we	O
have	O
to	O
do	O
.	O

Fear	O
does	O
nât	O
cut	O
it	O
,	O
denouncing	O
does	O
â¦	O

Ever	O
since	O
I	O
filed	O
the	O
request	O
for	O
an	O
investigation	O
,	O
things	O
have	O
calmed	O
down	O
where	O
I	O
live	O
â¦	O

This	O
ca	O
nât	O
happen	O
again	O
,	O
because	O
we	O
have	O
small	O
children	O
who	O
will	O
grow	O
up	O
.	O

I	O
know	O
the	O
risk	O
of	O
them	O
killing	O
my	O
other	O
son	O
,	O
but	O
if	O
the	O
mothers	O
do	O
nât	O
speak	O
up	O
,	O
how	O
is	O
this	O
going	O
to	O
stop	O
?	O
â	O

We	O
already	O
know	O
about	O
the	O
string	O
of	O
dead	O
men	O
the	O
institutional	O
violence	O
from	O
the	O
police	O
and	O
army	O
in	O
Venezuela	B-LOCATION
left	O
behind	O
.	O

According	O
to	O
the	O
Lupa	B-BRANDS
por	B-MISC
la	I-MISC
Vida	I-MISC
project	O
by	O
NGOs	O
Provea	B-ORGANIZATION
and	O
Centro	B-ORGANIZATION
Gumilla	I-ORGANIZATION
,	O
between	O
January	B-DATE
2015	I-DATE
and	O
June	B-DATE
2021	I-DATE
,	O
7,810	O
people	O
were	O
murdered	O
by	O
law	O
enforcement	O
agents	O
,	O
most	O
of	O
them	O
young	O
men	O
in	O
poor	O
neighborhoods	O
.	O

Not	O
a	O
spontaneous	O
practice	O
,	O
by	O
the	O
way	O
,	O
as	O
it	O
is	O
the	O
evolution	O
of	O
Venezuelan	B-AFFILIATION
police	O
culture	O
from	O
years	O
before	O
.	O

RaÃºl	B-GIVEN_NAME
Cubas	B-FAMILY_NAME
,	O
co	O
-	O
founder	O
and	O
Provea	B-ORGANIZATION
activist	O
explains	O
:	O

â	O
In	O
the	O
â80s	B-DATE
,	O
extrajudicial	O
executions	O
were	O
still	O
the	O
result	O
of	O
the	O
police	O
culture	O
of	O
the	O
GÃ³mez	B-GIVEN_NAME
and	O
PÃ©rez	B-GIVEN_NAME
JimÃ©nez	B-FAMILY_NAME
years	O
,	O
and	O
also	O
the	O
Ley	B-BRANDS
de	B-MISC
Vagos	I-MISC
y	I-MISC
Maleantes	I-MISC
(	O
Vagrancy	B-BRANDS
Law	B-MISC
)	O
was	O
still	O
in	O
force	O
.	O

Executions	O
were	O
police	O
violence	O
,	O
a	O
form	O
of	O
social	O
control	O
.	O

It	O
was	O
a	O
generalized	O
practice	O
,	O
but	O
it	O
was	O
nât	O
systematic	O
,	O
meaning	O
that	O
there	O
were	O
many	O
cases	O
,	O
but	O
there	O
was	O
no	O
evidence	O
of	O
them	O
being	O
part	O
of	O
a	O
policy	O
to	O
curb	O
crime	O
.	O

This	O
changed	O
after	O
ChÃ¡vez	B-GIVEN_NAME
âs	O
death	O
and	O
Maduro	B-GIVEN_NAME
âz	O
arrival	O
to	O
power	O
.	O

What	O
happened	O
?	O

Maduro	B-GIVEN_NAME
quashed	O
all	O
planning	O
and	O
the	O
changes	O
done	O
by	O
the	O
ComisiÃ³n	B-ORGANIZATION
Nacional	I-ORGANIZATION
para	I-ORGANIZATION
la	I-ORGANIZATION
Reforma	I-ORGANIZATION
Policial	I-ORGANIZATION
(	O
National	B-ORGANIZATION
Commission	I-ORGANIZATION
for	I-ORGANIZATION
Police	I-ORGANIZATION
Reform	I-ORGANIZATION
;	O
CONAREPOL	B-ORGANIZATION
)	O
to	O
modify	O
the	O
police	O
âs	O
performance	O
profile	O
.	O
â	O

In	O
2013	B-DATE
,	O
the	O
CICPC	B-ORGANIZATION
murdered	O
the	O
son	O
of	O
Aracelys	B-GIVEN_NAME
SÃ¡nchez	B-FAMILY_NAME
,	O
Darwilson	B-GIVEN_NAME
Sequera	B-FAMILY_NAME
.	O

She	O
recalls	O
that	O
â	O
so	O
many	O
people	O
were	O
being	O
killed	O
for	O
no	O
reason	O
,	O
that	O
when	O
I	O
went	O
to	O
the	O
Prosecutor	O
âs	O
Office	O
,	O
the	O
prosecutor	O
laughed	O
at	O
me	O
and	O
did	O
nât	O
even	O
give	O
me	O
a	O
protection	O
order	O
for	O
my	O
family	O
.	O
â	O

According	O
to	O
Aracelys	B-GIVEN_NAME
,	O
a	O
mother	O
and	O
a	O
grandmother	O
were	O
also	O
there	O
that	O
day	O
,	O
and	O
they	O
were	O
going	O
through	O
the	O
same	O
situation	O
and	O
proposed	O
to	O
Aracelys	B-GIVEN_NAME
to	O
join	O
them	O
and	O
do	O
something	O
:	O
â	O
And	O
so	O
we	O
did	O
.	O

We	O
went	O
looking	O
for	O
the	O
boys	O
in	O
the	O
news	O
,	O
in	O
the	O
morgue	O
â¦	O
and	O
we	O
were	O
together	O
in	O
the	O
funerals	O
and	O
burials	O
.	O
â	O

This	O
is	O
how	O
the	O
OrganizaciÃ³n	B-ORGANIZATION
de	I-ORGANIZATION
Familiares	I-ORGANIZATION
VÃ­ctimas	I-ORGANIZATION
de	I-ORGANIZATION
Violaciones	I-ORGANIZATION
de	I-ORGANIZATION
Derechos	I-ORGANIZATION
Humanos	I-ORGANIZATION
(	O
Organization	B-ORGANIZATION
of	I-ORGANIZATION
Families	I-ORGANIZATION
of	I-ORGANIZATION
Victims	I-ORGANIZATION
of	I-ORGANIZATION
Human	I-ORGANIZATION
Rights	I-ORGANIZATION
Violations	I-ORGANIZATION
;	O
ORFAVIDEH	B-ORGANIZATION
)	O
was	O
created	O
â	O
of	O
which	O
Aracelys	B-GIVEN_NAME
is	O
the	O
coordinator	O
.	O

Ever	O
since	O
then	O
,	O
the	O
mothers	O
of	O
ORFAVIDEH	B-ORGANIZATION
protest	O
and	O
denounce	O
:	O
â	O
Often	O
times	O
the	O
mothers	O
,	O
the	O
women	O
,	O
take	O
the	O
reins	O
because	O
we	O
know	O
that	O
men	O
are	O
at	O
a	O
higher	O
risk	O
,	O
both	O
sons	O
and	O
husbands	O
,	O
because	O
police	O
take	O
harsher	O
action	O
,	O
mostly	O
,	O
against	O
the	O
household	O
âs	O
male	O
figure	O
,	O
â	O
says	O
Aracelys	B-GIVEN_NAME
.	O

In	O
2014	B-DATE
,	O
this	O
change	O
in	O
police	O
action	O
was	O
evidenced	O
with	O
the	O
increase	O
of	O
extrajudicial	O
executions	O
all	O
over	O
Venezuela	B-LOCATION
,	O
especially	O
in	O
low	O
-	O
income	O
neighborhoods	O
.	O

It	O
was	O
also	O
shown	O
,	O
furthermore	O
,	O
that	O
these	O
crimes	O
are	O
a	O
state	O
policy	O
that	O
is	O
still	O
being	O
enforced	O
today	O
.	O

In	O
2017	B-DATE
,	O
Guillermo	B-GIVEN_NAME
was	O
murdered	O
inside	O
his	O
home	O
,	O
in	O
a	O
disproportionate	O
action	O
,	O
with	O
a	O
coup	O
de	O
grace	O
and	O
a	O
couple	O
of	O
shots	O
on	O
the	O
wall	O
to	O
simulate	O
a	O
shootout	O
,	O
without	O
any	O
evidence	O
of	O
him	O
being	O
involved	O
in	O
a	O
crime	O
,	O
with	O
no	O
defense	O
,	O
without	O
even	O
letting	O
him	O
scream	O
out	O
that	O
he	O
was	O
innocent	O
and	O
,	O
as	O
if	O
these	O
violations	O
to	O
the	O
police	O
rules	O
and	O
Guillermo	B-GIVEN_NAME
âs	O
human	O
rights	O
were	O
nât	O
enough	O
,	O
they	O
planted	O
a	O
gun	O
in	O
his	O
hand	O
.	O

His	O
mother	O
,	O
Ivonne	B-GIVEN_NAME
,	O
was	O
dragged	O
out	O
of	O
her	O
house	O
,	O
in	O
a	O
cruel	O
,	O
inhumane	O
,	O
and	O
degrading	O
manner	O
.	O

But	O
Ivonne	B-GIVEN_NAME
saw	O
and	O
heard	O
everything	O
.	O

In	O
the	O
first	O
six	O
months	O
of	O
2019	B-DATE
,	O
according	O
to	O
Provea	B-ORGANIZATION
,	O
at	O
least	O
300	O
alleged	O
extrajudicial	O
executions	O
were	O
registered	O
in	O
Venezuela	B-LOCATION
.	O

Lara	B-GIVEN_NAME
was	O
the	O
state	O
with	O
the	O
highest	O
number	O
of	O
executions	O
;	O
164	O
in	O
the	O
first	O
semester	O
,	O
and	O
in	O
August	B-DATE
of	O
that	O
same	O
year	O
,	O
it	O
climbed	O
up	O
to	O
217	O
.	O

The	O
families	O
of	O
four	O
of	O
those	O
murdered	O
belong	O
to	O
the	O
Alianza	B-ORGANIZATION
de	I-ORGANIZATION
Familiares	I-ORGANIZATION
de	I-ORGANIZATION
VÃ­ctimas	I-ORGANIZATION
de	I-ORGANIZATION
Venezuela	I-ORGANIZATION
(	O
Victims	B-ORGANIZATION
â	I-ORGANIZATION
Families	I-ORGANIZATION
Alliance	I-ORGANIZATION
of	I-ORGANIZATION
Venezuela	I-ORGANIZATION
;	O
Alfavic	B-ORGANIZATION
Venezuela	I-ORGANIZATION
)	O
:	O
Fanny	B-GIVEN_NAME
Castillo	B-FAMILY_NAME
,	O
the	O
grandmother	O
of	O
Luis	B-GIVEN_NAME
Alejandro	B-FAMILY_NAME
PÃ©rez	I-FAMILY_NAME
;	O
Evangelina	B-GIVEN_NAME
SuÃ¡rez	B-FAMILY_NAME
,	O
mother	O
of	O
Luis	B-GIVEN_NAME
Enrique	B-FAMILY_NAME
Ramos	I-FAMILY_NAME
;	O
Lidia	B-GIVEN_NAME
Torbello	B-FAMILY_NAME
,	O
mother	O
of	O
Eduardo	B-GIVEN_NAME
Luis	B-FAMILY_NAME
Ramos	I-FAMILY_NAME
;	O
and	O
Naymar	B-GIVEN_NAME
Escalona	B-FAMILY_NAME
,	O
cousin	O
of	O
Cristian	B-GIVEN_NAME
Ramos	B-FAMILY_NAME
.	O

Elvira	B-GIVEN_NAME
Llovera	B-FAMILY_NAME
de	I-FAMILY_NAME
Pernalete	I-FAMILY_NAME
,	O
mother	O
of	O
Juan	B-GIVEN_NAME
Pablo	B-FAMILY_NAME
Pernalete	I-FAMILY_NAME
and	O
president	O
of	O
Alfavic	B-ORGANIZATION
,	O
explains	O
:	O
â	O
Now	O
we	O
âre	O
Alfavic	B-ORGANIZATION
Venezuela	I-ORGANIZATION|B-LOCATION
and	O
not	O
Alfavic	B-ORGANIZATION
2017	B-DATE
,	O
because	O
we	O
âre	O
not	O
only	O
the	O
parents	O
of	O
youngsters	O
killed	O
during	O
the	O
2017	B-DATE
protests	O
.	O

We	O
âre	O
joining	O
and	O
organizing	O
with	O
families	O
of	O
young	O
men	O
from	O
other	O
years	O
and	O
victims	O
of	O
extrajudicial	O
executions	O
which	O
are	O
still	O
happening	O
with	O
impunity	O
,	O
especially	O
outside	O
the	O
capital	O
.	O
â	O

â	O
Here	O
in	O
Barquisimeto	B-LOCATION
,	O
Carora	B-LOCATION
,	O
El	B-LOCATION
Tocuyo	I-LOCATION
,	O
it	O
is	O
nât	O
like	O
the	O
capital	O
,	O
â	O
adds	O
Fanny	B-GIVEN_NAME
.	O

There	O
are	O
nât	O
a	O
lot	O
of	O
people	O
interested	O
in	O
what	O
âs	O
going	O
on	O
,	O
even	O
when	O
a	O
whole	O
bunch	O
of	O
young	O
men	O
are	O
being	O
killed	O
.	O

I	O
âm	O
the	O
only	O
grandmother	O
in	O
Alfavic	B-ORGANIZATION
,	O
and	O
I	O
tell	O
you	O
,	O
here	O
in	O
Venezuela	B-LOCATION
,	O
only	O
old	O
people	O
remain	O
,	O
because	O
if	O
the	O
boys	O
do	O
nât	O
leave	O
,	O
they	O
get	O
killed	O
.	O
â	O

In	O
2021	B-DATE
,	O
Lupa	B-ORGANIZATION
por	I-ORGANIZATION
la	I-ORGANIZATION
Vida	I-ORGANIZATION
documented	O
1414	O
alleged	O
extrajudicial	O
executions	O
committed	O
by	O
police	O
and	O
the	O
army	O
in	O
Venezuela	B-LOCATION
.	O

One	O
of	O
the	O
mothers	O
asks	O
for	O
her	O
name	O
to	O
be	O
left	O
out	O
of	O
this	O
comment	O
:	O
â	O
It	O
âs	O
like	O
what	O
a	O
neighbor	O
told	O
me	O
,	O
whose	O
husband	O
is	O
a	O
guy	O
from	O
the	O
FAES	B-ORGANIZATION
:	O
the	O
order	O
is	O
that	O
if	O
they	O
do	O
nât	O
have	O
a	O
prisoner	O
,	O
they	O
have	O
to	O
leave	O
two	O
dead	O
behind	O
,	O
so	O
they	O
can	O
say	O
that	O
they	O
did	O
something	O
.	O

That	O
âs	O
why	O
I	O
think	O
any	O
mother	O
could	O
go	O
through	O
what	O
we	O
âre	O
going	O
through	O
.	O
â	O

Any	O
mother	O
,	O
as	O
long	O
as	O
she	O
âs	O
poor	O
.	O

As	O
Ivonne	B-GIVEN_NAME
says	O
:	O
â	O
In	O
the	O
barrios	O
,	O
it	O
âs	O
like	O
the	O
boys	O
already	O
committed	O
the	O
crime	O
of	O
being	O
black	O
,	O
poor	O
,	O
and	O
living	O
here	O
â¦	O
and	O
that	O
âs	O
a	O
type	O
of	O
discrimination	O
that	O
kills	O
.	O

See	O
how	O
very	O
strange	O
it	O
would	O
be	O
for	O
the	O
FAES	B-ORGANIZATION
to	O
go	O
into	O
eastern	O
Caracas	B-LOCATION
neighborhoods	O
to	O
drag	O
out	O
a	O
young	O
man	O
from	O
his	O
house	O
to	O
kill	O
him	O
or	O
do	O
so	O
inside	O
his	O
home	O
.	O
â	O

Psychologist	O
and	O
researcher	O
Francisco	B-GIVEN_NAME
Javier	B-FAMILY_NAME
SÃ¡nchez	I-FAMILY_NAME
explains	O
:	O
â	O
The	O
deaths	O
in	O
the	O
poorest	O
families	O
do	O
nât	O
elicit	O
an	O
approach	O
from	O
the	O
State	O
nor	O
from	O
the	O
political	O
or	O
social	O
actors	O
.	O

Those	O
dead	O
from	O
the	O
OLP	B-ORGANIZATION
(	O
OperaciÃ³n	B-ORGANIZATION
de	I-ORGANIZATION
LiberaciÃ³n	I-ORGANIZATION
del	I-ORGANIZATION
Pueblo	I-ORGANIZATION
,	O
in	O
practice	O
a	O
war	O
on	O
the	O
poor	O
)	O
and	O
FAES	B-ORGANIZATION
are	O
the	O
result	O
of	O
a	O
social	O
stigma	O
in	O
law	O
enforcement	O
bodies	O
which	O
has	O
been	O
developing	O
for	O
decades	O
:	O
it	O
âs	O
the	O
belief	O
that	O
there	O
are	O
second	O
-	O
rate	O
citizens	O
,	O
which	O
are	O
â	O
killable	O
â	O
because	O
â	O
they	O
must	O
âve	O
done	O
something	O
,	O
â	O
as	O
if	O
the	O
death	O
of	O
a	O
criminal	O
is	O
always	O
justified	O
.	O
â	O

In	O
other	O
words	O
,	O
the	O
sons	O
of	O
Carmen	B-GIVEN_NAME
,	O
Yexemary	B-GIVEN_NAME
,	O
Ivonne	B-GIVEN_NAME
,	O
Miyanllela	B-GIVEN_NAME
,	O
Maritza	B-GIVEN_NAME
,	O
Lina	B-GIVEN_NAME
,	O
Aracelys	B-GIVEN_NAME
,	O
Evangelina	B-GIVEN_NAME
,	O
Fanny	B-GIVEN_NAME
âs	O
grandson	O
,	O
and	O
Naymar	B-GIVEN_NAME
âs	O
cousin	O
,	O
at	O
first	O
glance	O
are	O
guilty	O
in	O
the	O
eyes	O
of	O
society	O
,	O
therefore	O
,	O
â	O
they	O
deserved	O
to	O
be	O
killed	O
.	O
â	O

So	O
,	O
these	O
mothers	O
have	O
had	O
to	O
face	O
the	O
Venezuelan	B-AFFILIATION
justice	O
system	O
to	O
defend	O
their	O
sons	O
,	O
but	O
they	O
âve	O
also	O
had	O
to	O
fight	O
against	O
some	O
neighbor	O
âs	O
opinions	O
or	O
media	O
outlets	O
,	O
which	O
have	O
forgotten	O
that	O
even	O
criminals	O
have	O
the	O
right	O
to	O
life	O
and	O
due	O
process	O
,	O
and	O
so	O
did	O
their	O
sons	O
,	O
who	O
were	O
innocent	O
.	O

These	O
mothers	O
have	O
had	O
to	O
deal	O
with	O
politicians	O
as	O
well	O
:	O
â	O
More	O
than	O
support	O
,	O
we	O
feel	O
that	O
,	O
sometimes	O
,	O
we	O
âve	O
been	O
used	O
as	O
political	O
tokens	O
,	O
â	O
Elvira	B-GIVEN_NAME
says	O
.	O

â	O
But	O
what	O
bothers	O
us	O
the	O
most	O
is	O
being	O
told	O
that	O
our	O
sons	O
were	O
â	O
cannon	O
fodder	O
â	O
;	O
â	O
terrorists	O
â	O
;	O
â	O
delinquents	O
â	O
;	O
â	O
criminals	O
â	O
or	O
â	O
guarimberos	O
â	O
.	O

That	O
âs	O
disrespectful	O
to	O
us	O
and	O
to	O
them	O
.	O

It	O
hurts	O
.	O
â	O

This	O
support	O
for	O
repressive	O
actions	O
that	O
â	O
only	O
happen	O
in	O
the	O
barrios	O
â	O
because	O
â	O
barrios	O
promote	O
crime	O
â	O
or	O
during	O
protests	O
â	O
because	O
they	O
were	O
burning	O
tires	O
,	O
â	O
is	O
one	O
of	O
our	O
many	O
social	O
and	O
citizen	O
safety	O
issues	O
that	O
,	O
as	O
Cubas	B-GIVEN_NAME
says	O
,	O
â	O
it	O
âs	O
there	O
,	O
and	O
it	O
bears	O
weight	O
,	O
but	O
we	O
have	O
to	O
neutralize	O
it	O
.	O
â	O

Meanwhile	O
,	O
most	O
of	O
the	O
killer	O
officers	O
share	O
the	O
same	O
socio	O
-	O
economic	O
vulnerabilities	O
as	O
their	O
victims	O
.	O

For	O
Cubas	B-GIVEN_NAME
,	O
other	O
paradoxes	O
are	O
nât	O
as	O
visible	O
:	O
â	O
Let	O
âs	O
not	O
forget	O
that	O
the	O
OLPs	B-ORGANIZATION
are	O
also	O
the	O
initials	O
for	O
Palestine	B-LOCATION
liberation	O
,	O
so	O
for	O
most	O
people	O
it	O
meant	O
a	O
progressive	O
cause	O
,	O
but	O
here	O
it	O
was	O
used	O
to	O
oppress	O
the	O
popular	O
areas	O
.	O

My	O
take	O
is	O
that	O
the	O
repression	O
by	O
the	O
military	O
and	O
by	O
the	O
police	O
,	O
complements	O
that	O
of	O
the	O
2014	B-DATE
,	O
2015	B-DATE
,	O
and	O
2017	B-DATE
protests	O
.	O

In	O
other	O
words	O
,	O
that	O
chavismo	O
represses	O
its	O
own	O
social	O
base	O
,	O
because	O
they	O
understand	O
it	O
âs	O
a	O
way	O
to	O
prevent	O
new	O
social	O
explosions	O
.	O
â	O

â	O
What	O
I	O
do	O
know	O
,	O
â	O
Yexemary	B-GIVEN_NAME
says	O
â	O
is	O
that	O
there	O
âs	O
no	O
death	O
penalty	O
in	O
our	O
laws	O
,	O
but	O
as	O
a	O
matter	O
of	O
fact	O
,	O
there	O
is	O
:	O
law	O
enforcement	O
does	O
it	O
all	O
the	O
time	O
.	O
â	O

â	O
Unfortunately	O
,	O
for	O
the	O
victims	O
,	O
the	O
only	O
expectation	O
of	O
justice	O
they	O
have	O
is	O
through	O
the	O
International	B-ORGANIZATION
Criminal	I-ORGANIZATION
Court	I-ORGANIZATION
,	O
â	O
says	O
Ezequiel	B-GIVEN_NAME
Monsalve	B-FAMILY_NAME
,	O
lawyer	O
for	O
Defiende	B-ORGANIZATION
Venezuela	I-ORGANIZATION|B-LOCATION
,	O
â	O
because	O
it	O
lays	O
criminal	O
responsibility	O
on	O
those	O
who	O
allegedly	O
commit	O
crimes	O
against	O
humanity	O
.	O

Although	O
the	O
context	O
of	O
the	O
investigation	O
on	O
Venezuela	B-LOCATION
are	O
the	O
protests	O
,	O
it	O
does	O
nât	O
mean	O
that	O
the	O
OLP	B-ORGANIZATION
âs	O
ca	O
nât	O
be	O
included	O
.	O

ICC	B-ORGANIZATION
Chief	O
Prosecutor	O
Karim	B-GIVEN_NAME
Khan	B-FAMILY_NAME
can	O
broaden	O
the	O
context	O
,	O
because	O
he	O
âs	O
formally	O
investigating	O
.	O

I	O
âm	O
convinced	O
that	O
these	O
cases	O
can	O
be	O
considered	O
crimes	O
against	O
humanity	O
.	O
â	O

But	O
could	O
the	O
victims	O
â	O
committees	O
achieve	O
the	O
acknowledgement	O
of	O
their	O
cases	O
by	O
the	O
ICC	B-ORGANIZATION
?	O

â	O
Not	O
by	O
themselves	O
,	O
â	O
according	O
to	O
Carlos	B-GIVEN_NAME
Lusverti	B-FAMILY_NAME
,	O
lawyer	O
and	O
researcher	O
of	O
CDH	B-ORGANIZATION
-	I-ORGANIZATION
UCAB	I-ORGANIZATION
.	O

â	O
Committees	O
need	O
backing	O
from	O
organizations	O
.	O

They	O
need	O
to	O
support	O
themselves	O
in	O
documentation	O
,	O
because	O
the	O
Court	O
needs	O
more	O
than	O
just	O
the	O
complaint	O
files	O
and	O
protests	O
.	O

They	O
need	O
arguments	O
,	O
technical	O
elements	O
,	O
and	O
strong	O
evidence	O
in	O
order	O
to	O
build	O
the	O
rationale	O
that	O
will	O
allow	O
the	O
analysis	O
of	O
the	O
whole	O
situation	O
,	O
at	O
a	O
large	O
scale	O
,	O
including	O
the	O
systemic	O
perpetration	O
as	O
well	O
as	O
the	O
impunity	O
of	O
the	O
events	O
.	O
â	O

Documents	O
abound	O
and	O
information	O
is	O
still	O
being	O
compiled	O
through	O
the	O
human	O
rights	O
organizations	O
that	O
operate	O
in	O
Venezuela	B-LOCATION
.	O

The	O
mothers	O
are	O
getting	O
ready	O
to	O
take	O
the	O
mistreatment	O
,	O
abuse	O
of	O
power	O
,	O
and	O
the	O
national	O
justice	O
system	O
âs	O
deficiency	O
in	O
stride	O
,	O
while	O
international	O
justice	O
arrives	O
,	O
which	O
seems	O
to	O
be	O
closer	O
.	O

Fanny	B-GIVEN_NAME
is	O
about	O
to	O
give	O
a	O
picture	O
of	O
her	O
grandson	O
to	O
the	O
prosecutor	O
who	O
told	O
her	O
that	O
he	O
only	O
remembers	O
her	O
case	O
when	O
he	O
sees	O
her	O
in	O
his	O
office	O
,	O
while	O
Carmen	B-GIVEN_NAME
does	O
nât	O
cry	O
in	O
front	O
of	O
the	O
officers	O
anymore	O
,	O
not	O
even	O
when	O
she	O
sees	O
her	O
son	O
âs	O
killer	O
.	O

But	O
the	O
majority	O
of	O
the	O
civil	O
society	O
is	O
still	O
mostly	O
indifferent	O
to	O
all	O
these	O
efforts	O
.	O
The	O
complex	O
humanitarian	O
crisis	O
is	O
still	O
in	O
place	O
,	O
mass	O
migration	O
,	O
the	O
discouragement	O
from	O
those	O
who	O
stay	O
behind	O
,	O
the	O
change	O
of	O
plans	O
because	O
of	O
the	O
pandemic	O
,	O
the	O
apathy	O
,	O
the	O
destruction	O
of	O
social	O
,	O
professional	O
,	O
union	O
,	O
political	O
,	O
and	O
even	O
environmental	O
movements	O
.	O
Above	O
all	O
,	O
the	O
fear	O
of	O
massive	O
repression	O
is	O
still	O
alive	O
.	O
So	O
the	O
demands	O
by	O
these	O
mothers	O
are	O
nât	O
a	O
topic	O
to	O
be	O
discussed	O
in	O
the	O
many	O
negotiations	O
,	O
although	O
they	O
manage	O
to	O
get	O
their	O
stories	O
to	O
counter	O
the	O
official	O
discourse	O
of	O
the	O
criminal	O
actions	O
and	O
pressure	O
the	O
government	O
to	O
agree	O
on	O
deals	O
and	O
changes	O
for	O
the	O
country	O
.	O

It	O
âs	O
all	O
about	O
a	O
perpetual	O
and	O
useful	O
fight	O
,	O
explained	O
by	O
Albornoz	B-GIVEN_NAME
:	O
â	O
They	O
think	O
in	O
processes	O
,	O
not	O
immediacy	O
.	O
Those	O
who	O
think	O
on	O
a	O
day	O
to	O
day	O
basis	O
,	O
think	O
â	O
What	O
âs	O
the	O
use	O
of	O
a	O
memory	O
?	O
â	O
But	O
they	O
know	O
that	O
truth	O
and	O
memory	O
serve	O
so	O
that	O
human	O
rights	O
violators	O
reveal	O
what	O
they	O
did	O
,	O
how	O
they	O
did	O
it	O
,	O
and	O
why	O
they	O
did	O
it	O
,	O
and	O
so	O
,	O
in	O
five	O
or	O
ten	B-DURATION
years	I-DURATION
,	O
the	O
kids	O
who	O
are	O
now	O
in	O
school	O
know	O
what	O
happened	O
breaking	O
a	O
cycle	O
of	O
violence	O
.	O
â	O

Lusverti	B-GIVEN_NAME
adds	O
:	O
â	O
The	O
struggle	O
of	O
these	O
mothers	O
has	O
an	O
individual	O
dimension	O
,	O
but	O
it	O
also	O
has	O
a	O
collective	O
one	O
:	O
when	O
they	O
seek	O
justice	O
,	O
truth	O
and	O
reparations	O
,	O
and	O
they	O
get	O
them	O
,	O
they	O
also	O
do	O
it	O
for	O
society	O
,	O
because	O
they	O
accomplish	O
measures	O
that	O
benefit	O
all	O
of	O
us	O
.	O
As	O
long	O
as	O
they	O
stay	O
organized	O
in	O
their	O
search	O
,	O
they	O
also	O
have	O
a	O
pedagogical	O
and	O
symbolic	O
value	O
,	O
since	O
they	O
allow	O
for	O
other	O
structures	O
or	O
patterns	O
which	O
have	O
contributed	O
to	O
the	O
violations	O
occurring	O
,	O
to	O
be	O
seen	O
,	O
and	O
once	O
they	O
become	O
visible	O
,	O
they	O
can	O
start	O
changing	O
.	O
â	O

So	O
,	O
as	O
SÃ¡nchez	B-GIVEN_NAME
warns	O
,	O
these	O
mothers	O
â	O
healing	O
will	O
,	O
one	B-DURATION
day	I-DURATION
,	O
help	O
repair	O
Venezuela	B-LOCATION
âs	O
social	O
fabric	O
.	O
But	O
,	O
until	O
that	O
day	O
comes	O
,	O
Ivonne	B-GIVEN_NAME
wants	O
all	O
the	O
killer	O
officers	O
to	O
go	O
to	O
prison	O
with	O
the	O
maximum	O
sentence	O
,	O
so	O
that	O
she	O
can	O
mourn	O
her	O
son	O
in	O
peace	O
.	O
Lina	B-GIVEN_NAME
just	O
wants	O
all	O
of	O
her	O
grandchildren	O
to	O
outlive	O
her	O
.	O

