The	O
world	O
of	O
esports	O
continues	O
to	O
grow	O
.	O

According	O
to	O
Newzoo	B-ORGANIZATION
,	O
one	O
of	O
the	O
leading	O
data	O
providers	O
on	O
video	O
game	O
market	O
research	O
,	O
compared	O
to	O
2021	B-DATE
,	O
Esports	O
audiences	O
will	O
grow	O
8.7	O
%	O
reaching	O
532	O
million	O
and	O
will	O
generate	O
over	O
$	B-MONEY
1.38	I-MONEY
billion	I-MONEY
in	O
global	O
revenue	O
by	O
the	O
end	O
of	O
the	O
year	O
.	O

This	O
growth	O
is	O
being	O
noticed	O
by	O
some	O
of	O
the	O
world	O
âs	O
leading	O
athletic	O
organizations	O
who	O
are	O
starting	O
to	O
seriously	O
consider	O
the	O
potential	O
of	O
this	O
emerging	O
field	O
.	O

Last	O
year	O
,	O
for	O
instance	O
,	O
the	O
IOC	B-ORGANIZATION
hosted	O
the	O
Olympic	B-BRANDS
Virtual	B-MISC
Series	I-MISC
,	O
the	O
first	O
Olympic	B-BRANDS
-	O
licensed	O
esports	O
event	O
,	O
a	O
significant	O
step	O
towards	O
an	O
eventual	O
inclusion	O
as	O
an	O
Olympic	B-BRANDS
sport	B-MISC
.	O

Later	O
this	O
month	O
,	O
FIFA	B-ORGANIZATION
will	O
hold	O
the	O
2022	B-DATE
FIFAe	B-BRANDS
World	B-MISC
Cup	I-MISC
in	O
Copenhagen	B-LOCATION
to	O
determine	O
the	O
best	O
team	O
in	O
the	O
popular	O
soccer	O
simulator	O
FIFA	B-ORGANIZATION
.	O

Esports	O
are	O
here	O
to	O
stay	O
and	O
Venezuela	B-LOCATION
âs	O
making	O
strides	O
in	O
this	O
field	O
too	O
.	O

There	O
are	O
interesting	O
developments	O
in	O
the	O
world	O
of	O
esports	O
in	O
Venezuela	B-LOCATION
.	O

When	O
we	O
think	O
of	O
the	O
country	O
âs	O
relationship	O
to	O
videogames	O
the	O
first	O
thing	O
that	O
comes	O
to	O
mind	O
is	O
the	O
way	O
games	O
like	O
RuneScape	B-BRANDS
or	O
Axie	B-BRANDS
-	B-MISC
Infinity	I-MISC
have	O
been	O
used	O
to	O
navigate	O
the	O
country	O
âs	O
complicated	O
economy	O
.	O

However	O
,	O
people	O
sometimes	O
think	O
about	O
the	O
success	O
stories	O
of	O
internationally	O
recognized	O
professional	O
players	O
like	O
Alberto	B-GIVEN_NAME
â	B-FAMILY_NAME
Crumbz	I-FAMILY_NAME
â	I-FAMILY_NAME
Rengifo	I-FAMILY_NAME
or	O
Paola	B-GIVEN_NAME
Ojeda	B-FAMILY_NAME
but	O
beyond	O
all	O
of	O
this	O
,	O
there	O
are	O
things	O
happening	O
that	O
hint	O
to	O
the	O
emergence	O
of	O
a	O
robust	O
esports	O
world	O
in	O
the	O
country	O
.	O

Recently	O
,	O
Carlos	B-GIVEN_NAME
Jelambi	B-FAMILY_NAME
released	O
a	O
documentary	O
about	O
Gorgeous	B-ORGANIZATION
Gaming	I-ORGANIZATION
,	O
a	O
Margarita	B-LOCATION
-	O
based	O
team	O
trained	O
by	O
Russian	B-AFFILIATION
coaches	O
trying	O
to	O
qualify	O
for	O
the	O
professional	O
Dota	B-BRANDS
2	B-MISC
league	O
.	O

There	O
are	O
similar	O
emerging	O
leagues	O
in	O
states	O
like	O
Zulia	B-LOCATION
and	O
there	O
âs	O
a	O
Venezuelan	B-ORGANIZATION|B-AFFILIATION
Federation	I-ORGANIZATION
of	I-ORGANIZATION
Electronic	I-ORGANIZATION
Sports	I-ORGANIZATION
,	O
one	O
of	O
the	O
few	O
in	O
the	O
world	O
with	O
the	O
support	O
of	O
the	O
National	B-ORGANIZATION
Olympic	I-ORGANIZATION
Committee	I-ORGANIZATION
,	O
and	O
even	O
an	O
FVF	B-ORGANIZATION
-	O
sponsored	O
eVinotinto	B-ORGANIZATION
soccer	O
team	O
.	O

Now	O
,	O
the	O
impact	O
of	O
esports	O
in	O
the	O
country	O
will	O
grow	O
further	O
with	O
the	O
opening	O
of	O
the	O
country	O
âs	O
first	O
esports	O
academy	O
at	O
AndrÃ©s	B-ORGANIZATION
Bello	I-ORGANIZATION
Catholic	I-ORGANIZATION|B-AFFILIATION
University	I-ORGANIZATION
.	O

UCAB	B-ORGANIZATION
âs	O
eSports	B-ORGANIZATION
Academy	I-ORGANIZATION
(	O
Academia	B-ORGANIZATION
de	I-ORGANIZATION
eSports	I-ORGANIZATION
de	I-ORGANIZATION
la	I-ORGANIZATION
UCAB	I-ORGANIZATION
)	O
opened	O
its	O
doors	O
last	O
week	O
.	O

Located	O
on	O
UCAB	B-ORGANIZATION
âs	O
MontalbÃ¡n	B-LOCATION
campus	O
,	O
the	O
academy	O
is	O
a	O
sleek	O
and	O
stylish	O
space	O
that	O
features	O
dark	O
rooms	O
,	O
comfy	O
chairs	O
,	O
large	O
displays	O
,	O
and	O
bright	O
neon	O
lights	O
that	O
are	O
characteristic	O
of	O
the	O
contemporary	O
â	O
gamer	O
aesthetic	O
.	O
â	O

Inside	O
of	O
its	O
modern	O
exterior	O
,	O
the	O
academy	O
is	O
powered	O
by	O
20	O
gamer	O
-	O
style	O
PCs	O
,	O
five	O
Xbox	B-BRANDS
and	O
five	O
PS	B-BRANDS
5	I-BRANDS
consoles	O
,	O
some	O
of	O
the	O
latest	O
gaming	O
systems	O
available	O
on	O
the	O
market	O
.	O

The	O
academy	O
kicked	O
off	O
activities	O
on	O
July	B-DATE
8th	I-DATE
with	O
an	O
exhibition	O
FIFA	B-ORGANIZATION
game	O
played	O
by	O
four	O
team	O
members	O
of	O
the	O
eVinotinto	B-ORGANIZATION
team	O
and	O
their	O
coach	O
.	O

This	O
facility	O
marks	O
a	O
significant	O
step	O
in	O
the	O
development	O
of	O
esports	O
in	O
Venezuela	B-LOCATION
and	O
,	O
according	O
to	O
its	O
director	O
JuÃ¡n	B-GIVEN_NAME
SÃ¡nchez	B-FAMILY_NAME
,	O
it	O
showcases	O
the	O
increasing	O
interest	O
in	O
the	O
sport	O
and	O
begins	O
to	O
bridge	O
the	O
country	O
âs	O
15	O
-	O
year	O
gap	O
with	O
other	O
nations	O
in	O
the	O
field	O
.	O

It	O
will	O
allow	O
students	O
to	O
rent	O
spaces	O
and	O
equipment	O
in	O
order	O
to	O
participate	O
in	O
competitions	O
and	O
it	O
will	O
develop	O
a	O
university	O
esports	O
team	O
under	O
the	O
banner	O
of	O
Lobos	B-ORGANIZATION
UCAB	I-ORGANIZATION|B-ORGANIZATION
(	O
UCAB	B-ORGANIZATION
Wolves	I-ORGANIZATION
)	O
and	O
a	O
university	O
league	O
that	O
will	O
organize	O
tournaments	O
within	O
the	O
student	O
body	O
to	O
promote	O
the	O
practice	O
of	O
esports	O
.	O

The	O
academy	O
aims	O
to	O
further	O
develop	O
esports	O
in	O
the	O
country	O
by	O
offering	O
an	O
innovative	O
range	O
of	O
courses	O
and	O
programming	O
broadly	O
organized	O
into	O
three	O
categories	O
:	O
Gaming	B-BRANDS
,	O
Pro	B-BRANDS
Gaming	B-MISC
,	O
and	O
Game	B-BRANDS
-	B-MISC
Based	I-MISC
Learning	I-MISC
.	O

Beginners	O
can	O
participate	O
in	O
courses	O
in	O
the	O
Gaming	O
category	O
,	O
which	O
focuses	O
on	O
fundamentals	O
and	O
techniques	O
for	O
popular	O
games	O
like	O
League	B-BRANDS
of	B-MISC
Legends	I-MISC
,	O
Fortnite	B-BRANDS
,	O
or	O
Valorant	B-BRANDS
.	O

Those	O
who	O
want	O
to	O
become	O
professional	O
players	O
can	O
participate	O
in	O
more	O
focused	O
development	O
programs	O
in	O
the	O
Pro	B-BRANDS
Gaming	B-MISC
category	O
to	O
hone	O
-	O
in	O
their	O
skills	O
and	O
learn	O
how	O
to	O
monetize	O
them	O
.	O

Furthermore	O
,	O
the	O
academy	O
plans	O
to	O
promote	O
two	O
additional	O
areas	O
.	O

It	O
will	O
allow	O
students	O
to	O
rent	O
spaces	O
and	O
equipment	O
in	O
order	O
to	O
participate	O
in	O
competitions	O
and	O
it	O
will	O
develop	O
a	O
university	O
esports	O
team	O
under	O
the	O
banner	O
of	O
Lobos	B-ORGANIZATION
UCAB	I-ORGANIZATION|B-ORGANIZATION
(	O
UCAB	B-ORGANIZATION
Wolves	I-ORGANIZATION
)	O
and	O
a	O
university	O
league	O
that	O
will	O
organize	O
tournaments	O
within	O
the	O
student	O
body	O
to	O
promote	O
the	O
practice	O
of	O
esports	O
.	O

However	O
,	O
the	O
world	O
of	O
professional	O
esports	O
goes	O
beyond	O
grabbing	O
controllers	O
and	O
destroying	O
the	O
opposing	O
team	O
âs	O
Nexus	O
base	O
in	O
League	B-BRANDS
of	B-MISC
Legends	I-MISC
or	O
becoming	O
the	O
last	O
shooter	O
standing	O
in	O
Fortnite	B-BRANDS
.	O

UCAB	B-ORGANIZATION
âs	O
dean	O
,	O
the	O
Jesuit	B-AFFILIATION
priest	O
and	O
scholar	O
Francisco	B-GIVEN_NAME
JosÃ©	B-FAMILY_NAME
Virtuoso	I-FAMILY_NAME
,	O
said	O
at	O
the	O
opening	O
ceremony	O
:	O
â	O
There	O
is	O
a	O
world	O
of	O
knowledge	O
tied	O
to	O
this	O
type	O
of	O
performance	O
,	O
a	O
world	O
that	O
even	O
has	O
to	O
do	O
with	O
narrative	O
and	O
gameplay	O
.	O

This	O
is	O
a	O
sports	O
academy	O
where	O
you	O
train	O
and	O
teach	O
players	O
,	O
journalists	O
,	O
and	O
referees	O
.	O
â	O

There	O
is	O
a	O
place	O
in	O
the	O
academy	O
for	O
those	O
who	O
want	O
to	O
be	O
part	O
of	O
the	O
esports	O
ecosystem	O
but	O
do	O
nât	O
want	O
to	O
be	O
players	O
.	O

Students	O
under	O
the	O
Pro	B-BRANDS
Gaming	B-MISC
category	O
will	O
be	O
able	O
to	O
participate	O
in	O
the	O
development	O
of	O
skills	O
related	O
to	O
refereeing	O
,	O
coaching	O
and	O
managing	O
,	O
and	O
even	O
esports	O
journalism	O
.	O

In	O
addition	O
,	O
the	O
academy	O
facilities	O
can	O
be	O
used	O
by	O
students	O
and	O
professors	O
in	O
other	O
academic	O
departments	O
for	O
courses	O
that	O
showcase	O
the	O
interconnection	O
between	O
esports	O
and	O
their	O
respective	O
disciplines	O
.	O

In	O
fact	O
,	O
the	O
academy	O
is	O
way	O
more	O
than	O
just	O
fun	O
and	O
games	O
.	O

Under	O
its	O
umbrella	O
of	O
offerings	O
,	O
the	O
academy	O
will	O
feature	O
courses	O
,	O
workshops	O
,	O
and	O
consulting	O
work	O
that	O
use	O
video	O
games	O
to	O
develop	O
skills	O
like	O
leadership	O
,	O
strategic	O
management	O
,	O
and	O
abstract	O
thinking	O
.	O

Among	O
these	O
,	O
the	O
academy	O
plans	O
to	O
offer	O
esport	O
-	O
based	O
management	O
courses	O
,	O
and	O
an	O
introductory	O
class	O
geared	O
towards	O
educators	O
on	O
the	O
basics	O
of	O
the	O
famous	O
open	O
-	O
world	O
game	O
Minecraft	B-BRANDS
so	O
that	O
they	O
can	O
implement	O
the	O
game	O
âs	O
educational	O
tool	O
:	O
Minecraft	B-BRANDS
education	O
.	O

This	O
is	O
the	O
same	O
private	O
university	O
,	O
founded	O
by	O
the	O
Jesuits	B-AFFILIATION
in	O
the	O
1950s	B-DATE
,	O
with	O
postgraduate	O
studies	O
in	O
traditional	O
matters	O
like	O
Theology	O
and	O
History	O
,	O
and	O
with	O
prestigious	O
schools	O
of	O
Law	O
and	O
Journalism	O
.	O

However	O
,	O
in	O
recent	O
years	O
,	O
the	O
school	O
has	O
also	O
included	O
some	O
innovative	O
programs	O
like	O
the	O
economic	O
and	O
social	O
research	O
institute	O
in	O
charge	O
of	O
the	O
ENCOVI	B-BRANDS
survey	O
and	O
a	O
very	O
active	O
branch	O
of	O
community	O
work	O
.	O

In	O
recent	O
months	O
,	O
it	O
added	O
a	O
fashion	O
design	O
program	O
and	O
now	O
,	O
an	O
esports	O
academy	O
.	O

UCAB	B-ORGANIZATION
has	O
surely	O
adapted	O
to	O
the	O
crisis	O
,	O
finding	O
different	O
alleyways	O
to	O
fund	O
higher	O
education	O
in	O
Venezuela	B-LOCATION
.	O

Kudos	O
.	O

